{"First Times":{"Medium":{"Not-Specified":{"raw":178.0,"perc":4.9049324882887841,"total":3629.0},"Male":{"raw":2958.0,"perc":81.510057867181047,"total":3629.0},"Female":{"raw":493.0,"perc":13.585009644530174,"total":3629.0}},"Strong":{"Not-Specified":{"raw":71.0,"perc":4.0945790080738176,"total":1734.0},"Male":{"raw":1402.0,"perc":80.853517877739336,"total":1734.0},"Female":{"raw":261.0,"perc":15.051903114186851,"total":1734.0}},"Extreme":{"Female":{"raw":21.0,"perc":9.63302752293578,"total":218.0},"Male":{"raw":191.0,"perc":87.614678899082563,"total":218.0},"Not-Specified":{"raw":6.0,"perc":2.7522935779816518,"total":218.0}},"No Effect":{"Male":{"raw":52.0,"perc":83.870967741935488,"total":62.0},"Female":{"raw":9.0,"perc":14.516129032258066,"total":62.0},"Not-Specified":{"raw":1.0,"perc":1.6129032258064515,"total":62.0}}},"General":{"Medium":{"Male":{"raw":4248.0,"perc":81.770933589990378,"total":5195.0},"Not-Specified":{"raw":431.0,"perc":8.2964388835418674,"total":5195.0},"Female":{"raw":516.0,"perc":9.9326275264677584,"total":5195.0}},"Strong":{"Male":{"raw":1901.0,"perc":83.377192982456137,"total":2280.0},"Not-Specified":{"raw":140.0,"perc":6.140350877192982,"total":2280.0},"Female":{"raw":239.0,"perc":10.482456140350878,"total":2280.0}},"No Effect":{"Not-Specified":{"raw":23.0,"perc":11.386138613861387,"total":202.0},"Male":{"raw":160.0,"perc":79.207920792079207,"total":202.0},"Female":{"raw":19.0,"perc":9.4059405940594054,"total":202.0}},"Extreme":{"Not-Specified":{"raw":9.0,"perc":4.3689320388349513,"total":206.0},"Male":{"raw":169.0,"perc":82.038834951456309,"total":206.0},"Female":{"raw":28.0,"perc":13.592233009708737,"total":206.0}}},"Difficult Experiences":{"Strong":{"Not-Specified":{"raw":84.0,"perc":4.5676998368678632,"total":1839.0},"Female":{"raw":285.0,"perc":15.497553017944535,"total":1839.0},"Male":{"raw":1470.0,"perc":79.9347471451876,"total":1839.0}},"Medium":{"Not-Specified":{"raw":85.0,"perc":7.048092868988391,"total":1206.0},"Male":{"raw":921.0,"perc":76.3681592039801,"total":1206.0},"Female":{"raw":200.0,"perc":16.58374792703151,"total":1206.0}},"Extreme":{"Not-Specified":{"raw":13.0,"perc":2.8260869565217392,"total":460.0},"Male":{"raw":369.0,"perc":80.217391304347828,"total":460.0},"Female":{"raw":78.0,"perc":16.956521739130434,"total":460.0}},"No Effect":{"Male":{"raw":4.0,"perc":100.0,"total":4.0}}},"Nature / Outdoors":{"Strong":{"Not-Specified":{"raw":7.0,"perc":3.0434782608695654,"total":230.0},"Male":{"raw":201.0,"perc":87.391304347826079,"total":230.0},"Female":{"raw":22.0,"perc":9.5652173913043477,"total":230.0}},"Medium":{"Male":{"raw":406.0,"perc":84.407484407484418,"total":481.0},"Not-Specified":{"raw":17.0,"perc":3.5343035343035343,"total":481.0},"Female":{"raw":58.0,"perc":12.058212058212058,"total":481.0}},"Extreme":{"Male":{"raw":15.0,"perc":83.333333333333343,"total":18.0},"Female":{"raw":2.0,"perc":11.111111111111111,"total":18.0},"Not-Specified":{"raw":1.0,"perc":5.5555555555555554,"total":18.0}},"No Effect":{"Male":{"raw":2.0,"perc":100.0,"total":2.0}}},"Music Discussion":{"Medium":{"Male":{"raw":513.0,"perc":85.785953177257525,"total":598.0},"Not-Specified":{"raw":16.0,"perc":2.6755852842809364,"total":598.0},"Female":{"raw":69.0,"perc":11.538461538461538,"total":598.0}},"Strong":{"Not-Specified":{"raw":9.0,"perc":2.903225806451613,"total":310.0},"Male":{"raw":270.0,"perc":87.096774193548384,"total":310.0},"Female":{"raw":31.0,"perc":10.0,"total":310.0}},"Extreme":{"Male":{"raw":28.0,"perc":90.322580645161281,"total":31.0},"Female":{"raw":1.0,"perc":3.225806451612903,"total":31.0},"Not-Specified":{"raw":2.0,"perc":6.4516129032258061,"total":31.0}}},"Glowing Experiences":{"Medium":{"Not-Specified":{"raw":91.0,"perc":4.3561512685495458,"total":2089.0},"Male":{"raw":1704.0,"perc":81.570129248444232,"total":2089.0},"Female":{"raw":294.0,"perc":14.073719483006222,"total":2089.0}},"Strong":{"Male":{"raw":896.0,"perc":84.289746001881468,"total":1063.0},"Not-Specified":{"raw":32.0,"perc":3.0103480714957667,"total":1063.0},"Female":{"raw":135.0,"perc":12.699905926622765,"total":1063.0}},"Extreme":{"Male":{"raw":61.0,"perc":91.044776119402982,"total":67.0},"Female":{"raw":3.0,"perc":4.4776119402985071,"total":67.0},"Not-Specified":{"raw":3.0,"perc":4.4776119402985071,"total":67.0}},"No Effect":{"Not-Specified":{"raw":1.0,"perc":100.0,"total":1.0}}},"Post Trip Problems":{"Strong":{"Not-Specified":{"raw":9.0,"perc":3.0303030303030303,"total":297.0},"Female":{"raw":53.0,"perc":17.845117845117844,"total":297.0},"Male":{"raw":235.0,"perc":79.124579124579114,"total":297.0}},"Medium":{"Female":{"raw":90.0,"perc":22.900763358778626,"total":393.0},"Not-Specified":{"raw":24.0,"perc":6.1068702290076331,"total":393.0},"Male":{"raw":279.0,"perc":70.992366412213741,"total":393.0}},"Extreme":{"Male":{"raw":145.0,"perc":72.5,"total":200.0},"Female":{"raw":46.0,"perc":23.0,"total":200.0},"Not-Specified":{"raw":9.0,"perc":4.5,"total":200.0}},"No Effect":{"Female":{"raw":1.0,"perc":20.0,"total":5.0},"Male":{"raw":3.0,"perc":60.0,"total":5.0},"Not-Specified":{"raw":1.0,"perc":20.0,"total":5.0}}},"Mystical Experiences":{"Strong":{"Male":{"raw":633.0,"perc":85.540540540540547,"total":740.0},"Not-Specified":{"raw":39.0,"perc":5.27027027027027,"total":740.0},"Female":{"raw":68.0,"perc":9.18918918918919,"total":740.0}},"Medium":{"Male":{"raw":406.0,"perc":82.186234817813769,"total":494.0},"Not-Specified":{"raw":32.0,"perc":6.4777327935222671,"total":494.0},"Female":{"raw":56.0,"perc":11.336032388663968,"total":494.0}},"Extreme":{"Not-Specified":{"raw":6.0,"perc":3.9473684210526314,"total":152.0},"Male":{"raw":136.0,"perc":89.473684210526315,"total":152.0},"Female":{"raw":10.0,"perc":6.5789473684210522,"total":152.0}}},"Retrospective / Summary":{"Medium":{"Male":{"raw":1737.0,"perc":76.926483613817538,"total":2258.0},"Not-Specified":{"raw":189.0,"perc":8.3702391496899917,"total":2258.0},"Female":{"raw":332.0,"perc":14.70327723649247,"total":2258.0}},"Strong":{"Not-Specified":{"raw":26.0,"perc":4.5936395759717312,"total":566.0},"Female":{"raw":101.0,"perc":17.844522968197879,"total":566.0},"Male":{"raw":439.0,"perc":77.561837455830386,"total":566.0}},"No Effect":{"Male":{"raw":34.0,"perc":91.8918918918919,"total":37.0},"Female":{"raw":2.0,"perc":5.4054054054054053,"total":37.0},"Not-Specified":{"raw":1.0,"perc":2.7027027027027026,"total":37.0}},"Extreme":{"Male":{"raw":66.0,"perc":76.744186046511629,"total":86.0},"Not-Specified":{"raw":5.0,"perc":5.8139534883720927,"total":86.0},"Female":{"raw":15.0,"perc":17.441860465116278,"total":86.0}}},"Health Problems":{"Medium":{"Male":{"raw":695.0,"perc":71.502057613168716,"total":972.0},"Not-Specified":{"raw":87.0,"perc":8.9506172839506171,"total":972.0},"Female":{"raw":190.0,"perc":19.547325102880659,"total":972.0}},"Strong":{"Female":{"raw":145.0,"perc":23.424878836833603,"total":619.0},"Male":{"raw":437.0,"perc":70.597738287560588,"total":619.0},"Not-Specified":{"raw":37.0,"perc":5.9773828756058158,"total":619.0}},"Extreme":{"Not-Specified":{"raw":19.0,"perc":4.75,"total":400.0},"Male":{"raw":283.0,"perc":70.75,"total":400.0},"Female":{"raw":98.0,"perc":24.5,"total":400.0}},"No Effect":{"Male":{"raw":7.0,"perc":58.333333333333336,"total":12.0},"Female":{"raw":5.0,"perc":41.666666666666671,"total":12.0}}},"Multi-Day Experience":{"Medium":{"Not-Specified":{"raw":15.0,"perc":5.6603773584905666,"total":265.0},"Male":{"raw":221.0,"perc":83.396226415094347,"total":265.0},"Female":{"raw":29.0,"perc":10.943396226415095,"total":265.0}},"Strong":{"Not-Specified":{"raw":11.0,"perc":4.9107142857142856,"total":224.0},"Male":{"raw":177.0,"perc":79.017857142857139,"total":224.0},"Female":{"raw":36.0,"perc":16.071428571428573,"total":224.0}},"Extreme":{"Male":{"raw":76.0,"perc":87.356321839080465,"total":87.0},"Female":{"raw":9.0,"perc":10.344827586206897,"total":87.0},"Not-Specified":{"raw":2.0,"perc":2.2988505747126435,"total":87.0}},"No Effect":{"Male":{"raw":5.0,"perc":100.0,"total":5.0}}},"Sex Discussion":{"Medium":{"Female":{"raw":78.0,"perc":18.660287081339714,"total":418.0},"Not-Specified":{"raw":19.0,"perc":4.5454545454545459,"total":418.0},"Male":{"raw":321.0,"perc":76.794258373205736,"total":418.0}},"Strong":{"Female":{"raw":39.0,"perc":26.896551724137929,"total":145.0},"Male":{"raw":100.0,"perc":68.965517241379317,"total":145.0},"Not-Specified":{"raw":6.0,"perc":4.1379310344827589,"total":145.0}},"Extreme":{"Female":{"raw":6.0,"perc":37.5,"total":16.0},"Male":{"raw":9.0,"perc":56.25,"total":16.0},"Not-Specified":{"raw":1.0,"perc":6.25,"total":16.0}}},"Preparation / Recipes":{"No Effect":{"Not-Specified":{"raw":8.0,"perc":25.806451612903224,"total":31.0},"Male":{"raw":21.0,"perc":67.741935483870961,"total":31.0},"Female":{"raw":2.0,"perc":6.4516129032258061,"total":31.0}},"Medium":{"Not-Specified":{"raw":66.0,"perc":11.398963730569948,"total":579.0},"Male":{"raw":479.0,"perc":82.72884283246978,"total":579.0},"Female":{"raw":34.0,"perc":5.8721934369602762,"total":579.0}},"Extreme":{"Not-Specified":{"raw":3.0,"perc":16.666666666666664,"total":18.0},"Male":{"raw":12.0,"perc":66.666666666666657,"total":18.0},"Female":{"raw":3.0,"perc":16.666666666666664,"total":18.0}},"Strong":{"Not-Specified":{"raw":5.0,"perc":3.7037037037037033,"total":135.0},"Male":{"raw":122.0,"perc":90.370370370370367,"total":135.0},"Female":{"raw":8.0,"perc":5.9259259259259265,"total":135.0}}},"Overdose":{"Medium":{"Not-Specified":{"raw":17.0,"perc":9.7142857142857135,"total":175.0},"Male":{"raw":133.0,"perc":76.0,"total":175.0},"Female":{"raw":25.0,"perc":14.285714285714285,"total":175.0}},"Strong":{"Male":{"raw":264.0,"perc":75.862068965517238,"total":348.0},"Not-Specified":{"raw":22.0,"perc":6.3218390804597711,"total":348.0},"Female":{"raw":62.0,"perc":17.816091954022991,"total":348.0}},"Extreme":{"Not-Specified":{"raw":19.0,"perc":5.5718475073313778,"total":341.0},"Female":{"raw":78.0,"perc":22.873900293255129,"total":341.0},"Male":{"raw":244.0,"perc":71.5542521994135,"total":341.0}},"No Effect":{"Female":{"raw":1.0,"perc":100.0,"total":1.0}}},"Bad Trips":{"Strong":{"Not-Specified":{"raw":37.0,"perc":5.7993730407523509,"total":638.0},"Male":{"raw":477.0,"perc":74.76489028213166,"total":638.0},"Female":{"raw":124.0,"perc":19.435736677115987,"total":638.0}},"Medium":{"Female":{"raw":58.0,"perc":19.594594594594593,"total":296.0},"Male":{"raw":211.0,"perc":71.28378378378379,"total":296.0},"Not-Specified":{"raw":27.0,"perc":9.121621621621621,"total":296.0}},"Extreme":{"Female":{"raw":67.0,"perc":20.872274143302182,"total":321.0},"Male":{"raw":239.0,"perc":74.454828660436135,"total":321.0},"Not-Specified":{"raw":15.0,"perc":4.6728971962616823,"total":321.0}}},"Depression":{"Medium":{"Not-Specified":{"raw":17.0,"perc":4.8158640226628888,"total":353.0},"Male":{"raw":243.0,"perc":68.838526912181308,"total":353.0},"Female":{"raw":93.0,"perc":26.345609065155806,"total":353.0}},"Strong":{"Female":{"raw":43.0,"perc":24.022346368715084,"total":179.0},"Male":{"raw":133.0,"perc":74.30167597765363,"total":179.0},"Not-Specified":{"raw":3.0,"perc":1.6759776536312849,"total":179.0}},"Extreme":{"Female":{"raw":13.0,"perc":30.232558139534881,"total":43.0},"Male":{"raw":30.0,"perc":69.767441860465112,"total":43.0}},"No Effect":{"Male":{"raw":1.0,"perc":100.0,"total":1.0}}},"Entities / Beings":{"Medium":{"Not-Specified":{"raw":32.0,"perc":7.35632183908046,"total":435.0},"Male":{"raw":365.0,"perc":83.9080459770115,"total":435.0},"Female":{"raw":38.0,"perc":8.7356321839080451,"total":435.0}},"Strong":{"Not-Specified":{"raw":25.0,"perc":3.4818941504178276,"total":718.0},"Male":{"raw":634.0,"perc":88.3008356545961,"total":718.0},"Female":{"raw":59.0,"perc":8.2172701949860727,"total":718.0}},"Extreme":{"Not-Specified":{"raw":13.0,"perc":7.3033707865168536,"total":178.0},"Male":{"raw":154.0,"perc":86.516853932584269,"total":178.0},"Female":{"raw":11.0,"perc":6.179775280898876,"total":178.0}}},"What Was in That?":{"Medium":{"Not-Specified":{"raw":12.0,"perc":10.909090909090908,"total":110.0},"Male":{"raw":73.0,"perc":66.363636363636374,"total":110.0},"Female":{"raw":25.0,"perc":22.727272727272727,"total":110.0}},"Strong":{"Male":{"raw":74.0,"perc":71.844660194174764,"total":103.0},"Female":{"raw":22.0,"perc":21.359223300970871,"total":103.0},"Not-Specified":{"raw":7.0,"perc":6.7961165048543686,"total":103.0}},"No Effect":{"Not-Specified":{"raw":1.0,"perc":14.285714285714285,"total":7.0},"Male":{"raw":6.0,"perc":85.714285714285708,"total":7.0}},"Extreme":{"Male":{"raw":13.0,"perc":76.470588235294116,"total":17.0},"Female":{"raw":4.0,"perc":23.52941176470588,"total":17.0}}},"Second Hand Report":{"Medium":{"Female":{"raw":28.0,"perc":27.184466019417474,"total":103.0},"Male":{"raw":63.0,"perc":61.165048543689316,"total":103.0},"Not-Specified":{"raw":12.0,"perc":11.650485436893204,"total":103.0}},"No Effect":{"Male":{"raw":7.0,"perc":70.0,"total":10.0},"Female":{"raw":2.0,"perc":20.0,"total":10.0},"Not-Specified":{"raw":1.0,"perc":10.0,"total":10.0}},"Extreme":{"Male":{"raw":58.0,"perc":69.879518072289159,"total":83.0},"Female":{"raw":22.0,"perc":26.506024096385545,"total":83.0},"Not-Specified":{"raw":3.0,"perc":3.6144578313253009,"total":83.0}},"Strong":{"Female":{"raw":18.0,"perc":27.692307692307693,"total":65.0},"Male":{"raw":44.0,"perc":67.6923076923077,"total":65.0},"Not-Specified":{"raw":3.0,"perc":4.6153846153846159,"total":65.0}}},"Guides / Sitters":{"Extreme":{"Male":{"raw":61.0,"perc":85.91549295774648,"total":71.0},"Female":{"raw":9.0,"perc":12.676056338028168,"total":71.0},"Not-Specified":{"raw":1.0,"perc":1.4084507042253522,"total":71.0}},"Medium":{"Not-Specified":{"raw":14.0,"perc":9.15032679738562,"total":153.0},"Male":{"raw":109.0,"perc":71.24183006535948,"total":153.0},"Female":{"raw":30.0,"perc":19.607843137254903,"total":153.0}},"Strong":{"Male":{"raw":166.0,"perc":79.047619047619051,"total":210.0},"Female":{"raw":40.0,"perc":19.047619047619047,"total":210.0},"Not-Specified":{"raw":4.0,"perc":1.9047619047619049,"total":210.0}},"No Effect":{"Not-Specified":{"raw":1.0,"perc":100.0,"total":1.0}}},"Cultivation / Synthesis":{"Medium":{"Not-Specified":{"raw":8.0,"perc":29.629629629629626,"total":27.0},"Male":{"raw":19.0,"perc":70.370370370370367,"total":27.0}},"No Effect":{"Female":{"raw":1.0,"perc":25.0,"total":4.0},"Not-Specified":{"raw":2.0,"perc":50.0,"total":4.0},"Male":{"raw":1.0,"perc":25.0,"total":4.0}},"Strong":{"Male":{"raw":3.0,"perc":100.0,"total":3.0}},"Extreme":{"Male":{"raw":1.0,"perc":100.0,"total":1.0}}},"Hangover / Days After":{"Medium":{"Male":{"raw":558.0,"perc":79.714285714285722,"total":700.0},"Not-Specified":{"raw":26.0,"perc":3.7142857142857144,"total":700.0},"Female":{"raw":116.0,"perc":16.571428571428569,"total":700.0}},"Strong":{"Male":{"raw":419.0,"perc":77.736549165120593,"total":539.0},"Not-Specified":{"raw":19.0,"perc":3.525046382189239,"total":539.0},"Female":{"raw":101.0,"perc":18.738404452690165,"total":539.0}},"Extreme":{"Male":{"raw":100.0,"perc":80.0,"total":125.0},"Female":{"raw":24.0,"perc":19.2,"total":125.0},"Not-Specified":{"raw":1.0,"perc":0.8,"total":125.0}},"No Effect":{"Female":{"raw":1.0,"perc":100.0,"total":1.0}}},"Health Benefits":{"Medium":{"Male":{"raw":343.0,"perc":78.310502283105023,"total":438.0},"Female":{"raw":72.0,"perc":16.43835616438356,"total":438.0},"Not-Specified":{"raw":23.0,"perc":5.2511415525114149,"total":438.0}},"Strong":{"Male":{"raw":66.0,"perc":78.571428571428569,"total":84.0},"Female":{"raw":17.0,"perc":20.238095238095237,"total":84.0},"Not-Specified":{"raw":1.0,"perc":1.1904761904761905,"total":84.0}},"Extreme":{"Female":{"raw":2.0,"perc":28.571428571428569,"total":7.0},"Not-Specified":{"raw":1.0,"perc":14.285714285714285,"total":7.0},"Male":{"raw":4.0,"perc":57.142857142857139,"total":7.0}},"No Effect":{"Male":{"raw":2.0,"perc":66.666666666666657,"total":3.0},"Not-Specified":{"raw":1.0,"perc":33.333333333333329,"total":3.0}}},"Poetry":{"Medium":{"Female":{"raw":13.0,"perc":21.666666666666668,"total":60.0},"Male":{"raw":40.0,"perc":66.666666666666657,"total":60.0},"Not-Specified":{"raw":7.0,"perc":11.666666666666666,"total":60.0}},"Extreme":{"Male":{"raw":4.0,"perc":100.0,"total":4.0}},"Strong":{"Male":{"raw":14.0,"perc":73.68421052631578,"total":19.0},"Female":{"raw":3.0,"perc":15.789473684210526,"total":19.0},"Not-Specified":{"raw":2.0,"perc":10.526315789473683,"total":19.0}}},"Loss of Magic":{"Medium":{"Female":{"raw":22.0,"perc":29.333333333333332,"total":75.0},"Male":{"raw":49.0,"perc":65.333333333333329,"total":75.0},"Not-Specified":{"raw":4.0,"perc":5.3333333333333339,"total":75.0}},"Strong":{"Male":{"raw":10.0,"perc":76.923076923076934,"total":13.0},"Female":{"raw":2.0,"perc":15.384615384615385,"total":13.0},"Not-Specified":{"raw":1.0,"perc":7.6923076923076925,"total":13.0}},"Extreme":{"Male":{"raw":2.0,"perc":100.0,"total":2.0}}},"Families":{"Medium":{"Male":{"raw":74.0,"perc":69.811320754716974,"total":106.0},"Female":{"raw":21.0,"perc":19.811320754716981,"total":106.0},"Not-Specified":{"raw":11.0,"perc":10.377358490566039,"total":106.0}},"Strong":{"Male":{"raw":65.0,"perc":79.268292682926827,"total":82.0},"Female":{"raw":16.0,"perc":19.512195121951219,"total":82.0},"Not-Specified":{"raw":1.0,"perc":1.2195121951219512,"total":82.0}},"Extreme":{"Male":{"raw":30.0,"perc":81.081081081081081,"total":37.0},"Not-Specified":{"raw":1.0,"perc":2.7027027027027026,"total":37.0},"Female":{"raw":6.0,"perc":16.216216216216218,"total":37.0}},"No Effect":{"Male":{"raw":1.0,"perc":33.333333333333329,"total":3.0},"Not-Specified":{"raw":2.0,"perc":66.666666666666657,"total":3.0}}},"HPPD / Lasting Visuals":{"Medium":{"Not-Specified":{"raw":4.0,"perc":4.3010752688172049,"total":93.0},"Male":{"raw":80.0,"perc":86.021505376344081,"total":93.0},"Female":{"raw":9.0,"perc":9.67741935483871,"total":93.0}},"Strong":{"Male":{"raw":56.0,"perc":91.803278688524586,"total":61.0},"Female":{"raw":5.0,"perc":8.19672131147541,"total":61.0}},"Extreme":{"Male":{"raw":24.0,"perc":88.888888888888886,"total":27.0},"Female":{"raw":3.0,"perc":11.111111111111111,"total":27.0}}},"Relationships":{"Medium":{"Male":{"raw":263.0,"perc":73.463687150837984,"total":358.0},"Female":{"raw":82.0,"perc":22.905027932960895,"total":358.0},"Not-Specified":{"raw":13.0,"perc":3.6312849162011176,"total":358.0}},"Strong":{"Male":{"raw":175.0,"perc":74.786324786324784,"total":234.0},"Female":{"raw":54.0,"perc":23.076923076923077,"total":234.0},"Not-Specified":{"raw":5.0,"perc":2.1367521367521367,"total":234.0}},"Extreme":{"Male":{"raw":40.0,"perc":75.471698113207552,"total":53.0},"Female":{"raw":11.0,"perc":20.754716981132077,"total":53.0},"Not-Specified":{"raw":2.0,"perc":3.7735849056603774,"total":53.0}},"No Effect":{"Female":{"raw":1.0,"perc":100.0,"total":1.0}}},"Pregnancy / Baby":{"Medium":{"Male":{"raw":1.0,"perc":20.0,"total":5.0},"Female":{"raw":4.0,"perc":80.0,"total":5.0}},"Strong":{"Male":{"raw":1.0,"perc":33.333333333333329,"total":3.0},"Female":{"raw":2.0,"perc":66.666666666666657,"total":3.0}},"Extreme":{"Not-Specified":{"raw":1.0,"perc":25.0,"total":4.0},"Female":{"raw":2.0,"perc":50.0,"total":4.0},"Male":{"raw":1.0,"perc":25.0,"total":4.0}}},"Personal Preparation":{"Strong":{"Male":{"raw":60.0,"perc":83.333333333333343,"total":72.0},"Female":{"raw":11.0,"perc":15.277777777777779,"total":72.0},"Not-Specified":{"raw":1.0,"perc":1.3888888888888888,"total":72.0}},"Medium":{"Male":{"raw":92.0,"perc":84.403669724770651,"total":109.0},"Female":{"raw":14.0,"perc":12.844036697247708,"total":109.0},"Not-Specified":{"raw":3.0,"perc":2.7522935779816518,"total":109.0}},"Extreme":{"Male":{"raw":9.0,"perc":90.0,"total":10.0},"Female":{"raw":1.0,"perc":10.0,"total":10.0}},"No Effect":{"Male":{"raw":3.0,"perc":100.0,"total":3.0}}},"Medical Use":{"Medium":{"Male":{"raw":285.0,"perc":73.834196891191709,"total":386.0},"Female":{"raw":86.0,"perc":22.279792746113987,"total":386.0},"Not-Specified":{"raw":15.0,"perc":3.8860103626943006,"total":386.0}},"No Effect":{"Female":{"raw":2.0,"perc":14.285714285714285,"total":14.0},"Male":{"raw":12.0,"perc":85.714285714285708,"total":14.0}},"Strong":{"Male":{"raw":67.0,"perc":63.8095238095238,"total":105.0},"Female":{"raw":38.0,"perc":36.19047619047619,"total":105.0}},"Extreme":{"Female":{"raw":2.0,"perc":9.5238095238095237,"total":21.0},"Male":{"raw":17.0,"perc":80.952380952380949,"total":21.0},"Not-Specified":{"raw":2.0,"perc":9.5238095238095237,"total":21.0}}},"Therapeutic Intent or Outcome":{"Extreme":{"Not-Specified":{"raw":1.0,"perc":4.5454545454545459,"total":22.0},"Male":{"raw":19.0,"perc":86.36363636363636,"total":22.0},"Female":{"raw":2.0,"perc":9.0909090909090917,"total":22.0}},"Medium":{"Male":{"raw":213.0,"perc":78.021978021978029,"total":273.0},"Female":{"raw":47.0,"perc":17.216117216117215,"total":273.0},"Not-Specified":{"raw":13.0,"perc":4.7619047619047619,"total":273.0}},"Strong":{"Male":{"raw":117.0,"perc":83.571428571428569,"total":140.0},"Not-Specified":{"raw":4.0,"perc":2.8571428571428572,"total":140.0},"Female":{"raw":19.0,"perc":13.571428571428571,"total":140.0}},"No Effect":{"Male":{"raw":2.0,"perc":100.0,"total":2.0}}},"Performance Enhancement":{"Strong":{"Male":{"raw":9.0,"perc":75.0,"total":12.0},"Female":{"raw":3.0,"perc":25.0,"total":12.0}},"Medium":{"Male":{"raw":66.0,"perc":88.0,"total":75.0},"Female":{"raw":9.0,"perc":12.0,"total":75.0}},"Extreme":{"Male":{"raw":3.0,"perc":100.0,"total":3.0}},"No Effect":{"Male":{"raw":1.0,"perc":100.0,"total":1.0}}},"Video":{"Medium":{"Male":{"raw":1.0,"perc":100.0,"total":1.0}},"Strong":{"Male":{"raw":1.0,"perc":100.0,"total":1.0}}}}