{"General":{"Strong":{"Drug Testing":{"raw":7.0,"perc":8.536585365853659,"total":82.0},"Sleep Deprivation":{"raw":9.0,"perc":10.975609756097562,"total":82.0},"Dreams":{"raw":16.0,"perc":19.512195121951219,"total":82.0},"Police / Customs":{"raw":6.0,"perc":7.3170731707317067,"total":82.0},"Yoga / Bodywork":{"raw":3.0,"perc":3.6585365853658534,"total":82.0},"Breathing":{"raw":2.0,"perc":2.4390243902439024,"total":82.0},"Hyperventilation":{"raw":1.0,"perc":1.2195121951219512,"total":82.0},"OBE":{"raw":9.0,"perc":10.975609756097562,"total":82.0},"Meditation":{"raw":9.0,"perc":10.975609756097562,"total":82.0},"Devices":{"raw":3.0,"perc":3.6585365853658534,"total":82.0},"Devices - Mind Machine":{"raw":2.0,"perc":2.4390243902439024,"total":82.0},"Ritual":{"raw":5.0,"perc":6.0975609756097562,"total":82.0},"Sweating":{"raw":1.0,"perc":1.2195121951219512,"total":82.0},"Conferences":{"raw":2.0,"perc":2.4390243902439024,"total":82.0},"Endogenous":{"raw":2.0,"perc":2.4390243902439024,"total":82.0},"Humor":{"raw":1.0,"perc":1.2195121951219512,"total":82.0},"Nitrogen Narcosis":{"raw":1.0,"perc":1.2195121951219512,"total":82.0},"Fasting":{"raw":1.0,"perc":1.2195121951219512,"total":82.0},"Mindfulness":{"raw":2.0,"perc":2.4390243902439024,"total":82.0}},"Medium":{"Drug Testing":{"raw":65.0,"perc":28.888888888888886,"total":225.0},"Police / Customs":{"raw":20.0,"perc":8.88888888888889,"total":225.0},"Meditation":{"raw":20.0,"perc":8.88888888888889,"total":225.0},"OBE":{"raw":7.0,"perc":3.1111111111111112,"total":225.0},"Breathing":{"raw":6.0,"perc":2.666666666666667,"total":225.0},"Hyperventilation":{"raw":3.0,"perc":1.3333333333333335,"total":225.0},"Dreams":{"raw":41.0,"perc":18.222222222222221,"total":225.0},"Fasting":{"raw":7.0,"perc":3.1111111111111112,"total":225.0},"Nitrogen Narcosis":{"raw":2.0,"perc":0.88888888888888884,"total":225.0},"Sleep Deprivation":{"raw":11.0,"perc":4.8888888888888893,"total":225.0},"Yoga / Bodywork":{"raw":10.0,"perc":4.4444444444444446,"total":225.0},"Endogenous":{"raw":6.0,"perc":2.666666666666667,"total":225.0},"Floatation Tank":{"raw":2.0,"perc":0.88888888888888884,"total":225.0},"Ritual":{"raw":2.0,"perc":0.88888888888888884,"total":225.0},"Devices":{"raw":4.0,"perc":1.7777777777777777,"total":225.0},"Devices - Mind Machine":{"raw":3.0,"perc":1.3333333333333335,"total":225.0},"Sweating":{"raw":2.0,"perc":0.88888888888888884,"total":225.0},"Mindfulness":{"raw":2.0,"perc":0.88888888888888884,"total":225.0},"Migraines":{"raw":1.0,"perc":0.44444444444444442,"total":225.0},"Conferences":{"raw":8.0,"perc":3.5555555555555554,"total":225.0},"Guiding":{"raw":1.0,"perc":0.44444444444444442,"total":225.0},"Music":{"raw":2.0,"perc":0.88888888888888884,"total":225.0}},"No Effect":{"Drug Testing":{"raw":31.0,"perc":72.093023255813947,"total":43.0},"Yoga / Bodywork":{"raw":1.0,"perc":2.3255813953488373,"total":43.0},"Police / Customs":{"raw":6.0,"perc":13.953488372093023,"total":43.0},"Dreams":{"raw":4.0,"perc":9.30232558139535,"total":43.0},"Conferences":{"raw":1.0,"perc":2.3255813953488373,"total":43.0}},"Extreme":{"Dreams":{"raw":2.0,"perc":18.181818181818183,"total":11.0},"Sleep Deprivation":{"raw":4.0,"perc":36.363636363636367,"total":11.0},"OBE":{"raw":2.0,"perc":18.181818181818183,"total":11.0},"Conferences":{"raw":1.0,"perc":9.0909090909090917,"total":11.0},"Music":{"raw":1.0,"perc":9.0909090909090917,"total":11.0},"Humor":{"raw":1.0,"perc":9.0909090909090917,"total":11.0}}},"Difficult Experiences":{"Medium":{"Sleep Deprivation":{"raw":5.0,"perc":20.0,"total":25.0},"Ritual":{"raw":1.0,"perc":4.0,"total":25.0},"Endogenous":{"raw":1.0,"perc":4.0,"total":25.0},"Police / Customs":{"raw":7.0,"perc":28.000000000000004,"total":25.0},"OBE":{"raw":2.0,"perc":8.0,"total":25.0},"Drug Testing":{"raw":2.0,"perc":8.0,"total":25.0},"Dreams":{"raw":4.0,"perc":16.0,"total":25.0},"Humor":{"raw":1.0,"perc":4.0,"total":25.0},"Meditation":{"raw":2.0,"perc":8.0,"total":25.0}},"Strong":{"Dreams":{"raw":4.0,"perc":9.75609756097561,"total":41.0},"Ritual":{"raw":3.0,"perc":7.3170731707317067,"total":41.0},"OBE":{"raw":4.0,"perc":9.75609756097561,"total":41.0},"Devices":{"raw":1.0,"perc":2.4390243902439024,"total":41.0},"Devices - Mind Machine":{"raw":1.0,"perc":2.4390243902439024,"total":41.0},"Police / Customs":{"raw":9.0,"perc":21.951219512195124,"total":41.0},"Sleep Deprivation":{"raw":7.0,"perc":17.073170731707318,"total":41.0},"Fasting":{"raw":3.0,"perc":7.3170731707317067,"total":41.0},"Endogenous":{"raw":3.0,"perc":7.3170731707317067,"total":41.0},"Chanting":{"raw":1.0,"perc":2.4390243902439024,"total":41.0},"Migraines":{"raw":1.0,"perc":2.4390243902439024,"total":41.0},"Nitrogen Narcosis":{"raw":1.0,"perc":2.4390243902439024,"total":41.0},"Meditation":{"raw":1.0,"perc":2.4390243902439024,"total":41.0},"Humor":{"raw":1.0,"perc":2.4390243902439024,"total":41.0},"Conferences":{"raw":1.0,"perc":2.4390243902439024,"total":41.0}},"Extreme":{"Police / Customs":{"raw":8.0,"perc":53.333333333333336,"total":15.0},"OBE":{"raw":5.0,"perc":33.333333333333329,"total":15.0},"Sleep Deprivation":{"raw":1.0,"perc":6.666666666666667,"total":15.0},"Sound (non-music)":{"raw":1.0,"perc":6.666666666666667,"total":15.0}}},"Health Problems":{"Medium":{"Sleep Deprivation":{"raw":3.0,"perc":17.647058823529413,"total":17.0},"Endogenous":{"raw":5.0,"perc":29.411764705882355,"total":17.0},"Migraines":{"raw":3.0,"perc":17.647058823529413,"total":17.0},"Dreams":{"raw":1.0,"perc":5.88235294117647,"total":17.0},"Drug Testing":{"raw":1.0,"perc":5.88235294117647,"total":17.0},"Breathing":{"raw":2.0,"perc":11.76470588235294,"total":17.0},"Hyperventilation":{"raw":2.0,"perc":11.76470588235294,"total":17.0}},"Extreme":{"Police / Customs":{"raw":3.0,"perc":27.27272727272727,"total":11.0},"Drug Testing":{"raw":1.0,"perc":9.0909090909090917,"total":11.0},"Endogenous":{"raw":2.0,"perc":18.181818181818183,"total":11.0},"Meditation":{"raw":1.0,"perc":9.0909090909090917,"total":11.0},"OBE":{"raw":1.0,"perc":9.0909090909090917,"total":11.0},"Sleep Deprivation":{"raw":2.0,"perc":18.181818181818183,"total":11.0},"Breathing":{"raw":1.0,"perc":9.0909090909090917,"total":11.0}},"Strong":{"Meditation":{"raw":1.0,"perc":6.666666666666667,"total":15.0},"Yoga / Bodywork":{"raw":1.0,"perc":6.666666666666667,"total":15.0},"Sleep Deprivation":{"raw":3.0,"perc":20.0,"total":15.0},"Dreams":{"raw":2.0,"perc":13.333333333333334,"total":15.0},"Police / Customs":{"raw":1.0,"perc":6.666666666666667,"total":15.0},"Conferences":{"raw":1.0,"perc":6.666666666666667,"total":15.0},"Drug Testing":{"raw":1.0,"perc":6.666666666666667,"total":15.0},"Migraines":{"raw":3.0,"perc":20.0,"total":15.0},"Endogenous":{"raw":1.0,"perc":6.666666666666667,"total":15.0},"Humor":{"raw":1.0,"perc":6.666666666666667,"total":15.0}}},"Bad Trips":{"Medium":{"Endogenous":{"raw":1.0,"perc":25.0,"total":4.0},"Drug Testing":{"raw":1.0,"perc":25.0,"total":4.0},"Sleep Deprivation":{"raw":1.0,"perc":25.0,"total":4.0},"Police / Customs":{"raw":1.0,"perc":25.0,"total":4.0}},"Strong":{"Police / Customs":{"raw":7.0,"perc":53.846153846153847,"total":13.0},"Meditation":{"raw":1.0,"perc":7.6923076923076925,"total":13.0},"Sleep Deprivation":{"raw":2.0,"perc":15.384615384615385,"total":13.0},"Drug Testing":{"raw":1.0,"perc":7.6923076923076925,"total":13.0},"Endogenous":{"raw":1.0,"perc":7.6923076923076925,"total":13.0},"Humor":{"raw":1.0,"perc":7.6923076923076925,"total":13.0}},"Extreme":{"Police / Customs":{"raw":7.0,"perc":63.636363636363633,"total":11.0},"Sleep Deprivation":{"raw":1.0,"perc":9.0909090909090917,"total":11.0},"Endogenous":{"raw":1.0,"perc":9.0909090909090917,"total":11.0},"OBE":{"raw":1.0,"perc":9.0909090909090917,"total":11.0},"Drug Testing":{"raw":1.0,"perc":9.0909090909090917,"total":11.0}}},"Retrospective / Summary":{"Medium":{"Drug Testing":{"raw":9.0,"perc":11.39240506329114,"total":79.0},"Meditation":{"raw":13.0,"perc":16.455696202531644,"total":79.0},"Migraines":{"raw":4.0,"perc":5.0632911392405067,"total":79.0},"Police / Customs":{"raw":8.0,"perc":10.126582278481013,"total":79.0},"Dreams":{"raw":21.0,"perc":26.582278481012654,"total":79.0},"Guiding":{"raw":1.0,"perc":1.2658227848101267,"total":79.0},"Ritual":{"raw":2.0,"perc":2.5316455696202533,"total":79.0},"Sleep Deprivation":{"raw":4.0,"perc":5.0632911392405067,"total":79.0},"Yoga / Bodywork":{"raw":4.0,"perc":5.0632911392405067,"total":79.0},"Mindfulness":{"raw":3.0,"perc":3.79746835443038,"total":79.0},"Breathing":{"raw":2.0,"perc":2.5316455696202533,"total":79.0},"Conferences":{"raw":1.0,"perc":1.2658227848101267,"total":79.0},"Fasting":{"raw":2.0,"perc":2.5316455696202533,"total":79.0},"OBE":{"raw":1.0,"perc":1.2658227848101267,"total":79.0},"Humor":{"raw":1.0,"perc":1.2658227848101267,"total":79.0},"Endogenous":{"raw":3.0,"perc":3.79746835443038,"total":79.0}},"Extreme":{"Endogenous":{"raw":1.0,"perc":25.0,"total":4.0},"Police / Customs":{"raw":1.0,"perc":25.0,"total":4.0},"OBE":{"raw":1.0,"perc":25.0,"total":4.0},"Meditation":{"raw":1.0,"perc":25.0,"total":4.0}},"Strong":{"Meditation":{"raw":7.0,"perc":30.434782608695656,"total":23.0},"Dreams":{"raw":3.0,"perc":13.043478260869565,"total":23.0},"Police / Customs":{"raw":1.0,"perc":4.3478260869565215,"total":23.0},"Ritual":{"raw":1.0,"perc":4.3478260869565215,"total":23.0},"Sweating":{"raw":2.0,"perc":8.695652173913043,"total":23.0},"OBE":{"raw":1.0,"perc":4.3478260869565215,"total":23.0},"Devices":{"raw":1.0,"perc":4.3478260869565215,"total":23.0},"Devices - Mind Machine":{"raw":1.0,"perc":4.3478260869565215,"total":23.0},"Conferences":{"raw":1.0,"perc":4.3478260869565215,"total":23.0},"Migraines":{"raw":2.0,"perc":8.695652173913043,"total":23.0},"Nitrogen Narcosis":{"raw":1.0,"perc":4.3478260869565215,"total":23.0},"Fasting":{"raw":1.0,"perc":4.3478260869565215,"total":23.0},"Breathing":{"raw":1.0,"perc":4.3478260869565215,"total":23.0}},"No Effect":{"Dreams":{"raw":2.0,"perc":100.0,"total":2.0}}},"Sex Discussion":{"Medium":{"Ritual":{"raw":1.0,"perc":7.6923076923076925,"total":13.0},"Yoga / Bodywork":{"raw":1.0,"perc":7.6923076923076925,"total":13.0},"Dreams":{"raw":5.0,"perc":38.461538461538467,"total":13.0},"Sleep Deprivation":{"raw":2.0,"perc":15.384615384615385,"total":13.0},"OBE":{"raw":1.0,"perc":7.6923076923076925,"total":13.0},"Meditation":{"raw":3.0,"perc":23.076923076923077,"total":13.0}},"Strong":{"Ritual":{"raw":3.0,"perc":50.0,"total":6.0},"Breathing":{"raw":1.0,"perc":16.666666666666664,"total":6.0},"Yoga / Bodywork":{"raw":1.0,"perc":16.666666666666664,"total":6.0},"Sweating":{"raw":1.0,"perc":16.666666666666664,"total":6.0}}},"Glowing Experiences":{"Medium":{"Ritual":{"raw":6.0,"perc":8.8235294117647065,"total":68.0},"Police / Customs":{"raw":4.0,"perc":5.88235294117647,"total":68.0},"Yoga / Bodywork":{"raw":8.0,"perc":11.76470588235294,"total":68.0},"Endogenous":{"raw":2.0,"perc":2.9411764705882351,"total":68.0},"Dreams":{"raw":13.0,"perc":19.117647058823529,"total":68.0},"Meditation":{"raw":15.0,"perc":22.058823529411764,"total":68.0},"Devices":{"raw":5.0,"perc":7.3529411764705888,"total":68.0},"Devices - Mind Machine":{"raw":3.0,"perc":4.4117647058823533,"total":68.0},"Sleep Deprivation":{"raw":1.0,"perc":1.4705882352941175,"total":68.0},"Breathing":{"raw":1.0,"perc":1.4705882352941175,"total":68.0},"Hyperventilation":{"raw":1.0,"perc":1.4705882352941175,"total":68.0},"Fasting":{"raw":1.0,"perc":1.4705882352941175,"total":68.0},"OBE":{"raw":5.0,"perc":7.3529411764705888,"total":68.0},"Guiding":{"raw":1.0,"perc":1.4705882352941175,"total":68.0},"Mindfulness":{"raw":2.0,"perc":2.9411764705882351,"total":68.0}},"Strong":{"Ritual":{"raw":3.0,"perc":6.1224489795918364,"total":49.0},"Yoga / Bodywork":{"raw":8.0,"perc":16.3265306122449,"total":49.0},"Meditation":{"raw":13.0,"perc":26.530612244897959,"total":49.0},"Devices":{"raw":3.0,"perc":6.1224489795918364,"total":49.0},"Devices - Mind Machine":{"raw":2.0,"perc":4.0816326530612246,"total":49.0},"Dreams":{"raw":4.0,"perc":8.16326530612245,"total":49.0},"Breathing":{"raw":4.0,"perc":8.16326530612245,"total":49.0},"OBE":{"raw":4.0,"perc":8.16326530612245,"total":49.0},"Migraines":{"raw":1.0,"perc":2.0408163265306123,"total":49.0},"Sweating":{"raw":1.0,"perc":2.0408163265306123,"total":49.0},"Humor":{"raw":1.0,"perc":2.0408163265306123,"total":49.0},"Conferences":{"raw":1.0,"perc":2.0408163265306123,"total":49.0},"Sleep Deprivation":{"raw":1.0,"perc":2.0408163265306123,"total":49.0},"Music":{"raw":1.0,"perc":2.0408163265306123,"total":49.0},"Mindfulness":{"raw":2.0,"perc":4.0816326530612246,"total":49.0}},"Extreme":{"Dreams":{"raw":1.0,"perc":20.0,"total":5.0},"OBE":{"raw":1.0,"perc":20.0,"total":5.0},"Police / Customs":{"raw":2.0,"perc":40.0,"total":5.0},"Mindfulness":{"raw":1.0,"perc":20.0,"total":5.0}},"No Effect":{"Conferences":{"raw":1.0,"perc":100.0,"total":1.0}}},"Mystical Experiences":{"Medium":{"Ritual":{"raw":13.0,"perc":27.659574468085108,"total":47.0},"Breathing":{"raw":1.0,"perc":2.1276595744680851,"total":47.0},"Hyperventilation":{"raw":1.0,"perc":2.1276595744680851,"total":47.0},"Yoga / Bodywork":{"raw":4.0,"perc":8.51063829787234,"total":47.0},"Dreams":{"raw":6.0,"perc":12.76595744680851,"total":47.0},"Meditation":{"raw":9.0,"perc":19.148936170212767,"total":47.0},"Devices":{"raw":2.0,"perc":4.25531914893617,"total":47.0},"Devices - Mind Machine":{"raw":2.0,"perc":4.25531914893617,"total":47.0},"Conferences":{"raw":1.0,"perc":2.1276595744680851,"total":47.0},"Fasting":{"raw":1.0,"perc":2.1276595744680851,"total":47.0},"Police / Customs":{"raw":1.0,"perc":2.1276595744680851,"total":47.0},"Humor":{"raw":1.0,"perc":2.1276595744680851,"total":47.0},"Endogenous":{"raw":1.0,"perc":2.1276595744680851,"total":47.0},"Mindfulness":{"raw":3.0,"perc":6.3829787234042552,"total":47.0},"OBE":{"raw":1.0,"perc":2.1276595744680851,"total":47.0}},"Strong":{"Yoga / Bodywork":{"raw":6.0,"perc":13.043478260869565,"total":46.0},"Meditation":{"raw":7.0,"perc":15.217391304347828,"total":46.0},"OBE":{"raw":8.0,"perc":17.391304347826086,"total":46.0},"Sleep Deprivation":{"raw":3.0,"perc":6.5217391304347823,"total":46.0},"Devices":{"raw":3.0,"perc":6.5217391304347823,"total":46.0},"Devices - Mind Machine":{"raw":2.0,"perc":4.3478260869565215,"total":46.0},"Fasting":{"raw":4.0,"perc":8.695652173913043,"total":46.0},"Breathing":{"raw":3.0,"perc":6.5217391304347823,"total":46.0},"Hyperventilation":{"raw":1.0,"perc":2.1739130434782608,"total":46.0},"Chanting":{"raw":1.0,"perc":2.1739130434782608,"total":46.0},"Migraines":{"raw":1.0,"perc":2.1739130434782608,"total":46.0},"Endogenous":{"raw":2.0,"perc":4.3478260869565215,"total":46.0},"Ritual":{"raw":3.0,"perc":6.5217391304347823,"total":46.0},"Police / Customs":{"raw":1.0,"perc":2.1739130434782608,"total":46.0},"Dreams":{"raw":1.0,"perc":2.1739130434782608,"total":46.0}},"Extreme":{"OBE":{"raw":4.0,"perc":44.444444444444443,"total":9.0},"Meditation":{"raw":1.0,"perc":11.111111111111111,"total":9.0},"Music":{"raw":1.0,"perc":11.111111111111111,"total":9.0},"Sleep Deprivation":{"raw":1.0,"perc":11.111111111111111,"total":9.0},"Mindfulness":{"raw":2.0,"perc":22.222222222222221,"total":9.0}}},"Multi-Day Experience":{"Medium":{"Ritual":{"raw":1.0,"perc":4.5454545454545459,"total":22.0},"Endogenous":{"raw":1.0,"perc":4.5454545454545459,"total":22.0},"Yoga / Bodywork":{"raw":1.0,"perc":4.5454545454545459,"total":22.0},"Sleep Deprivation":{"raw":8.0,"perc":36.363636363636367,"total":22.0},"Meditation":{"raw":2.0,"perc":9.0909090909090917,"total":22.0},"Fasting":{"raw":1.0,"perc":4.5454545454545459,"total":22.0},"Drug Testing":{"raw":3.0,"perc":13.636363636363635,"total":22.0},"Dreams":{"raw":3.0,"perc":13.636363636363635,"total":22.0},"Humor":{"raw":1.0,"perc":4.5454545454545459,"total":22.0},"Police / Customs":{"raw":1.0,"perc":4.5454545454545459,"total":22.0}},"Strong":{"Sleep Deprivation":{"raw":8.0,"perc":57.142857142857139,"total":14.0},"Police / Customs":{"raw":2.0,"perc":14.285714285714285,"total":14.0},"OBE":{"raw":1.0,"perc":7.1428571428571423,"total":14.0},"Fasting":{"raw":2.0,"perc":14.285714285714285,"total":14.0},"Meditation":{"raw":1.0,"perc":7.1428571428571423,"total":14.0}},"Extreme":{"Sleep Deprivation":{"raw":4.0,"perc":50.0,"total":8.0},"Humor":{"raw":1.0,"perc":12.5,"total":8.0},"Meditation":{"raw":1.0,"perc":12.5,"total":8.0},"OBE":{"raw":1.0,"perc":12.5,"total":8.0},"Endogenous":{"raw":1.0,"perc":12.5,"total":8.0}}},"Depression":{"Medium":{"Migraines":{"raw":1.0,"perc":10.0,"total":10.0},"Drug Testing":{"raw":1.0,"perc":10.0,"total":10.0},"Mindfulness":{"raw":1.0,"perc":10.0,"total":10.0},"OBE":{"raw":1.0,"perc":10.0,"total":10.0},"Police / Customs":{"raw":1.0,"perc":10.0,"total":10.0},"Dreams":{"raw":2.0,"perc":20.0,"total":10.0},"Endogenous":{"raw":1.0,"perc":10.0,"total":10.0},"Yoga / Bodywork":{"raw":1.0,"perc":10.0,"total":10.0},"Breathing":{"raw":1.0,"perc":10.0,"total":10.0}},"Extreme":{"Endogenous":{"raw":1.0,"perc":50.0,"total":2.0},"Police / Customs":{"raw":1.0,"perc":50.0,"total":2.0}},"Strong":{"Sleep Deprivation":{"raw":1.0,"perc":10.0,"total":10.0},"Police / Customs":{"raw":2.0,"perc":20.0,"total":10.0},"Ritual":{"raw":1.0,"perc":10.0,"total":10.0},"Sweating":{"raw":1.0,"perc":10.0,"total":10.0},"OBE":{"raw":1.0,"perc":10.0,"total":10.0},"Migraines":{"raw":2.0,"perc":20.0,"total":10.0},"Endogenous":{"raw":1.0,"perc":10.0,"total":10.0},"Mindfulness":{"raw":1.0,"perc":10.0,"total":10.0}}},"Post Trip Problems":{"Medium":{"Migraines":{"raw":2.0,"perc":9.0909090909090917,"total":22.0},"Dreams":{"raw":4.0,"perc":18.181818181818183,"total":22.0},"Drug Testing":{"raw":4.0,"perc":18.181818181818183,"total":22.0},"OBE":{"raw":1.0,"perc":4.5454545454545459,"total":22.0},"Police / Customs":{"raw":5.0,"perc":22.727272727272727,"total":22.0},"Breathing":{"raw":1.0,"perc":4.5454545454545459,"total":22.0},"Hyperventilation":{"raw":1.0,"perc":4.5454545454545459,"total":22.0},"Conferences":{"raw":1.0,"perc":4.5454545454545459,"total":22.0},"Meditation":{"raw":2.0,"perc":9.0909090909090917,"total":22.0},"Yoga / Bodywork":{"raw":1.0,"perc":4.5454545454545459,"total":22.0}},"No Effect":{"Drug Testing":{"raw":3.0,"perc":75.0,"total":4.0},"Dreams":{"raw":1.0,"perc":25.0,"total":4.0}},"Extreme":{"Endogenous":{"raw":3.0,"perc":25.0,"total":12.0},"Police / Customs":{"raw":4.0,"perc":33.333333333333329,"total":12.0},"OBE":{"raw":2.0,"perc":16.666666666666664,"total":12.0},"Fasting":{"raw":1.0,"perc":8.3333333333333321,"total":12.0},"Breathing":{"raw":1.0,"perc":8.3333333333333321,"total":12.0},"Sleep Deprivation":{"raw":1.0,"perc":8.3333333333333321,"total":12.0}},"Strong":{"Police / Customs":{"raw":6.0,"perc":66.666666666666657,"total":9.0},"Migraines":{"raw":2.0,"perc":22.222222222222221,"total":9.0},"Sleep Deprivation":{"raw":1.0,"perc":11.111111111111111,"total":9.0}}},"First Times":{"Medium":{"Endogenous":{"raw":3.0,"perc":5.3571428571428568,"total":56.0},"Police / Customs":{"raw":4.0,"perc":7.1428571428571423,"total":56.0},"Dreams":{"raw":13.0,"perc":23.214285714285715,"total":56.0},"Ritual":{"raw":4.0,"perc":7.1428571428571423,"total":56.0},"OBE":{"raw":2.0,"perc":3.5714285714285712,"total":56.0},"Sleep Deprivation":{"raw":4.0,"perc":7.1428571428571423,"total":56.0},"Meditation":{"raw":7.0,"perc":12.5,"total":56.0},"Breathing":{"raw":2.0,"perc":3.5714285714285712,"total":56.0},"Hyperventilation":{"raw":2.0,"perc":3.5714285714285712,"total":56.0},"Devices":{"raw":2.0,"perc":3.5714285714285712,"total":56.0},"Guiding":{"raw":1.0,"perc":1.7857142857142856,"total":56.0},"Yoga / Bodywork":{"raw":4.0,"perc":7.1428571428571423,"total":56.0},"Nitrogen Narcosis":{"raw":1.0,"perc":1.7857142857142856,"total":56.0},"Floatation Tank":{"raw":2.0,"perc":3.5714285714285712,"total":56.0},"Mindfulness":{"raw":2.0,"perc":3.5714285714285712,"total":56.0},"Sweating":{"raw":2.0,"perc":3.5714285714285712,"total":56.0},"Fasting":{"raw":1.0,"perc":1.7857142857142856,"total":56.0}},"Strong":{"Police / Customs":{"raw":5.0,"perc":16.129032258064516,"total":31.0},"Sleep Deprivation":{"raw":1.0,"perc":3.225806451612903,"total":31.0},"Devices":{"raw":3.0,"perc":9.67741935483871,"total":31.0},"Devices - Mind Machine":{"raw":2.0,"perc":6.4516129032258061,"total":31.0},"Dreams":{"raw":5.0,"perc":16.129032258064516,"total":31.0},"Ritual":{"raw":4.0,"perc":12.903225806451612,"total":31.0},"Sweating":{"raw":2.0,"perc":6.4516129032258061,"total":31.0},"Endogenous":{"raw":1.0,"perc":3.225806451612903,"total":31.0},"Meditation":{"raw":4.0,"perc":12.903225806451612,"total":31.0},"Nitrogen Narcosis":{"raw":1.0,"perc":3.225806451612903,"total":31.0},"Yoga / Bodywork":{"raw":2.0,"perc":6.4516129032258061,"total":31.0},"OBE":{"raw":1.0,"perc":3.225806451612903,"total":31.0}},"Extreme":{"Police / Customs":{"raw":4.0,"perc":44.444444444444443,"total":9.0},"OBE":{"raw":4.0,"perc":44.444444444444443,"total":9.0},"Meditation":{"raw":1.0,"perc":11.111111111111111,"total":9.0}},"No Effect":{"Devices":{"raw":1.0,"perc":50.0,"total":2.0},"Devices - Magnetic":{"raw":1.0,"perc":50.0,"total":2.0}}},"Health Benefits":{"Medium":{"Fasting":{"raw":3.0,"perc":12.0,"total":25.0},"Floatation Tank":{"raw":1.0,"perc":4.0,"total":25.0},"Meditation":{"raw":4.0,"perc":16.0,"total":25.0},"Migraines":{"raw":8.0,"perc":32.0,"total":25.0},"Mindfulness":{"raw":2.0,"perc":8.0,"total":25.0},"Ritual":{"raw":1.0,"perc":4.0,"total":25.0},"Devices":{"raw":2.0,"perc":8.0,"total":25.0},"Devices - Mind Machine":{"raw":2.0,"perc":8.0,"total":25.0},"Yoga / Bodywork":{"raw":1.0,"perc":4.0,"total":25.0},"Dreams":{"raw":1.0,"perc":4.0,"total":25.0}},"Strong":{"Breathing":{"raw":1.0,"perc":20.0,"total":5.0},"Sleep Deprivation":{"raw":1.0,"perc":20.0,"total":5.0},"Yoga / Bodywork":{"raw":1.0,"perc":20.0,"total":5.0},"Migraines":{"raw":1.0,"perc":20.0,"total":5.0},"Sweating":{"raw":1.0,"perc":20.0,"total":5.0}}},"Nature / Outdoors":{"Medium":{"Nitrogen Narcosis":{"raw":1.0,"perc":7.6923076923076925,"total":13.0},"Police / Customs":{"raw":2.0,"perc":15.384615384615385,"total":13.0},"Guiding":{"raw":2.0,"perc":15.384615384615385,"total":13.0},"Ritual":{"raw":1.0,"perc":7.6923076923076925,"total":13.0},"Yoga / Bodywork":{"raw":2.0,"perc":15.384615384615385,"total":13.0},"Dreams":{"raw":1.0,"perc":7.6923076923076925,"total":13.0},"Mindfulness":{"raw":1.0,"perc":7.6923076923076925,"total":13.0},"Meditation":{"raw":2.0,"perc":15.384615384615385,"total":13.0},"Fasting":{"raw":1.0,"perc":7.6923076923076925,"total":13.0}},"Strong":{"OBE":{"raw":1.0,"perc":9.0909090909090917,"total":11.0},"Fasting":{"raw":1.0,"perc":9.0909090909090917,"total":11.0},"Meditation":{"raw":2.0,"perc":18.181818181818183,"total":11.0},"Dreams":{"raw":1.0,"perc":9.0909090909090917,"total":11.0},"Breathing":{"raw":1.0,"perc":9.0909090909090917,"total":11.0},"Music":{"raw":1.0,"perc":9.0909090909090917,"total":11.0},"Yoga / Bodywork":{"raw":1.0,"perc":9.0909090909090917,"total":11.0},"Ritual":{"raw":1.0,"perc":9.0909090909090917,"total":11.0},"Police / Customs":{"raw":1.0,"perc":9.0909090909090917,"total":11.0},"Mindfulness":{"raw":1.0,"perc":9.0909090909090917,"total":11.0}},"Extreme":{"Conferences":{"raw":1.0,"perc":33.333333333333329,"total":3.0},"Humor":{"raw":1.0,"perc":33.333333333333329,"total":3.0},"Mindfulness":{"raw":1.0,"perc":33.333333333333329,"total":3.0}}},"Preparation / Recipes":{"Medium":{"Ritual":{"raw":2.0,"perc":11.76470588235294,"total":17.0},"Dreams":{"raw":6.0,"perc":35.294117647058826,"total":17.0},"Drug Testing":{"raw":3.0,"perc":17.647058823529413,"total":17.0},"Police / Customs":{"raw":2.0,"perc":11.76470588235294,"total":17.0},"Floatation Tank":{"raw":1.0,"perc":5.88235294117647,"total":17.0},"Sweating":{"raw":2.0,"perc":11.76470588235294,"total":17.0},"Breathing":{"raw":1.0,"perc":5.88235294117647,"total":17.0}},"Strong":{"Ritual":{"raw":1.0,"perc":25.0,"total":4.0},"Yoga / Bodywork":{"raw":1.0,"perc":25.0,"total":4.0},"Sleep Deprivation":{"raw":1.0,"perc":25.0,"total":4.0},"Mindfulness":{"raw":1.0,"perc":25.0,"total":4.0}}},"Music Discussion":{"Strong":{"Sleep Deprivation":{"raw":2.0,"perc":14.285714285714285,"total":14.0},"Yoga / Bodywork":{"raw":3.0,"perc":21.428571428571427,"total":14.0},"Devices":{"raw":1.0,"perc":7.1428571428571423,"total":14.0},"Devices - Mind Machine":{"raw":1.0,"perc":7.1428571428571423,"total":14.0},"Meditation":{"raw":3.0,"perc":21.428571428571427,"total":14.0},"Police / Customs":{"raw":3.0,"perc":21.428571428571427,"total":14.0},"OBE":{"raw":1.0,"perc":7.1428571428571423,"total":14.0}},"Extreme":{"Devices":{"raw":1.0,"perc":25.0,"total":4.0},"Police / Customs":{"raw":2.0,"perc":50.0,"total":4.0},"Sleep Deprivation":{"raw":1.0,"perc":25.0,"total":4.0}},"Medium":{"Sleep Deprivation":{"raw":1.0,"perc":6.25,"total":16.0},"Devices":{"raw":2.0,"perc":12.5,"total":16.0},"Devices - Mind Machine":{"raw":1.0,"perc":6.25,"total":16.0},"Meditation":{"raw":4.0,"perc":25.0,"total":16.0},"Mindfulness":{"raw":1.0,"perc":6.25,"total":16.0},"Ritual":{"raw":3.0,"perc":18.75,"total":16.0},"Police / Customs":{"raw":1.0,"perc":6.25,"total":16.0},"Migraines":{"raw":1.0,"perc":6.25,"total":16.0},"Yoga / Bodywork":{"raw":2.0,"perc":12.5,"total":16.0}}},"Personal Preparation":{"Strong":{"Ritual":{"raw":2.0,"perc":40.0,"total":5.0},"Fasting":{"raw":1.0,"perc":20.0,"total":5.0},"OBE":{"raw":1.0,"perc":20.0,"total":5.0},"Mindfulness":{"raw":1.0,"perc":20.0,"total":5.0}},"No Effect":{"Drug Testing":{"raw":1.0,"perc":100.0,"total":1.0}},"Medium":{"Meditation":{"raw":3.0,"perc":33.333333333333329,"total":9.0},"Ritual":{"raw":2.0,"perc":22.222222222222221,"total":9.0},"Fasting":{"raw":2.0,"perc":22.222222222222221,"total":9.0},"Police / Customs":{"raw":1.0,"perc":11.111111111111111,"total":9.0},"Mindfulness":{"raw":1.0,"perc":11.111111111111111,"total":9.0}},"Extreme":{"Meditation":{"raw":1.0,"perc":100.0,"total":1.0}}},"Entities / Beings":{"Strong":{"Yoga / Bodywork":{"raw":3.0,"perc":6.8181818181818175,"total":44.0},"Sleep Deprivation":{"raw":2.0,"perc":4.5454545454545459,"total":44.0},"Breathing":{"raw":2.0,"perc":4.5454545454545459,"total":44.0},"OBE":{"raw":6.0,"perc":13.636363636363635,"total":44.0},"Dreams":{"raw":9.0,"perc":20.454545454545457,"total":44.0},"Police / Customs":{"raw":4.0,"perc":9.0909090909090917,"total":44.0},"Fasting":{"raw":4.0,"perc":9.0909090909090917,"total":44.0},"Meditation":{"raw":6.0,"perc":13.636363636363635,"total":44.0},"Ritual":{"raw":2.0,"perc":4.5454545454545459,"total":44.0},"Sweating":{"raw":1.0,"perc":2.2727272727272729,"total":44.0},"Devices":{"raw":1.0,"perc":2.2727272727272729,"total":44.0},"Endogenous":{"raw":2.0,"perc":4.5454545454545459,"total":44.0},"Nitrogen Narcosis":{"raw":1.0,"perc":2.2727272727272729,"total":44.0},"Mindfulness":{"raw":1.0,"perc":2.2727272727272729,"total":44.0}},"Medium":{"Dreams":{"raw":8.0,"perc":25.806451612903224,"total":31.0},"Yoga / Bodywork":{"raw":2.0,"perc":6.4516129032258061,"total":31.0},"OBE":{"raw":5.0,"perc":16.129032258064516,"total":31.0},"Meditation":{"raw":4.0,"perc":12.903225806451612,"total":31.0},"Ritual":{"raw":6.0,"perc":19.35483870967742,"total":31.0},"Migraines":{"raw":1.0,"perc":3.225806451612903,"total":31.0},"Mindfulness":{"raw":2.0,"perc":6.4516129032258061,"total":31.0},"Devices":{"raw":1.0,"perc":3.225806451612903,"total":31.0},"Devices - Mind Machine":{"raw":1.0,"perc":3.225806451612903,"total":31.0},"Chanting":{"raw":1.0,"perc":3.225806451612903,"total":31.0}},"Extreme":{"Police / Customs":{"raw":4.0,"perc":33.333333333333329,"total":12.0},"Sleep Deprivation":{"raw":1.0,"perc":8.3333333333333321,"total":12.0},"Conferences":{"raw":1.0,"perc":8.3333333333333321,"total":12.0},"OBE":{"raw":2.0,"perc":16.666666666666664,"total":12.0},"Meditation":{"raw":2.0,"perc":16.666666666666664,"total":12.0},"Humor":{"raw":1.0,"perc":8.3333333333333321,"total":12.0},"Mindfulness":{"raw":1.0,"perc":8.3333333333333321,"total":12.0}}},"HPPD / Lasting Visuals":{"Extreme":{"Endogenous":{"raw":2.0,"perc":66.666666666666657,"total":3.0},"Sleep Deprivation":{"raw":1.0,"perc":33.333333333333329,"total":3.0}},"Strong":{"Sleep Deprivation":{"raw":1.0,"perc":50.0,"total":2.0},"Police / Customs":{"raw":1.0,"perc":50.0,"total":2.0}}},"Overdose":{"Extreme":{"Endogenous":{"raw":1.0,"perc":12.5,"total":8.0},"Police / Customs":{"raw":4.0,"perc":50.0,"total":8.0},"Drug Testing":{"raw":1.0,"perc":12.5,"total":8.0},"OBE":{"raw":1.0,"perc":12.5,"total":8.0},"Sleep Deprivation":{"raw":1.0,"perc":12.5,"total":8.0}},"Medium":{"Police / Customs":{"raw":2.0,"perc":66.666666666666657,"total":3.0},"OBE":{"raw":1.0,"perc":33.333333333333329,"total":3.0}},"Strong":{"Dreams":{"raw":2.0,"perc":50.0,"total":4.0},"Conferences":{"raw":1.0,"perc":25.0,"total":4.0},"Sleep Deprivation":{"raw":1.0,"perc":25.0,"total":4.0}}},"Families":{"Medium":{"Breathing":{"raw":1.0,"perc":33.333333333333329,"total":3.0},"Hyperventilation":{"raw":1.0,"perc":33.333333333333329,"total":3.0},"Yoga / Bodywork":{"raw":1.0,"perc":33.333333333333329,"total":3.0}},"Extreme":{"Police / Customs":{"raw":1.0,"perc":100.0,"total":1.0}}},"Guides / Sitters":{"Medium":{"Breathing":{"raw":1.0,"perc":5.88235294117647,"total":17.0},"Hyperventilation":{"raw":1.0,"perc":5.88235294117647,"total":17.0},"Meditation":{"raw":3.0,"perc":17.647058823529413,"total":17.0},"Guiding":{"raw":2.0,"perc":11.76470588235294,"total":17.0},"Ritual":{"raw":8.0,"perc":47.058823529411761,"total":17.0},"Mindfulness":{"raw":1.0,"perc":5.88235294117647,"total":17.0},"Police / Customs":{"raw":1.0,"perc":5.88235294117647,"total":17.0}},"Strong":{"OBE":{"raw":3.0,"perc":23.076923076923077,"total":13.0},"Dreams":{"raw":1.0,"perc":7.6923076923076925,"total":13.0},"Ritual":{"raw":2.0,"perc":15.384615384615385,"total":13.0},"Conferences":{"raw":1.0,"perc":7.6923076923076925,"total":13.0},"Meditation":{"raw":1.0,"perc":7.6923076923076925,"total":13.0},"Yoga / Bodywork":{"raw":2.0,"perc":15.384615384615385,"total":13.0},"Sleep Deprivation":{"raw":1.0,"perc":7.6923076923076925,"total":13.0},"Endogenous":{"raw":1.0,"perc":7.6923076923076925,"total":13.0},"Police / Customs":{"raw":1.0,"perc":7.6923076923076925,"total":13.0}},"Extreme":{"Sleep Deprivation":{"raw":1.0,"perc":100.0,"total":1.0}}},"Second Hand Report":{"Extreme":{"Drug Testing":{"raw":1.0,"perc":25.0,"total":4.0},"Police / Customs":{"raw":3.0,"perc":75.0,"total":4.0}},"Medium":{"Police / Customs":{"raw":2.0,"perc":33.333333333333329,"total":6.0},"Migraines":{"raw":1.0,"perc":16.666666666666664,"total":6.0},"OBE":{"raw":1.0,"perc":16.666666666666664,"total":6.0},"Drug Testing":{"raw":1.0,"perc":16.666666666666664,"total":6.0},"Endogenous":{"raw":1.0,"perc":16.666666666666664,"total":6.0}},"Strong":{"Police / Customs":{"raw":3.0,"perc":50.0,"total":6.0},"Meditation":{"raw":1.0,"perc":16.666666666666664,"total":6.0},"Dreams":{"raw":1.0,"perc":16.666666666666664,"total":6.0},"Conferences":{"raw":1.0,"perc":16.666666666666664,"total":6.0}},"No Effect":{"Drug Testing":{"raw":1.0,"perc":100.0,"total":1.0}}},"Relationships":{"Medium":{"Ritual":{"raw":2.0,"perc":15.384615384615385,"total":13.0},"Dreams":{"raw":1.0,"perc":7.6923076923076925,"total":13.0},"Devices":{"raw":1.0,"perc":7.6923076923076925,"total":13.0},"Devices - Mind Machine":{"raw":1.0,"perc":7.6923076923076925,"total":13.0},"Meditation":{"raw":3.0,"perc":23.076923076923077,"total":13.0},"Police / Customs":{"raw":2.0,"perc":15.384615384615385,"total":13.0},"Mindfulness":{"raw":2.0,"perc":15.384615384615385,"total":13.0},"OBE":{"raw":1.0,"perc":7.6923076923076925,"total":13.0}},"Strong":{"Yoga / Bodywork":{"raw":1.0,"perc":16.666666666666664,"total":6.0},"Ritual":{"raw":1.0,"perc":16.666666666666664,"total":6.0},"Migraines":{"raw":1.0,"perc":16.666666666666664,"total":6.0},"Devices":{"raw":1.0,"perc":16.666666666666664,"total":6.0},"Police / Customs":{"raw":1.0,"perc":16.666666666666664,"total":6.0},"Mindfulness":{"raw":1.0,"perc":16.666666666666664,"total":6.0}},"Extreme":{"Sleep Deprivation":{"raw":1.0,"perc":50.0,"total":2.0},"Meditation":{"raw":1.0,"perc":50.0,"total":2.0}}},"Medical Use":{"Medium":{"Migraines":{"raw":4.0,"perc":25.0,"total":16.0},"Dreams":{"raw":6.0,"perc":37.5,"total":16.0},"Sleep Deprivation":{"raw":1.0,"perc":6.25,"total":16.0},"Drug Testing":{"raw":2.0,"perc":12.5,"total":16.0},"Endogenous":{"raw":2.0,"perc":12.5,"total":16.0},"Breathing":{"raw":1.0,"perc":6.25,"total":16.0}},"Strong":{"OBE":{"raw":1.0,"perc":33.333333333333329,"total":3.0},"Migraines":{"raw":2.0,"perc":66.666666666666657,"total":3.0}},"No Effect":{"Drug Testing":{"raw":2.0,"perc":100.0,"total":2.0}}},"Loss of Magic":{"Medium":{"Sleep Deprivation":{"raw":2.0,"perc":66.666666666666657,"total":3.0},"Meditation":{"raw":1.0,"perc":33.333333333333329,"total":3.0}}},"Hangover / Days After":{"Medium":{"Sleep Deprivation":{"raw":5.0,"perc":26.315789473684209,"total":19.0},"Dreams":{"raw":4.0,"perc":21.052631578947366,"total":19.0},"Migraines":{"raw":1.0,"perc":5.2631578947368416,"total":19.0},"OBE":{"raw":2.0,"perc":10.526315789473683,"total":19.0},"Police / Customs":{"raw":3.0,"perc":15.789473684210526,"total":19.0},"Floatation Tank":{"raw":1.0,"perc":5.2631578947368416,"total":19.0},"Meditation":{"raw":2.0,"perc":10.526315789473683,"total":19.0},"Endogenous":{"raw":1.0,"perc":5.2631578947368416,"total":19.0}},"Strong":{"Yoga / Bodywork":{"raw":1.0,"perc":8.3333333333333321,"total":12.0},"Sleep Deprivation":{"raw":3.0,"perc":25.0,"total":12.0},"Dreams":{"raw":1.0,"perc":8.3333333333333321,"total":12.0},"Conferences":{"raw":1.0,"perc":8.3333333333333321,"total":12.0},"Police / Customs":{"raw":2.0,"perc":16.666666666666664,"total":12.0},"Migraines":{"raw":2.0,"perc":16.666666666666664,"total":12.0},"Endogenous":{"raw":1.0,"perc":8.3333333333333321,"total":12.0},"OBE":{"raw":1.0,"perc":8.3333333333333321,"total":12.0}},"Extreme":{"Meditation":{"raw":1.0,"perc":12.5,"total":8.0},"Police / Customs":{"raw":3.0,"perc":37.5,"total":8.0},"Music":{"raw":1.0,"perc":12.5,"total":8.0},"Sleep Deprivation":{"raw":1.0,"perc":12.5,"total":8.0},"OBE":{"raw":1.0,"perc":12.5,"total":8.0},"Sound (non-music)":{"raw":1.0,"perc":12.5,"total":8.0}}},"Therapeutic Intent or Outcome":{"Medium":{"Meditation":{"raw":4.0,"perc":17.391304347826086,"total":23.0},"Humor":{"raw":1.0,"perc":4.3478260869565215,"total":23.0},"Endogenous":{"raw":1.0,"perc":4.3478260869565215,"total":23.0},"Yoga / Bodywork":{"raw":1.0,"perc":4.3478260869565215,"total":23.0},"Music":{"raw":1.0,"perc":4.3478260869565215,"total":23.0},"Ritual":{"raw":6.0,"perc":26.086956521739129,"total":23.0},"Breathing":{"raw":1.0,"perc":4.3478260869565215,"total":23.0},"Dreams":{"raw":5.0,"perc":21.739130434782609,"total":23.0},"Migraines":{"raw":1.0,"perc":4.3478260869565215,"total":23.0},"Mindfulness":{"raw":1.0,"perc":4.3478260869565215,"total":23.0},"Fasting":{"raw":1.0,"perc":4.3478260869565215,"total":23.0}},"Strong":{"Yoga / Bodywork":{"raw":1.0,"perc":20.0,"total":5.0},"Police / Customs":{"raw":1.0,"perc":20.0,"total":5.0},"Dreams":{"raw":1.0,"perc":20.0,"total":5.0},"Meditation":{"raw":1.0,"perc":20.0,"total":5.0},"Mindfulness":{"raw":1.0,"perc":20.0,"total":5.0}}},"Poetry":{"Extreme":{"Conferences":{"raw":1.0,"perc":100.0,"total":1.0}},"Strong":{"Meditation":{"raw":1.0,"perc":100.0,"total":1.0}}},"What Was in That?":{"Medium":{"Sleep Deprivation":{"raw":1.0,"perc":33.333333333333329,"total":3.0},"OBE":{"raw":1.0,"perc":33.333333333333329,"total":3.0},"Meditation":{"raw":1.0,"perc":33.333333333333329,"total":3.0}},"Extreme":{"Music":{"raw":1.0,"perc":100.0,"total":1.0}},"Strong":{"Migraines":{"raw":1.0,"perc":100.0,"total":1.0}}},"Performance Enhancement":{"Medium":{"Humor":{"raw":1.0,"perc":50.0,"total":2.0},"Sleep Deprivation":{"raw":1.0,"perc":50.0,"total":2.0}},"Strong":{"Sleep Deprivation":{"raw":2.0,"perc":100.0,"total":2.0}}}}