{"First Times":{"Not-Specified":{"Medium":{"raw":178.0,"perc":69.53125,"total":256.0},"Strong":{"raw":71.0,"perc":27.734375,"total":256.0},"Extreme":{"raw":6.0,"perc":2.34375,"total":256.0},"No Effect":{"raw":1.0,"perc":0.390625,"total":256.0}},"Male":{"Medium":{"raw":2958.0,"perc":64.262437540734311,"total":4603.0},"Strong":{"raw":1402.0,"perc":30.458396697805778,"total":4603.0},"Extreme":{"raw":191.0,"perc":4.1494677384314578,"total":4603.0},"No Effect":{"raw":52.0,"perc":1.1296980230284597,"total":4603.0}},"Female":{"Medium":{"raw":493.0,"perc":62.882653061224488,"total":784.0},"Strong":{"raw":261.0,"perc":33.290816326530617,"total":784.0},"Extreme":{"raw":21.0,"perc":2.6785714285714284,"total":784.0},"No Effect":{"raw":9.0,"perc":1.1479591836734695,"total":784.0}}},"General":{"Male":{"Medium":{"raw":4248.0,"perc":65.575794998456317,"total":6478.0},"Strong":{"raw":1901.0,"perc":29.345476999073789,"total":6478.0},"Extreme":{"raw":169.0,"perc":2.6088298857672121,"total":6478.0},"No Effect":{"raw":160.0,"perc":2.4698981167026859,"total":6478.0}},"Not-Specified":{"Medium":{"raw":431.0,"perc":71.4759535655058,"total":603.0},"Strong":{"raw":140.0,"perc":23.217247097844112,"total":603.0},"No Effect":{"raw":23.0,"perc":3.8142620232172471,"total":603.0},"Extreme":{"raw":9.0,"perc":1.4925373134328357,"total":603.0}},"Female":{"Medium":{"raw":516.0,"perc":64.339152119700742,"total":802.0},"Strong":{"raw":239.0,"perc":29.800498753117203,"total":802.0},"No Effect":{"raw":19.0,"perc":2.3690773067331672,"total":802.0},"Extreme":{"raw":28.0,"perc":3.4912718204488775,"total":802.0}}},"Difficult Experiences":{"Not-Specified":{"Strong":{"raw":84.0,"perc":46.153846153846153,"total":182.0},"Medium":{"raw":85.0,"perc":46.7032967032967,"total":182.0},"Extreme":{"raw":13.0,"perc":7.1428571428571423,"total":182.0}},"Male":{"Medium":{"raw":921.0,"perc":33.321273516642549,"total":2764.0},"Extreme":{"raw":369.0,"perc":13.350217076700435,"total":2764.0},"Strong":{"raw":1470.0,"perc":53.183791606367578,"total":2764.0},"No Effect":{"raw":4.0,"perc":0.14471780028943559,"total":2764.0}},"Female":{"Strong":{"raw":285.0,"perc":50.621669626998219,"total":563.0},"Medium":{"raw":200.0,"perc":35.523978685612789,"total":563.0},"Extreme":{"raw":78.0,"perc":13.854351687388988,"total":563.0}}},"Nature / Outdoors":{"Not-Specified":{"Strong":{"raw":7.0,"perc":28.000000000000004,"total":25.0},"Medium":{"raw":17.0,"perc":68.0,"total":25.0},"Extreme":{"raw":1.0,"perc":4.0,"total":25.0}},"Male":{"Medium":{"raw":406.0,"perc":65.064102564102569,"total":624.0},"Strong":{"raw":201.0,"perc":32.211538461538467,"total":624.0},"Extreme":{"raw":15.0,"perc":2.4038461538461542,"total":624.0},"No Effect":{"raw":2.0,"perc":0.32051282051282048,"total":624.0}},"Female":{"Medium":{"raw":58.0,"perc":70.731707317073173,"total":82.0},"Strong":{"raw":22.0,"perc":26.829268292682929,"total":82.0},"Extreme":{"raw":2.0,"perc":2.4390243902439024,"total":82.0}}},"Music Discussion":{"Male":{"Medium":{"raw":513.0,"perc":63.255240443896419,"total":811.0},"Strong":{"raw":270.0,"perc":33.292231812577064,"total":811.0},"Extreme":{"raw":28.0,"perc":3.45252774352651,"total":811.0}},"Not-Specified":{"Medium":{"raw":16.0,"perc":59.259259259259252,"total":27.0},"Strong":{"raw":9.0,"perc":33.333333333333329,"total":27.0},"Extreme":{"raw":2.0,"perc":7.4074074074074066,"total":27.0}},"Female":{"Medium":{"raw":69.0,"perc":68.316831683168317,"total":101.0},"Strong":{"raw":31.0,"perc":30.693069306930692,"total":101.0},"Extreme":{"raw":1.0,"perc":0.99009900990099009,"total":101.0}}},"Glowing Experiences":{"Not-Specified":{"Medium":{"raw":91.0,"perc":71.653543307086608,"total":127.0},"Strong":{"raw":32.0,"perc":25.196850393700785,"total":127.0},"Extreme":{"raw":3.0,"perc":2.3622047244094486,"total":127.0},"No Effect":{"raw":1.0,"perc":0.78740157480314954,"total":127.0}},"Male":{"Strong":{"raw":896.0,"perc":33.671552048102214,"total":2661.0},"Medium":{"raw":1704.0,"perc":64.036076662908684,"total":2661.0},"Extreme":{"raw":61.0,"perc":2.2923712889891017,"total":2661.0}},"Female":{"Strong":{"raw":135.0,"perc":31.25,"total":432.0},"Medium":{"raw":294.0,"perc":68.055555555555557,"total":432.0},"Extreme":{"raw":3.0,"perc":0.69444444444444442,"total":432.0}}},"Post Trip Problems":{"Not-Specified":{"Strong":{"raw":9.0,"perc":20.930232558139537,"total":43.0},"Medium":{"raw":24.0,"perc":55.813953488372093,"total":43.0},"Extreme":{"raw":9.0,"perc":20.930232558139537,"total":43.0},"No Effect":{"raw":1.0,"perc":2.3255813953488373,"total":43.0}},"Female":{"Strong":{"raw":53.0,"perc":27.89473684210526,"total":190.0},"Medium":{"raw":90.0,"perc":47.368421052631575,"total":190.0},"Extreme":{"raw":46.0,"perc":24.210526315789473,"total":190.0},"No Effect":{"raw":1.0,"perc":0.52631578947368418,"total":190.0}},"Male":{"Medium":{"raw":279.0,"perc":42.145015105740178,"total":662.0},"Extreme":{"raw":145.0,"perc":21.90332326283988,"total":662.0},"Strong":{"raw":235.0,"perc":35.498489425981873,"total":662.0},"No Effect":{"raw":3.0,"perc":0.45317220543806652,"total":662.0}}},"Mystical Experiences":{"Male":{"Strong":{"raw":633.0,"perc":53.872340425531917,"total":1175.0},"Medium":{"raw":406.0,"perc":34.5531914893617,"total":1175.0},"Extreme":{"raw":136.0,"perc":11.574468085106384,"total":1175.0}},"Not-Specified":{"Strong":{"raw":39.0,"perc":50.649350649350644,"total":77.0},"Medium":{"raw":32.0,"perc":41.558441558441558,"total":77.0},"Extreme":{"raw":6.0,"perc":7.7922077922077921,"total":77.0}},"Female":{"Medium":{"raw":56.0,"perc":41.7910447761194,"total":134.0},"Strong":{"raw":68.0,"perc":50.746268656716417,"total":134.0},"Extreme":{"raw":10.0,"perc":7.4626865671641784,"total":134.0}}},"Retrospective / Summary":{"Male":{"Medium":{"raw":1737.0,"perc":76.31810193321617,"total":2276.0},"No Effect":{"raw":34.0,"perc":1.4938488576449911,"total":2276.0},"Extreme":{"raw":66.0,"perc":2.8998242530755709,"total":2276.0},"Strong":{"raw":439.0,"perc":19.288224956063267,"total":2276.0}},"Not-Specified":{"Medium":{"raw":189.0,"perc":85.520361990950221,"total":221.0},"Strong":{"raw":26.0,"perc":11.76470588235294,"total":221.0},"Extreme":{"raw":5.0,"perc":2.2624434389140271,"total":221.0},"No Effect":{"raw":1.0,"perc":0.45248868778280549,"total":221.0}},"Female":{"Medium":{"raw":332.0,"perc":73.777777777777771,"total":450.0},"Strong":{"raw":101.0,"perc":22.444444444444443,"total":450.0},"Extreme":{"raw":15.0,"perc":3.3333333333333335,"total":450.0},"No Effect":{"raw":2.0,"perc":0.44444444444444442,"total":450.0}}},"Health Problems":{"Male":{"Medium":{"raw":695.0,"perc":48.874824191279885,"total":1422.0},"Strong":{"raw":437.0,"perc":30.731364275668071,"total":1422.0},"Extreme":{"raw":283.0,"perc":19.901547116736989,"total":1422.0},"No Effect":{"raw":7.0,"perc":0.49226441631504925,"total":1422.0}},"Not-Specified":{"Medium":{"raw":87.0,"perc":60.839160839160847,"total":143.0},"Extreme":{"raw":19.0,"perc":13.286713286713287,"total":143.0},"Strong":{"raw":37.0,"perc":25.874125874125873,"total":143.0}},"Female":{"Strong":{"raw":145.0,"perc":33.105022831050228,"total":438.0},"Medium":{"raw":190.0,"perc":43.378995433789953,"total":438.0},"Extreme":{"raw":98.0,"perc":22.37442922374429,"total":438.0},"No Effect":{"raw":5.0,"perc":1.1415525114155249,"total":438.0}}},"Multi-Day Experience":{"Not-Specified":{"Medium":{"raw":15.0,"perc":53.571428571428569,"total":28.0},"Strong":{"raw":11.0,"perc":39.285714285714285,"total":28.0},"Extreme":{"raw":2.0,"perc":7.1428571428571423,"total":28.0}},"Male":{"Medium":{"raw":221.0,"perc":46.137787056367429,"total":479.0},"Strong":{"raw":177.0,"perc":36.951983298538622,"total":479.0},"Extreme":{"raw":76.0,"perc":15.866388308977037,"total":479.0},"No Effect":{"raw":5.0,"perc":1.0438413361169103,"total":479.0}},"Female":{"Strong":{"raw":36.0,"perc":48.648648648648653,"total":74.0},"Medium":{"raw":29.0,"perc":39.189189189189186,"total":74.0},"Extreme":{"raw":9.0,"perc":12.162162162162163,"total":74.0}}},"Sex Discussion":{"Female":{"Medium":{"raw":78.0,"perc":63.414634146341463,"total":123.0},"Strong":{"raw":39.0,"perc":31.707317073170731,"total":123.0},"Extreme":{"raw":6.0,"perc":4.8780487804878048,"total":123.0}},"Not-Specified":{"Medium":{"raw":19.0,"perc":73.076923076923066,"total":26.0},"Strong":{"raw":6.0,"perc":23.076923076923077,"total":26.0},"Extreme":{"raw":1.0,"perc":3.8461538461538463,"total":26.0}},"Male":{"Medium":{"raw":321.0,"perc":74.651162790697683,"total":430.0},"Strong":{"raw":100.0,"perc":23.255813953488371,"total":430.0},"Extreme":{"raw":9.0,"perc":2.0930232558139537,"total":430.0}}},"Preparation / Recipes":{"Not-Specified":{"No Effect":{"raw":8.0,"perc":9.75609756097561,"total":82.0},"Medium":{"raw":66.0,"perc":80.487804878048792,"total":82.0},"Extreme":{"raw":3.0,"perc":3.6585365853658534,"total":82.0},"Strong":{"raw":5.0,"perc":6.0975609756097562,"total":82.0}},"Male":{"No Effect":{"raw":21.0,"perc":3.3123028391167195,"total":634.0},"Medium":{"raw":479.0,"perc":75.552050473186114,"total":634.0},"Strong":{"raw":122.0,"perc":19.242902208201894,"total":634.0},"Extreme":{"raw":12.0,"perc":1.8927444794952681,"total":634.0}},"Female":{"Medium":{"raw":34.0,"perc":72.3404255319149,"total":47.0},"Strong":{"raw":8.0,"perc":17.021276595744681,"total":47.0},"No Effect":{"raw":2.0,"perc":4.25531914893617,"total":47.0},"Extreme":{"raw":3.0,"perc":6.3829787234042552,"total":47.0}}},"Overdose":{"Not-Specified":{"Medium":{"raw":17.0,"perc":29.310344827586203,"total":58.0},"Strong":{"raw":22.0,"perc":37.931034482758619,"total":58.0},"Extreme":{"raw":19.0,"perc":32.758620689655174,"total":58.0}},"Male":{"Strong":{"raw":264.0,"perc":41.185647425897038,"total":641.0},"Medium":{"raw":133.0,"perc":20.748829953198129,"total":641.0},"Extreme":{"raw":244.0,"perc":38.065522620904837,"total":641.0}},"Female":{"Extreme":{"raw":78.0,"perc":46.987951807228917,"total":166.0},"Strong":{"raw":62.0,"perc":37.349397590361441,"total":166.0},"Medium":{"raw":25.0,"perc":15.060240963855422,"total":166.0},"No Effect":{"raw":1.0,"perc":0.60240963855421692,"total":166.0}}},"Bad Trips":{"Not-Specified":{"Strong":{"raw":37.0,"perc":46.835443037974684,"total":79.0},"Medium":{"raw":27.0,"perc":34.177215189873415,"total":79.0},"Extreme":{"raw":15.0,"perc":18.9873417721519,"total":79.0}},"Female":{"Medium":{"raw":58.0,"perc":23.293172690763054,"total":249.0},"Extreme":{"raw":67.0,"perc":26.907630522088354,"total":249.0},"Strong":{"raw":124.0,"perc":49.799196787148588,"total":249.0}},"Male":{"Medium":{"raw":211.0,"perc":22.761596548004313,"total":927.0},"Extreme":{"raw":239.0,"perc":25.782092772384036,"total":927.0},"Strong":{"raw":477.0,"perc":51.456310679611647,"total":927.0}}},"Depression":{"Not-Specified":{"Medium":{"raw":17.0,"perc":85.0,"total":20.0},"Strong":{"raw":3.0,"perc":15.0,"total":20.0}},"Female":{"Strong":{"raw":43.0,"perc":28.859060402684566,"total":149.0},"Medium":{"raw":93.0,"perc":62.416107382550337,"total":149.0},"Extreme":{"raw":13.0,"perc":8.724832214765101,"total":149.0}},"Male":{"Medium":{"raw":243.0,"perc":59.7051597051597,"total":407.0},"Strong":{"raw":133.0,"perc":32.678132678132677,"total":407.0},"Extreme":{"raw":30.0,"perc":7.3710073710073711,"total":407.0},"No Effect":{"raw":1.0,"perc":0.24570024570024571,"total":407.0}}},"Entities / Beings":{"Not-Specified":{"Medium":{"raw":32.0,"perc":45.714285714285715,"total":70.0},"Strong":{"raw":25.0,"perc":35.714285714285715,"total":70.0},"Extreme":{"raw":13.0,"perc":18.571428571428573,"total":70.0}},"Male":{"Strong":{"raw":634.0,"perc":54.986990459670423,"total":1153.0},"Medium":{"raw":365.0,"perc":31.656548135299218,"total":1153.0},"Extreme":{"raw":154.0,"perc":13.356461405030357,"total":1153.0}},"Female":{"Strong":{"raw":59.0,"perc":54.629629629629626,"total":108.0},"Extreme":{"raw":11.0,"perc":10.185185185185185,"total":108.0},"Medium":{"raw":38.0,"perc":35.185185185185183,"total":108.0}}},"What Was in That?":{"Not-Specified":{"Medium":{"raw":12.0,"perc":60.0,"total":20.0},"No Effect":{"raw":1.0,"perc":5.0,"total":20.0},"Strong":{"raw":7.0,"perc":35.0,"total":20.0}},"Male":{"Strong":{"raw":74.0,"perc":44.578313253012048,"total":166.0},"Medium":{"raw":73.0,"perc":43.975903614457827,"total":166.0},"No Effect":{"raw":6.0,"perc":3.6144578313253009,"total":166.0},"Extreme":{"raw":13.0,"perc":7.83132530120482,"total":166.0}},"Female":{"Strong":{"raw":22.0,"perc":43.137254901960787,"total":51.0},"Medium":{"raw":25.0,"perc":49.019607843137251,"total":51.0},"Extreme":{"raw":4.0,"perc":7.8431372549019605,"total":51.0}}},"Second Hand Report":{"Female":{"Medium":{"raw":28.0,"perc":40.0,"total":70.0},"Strong":{"raw":18.0,"perc":25.714285714285712,"total":70.0},"Extreme":{"raw":22.0,"perc":31.428571428571427,"total":70.0},"No Effect":{"raw":2.0,"perc":2.8571428571428572,"total":70.0}},"Male":{"Medium":{"raw":63.0,"perc":36.627906976744185,"total":172.0},"No Effect":{"raw":7.0,"perc":4.0697674418604652,"total":172.0},"Extreme":{"raw":58.0,"perc":33.720930232558139,"total":172.0},"Strong":{"raw":44.0,"perc":25.581395348837212,"total":172.0}},"Not-Specified":{"Medium":{"raw":12.0,"perc":63.1578947368421,"total":19.0},"Extreme":{"raw":3.0,"perc":15.789473684210526,"total":19.0},"Strong":{"raw":3.0,"perc":15.789473684210526,"total":19.0},"No Effect":{"raw":1.0,"perc":5.2631578947368416,"total":19.0}}},"Guides / Sitters":{"Male":{"Extreme":{"raw":61.0,"perc":18.154761904761905,"total":336.0},"Strong":{"raw":166.0,"perc":49.404761904761905,"total":336.0},"Medium":{"raw":109.0,"perc":32.44047619047619,"total":336.0}},"Not-Specified":{"Medium":{"raw":14.0,"perc":70.0,"total":20.0},"Strong":{"raw":4.0,"perc":20.0,"total":20.0},"No Effect":{"raw":1.0,"perc":5.0,"total":20.0},"Extreme":{"raw":1.0,"perc":5.0,"total":20.0}},"Female":{"Medium":{"raw":30.0,"perc":37.9746835443038,"total":79.0},"Extreme":{"raw":9.0,"perc":11.39240506329114,"total":79.0},"Strong":{"raw":40.0,"perc":50.632911392405063,"total":79.0}}},"Cultivation / Synthesis":{"Not-Specified":{"Medium":{"raw":8.0,"perc":80.0,"total":10.0},"No Effect":{"raw":2.0,"perc":20.0,"total":10.0}},"Male":{"Medium":{"raw":19.0,"perc":79.166666666666657,"total":24.0},"Strong":{"raw":3.0,"perc":12.5,"total":24.0},"No Effect":{"raw":1.0,"perc":4.1666666666666661,"total":24.0},"Extreme":{"raw":1.0,"perc":4.1666666666666661,"total":24.0}},"Female":{"No Effect":{"raw":1.0,"perc":100.0,"total":1.0}}},"Hangover / Days After":{"Male":{"Medium":{"raw":558.0,"perc":51.810584958217262,"total":1077.0},"Strong":{"raw":419.0,"perc":38.904363974001853,"total":1077.0},"Extreme":{"raw":100.0,"perc":9.2850510677808717,"total":1077.0}},"Not-Specified":{"Medium":{"raw":26.0,"perc":56.521739130434781,"total":46.0},"Strong":{"raw":19.0,"perc":41.304347826086953,"total":46.0},"Extreme":{"raw":1.0,"perc":2.1739130434782608,"total":46.0}},"Female":{"Strong":{"raw":101.0,"perc":41.735537190082646,"total":242.0},"Medium":{"raw":116.0,"perc":47.933884297520663,"total":242.0},"No Effect":{"raw":1.0,"perc":0.41322314049586778,"total":242.0},"Extreme":{"raw":24.0,"perc":9.9173553719008272,"total":242.0}}},"Health Benefits":{"Male":{"Medium":{"raw":343.0,"perc":82.650602409638552,"total":415.0},"Strong":{"raw":66.0,"perc":15.903614457831324,"total":415.0},"No Effect":{"raw":2.0,"perc":0.48192771084337355,"total":415.0},"Extreme":{"raw":4.0,"perc":0.96385542168674709,"total":415.0}},"Female":{"Medium":{"raw":72.0,"perc":79.120879120879124,"total":91.0},"Strong":{"raw":17.0,"perc":18.681318681318682,"total":91.0},"Extreme":{"raw":2.0,"perc":2.197802197802198,"total":91.0}},"Not-Specified":{"Medium":{"raw":23.0,"perc":88.461538461538453,"total":26.0},"Extreme":{"raw":1.0,"perc":3.8461538461538463,"total":26.0},"No Effect":{"raw":1.0,"perc":3.8461538461538463,"total":26.0},"Strong":{"raw":1.0,"perc":3.8461538461538463,"total":26.0}}},"Poetry":{"Female":{"Medium":{"raw":13.0,"perc":81.25,"total":16.0},"Strong":{"raw":3.0,"perc":18.75,"total":16.0}},"Male":{"Medium":{"raw":40.0,"perc":68.965517241379317,"total":58.0},"Extreme":{"raw":4.0,"perc":6.8965517241379306,"total":58.0},"Strong":{"raw":14.0,"perc":24.137931034482758,"total":58.0}},"Not-Specified":{"Medium":{"raw":7.0,"perc":77.777777777777786,"total":9.0},"Strong":{"raw":2.0,"perc":22.222222222222221,"total":9.0}}},"Loss of Magic":{"Female":{"Medium":{"raw":22.0,"perc":91.666666666666657,"total":24.0},"Strong":{"raw":2.0,"perc":8.3333333333333321,"total":24.0}},"Male":{"Medium":{"raw":49.0,"perc":80.327868852459019,"total":61.0},"Strong":{"raw":10.0,"perc":16.393442622950818,"total":61.0},"Extreme":{"raw":2.0,"perc":3.278688524590164,"total":61.0}},"Not-Specified":{"Medium":{"raw":4.0,"perc":80.0,"total":5.0},"Strong":{"raw":1.0,"perc":20.0,"total":5.0}}},"Families":{"Male":{"Medium":{"raw":74.0,"perc":43.529411764705884,"total":170.0},"Strong":{"raw":65.0,"perc":38.235294117647058,"total":170.0},"Extreme":{"raw":30.0,"perc":17.647058823529413,"total":170.0},"No Effect":{"raw":1.0,"perc":0.58823529411764708,"total":170.0}},"Female":{"Medium":{"raw":21.0,"perc":48.837209302325576,"total":43.0},"Strong":{"raw":16.0,"perc":37.2093023255814,"total":43.0},"Extreme":{"raw":6.0,"perc":13.953488372093023,"total":43.0}},"Not-Specified":{"Medium":{"raw":11.0,"perc":73.333333333333329,"total":15.0},"Extreme":{"raw":1.0,"perc":6.666666666666667,"total":15.0},"No Effect":{"raw":2.0,"perc":13.333333333333334,"total":15.0},"Strong":{"raw":1.0,"perc":6.666666666666667,"total":15.0}}},"HPPD / Lasting Visuals":{"Not-Specified":{"Medium":{"raw":4.0,"perc":100.0,"total":4.0}},"Male":{"Strong":{"raw":56.0,"perc":35.0,"total":160.0},"Medium":{"raw":80.0,"perc":50.0,"total":160.0},"Extreme":{"raw":24.0,"perc":15.0,"total":160.0}},"Female":{"Medium":{"raw":9.0,"perc":52.941176470588239,"total":17.0},"Strong":{"raw":5.0,"perc":29.411764705882355,"total":17.0},"Extreme":{"raw":3.0,"perc":17.647058823529413,"total":17.0}}},"Relationships":{"Male":{"Medium":{"raw":263.0,"perc":55.020920502092054,"total":478.0},"Strong":{"raw":175.0,"perc":36.610878661087867,"total":478.0},"Extreme":{"raw":40.0,"perc":8.3682008368200833,"total":478.0}},"Female":{"Medium":{"raw":82.0,"perc":55.4054054054054,"total":148.0},"Extreme":{"raw":11.0,"perc":7.4324324324324325,"total":148.0},"Strong":{"raw":54.0,"perc":36.486486486486484,"total":148.0},"No Effect":{"raw":1.0,"perc":0.67567567567567566,"total":148.0}},"Not-Specified":{"Medium":{"raw":13.0,"perc":65.0,"total":20.0},"Extreme":{"raw":2.0,"perc":10.0,"total":20.0},"Strong":{"raw":5.0,"perc":25.0,"total":20.0}}},"Pregnancy / Baby":{"Male":{"Medium":{"raw":1.0,"perc":33.333333333333329,"total":3.0},"Strong":{"raw":1.0,"perc":33.333333333333329,"total":3.0},"Extreme":{"raw":1.0,"perc":33.333333333333329,"total":3.0}},"Female":{"Medium":{"raw":4.0,"perc":50.0,"total":8.0},"Extreme":{"raw":2.0,"perc":25.0,"total":8.0},"Strong":{"raw":2.0,"perc":25.0,"total":8.0}},"Not-Specified":{"Extreme":{"raw":1.0,"perc":100.0,"total":1.0}}},"Personal Preparation":{"Male":{"Strong":{"raw":60.0,"perc":36.585365853658537,"total":164.0},"Medium":{"raw":92.0,"perc":56.09756097560976,"total":164.0},"Extreme":{"raw":9.0,"perc":5.4878048780487809,"total":164.0},"No Effect":{"raw":3.0,"perc":1.8292682926829267,"total":164.0}},"Female":{"Medium":{"raw":14.0,"perc":53.846153846153847,"total":26.0},"Strong":{"raw":11.0,"perc":42.307692307692307,"total":26.0},"Extreme":{"raw":1.0,"perc":3.8461538461538463,"total":26.0}},"Not-Specified":{"Medium":{"raw":3.0,"perc":75.0,"total":4.0},"Strong":{"raw":1.0,"perc":25.0,"total":4.0}}},"Medical Use":{"Male":{"Medium":{"raw":285.0,"perc":74.803149606299215,"total":381.0},"Strong":{"raw":67.0,"perc":17.585301837270343,"total":381.0},"No Effect":{"raw":12.0,"perc":3.1496062992125982,"total":381.0},"Extreme":{"raw":17.0,"perc":4.4619422572178475,"total":381.0}},"Female":{"No Effect":{"raw":2.0,"perc":1.5625,"total":128.0},"Medium":{"raw":86.0,"perc":67.1875,"total":128.0},"Strong":{"raw":38.0,"perc":29.6875,"total":128.0},"Extreme":{"raw":2.0,"perc":1.5625,"total":128.0}},"Not-Specified":{"Medium":{"raw":15.0,"perc":88.235294117647058,"total":17.0},"Extreme":{"raw":2.0,"perc":11.76470588235294,"total":17.0}}},"Therapeutic Intent or Outcome":{"Not-Specified":{"Extreme":{"raw":1.0,"perc":5.5555555555555554,"total":18.0},"Medium":{"raw":13.0,"perc":72.222222222222214,"total":18.0},"Strong":{"raw":4.0,"perc":22.222222222222221,"total":18.0}},"Male":{"Medium":{"raw":213.0,"perc":60.683760683760681,"total":351.0},"Strong":{"raw":117.0,"perc":33.333333333333329,"total":351.0},"Extreme":{"raw":19.0,"perc":5.4131054131054128,"total":351.0},"No Effect":{"raw":2.0,"perc":0.56980056980056981,"total":351.0}},"Female":{"Medium":{"raw":47.0,"perc":69.117647058823522,"total":68.0},"Strong":{"raw":19.0,"perc":27.941176470588236,"total":68.0},"Extreme":{"raw":2.0,"perc":2.9411764705882351,"total":68.0}}},"Performance Enhancement":{"Male":{"Strong":{"raw":9.0,"perc":11.39240506329114,"total":79.0},"Medium":{"raw":66.0,"perc":83.544303797468359,"total":79.0},"Extreme":{"raw":3.0,"perc":3.79746835443038,"total":79.0},"No Effect":{"raw":1.0,"perc":1.2658227848101267,"total":79.0}},"Female":{"Medium":{"raw":9.0,"perc":75.0,"total":12.0},"Strong":{"raw":3.0,"perc":25.0,"total":12.0}}},"Video":{"Male":{"Medium":{"raw":1.0,"perc":50.0,"total":2.0},"Strong":{"raw":1.0,"perc":50.0,"total":2.0}}}}