{"General":{"Drug Testing":{"Strong":{"raw":7.0,"perc":6.7961165048543686,"total":103.0},"Medium":{"raw":65.0,"perc":63.10679611650486,"total":103.0},"No Effect":{"raw":31.0,"perc":30.097087378640776,"total":103.0}},"Sleep Deprivation":{"Strong":{"raw":9.0,"perc":37.5,"total":24.0},"Medium":{"raw":11.0,"perc":45.833333333333329,"total":24.0},"Extreme":{"raw":4.0,"perc":16.666666666666664,"total":24.0}},"Dreams":{"Strong":{"raw":16.0,"perc":25.396825396825395,"total":63.0},"Medium":{"raw":41.0,"perc":65.079365079365076,"total":63.0},"Extreme":{"raw":2.0,"perc":3.1746031746031744,"total":63.0},"No Effect":{"raw":4.0,"perc":6.3492063492063489,"total":63.0}},"Police / Customs":{"Strong":{"raw":6.0,"perc":18.75,"total":32.0},"Medium":{"raw":20.0,"perc":62.5,"total":32.0},"No Effect":{"raw":6.0,"perc":18.75,"total":32.0}},"Meditation":{"Medium":{"raw":20.0,"perc":68.965517241379317,"total":29.0},"Strong":{"raw":9.0,"perc":31.03448275862069,"total":29.0}},"OBE":{"Medium":{"raw":7.0,"perc":38.888888888888893,"total":18.0},"Strong":{"raw":9.0,"perc":50.0,"total":18.0},"Extreme":{"raw":2.0,"perc":11.111111111111111,"total":18.0}},"Breathing":{"Medium":{"raw":6.0,"perc":75.0,"total":8.0},"Strong":{"raw":2.0,"perc":25.0,"total":8.0}},"Hyperventilation":{"Medium":{"raw":3.0,"perc":75.0,"total":4.0},"Strong":{"raw":1.0,"perc":25.0,"total":4.0}},"Fasting":{"Medium":{"raw":7.0,"perc":87.5,"total":8.0},"Strong":{"raw":1.0,"perc":12.5,"total":8.0}},"Nitrogen Narcosis":{"Medium":{"raw":2.0,"perc":66.666666666666657,"total":3.0},"Strong":{"raw":1.0,"perc":33.333333333333329,"total":3.0}},"Yoga / Bodywork":{"Medium":{"raw":10.0,"perc":71.428571428571431,"total":14.0},"No Effect":{"raw":1.0,"perc":7.1428571428571423,"total":14.0},"Strong":{"raw":3.0,"perc":21.428571428571427,"total":14.0}},"Endogenous":{"Medium":{"raw":6.0,"perc":75.0,"total":8.0},"Strong":{"raw":2.0,"perc":25.0,"total":8.0}},"Floatation Tank":{"Medium":{"raw":2.0,"perc":100.0,"total":2.0}},"Ritual":{"Medium":{"raw":2.0,"perc":28.571428571428569,"total":7.0},"Strong":{"raw":5.0,"perc":71.428571428571431,"total":7.0}},"Devices":{"Strong":{"raw":3.0,"perc":42.857142857142854,"total":7.0},"Medium":{"raw":4.0,"perc":57.142857142857139,"total":7.0}},"Devices - Mind Machine":{"Strong":{"raw":2.0,"perc":40.0,"total":5.0},"Medium":{"raw":3.0,"perc":60.0,"total":5.0}},"Sweating":{"Strong":{"raw":1.0,"perc":33.333333333333329,"total":3.0},"Medium":{"raw":2.0,"perc":66.666666666666657,"total":3.0}},"Conferences":{"Extreme":{"raw":1.0,"perc":8.3333333333333321,"total":12.0},"Strong":{"raw":2.0,"perc":16.666666666666664,"total":12.0},"Medium":{"raw":8.0,"perc":66.666666666666657,"total":12.0},"No Effect":{"raw":1.0,"perc":8.3333333333333321,"total":12.0}},"Mindfulness":{"Medium":{"raw":2.0,"perc":50.0,"total":4.0},"Strong":{"raw":2.0,"perc":50.0,"total":4.0}},"Migraines":{"Medium":{"raw":1.0,"perc":100.0,"total":1.0}},"Humor":{"Strong":{"raw":1.0,"perc":50.0,"total":2.0},"Extreme":{"raw":1.0,"perc":50.0,"total":2.0}},"Guiding":{"Medium":{"raw":1.0,"perc":100.0,"total":1.0}},"Music":{"Extreme":{"raw":1.0,"perc":33.333333333333329,"total":3.0},"Medium":{"raw":2.0,"perc":66.666666666666657,"total":3.0}}},"Difficult Experiences":{"Sleep Deprivation":{"Medium":{"raw":5.0,"perc":38.461538461538467,"total":13.0},"Strong":{"raw":7.0,"perc":53.846153846153847,"total":13.0},"Extreme":{"raw":1.0,"perc":7.6923076923076925,"total":13.0}},"Ritual":{"Medium":{"raw":1.0,"perc":25.0,"total":4.0},"Strong":{"raw":3.0,"perc":75.0,"total":4.0}},"Dreams":{"Strong":{"raw":4.0,"perc":50.0,"total":8.0},"Medium":{"raw":4.0,"perc":50.0,"total":8.0}},"Endogenous":{"Medium":{"raw":1.0,"perc":25.0,"total":4.0},"Strong":{"raw":3.0,"perc":75.0,"total":4.0}},"Police / Customs":{"Extreme":{"raw":8.0,"perc":33.333333333333329,"total":24.0},"Medium":{"raw":7.0,"perc":29.166666666666668,"total":24.0},"Strong":{"raw":9.0,"perc":37.5,"total":24.0}},"OBE":{"Strong":{"raw":4.0,"perc":36.363636363636367,"total":11.0},"Medium":{"raw":2.0,"perc":18.181818181818183,"total":11.0},"Extreme":{"raw":5.0,"perc":45.454545454545453,"total":11.0}},"Devices":{"Strong":{"raw":1.0,"perc":100.0,"total":1.0}},"Devices - Mind Machine":{"Strong":{"raw":1.0,"perc":100.0,"total":1.0}},"Fasting":{"Strong":{"raw":3.0,"perc":100.0,"total":3.0}},"Drug Testing":{"Medium":{"raw":2.0,"perc":100.0,"total":2.0}},"Chanting":{"Strong":{"raw":1.0,"perc":100.0,"total":1.0}},"Migraines":{"Strong":{"raw":1.0,"perc":100.0,"total":1.0}},"Nitrogen Narcosis":{"Strong":{"raw":1.0,"perc":100.0,"total":1.0}},"Humor":{"Medium":{"raw":1.0,"perc":50.0,"total":2.0},"Strong":{"raw":1.0,"perc":50.0,"total":2.0}},"Meditation":{"Medium":{"raw":2.0,"perc":66.666666666666657,"total":3.0},"Strong":{"raw":1.0,"perc":33.333333333333329,"total":3.0}},"Sound (non-music)":{"Extreme":{"raw":1.0,"perc":100.0,"total":1.0}},"Conferences":{"Strong":{"raw":1.0,"perc":100.0,"total":1.0}}},"Health Problems":{"Sleep Deprivation":{"Medium":{"raw":3.0,"perc":37.5,"total":8.0},"Strong":{"raw":3.0,"perc":37.5,"total":8.0},"Extreme":{"raw":2.0,"perc":25.0,"total":8.0}},"Endogenous":{"Medium":{"raw":5.0,"perc":62.5,"total":8.0},"Extreme":{"raw":2.0,"perc":25.0,"total":8.0},"Strong":{"raw":1.0,"perc":12.5,"total":8.0}},"Migraines":{"Medium":{"raw":3.0,"perc":50.0,"total":6.0},"Strong":{"raw":3.0,"perc":50.0,"total":6.0}},"Dreams":{"Medium":{"raw":1.0,"perc":33.333333333333329,"total":3.0},"Strong":{"raw":2.0,"perc":66.666666666666657,"total":3.0}},"Drug Testing":{"Medium":{"raw":1.0,"perc":33.333333333333329,"total":3.0},"Extreme":{"raw":1.0,"perc":33.333333333333329,"total":3.0},"Strong":{"raw":1.0,"perc":33.333333333333329,"total":3.0}},"Police / Customs":{"Extreme":{"raw":3.0,"perc":75.0,"total":4.0},"Strong":{"raw":1.0,"perc":25.0,"total":4.0}},"Breathing":{"Medium":{"raw":2.0,"perc":66.666666666666657,"total":3.0},"Extreme":{"raw":1.0,"perc":33.333333333333329,"total":3.0}},"Hyperventilation":{"Medium":{"raw":2.0,"perc":100.0,"total":2.0}},"Meditation":{"Strong":{"raw":1.0,"perc":50.0,"total":2.0},"Extreme":{"raw":1.0,"perc":50.0,"total":2.0}},"Yoga / Bodywork":{"Strong":{"raw":1.0,"perc":100.0,"total":1.0}},"Conferences":{"Strong":{"raw":1.0,"perc":100.0,"total":1.0}},"OBE":{"Extreme":{"raw":1.0,"perc":100.0,"total":1.0}},"Humor":{"Strong":{"raw":1.0,"perc":100.0,"total":1.0}}},"Bad Trips":{"Endogenous":{"Medium":{"raw":1.0,"perc":33.333333333333329,"total":3.0},"Extreme":{"raw":1.0,"perc":33.333333333333329,"total":3.0},"Strong":{"raw":1.0,"perc":33.333333333333329,"total":3.0}},"Police / Customs":{"Strong":{"raw":7.0,"perc":46.666666666666664,"total":15.0},"Extreme":{"raw":7.0,"perc":46.666666666666664,"total":15.0},"Medium":{"raw":1.0,"perc":6.666666666666667,"total":15.0}},"Meditation":{"Strong":{"raw":1.0,"perc":100.0,"total":1.0}},"Sleep Deprivation":{"Strong":{"raw":2.0,"perc":50.0,"total":4.0},"Extreme":{"raw":1.0,"perc":25.0,"total":4.0},"Medium":{"raw":1.0,"perc":25.0,"total":4.0}},"Drug Testing":{"Medium":{"raw":1.0,"perc":33.333333333333329,"total":3.0},"Strong":{"raw":1.0,"perc":33.333333333333329,"total":3.0},"Extreme":{"raw":1.0,"perc":33.333333333333329,"total":3.0}},"OBE":{"Extreme":{"raw":1.0,"perc":100.0,"total":1.0}},"Humor":{"Strong":{"raw":1.0,"perc":100.0,"total":1.0}}},"Retrospective / Summary":{"Drug Testing":{"Medium":{"raw":9.0,"perc":100.0,"total":9.0}},"Meditation":{"Medium":{"raw":13.0,"perc":61.904761904761905,"total":21.0},"Strong":{"raw":7.0,"perc":33.333333333333329,"total":21.0},"Extreme":{"raw":1.0,"perc":4.7619047619047619,"total":21.0}},"Migraines":{"Medium":{"raw":4.0,"perc":66.666666666666657,"total":6.0},"Strong":{"raw":2.0,"perc":33.333333333333329,"total":6.0}},"Police / Customs":{"Medium":{"raw":8.0,"perc":80.0,"total":10.0},"Extreme":{"raw":1.0,"perc":10.0,"total":10.0},"Strong":{"raw":1.0,"perc":10.0,"total":10.0}},"Dreams":{"Medium":{"raw":21.0,"perc":80.769230769230774,"total":26.0},"No Effect":{"raw":2.0,"perc":7.6923076923076925,"total":26.0},"Strong":{"raw":3.0,"perc":11.538461538461538,"total":26.0}},"Guiding":{"Medium":{"raw":1.0,"perc":100.0,"total":1.0}},"Ritual":{"Medium":{"raw":2.0,"perc":66.666666666666657,"total":3.0},"Strong":{"raw":1.0,"perc":33.333333333333329,"total":3.0}},"Endogenous":{"Extreme":{"raw":1.0,"perc":25.0,"total":4.0},"Medium":{"raw":3.0,"perc":75.0,"total":4.0}},"Sleep Deprivation":{"Medium":{"raw":4.0,"perc":100.0,"total":4.0}},"Yoga / Bodywork":{"Medium":{"raw":4.0,"perc":100.0,"total":4.0}},"Mindfulness":{"Medium":{"raw":3.0,"perc":100.0,"total":3.0}},"Sweating":{"Strong":{"raw":2.0,"perc":100.0,"total":2.0}},"Breathing":{"Medium":{"raw":2.0,"perc":66.666666666666657,"total":3.0},"Strong":{"raw":1.0,"perc":33.333333333333329,"total":3.0}},"OBE":{"Extreme":{"raw":1.0,"perc":33.333333333333329,"total":3.0},"Strong":{"raw":1.0,"perc":33.333333333333329,"total":3.0},"Medium":{"raw":1.0,"perc":33.333333333333329,"total":3.0}},"Devices":{"Strong":{"raw":1.0,"perc":100.0,"total":1.0}},"Devices - Mind Machine":{"Strong":{"raw":1.0,"perc":100.0,"total":1.0}},"Conferences":{"Medium":{"raw":1.0,"perc":50.0,"total":2.0},"Strong":{"raw":1.0,"perc":50.0,"total":2.0}},"Fasting":{"Medium":{"raw":2.0,"perc":66.666666666666657,"total":3.0},"Strong":{"raw":1.0,"perc":33.333333333333329,"total":3.0}},"Nitrogen Narcosis":{"Strong":{"raw":1.0,"perc":100.0,"total":1.0}},"Humor":{"Medium":{"raw":1.0,"perc":100.0,"total":1.0}}},"Sex Discussion":{"Ritual":{"Medium":{"raw":1.0,"perc":25.0,"total":4.0},"Strong":{"raw":3.0,"perc":75.0,"total":4.0}},"Yoga / Bodywork":{"Medium":{"raw":1.0,"perc":50.0,"total":2.0},"Strong":{"raw":1.0,"perc":50.0,"total":2.0}},"Dreams":{"Medium":{"raw":5.0,"perc":100.0,"total":5.0}},"Sleep Deprivation":{"Medium":{"raw":2.0,"perc":100.0,"total":2.0}},"OBE":{"Medium":{"raw":1.0,"perc":100.0,"total":1.0}},"Meditation":{"Medium":{"raw":3.0,"perc":100.0,"total":3.0}},"Breathing":{"Strong":{"raw":1.0,"perc":100.0,"total":1.0}},"Sweating":{"Strong":{"raw":1.0,"perc":100.0,"total":1.0}}},"Glowing Experiences":{"Ritual":{"Medium":{"raw":6.0,"perc":66.666666666666657,"total":9.0},"Strong":{"raw":3.0,"perc":33.333333333333329,"total":9.0}},"Police / Customs":{"Medium":{"raw":4.0,"perc":66.666666666666657,"total":6.0},"Extreme":{"raw":2.0,"perc":33.333333333333329,"total":6.0}},"Yoga / Bodywork":{"Strong":{"raw":8.0,"perc":50.0,"total":16.0},"Medium":{"raw":8.0,"perc":50.0,"total":16.0}},"Meditation":{"Strong":{"raw":13.0,"perc":46.428571428571431,"total":28.0},"Medium":{"raw":15.0,"perc":53.571428571428569,"total":28.0}},"Endogenous":{"Medium":{"raw":2.0,"perc":100.0,"total":2.0}},"Dreams":{"Medium":{"raw":13.0,"perc":72.222222222222214,"total":18.0},"Strong":{"raw":4.0,"perc":22.222222222222221,"total":18.0},"Extreme":{"raw":1.0,"perc":5.5555555555555554,"total":18.0}},"Devices":{"Strong":{"raw":3.0,"perc":37.5,"total":8.0},"Medium":{"raw":5.0,"perc":62.5,"total":8.0}},"Devices - Mind Machine":{"Strong":{"raw":2.0,"perc":40.0,"total":5.0},"Medium":{"raw":3.0,"perc":60.0,"total":5.0}},"Sleep Deprivation":{"Medium":{"raw":1.0,"perc":50.0,"total":2.0},"Strong":{"raw":1.0,"perc":50.0,"total":2.0}},"Breathing":{"Strong":{"raw":4.0,"perc":80.0,"total":5.0},"Medium":{"raw":1.0,"perc":20.0,"total":5.0}},"Hyperventilation":{"Medium":{"raw":1.0,"perc":100.0,"total":1.0}},"Fasting":{"Medium":{"raw":1.0,"perc":100.0,"total":1.0}},"OBE":{"Strong":{"raw":4.0,"perc":40.0,"total":10.0},"Medium":{"raw":5.0,"perc":50.0,"total":10.0},"Extreme":{"raw":1.0,"perc":10.0,"total":10.0}},"Migraines":{"Strong":{"raw":1.0,"perc":100.0,"total":1.0}},"Sweating":{"Strong":{"raw":1.0,"perc":100.0,"total":1.0}},"Conferences":{"No Effect":{"raw":1.0,"perc":50.0,"total":2.0},"Strong":{"raw":1.0,"perc":50.0,"total":2.0}},"Humor":{"Strong":{"raw":1.0,"perc":100.0,"total":1.0}},"Guiding":{"Medium":{"raw":1.0,"perc":100.0,"total":1.0}},"Mindfulness":{"Extreme":{"raw":1.0,"perc":20.0,"total":5.0},"Medium":{"raw":2.0,"perc":40.0,"total":5.0},"Strong":{"raw":2.0,"perc":40.0,"total":5.0}},"Music":{"Strong":{"raw":1.0,"perc":100.0,"total":1.0}}},"Mystical Experiences":{"Ritual":{"Medium":{"raw":13.0,"perc":81.25,"total":16.0},"Strong":{"raw":3.0,"perc":18.75,"total":16.0}},"Yoga / Bodywork":{"Strong":{"raw":6.0,"perc":60.0,"total":10.0},"Medium":{"raw":4.0,"perc":40.0,"total":10.0}},"Breathing":{"Medium":{"raw":1.0,"perc":25.0,"total":4.0},"Strong":{"raw":3.0,"perc":75.0,"total":4.0}},"Hyperventilation":{"Medium":{"raw":1.0,"perc":50.0,"total":2.0},"Strong":{"raw":1.0,"perc":50.0,"total":2.0}},"Meditation":{"Strong":{"raw":7.0,"perc":41.17647058823529,"total":17.0},"Medium":{"raw":9.0,"perc":52.941176470588239,"total":17.0},"Extreme":{"raw":1.0,"perc":5.88235294117647,"total":17.0}},"OBE":{"Strong":{"raw":8.0,"perc":61.53846153846154,"total":13.0},"Extreme":{"raw":4.0,"perc":30.76923076923077,"total":13.0},"Medium":{"raw":1.0,"perc":7.6923076923076925,"total":13.0}},"Sleep Deprivation":{"Strong":{"raw":3.0,"perc":75.0,"total":4.0},"Extreme":{"raw":1.0,"perc":25.0,"total":4.0}},"Dreams":{"Medium":{"raw":6.0,"perc":85.714285714285708,"total":7.0},"Strong":{"raw":1.0,"perc":14.285714285714285,"total":7.0}},"Devices":{"Strong":{"raw":3.0,"perc":60.0,"total":5.0},"Medium":{"raw":2.0,"perc":40.0,"total":5.0}},"Devices - Mind Machine":{"Strong":{"raw":2.0,"perc":50.0,"total":4.0},"Medium":{"raw":2.0,"perc":50.0,"total":4.0}},"Fasting":{"Strong":{"raw":4.0,"perc":80.0,"total":5.0},"Medium":{"raw":1.0,"perc":20.0,"total":5.0}},"Chanting":{"Strong":{"raw":1.0,"perc":100.0,"total":1.0}},"Conferences":{"Medium":{"raw":1.0,"perc":100.0,"total":1.0}},"Migraines":{"Strong":{"raw":1.0,"perc":100.0,"total":1.0}},"Endogenous":{"Strong":{"raw":2.0,"perc":66.666666666666657,"total":3.0},"Medium":{"raw":1.0,"perc":33.333333333333329,"total":3.0}},"Police / Customs":{"Medium":{"raw":1.0,"perc":50.0,"total":2.0},"Strong":{"raw":1.0,"perc":50.0,"total":2.0}},"Music":{"Extreme":{"raw":1.0,"perc":100.0,"total":1.0}},"Humor":{"Medium":{"raw":1.0,"perc":100.0,"total":1.0}},"Mindfulness":{"Extreme":{"raw":2.0,"perc":40.0,"total":5.0},"Medium":{"raw":3.0,"perc":60.0,"total":5.0}}},"Multi-Day Experience":{"Ritual":{"Medium":{"raw":1.0,"perc":100.0,"total":1.0}},"Endogenous":{"Medium":{"raw":1.0,"perc":50.0,"total":2.0},"Extreme":{"raw":1.0,"perc":50.0,"total":2.0}},"Sleep Deprivation":{"Strong":{"raw":8.0,"perc":40.0,"total":20.0},"Medium":{"raw":8.0,"perc":40.0,"total":20.0},"Extreme":{"raw":4.0,"perc":20.0,"total":20.0}},"Yoga / Bodywork":{"Medium":{"raw":1.0,"perc":100.0,"total":1.0}},"Police / Customs":{"Strong":{"raw":2.0,"perc":66.666666666666657,"total":3.0},"Medium":{"raw":1.0,"perc":33.333333333333329,"total":3.0}},"Meditation":{"Medium":{"raw":2.0,"perc":50.0,"total":4.0},"Extreme":{"raw":1.0,"perc":25.0,"total":4.0},"Strong":{"raw":1.0,"perc":25.0,"total":4.0}},"Fasting":{"Medium":{"raw":1.0,"perc":33.333333333333329,"total":3.0},"Strong":{"raw":2.0,"perc":66.666666666666657,"total":3.0}},"Drug Testing":{"Medium":{"raw":3.0,"perc":100.0,"total":3.0}},"Dreams":{"Medium":{"raw":3.0,"perc":100.0,"total":3.0}},"Humor":{"Extreme":{"raw":1.0,"perc":50.0,"total":2.0},"Medium":{"raw":1.0,"perc":50.0,"total":2.0}},"OBE":{"Strong":{"raw":1.0,"perc":50.0,"total":2.0},"Extreme":{"raw":1.0,"perc":50.0,"total":2.0}}},"Depression":{"Migraines":{"Medium":{"raw":1.0,"perc":33.333333333333329,"total":3.0},"Strong":{"raw":2.0,"perc":66.666666666666657,"total":3.0}},"Endogenous":{"Extreme":{"raw":1.0,"perc":33.333333333333329,"total":3.0},"Medium":{"raw":1.0,"perc":33.333333333333329,"total":3.0},"Strong":{"raw":1.0,"perc":33.333333333333329,"total":3.0}},"Drug Testing":{"Medium":{"raw":1.0,"perc":100.0,"total":1.0}},"Sleep Deprivation":{"Strong":{"raw":1.0,"perc":100.0,"total":1.0}},"Mindfulness":{"Medium":{"raw":1.0,"perc":50.0,"total":2.0},"Strong":{"raw":1.0,"perc":50.0,"total":2.0}},"OBE":{"Medium":{"raw":1.0,"perc":50.0,"total":2.0},"Strong":{"raw":1.0,"perc":50.0,"total":2.0}},"Police / Customs":{"Medium":{"raw":1.0,"perc":25.0,"total":4.0},"Strong":{"raw":2.0,"perc":50.0,"total":4.0},"Extreme":{"raw":1.0,"perc":25.0,"total":4.0}},"Ritual":{"Strong":{"raw":1.0,"perc":100.0,"total":1.0}},"Sweating":{"Strong":{"raw":1.0,"perc":100.0,"total":1.0}},"Dreams":{"Medium":{"raw":2.0,"perc":100.0,"total":2.0}},"Yoga / Bodywork":{"Medium":{"raw":1.0,"perc":100.0,"total":1.0}},"Breathing":{"Medium":{"raw":1.0,"perc":100.0,"total":1.0}}},"Post Trip Problems":{"Migraines":{"Medium":{"raw":2.0,"perc":50.0,"total":4.0},"Strong":{"raw":2.0,"perc":50.0,"total":4.0}},"Drug Testing":{"No Effect":{"raw":3.0,"perc":42.857142857142854,"total":7.0},"Medium":{"raw":4.0,"perc":57.142857142857139,"total":7.0}},"Dreams":{"Medium":{"raw":4.0,"perc":80.0,"total":5.0},"No Effect":{"raw":1.0,"perc":20.0,"total":5.0}},"Endogenous":{"Extreme":{"raw":3.0,"perc":100.0,"total":3.0}},"Police / Customs":{"Strong":{"raw":6.0,"perc":40.0,"total":15.0},"Extreme":{"raw":4.0,"perc":26.666666666666668,"total":15.0},"Medium":{"raw":5.0,"perc":33.333333333333329,"total":15.0}},"OBE":{"Medium":{"raw":1.0,"perc":33.333333333333329,"total":3.0},"Extreme":{"raw":2.0,"perc":66.666666666666657,"total":3.0}},"Breathing":{"Medium":{"raw":1.0,"perc":50.0,"total":2.0},"Extreme":{"raw":1.0,"perc":50.0,"total":2.0}},"Hyperventilation":{"Medium":{"raw":1.0,"perc":100.0,"total":1.0}},"Conferences":{"Medium":{"raw":1.0,"perc":100.0,"total":1.0}},"Meditation":{"Medium":{"raw":2.0,"perc":100.0,"total":2.0}},"Fasting":{"Extreme":{"raw":1.0,"perc":100.0,"total":1.0}},"Sleep Deprivation":{"Strong":{"raw":1.0,"perc":50.0,"total":2.0},"Extreme":{"raw":1.0,"perc":50.0,"total":2.0}},"Yoga / Bodywork":{"Medium":{"raw":1.0,"perc":100.0,"total":1.0}}},"First Times":{"Endogenous":{"Medium":{"raw":3.0,"perc":75.0,"total":4.0},"Strong":{"raw":1.0,"perc":25.0,"total":4.0}},"Police / Customs":{"Medium":{"raw":4.0,"perc":30.76923076923077,"total":13.0},"Strong":{"raw":5.0,"perc":38.461538461538467,"total":13.0},"Extreme":{"raw":4.0,"perc":30.76923076923077,"total":13.0}},"Dreams":{"Medium":{"raw":13.0,"perc":72.222222222222214,"total":18.0},"Strong":{"raw":5.0,"perc":27.777777777777779,"total":18.0}},"Ritual":{"Medium":{"raw":4.0,"perc":50.0,"total":8.0},"Strong":{"raw":4.0,"perc":50.0,"total":8.0}},"Sleep Deprivation":{"Strong":{"raw":1.0,"perc":20.0,"total":5.0},"Medium":{"raw":4.0,"perc":80.0,"total":5.0}},"Devices":{"Strong":{"raw":3.0,"perc":50.0,"total":6.0},"No Effect":{"raw":1.0,"perc":16.666666666666664,"total":6.0},"Medium":{"raw":2.0,"perc":33.333333333333329,"total":6.0}},"Devices - Mind Machine":{"Strong":{"raw":2.0,"perc":100.0,"total":2.0}},"OBE":{"Medium":{"raw":2.0,"perc":28.571428571428569,"total":7.0},"Extreme":{"raw":4.0,"perc":57.142857142857139,"total":7.0},"Strong":{"raw":1.0,"perc":14.285714285714285,"total":7.0}},"Devices - Magnetic":{"No Effect":{"raw":1.0,"perc":100.0,"total":1.0}},"Sweating":{"Strong":{"raw":2.0,"perc":50.0,"total":4.0},"Medium":{"raw":2.0,"perc":50.0,"total":4.0}},"Meditation":{"Medium":{"raw":7.0,"perc":58.333333333333336,"total":12.0},"Strong":{"raw":4.0,"perc":33.333333333333329,"total":12.0},"Extreme":{"raw":1.0,"perc":8.3333333333333321,"total":12.0}},"Breathing":{"Medium":{"raw":2.0,"perc":100.0,"total":2.0}},"Hyperventilation":{"Medium":{"raw":2.0,"perc":100.0,"total":2.0}},"Guiding":{"Medium":{"raw":1.0,"perc":100.0,"total":1.0}},"Yoga / Bodywork":{"Medium":{"raw":4.0,"perc":66.666666666666657,"total":6.0},"Strong":{"raw":2.0,"perc":33.333333333333329,"total":6.0}},"Nitrogen Narcosis":{"Medium":{"raw":1.0,"perc":50.0,"total":2.0},"Strong":{"raw":1.0,"perc":50.0,"total":2.0}},"Floatation Tank":{"Medium":{"raw":2.0,"perc":100.0,"total":2.0}},"Mindfulness":{"Medium":{"raw":2.0,"perc":100.0,"total":2.0}},"Fasting":{"Medium":{"raw":1.0,"perc":100.0,"total":1.0}}},"Health Benefits":{"Fasting":{"Medium":{"raw":3.0,"perc":100.0,"total":3.0}},"Floatation Tank":{"Medium":{"raw":1.0,"perc":100.0,"total":1.0}},"Meditation":{"Medium":{"raw":4.0,"perc":100.0,"total":4.0}},"Migraines":{"Medium":{"raw":8.0,"perc":88.888888888888886,"total":9.0},"Strong":{"raw":1.0,"perc":11.111111111111111,"total":9.0}},"Mindfulness":{"Medium":{"raw":2.0,"perc":100.0,"total":2.0}},"Ritual":{"Medium":{"raw":1.0,"perc":100.0,"total":1.0}},"Devices":{"Medium":{"raw":2.0,"perc":100.0,"total":2.0}},"Devices - Mind Machine":{"Medium":{"raw":2.0,"perc":100.0,"total":2.0}},"Yoga / Bodywork":{"Medium":{"raw":1.0,"perc":50.0,"total":2.0},"Strong":{"raw":1.0,"perc":50.0,"total":2.0}},"Breathing":{"Strong":{"raw":1.0,"perc":100.0,"total":1.0}},"Dreams":{"Medium":{"raw":1.0,"perc":100.0,"total":1.0}},"Sleep Deprivation":{"Strong":{"raw":1.0,"perc":100.0,"total":1.0}},"Sweating":{"Strong":{"raw":1.0,"perc":100.0,"total":1.0}}},"Nature / Outdoors":{"Nitrogen Narcosis":{"Medium":{"raw":1.0,"perc":100.0,"total":1.0}},"OBE":{"Strong":{"raw":1.0,"perc":100.0,"total":1.0}},"Police / Customs":{"Medium":{"raw":2.0,"perc":66.666666666666657,"total":3.0},"Strong":{"raw":1.0,"perc":33.333333333333329,"total":3.0}},"Conferences":{"Extreme":{"raw":1.0,"perc":100.0,"total":1.0}},"Guiding":{"Medium":{"raw":2.0,"perc":100.0,"total":2.0}},"Fasting":{"Strong":{"raw":1.0,"perc":50.0,"total":2.0},"Medium":{"raw":1.0,"perc":50.0,"total":2.0}},"Humor":{"Extreme":{"raw":1.0,"perc":100.0,"total":1.0}},"Ritual":{"Medium":{"raw":1.0,"perc":50.0,"total":2.0},"Strong":{"raw":1.0,"perc":50.0,"total":2.0}},"Yoga / Bodywork":{"Medium":{"raw":2.0,"perc":66.666666666666657,"total":3.0},"Strong":{"raw":1.0,"perc":33.333333333333329,"total":3.0}},"Dreams":{"Medium":{"raw":1.0,"perc":50.0,"total":2.0},"Strong":{"raw":1.0,"perc":50.0,"total":2.0}},"Mindfulness":{"Extreme":{"raw":1.0,"perc":33.333333333333329,"total":3.0},"Medium":{"raw":1.0,"perc":33.333333333333329,"total":3.0},"Strong":{"raw":1.0,"perc":33.333333333333329,"total":3.0}},"Meditation":{"Strong":{"raw":2.0,"perc":50.0,"total":4.0},"Medium":{"raw":2.0,"perc":50.0,"total":4.0}},"Breathing":{"Strong":{"raw":1.0,"perc":100.0,"total":1.0}},"Music":{"Strong":{"raw":1.0,"perc":100.0,"total":1.0}}},"Preparation / Recipes":{"Ritual":{"Medium":{"raw":2.0,"perc":66.666666666666657,"total":3.0},"Strong":{"raw":1.0,"perc":33.333333333333329,"total":3.0}},"Yoga / Bodywork":{"Strong":{"raw":1.0,"perc":100.0,"total":1.0}},"Dreams":{"Medium":{"raw":6.0,"perc":100.0,"total":6.0}},"Drug Testing":{"Medium":{"raw":3.0,"perc":100.0,"total":3.0}},"Police / Customs":{"Medium":{"raw":2.0,"perc":100.0,"total":2.0}},"Floatation Tank":{"Medium":{"raw":1.0,"perc":100.0,"total":1.0}},"Sweating":{"Medium":{"raw":2.0,"perc":100.0,"total":2.0}},"Breathing":{"Medium":{"raw":1.0,"perc":100.0,"total":1.0}},"Sleep Deprivation":{"Strong":{"raw":1.0,"perc":100.0,"total":1.0}},"Mindfulness":{"Strong":{"raw":1.0,"perc":100.0,"total":1.0}}},"Music Discussion":{"Sleep Deprivation":{"Strong":{"raw":2.0,"perc":50.0,"total":4.0},"Medium":{"raw":1.0,"perc":25.0,"total":4.0},"Extreme":{"raw":1.0,"perc":25.0,"total":4.0}},"Yoga / Bodywork":{"Strong":{"raw":3.0,"perc":60.0,"total":5.0},"Medium":{"raw":2.0,"perc":40.0,"total":5.0}},"Devices":{"Extreme":{"raw":1.0,"perc":25.0,"total":4.0},"Strong":{"raw":1.0,"perc":25.0,"total":4.0},"Medium":{"raw":2.0,"perc":50.0,"total":4.0}},"Devices - Mind Machine":{"Strong":{"raw":1.0,"perc":50.0,"total":2.0},"Medium":{"raw":1.0,"perc":50.0,"total":2.0}},"Police / Customs":{"Extreme":{"raw":2.0,"perc":33.333333333333329,"total":6.0},"Medium":{"raw":1.0,"perc":16.666666666666664,"total":6.0},"Strong":{"raw":3.0,"perc":50.0,"total":6.0}},"Meditation":{"Medium":{"raw":4.0,"perc":57.142857142857139,"total":7.0},"Strong":{"raw":3.0,"perc":42.857142857142854,"total":7.0}},"Mindfulness":{"Medium":{"raw":1.0,"perc":100.0,"total":1.0}},"Ritual":{"Medium":{"raw":3.0,"perc":100.0,"total":3.0}},"Migraines":{"Medium":{"raw":1.0,"perc":100.0,"total":1.0}},"OBE":{"Strong":{"raw":1.0,"perc":100.0,"total":1.0}}},"Personal Preparation":{"Ritual":{"Strong":{"raw":2.0,"perc":50.0,"total":4.0},"Medium":{"raw":2.0,"perc":50.0,"total":4.0}},"Drug Testing":{"No Effect":{"raw":1.0,"perc":100.0,"total":1.0}},"Meditation":{"Medium":{"raw":3.0,"perc":75.0,"total":4.0},"Extreme":{"raw":1.0,"perc":25.0,"total":4.0}},"Fasting":{"Strong":{"raw":1.0,"perc":33.333333333333329,"total":3.0},"Medium":{"raw":2.0,"perc":66.666666666666657,"total":3.0}},"OBE":{"Strong":{"raw":1.0,"perc":100.0,"total":1.0}},"Police / Customs":{"Medium":{"raw":1.0,"perc":100.0,"total":1.0}},"Mindfulness":{"Strong":{"raw":1.0,"perc":50.0,"total":2.0},"Medium":{"raw":1.0,"perc":50.0,"total":2.0}}},"Entities / Beings":{"Yoga / Bodywork":{"Strong":{"raw":3.0,"perc":60.0,"total":5.0},"Medium":{"raw":2.0,"perc":40.0,"total":5.0}},"Sleep Deprivation":{"Strong":{"raw":2.0,"perc":66.666666666666657,"total":3.0},"Extreme":{"raw":1.0,"perc":33.333333333333329,"total":3.0}},"Breathing":{"Strong":{"raw":2.0,"perc":100.0,"total":2.0}},"Dreams":{"Medium":{"raw":8.0,"perc":47.058823529411761,"total":17.0},"Strong":{"raw":9.0,"perc":52.941176470588239,"total":17.0}},"Police / Customs":{"Extreme":{"raw":4.0,"perc":50.0,"total":8.0},"Strong":{"raw":4.0,"perc":50.0,"total":8.0}},"OBE":{"Strong":{"raw":6.0,"perc":46.153846153846153,"total":13.0},"Medium":{"raw":5.0,"perc":38.461538461538467,"total":13.0},"Extreme":{"raw":2.0,"perc":15.384615384615385,"total":13.0}},"Fasting":{"Strong":{"raw":4.0,"perc":100.0,"total":4.0}},"Conferences":{"Extreme":{"raw":1.0,"perc":100.0,"total":1.0}},"Meditation":{"Extreme":{"raw":2.0,"perc":16.666666666666664,"total":12.0},"Strong":{"raw":6.0,"perc":50.0,"total":12.0},"Medium":{"raw":4.0,"perc":33.333333333333329,"total":12.0}},"Ritual":{"Strong":{"raw":2.0,"perc":25.0,"total":8.0},"Medium":{"raw":6.0,"perc":75.0,"total":8.0}},"Sweating":{"Strong":{"raw":1.0,"perc":100.0,"total":1.0}},"Devices":{"Strong":{"raw":1.0,"perc":50.0,"total":2.0},"Medium":{"raw":1.0,"perc":50.0,"total":2.0}},"Endogenous":{"Strong":{"raw":2.0,"perc":100.0,"total":2.0}},"Migraines":{"Medium":{"raw":1.0,"perc":100.0,"total":1.0}},"Nitrogen Narcosis":{"Strong":{"raw":1.0,"perc":100.0,"total":1.0}},"Humor":{"Extreme":{"raw":1.0,"perc":100.0,"total":1.0}},"Mindfulness":{"Medium":{"raw":2.0,"perc":50.0,"total":4.0},"Extreme":{"raw":1.0,"perc":25.0,"total":4.0},"Strong":{"raw":1.0,"perc":25.0,"total":4.0}},"Devices - Mind Machine":{"Medium":{"raw":1.0,"perc":100.0,"total":1.0}},"Chanting":{"Medium":{"raw":1.0,"perc":100.0,"total":1.0}}},"HPPD / Lasting Visuals":{"Endogenous":{"Extreme":{"raw":2.0,"perc":100.0,"total":2.0}},"Sleep Deprivation":{"Extreme":{"raw":1.0,"perc":50.0,"total":2.0},"Strong":{"raw":1.0,"perc":50.0,"total":2.0}},"Police / Customs":{"Strong":{"raw":1.0,"perc":100.0,"total":1.0}}},"Overdose":{"Endogenous":{"Extreme":{"raw":1.0,"perc":100.0,"total":1.0}},"Police / Customs":{"Extreme":{"raw":4.0,"perc":66.666666666666657,"total":6.0},"Medium":{"raw":2.0,"perc":33.333333333333329,"total":6.0}},"Dreams":{"Strong":{"raw":2.0,"perc":100.0,"total":2.0}},"Drug Testing":{"Extreme":{"raw":1.0,"perc":100.0,"total":1.0}},"Conferences":{"Strong":{"raw":1.0,"perc":100.0,"total":1.0}},"OBE":{"Medium":{"raw":1.0,"perc":50.0,"total":2.0},"Extreme":{"raw":1.0,"perc":50.0,"total":2.0}},"Sleep Deprivation":{"Strong":{"raw":1.0,"perc":50.0,"total":2.0},"Extreme":{"raw":1.0,"perc":50.0,"total":2.0}}},"Families":{"Breathing":{"Medium":{"raw":1.0,"perc":100.0,"total":1.0}},"Hyperventilation":{"Medium":{"raw":1.0,"perc":100.0,"total":1.0}},"Yoga / Bodywork":{"Medium":{"raw":1.0,"perc":100.0,"total":1.0}},"Police / Customs":{"Extreme":{"raw":1.0,"perc":100.0,"total":1.0}}},"Guides / Sitters":{"Breathing":{"Medium":{"raw":1.0,"perc":100.0,"total":1.0}},"Hyperventilation":{"Medium":{"raw":1.0,"perc":100.0,"total":1.0}},"OBE":{"Strong":{"raw":3.0,"perc":100.0,"total":3.0}},"Meditation":{"Medium":{"raw":3.0,"perc":75.0,"total":4.0},"Strong":{"raw":1.0,"perc":25.0,"total":4.0}},"Dreams":{"Strong":{"raw":1.0,"perc":100.0,"total":1.0}},"Guiding":{"Medium":{"raw":2.0,"perc":100.0,"total":2.0}},"Ritual":{"Strong":{"raw":2.0,"perc":20.0,"total":10.0},"Medium":{"raw":8.0,"perc":80.0,"total":10.0}},"Conferences":{"Strong":{"raw":1.0,"perc":100.0,"total":1.0}},"Yoga / Bodywork":{"Strong":{"raw":2.0,"perc":100.0,"total":2.0}},"Sleep Deprivation":{"Strong":{"raw":1.0,"perc":50.0,"total":2.0},"Extreme":{"raw":1.0,"perc":50.0,"total":2.0}},"Mindfulness":{"Medium":{"raw":1.0,"perc":100.0,"total":1.0}},"Endogenous":{"Strong":{"raw":1.0,"perc":100.0,"total":1.0}},"Police / Customs":{"Medium":{"raw":1.0,"perc":50.0,"total":2.0},"Strong":{"raw":1.0,"perc":50.0,"total":2.0}}},"Second Hand Report":{"Drug Testing":{"Extreme":{"raw":1.0,"perc":33.333333333333329,"total":3.0},"No Effect":{"raw":1.0,"perc":33.333333333333329,"total":3.0},"Medium":{"raw":1.0,"perc":33.333333333333329,"total":3.0}},"Police / Customs":{"Extreme":{"raw":3.0,"perc":37.5,"total":8.0},"Medium":{"raw":2.0,"perc":25.0,"total":8.0},"Strong":{"raw":3.0,"perc":37.5,"total":8.0}},"Migraines":{"Medium":{"raw":1.0,"perc":100.0,"total":1.0}},"OBE":{"Medium":{"raw":1.0,"perc":100.0,"total":1.0}},"Meditation":{"Strong":{"raw":1.0,"perc":100.0,"total":1.0}},"Dreams":{"Strong":{"raw":1.0,"perc":100.0,"total":1.0}},"Endogenous":{"Medium":{"raw":1.0,"perc":100.0,"total":1.0}},"Conferences":{"Strong":{"raw":1.0,"perc":100.0,"total":1.0}}},"Relationships":{"Ritual":{"Medium":{"raw":2.0,"perc":66.666666666666657,"total":3.0},"Strong":{"raw":1.0,"perc":33.333333333333329,"total":3.0}},"Yoga / Bodywork":{"Strong":{"raw":1.0,"perc":100.0,"total":1.0}},"Dreams":{"Medium":{"raw":1.0,"perc":100.0,"total":1.0}},"Devices":{"Medium":{"raw":1.0,"perc":50.0,"total":2.0},"Strong":{"raw":1.0,"perc":50.0,"total":2.0}},"Devices - Mind Machine":{"Medium":{"raw":1.0,"perc":100.0,"total":1.0}},"Migraines":{"Strong":{"raw":1.0,"perc":100.0,"total":1.0}},"Meditation":{"Medium":{"raw":3.0,"perc":75.0,"total":4.0},"Extreme":{"raw":1.0,"perc":25.0,"total":4.0}},"Police / Customs":{"Medium":{"raw":2.0,"perc":66.666666666666657,"total":3.0},"Strong":{"raw":1.0,"perc":33.333333333333329,"total":3.0}},"Sleep Deprivation":{"Extreme":{"raw":1.0,"perc":100.0,"total":1.0}},"Mindfulness":{"Medium":{"raw":2.0,"perc":66.666666666666657,"total":3.0},"Strong":{"raw":1.0,"perc":33.333333333333329,"total":3.0}},"OBE":{"Medium":{"raw":1.0,"perc":100.0,"total":1.0}}},"Medical Use":{"Migraines":{"Medium":{"raw":4.0,"perc":66.666666666666657,"total":6.0},"Strong":{"raw":2.0,"perc":33.333333333333329,"total":6.0}},"Dreams":{"Medium":{"raw":6.0,"perc":100.0,"total":6.0}},"Sleep Deprivation":{"Medium":{"raw":1.0,"perc":100.0,"total":1.0}},"OBE":{"Strong":{"raw":1.0,"perc":100.0,"total":1.0}},"Drug Testing":{"Medium":{"raw":2.0,"perc":50.0,"total":4.0},"No Effect":{"raw":2.0,"perc":50.0,"total":4.0}},"Endogenous":{"Medium":{"raw":2.0,"perc":100.0,"total":2.0}},"Breathing":{"Medium":{"raw":1.0,"perc":100.0,"total":1.0}}},"Loss of Magic":{"Sleep Deprivation":{"Medium":{"raw":2.0,"perc":100.0,"total":2.0}},"Meditation":{"Medium":{"raw":1.0,"perc":100.0,"total":1.0}}},"Hangover / Days After":{"Sleep Deprivation":{"Medium":{"raw":5.0,"perc":55.555555555555557,"total":9.0},"Strong":{"raw":3.0,"perc":33.333333333333329,"total":9.0},"Extreme":{"raw":1.0,"perc":11.111111111111111,"total":9.0}},"Yoga / Bodywork":{"Strong":{"raw":1.0,"perc":100.0,"total":1.0}},"Dreams":{"Medium":{"raw":4.0,"perc":80.0,"total":5.0},"Strong":{"raw":1.0,"perc":20.0,"total":5.0}},"Migraines":{"Medium":{"raw":1.0,"perc":33.333333333333329,"total":3.0},"Strong":{"raw":2.0,"perc":66.666666666666657,"total":3.0}},"Meditation":{"Extreme":{"raw":1.0,"perc":33.333333333333329,"total":3.0},"Medium":{"raw":2.0,"perc":66.666666666666657,"total":3.0}},"OBE":{"Medium":{"raw":2.0,"perc":50.0,"total":4.0},"Extreme":{"raw":1.0,"perc":25.0,"total":4.0},"Strong":{"raw":1.0,"perc":25.0,"total":4.0}},"Police / Customs":{"Medium":{"raw":3.0,"perc":37.5,"total":8.0},"Extreme":{"raw":3.0,"perc":37.5,"total":8.0},"Strong":{"raw":2.0,"perc":25.0,"total":8.0}},"Conferences":{"Strong":{"raw":1.0,"perc":100.0,"total":1.0}},"Music":{"Extreme":{"raw":1.0,"perc":100.0,"total":1.0}},"Floatation Tank":{"Medium":{"raw":1.0,"perc":100.0,"total":1.0}},"Endogenous":{"Strong":{"raw":1.0,"perc":50.0,"total":2.0},"Medium":{"raw":1.0,"perc":50.0,"total":2.0}},"Sound (non-music)":{"Extreme":{"raw":1.0,"perc":100.0,"total":1.0}}},"Therapeutic Intent or Outcome":{"Meditation":{"Medium":{"raw":4.0,"perc":80.0,"total":5.0},"Strong":{"raw":1.0,"perc":20.0,"total":5.0}},"Humor":{"Medium":{"raw":1.0,"perc":100.0,"total":1.0}},"Endogenous":{"Medium":{"raw":1.0,"perc":100.0,"total":1.0}},"Yoga / Bodywork":{"Strong":{"raw":1.0,"perc":50.0,"total":2.0},"Medium":{"raw":1.0,"perc":50.0,"total":2.0}},"Music":{"Medium":{"raw":1.0,"perc":100.0,"total":1.0}},"Ritual":{"Medium":{"raw":6.0,"perc":100.0,"total":6.0}},"Breathing":{"Medium":{"raw":1.0,"perc":100.0,"total":1.0}},"Dreams":{"Medium":{"raw":5.0,"perc":83.333333333333343,"total":6.0},"Strong":{"raw":1.0,"perc":16.666666666666664,"total":6.0}},"Police / Customs":{"Strong":{"raw":1.0,"perc":100.0,"total":1.0}},"Migraines":{"Medium":{"raw":1.0,"perc":100.0,"total":1.0}},"Mindfulness":{"Strong":{"raw":1.0,"perc":50.0,"total":2.0},"Medium":{"raw":1.0,"perc":50.0,"total":2.0}},"Fasting":{"Medium":{"raw":1.0,"perc":100.0,"total":1.0}}},"Poetry":{"Conferences":{"Extreme":{"raw":1.0,"perc":100.0,"total":1.0}},"Meditation":{"Strong":{"raw":1.0,"perc":100.0,"total":1.0}}},"What Was in That?":{"Sleep Deprivation":{"Medium":{"raw":1.0,"perc":100.0,"total":1.0}},"Music":{"Extreme":{"raw":1.0,"perc":100.0,"total":1.0}},"OBE":{"Medium":{"raw":1.0,"perc":100.0,"total":1.0}},"Migraines":{"Strong":{"raw":1.0,"perc":100.0,"total":1.0}},"Meditation":{"Medium":{"raw":1.0,"perc":100.0,"total":1.0}}},"Performance Enhancement":{"Humor":{"Medium":{"raw":1.0,"perc":100.0,"total":1.0}},"Sleep Deprivation":{"Strong":{"raw":2.0,"perc":66.666666666666657,"total":3.0},"Medium":{"raw":1.0,"perc":33.333333333333329,"total":3.0}}}}