{"General":{"Festival / Lg. Crowd":{"Drug Testing":{"raw":2.0,"perc":14.285714285714285,"total":14.0},"Conferences":{"raw":10.0,"perc":71.428571428571431,"total":14.0},"Sleep Deprivation":{"raw":1.0,"perc":7.1428571428571423,"total":14.0},"Yoga / Bodywork":{"raw":1.0,"perc":7.1428571428571423,"total":14.0}},"Various":{"Sleep Deprivation":{"raw":11.0,"perc":30.555555555555557,"total":36.0},"Police / Customs":{"raw":6.0,"perc":16.666666666666664,"total":36.0},"Yoga / Bodywork":{"raw":1.0,"perc":2.7777777777777777,"total":36.0},"Fasting":{"raw":2.0,"perc":5.5555555555555554,"total":36.0},"OBE":{"raw":1.0,"perc":2.7777777777777777,"total":36.0},"Meditation":{"raw":4.0,"perc":11.111111111111111,"total":36.0},"Conferences":{"raw":1.0,"perc":2.7777777777777777,"total":36.0},"Drug Testing":{"raw":4.0,"perc":11.111111111111111,"total":36.0},"Ritual":{"raw":1.0,"perc":2.7777777777777777,"total":36.0},"Music":{"raw":1.0,"perc":2.7777777777777777,"total":36.0},"Nitrogen Narcosis":{"raw":1.0,"perc":2.7777777777777777,"total":36.0},"Humor":{"raw":1.0,"perc":2.7777777777777777,"total":36.0},"Mindfulness":{"raw":2.0,"perc":5.5555555555555554,"total":36.0}},"Alone":{"OBE":{"raw":11.0,"perc":5.5276381909547743,"total":199.0},"Dreams":{"raw":93.0,"perc":46.733668341708544,"total":199.0},"Meditation":{"raw":21.0,"perc":10.552763819095476,"total":199.0},"Drug Testing":{"raw":10.0,"perc":5.025125628140704,"total":199.0},"Police / Customs":{"raw":3.0,"perc":1.5075376884422109,"total":199.0},"Sleep Deprivation":{"raw":10.0,"perc":5.025125628140704,"total":199.0},"Floatation Tank":{"raw":3.0,"perc":1.5075376884422109,"total":199.0},"Nitrogen Narcosis":{"raw":2.0,"perc":1.0050251256281406,"total":199.0},"Yoga / Bodywork":{"raw":6.0,"perc":3.0150753768844218,"total":199.0},"Endogenous":{"raw":4.0,"perc":2.0100502512562812,"total":199.0},"Breathing":{"raw":7.0,"perc":3.5175879396984926,"total":199.0},"Hyperventilation":{"raw":3.0,"perc":1.5075376884422109,"total":199.0},"Devices":{"raw":7.0,"perc":3.5175879396984926,"total":199.0},"Devices - Mind Machine":{"raw":5.0,"perc":2.512562814070352,"total":199.0},"Fasting":{"raw":5.0,"perc":2.512562814070352,"total":199.0},"Sweating":{"raw":1.0,"perc":0.50251256281407031,"total":199.0},"Conferences":{"raw":2.0,"perc":1.0050251256281406,"total":199.0},"Ritual":{"raw":2.0,"perc":1.0050251256281406,"total":199.0},"Humor":{"raw":1.0,"perc":0.50251256281407031,"total":199.0},"Music":{"raw":2.0,"perc":1.0050251256281406,"total":199.0},"Mindfulness":{"raw":1.0,"perc":0.50251256281407031,"total":199.0}},"Unknown Context":{"Drug Testing":{"raw":13.0,"perc":56.521739130434781,"total":23.0},"Fasting":{"raw":1.0,"perc":4.3478260869565215,"total":23.0},"Police / Customs":{"raw":1.0,"perc":4.3478260869565215,"total":23.0},"Dreams":{"raw":4.0,"perc":17.391304347826086,"total":23.0},"Endogenous":{"raw":2.0,"perc":8.695652173913043,"total":23.0},"Sleep Deprivation":{"raw":2.0,"perc":8.695652173913043,"total":23.0}},"Large Group (10+)":{"Police / Customs":{"raw":1.0,"perc":20.0,"total":5.0},"OBE":{"raw":1.0,"perc":20.0,"total":5.0},"Meditation":{"raw":2.0,"perc":40.0,"total":5.0},"Sleep Deprivation":{"raw":1.0,"perc":20.0,"total":5.0}},"Small Group (2-9)":{"Endogenous":{"raw":1.0,"perc":1.4084507042253522,"total":71.0},"Breathing":{"raw":3.0,"perc":4.225352112676056,"total":71.0},"Hyperventilation":{"raw":2.0,"perc":2.8169014084507045,"total":71.0},"Police / Customs":{"raw":17.0,"perc":23.943661971830984,"total":71.0},"Sleep Deprivation":{"raw":4.0,"perc":5.6338028169014089,"total":71.0},"Nitrogen Narcosis":{"raw":2.0,"perc":2.8169014084507045,"total":71.0},"OBE":{"raw":8.0,"perc":11.267605633802818,"total":71.0},"Meditation":{"raw":7.0,"perc":9.8591549295774641,"total":71.0},"Yoga / Bodywork":{"raw":9.0,"perc":12.676056338028168,"total":71.0},"Ritual":{"raw":3.0,"perc":4.225352112676056,"total":71.0},"Dreams":{"raw":6.0,"perc":8.4507042253521121,"total":71.0},"Sweating":{"raw":1.0,"perc":1.4084507042253522,"total":71.0},"Devices":{"raw":2.0,"perc":2.8169014084507045,"total":71.0},"Devices - Mind Machine":{"raw":1.0,"perc":1.4084507042253522,"total":71.0},"Humor":{"raw":1.0,"perc":1.4084507042253522,"total":71.0},"Guiding":{"raw":1.0,"perc":1.4084507042253522,"total":71.0},"Drug Testing":{"raw":3.0,"perc":4.225352112676056,"total":71.0}},"School":{"Police / Customs":{"raw":3.0,"perc":42.857142857142854,"total":7.0},"OBE":{"raw":1.0,"perc":14.285714285714285,"total":7.0},"Drug Testing":{"raw":3.0,"perc":42.857142857142854,"total":7.0}},"Not Applicable":{"Drug Testing":{"raw":79.0,"perc":80.612244897959187,"total":98.0},"Police / Customs":{"raw":5.0,"perc":5.1020408163265305,"total":98.0},"Dreams":{"raw":6.0,"perc":6.1224489795918364,"total":98.0},"Mindfulness":{"raw":1.0,"perc":1.0204081632653061,"total":98.0},"Migraines":{"raw":1.0,"perc":1.0204081632653061,"total":98.0},"Fasting":{"raw":1.0,"perc":1.0204081632653061,"total":98.0},"Endogenous":{"raw":2.0,"perc":2.0408163265306123,"total":98.0},"Meditation":{"raw":1.0,"perc":1.0204081632653061,"total":98.0},"Devices":{"raw":1.0,"perc":1.0204081632653061,"total":98.0},"Yoga / Bodywork":{"raw":1.0,"perc":1.0204081632653061,"total":98.0}},"Hospital":{"Drug Testing":{"raw":9.0,"perc":100.0,"total":9.0}},"Group Ceremony":{"Ritual":{"raw":2.0,"perc":40.0,"total":5.0},"Sweating":{"raw":2.0,"perc":40.0,"total":5.0},"Meditation":{"raw":1.0,"perc":20.0,"total":5.0}},"Club / Bar":{"Police / Customs":{"raw":1.0,"perc":100.0,"total":1.0}}},"Difficult Experiences":{"Various":{"Sleep Deprivation":{"raw":6.0,"perc":37.5,"total":16.0},"Ritual":{"raw":1.0,"perc":6.25,"total":16.0},"Police / Customs":{"raw":4.0,"perc":25.0,"total":16.0},"OBE":{"raw":2.0,"perc":12.5,"total":16.0},"Dreams":{"raw":1.0,"perc":6.25,"total":16.0},"Nitrogen Narcosis":{"raw":1.0,"perc":6.25,"total":16.0},"Humor":{"raw":1.0,"perc":6.25,"total":16.0}},"Festival / Lg. Crowd":{"Ritual":{"raw":1.0,"perc":50.0,"total":2.0},"Sleep Deprivation":{"raw":1.0,"perc":50.0,"total":2.0}},"Alone":{"Dreams":{"raw":10.0,"perc":33.333333333333329,"total":30.0},"Devices":{"raw":1.0,"perc":3.3333333333333335,"total":30.0},"Devices - Mind Machine":{"raw":1.0,"perc":3.3333333333333335,"total":30.0},"Police / Customs":{"raw":5.0,"perc":16.666666666666664,"total":30.0},"Fasting":{"raw":2.0,"perc":6.666666666666667,"total":30.0},"Sleep Deprivation":{"raw":4.0,"perc":13.333333333333334,"total":30.0},"Chanting":{"raw":1.0,"perc":3.3333333333333335,"total":30.0},"OBE":{"raw":1.0,"perc":3.3333333333333335,"total":30.0},"Meditation":{"raw":3.0,"perc":10.0,"total":30.0},"Endogenous":{"raw":1.0,"perc":3.3333333333333335,"total":30.0},"Sound (non-music)":{"raw":1.0,"perc":3.3333333333333335,"total":30.0}},"Not Applicable":{"Endogenous":{"raw":1.0,"perc":20.0,"total":5.0},"Drug Testing":{"raw":2.0,"perc":40.0,"total":5.0},"Migraines":{"raw":1.0,"perc":20.0,"total":5.0},"Sleep Deprivation":{"raw":1.0,"perc":20.0,"total":5.0}},"Small Group (2-9)":{"Police / Customs":{"raw":9.0,"perc":33.333333333333329,"total":27.0},"OBE":{"raw":7.0,"perc":25.925925925925924,"total":27.0},"Ritual":{"raw":2.0,"perc":7.4074074074074066,"total":27.0},"Endogenous":{"raw":3.0,"perc":11.111111111111111,"total":27.0},"Dreams":{"raw":1.0,"perc":3.7037037037037033,"total":27.0},"Sleep Deprivation":{"raw":2.0,"perc":7.4074074074074066,"total":27.0},"Humor":{"raw":1.0,"perc":3.7037037037037033,"total":27.0},"Fasting":{"raw":1.0,"perc":3.7037037037037033,"total":27.0},"Conferences":{"raw":1.0,"perc":3.7037037037037033,"total":27.0}},"Hospital":{"Police / Customs":{"raw":6.0,"perc":100.0,"total":6.0}},"Large Group (10+)":{"OBE":{"raw":1.0,"perc":100.0,"total":1.0}},"Club / Bar":{"Police / Customs":{"raw":1.0,"perc":100.0,"total":1.0}},"Group Ceremony":{"Meditation":{"raw":1.0,"perc":100.0,"total":1.0}},"Unknown Context":{"Sleep Deprivation":{"raw":1.0,"perc":100.0,"total":1.0}}},"Health Problems":{"Various":{"Sleep Deprivation":{"raw":4.0,"perc":40.0,"total":10.0},"Migraines":{"raw":1.0,"perc":10.0,"total":10.0},"Police / Customs":{"raw":1.0,"perc":10.0,"total":10.0},"Meditation":{"raw":2.0,"perc":20.0,"total":10.0},"Dreams":{"raw":1.0,"perc":10.0,"total":10.0},"Endogenous":{"raw":1.0,"perc":10.0,"total":10.0}},"Alone":{"Endogenous":{"raw":2.0,"perc":25.0,"total":8.0},"Floatation Tank":{"raw":1.0,"perc":12.5,"total":8.0},"Dreams":{"raw":2.0,"perc":25.0,"total":8.0},"Conferences":{"raw":1.0,"perc":12.5,"total":8.0},"Drug Testing":{"raw":1.0,"perc":12.5,"total":8.0},"Migraines":{"raw":1.0,"perc":12.5,"total":8.0}},"Unknown Context":{"Migraines":{"raw":1.0,"perc":16.666666666666664,"total":6.0},"Dreams":{"raw":1.0,"perc":16.666666666666664,"total":6.0},"Drug Testing":{"raw":1.0,"perc":16.666666666666664,"total":6.0},"Breathing":{"raw":1.0,"perc":16.666666666666664,"total":6.0},"Hyperventilation":{"raw":1.0,"perc":16.666666666666664,"total":6.0},"Endogenous":{"raw":1.0,"perc":16.666666666666664,"total":6.0}},"Not Applicable":{"Endogenous":{"raw":3.0,"perc":37.5,"total":8.0},"Migraines":{"raw":2.0,"perc":25.0,"total":8.0},"Breathing":{"raw":1.0,"perc":12.5,"total":8.0},"Hyperventilation":{"raw":1.0,"perc":12.5,"total":8.0},"Sleep Deprivation":{"raw":1.0,"perc":12.5,"total":8.0}},"Small Group (2-9)":{"Sleep Deprivation":{"raw":3.0,"perc":27.27272727272727,"total":11.0},"Yoga / Bodywork":{"raw":1.0,"perc":9.0909090909090917,"total":11.0},"Police / Customs":{"raw":3.0,"perc":27.27272727272727,"total":11.0},"Endogenous":{"raw":1.0,"perc":9.0909090909090917,"total":11.0},"OBE":{"raw":1.0,"perc":9.0909090909090917,"total":11.0},"Humor":{"raw":1.0,"perc":9.0909090909090917,"total":11.0},"Migraines":{"raw":1.0,"perc":9.0909090909090917,"total":11.0}},"Hospital":{"Sleep Deprivation":{"raw":1.0,"perc":100.0,"total":1.0}},"School":{"Drug Testing":{"raw":1.0,"perc":100.0,"total":1.0}},"Large Group (10+)":{"Breathing":{"raw":1.0,"perc":100.0,"total":1.0}}},"Bad Trips":{"Alone":{"Endogenous":{"raw":3.0,"perc":42.857142857142854,"total":7.0},"Police / Customs":{"raw":1.0,"perc":14.285714285714285,"total":7.0},"Drug Testing":{"raw":2.0,"perc":28.571428571428569,"total":7.0},"Sleep Deprivation":{"raw":1.0,"perc":14.285714285714285,"total":7.0}},"Small Group (2-9)":{"Police / Customs":{"raw":10.0,"perc":62.5,"total":16.0},"Sleep Deprivation":{"raw":2.0,"perc":12.5,"total":16.0},"OBE":{"raw":1.0,"perc":6.25,"total":16.0},"Endogenous":{"raw":1.0,"perc":6.25,"total":16.0},"Humor":{"raw":1.0,"perc":6.25,"total":16.0},"Drug Testing":{"raw":1.0,"perc":6.25,"total":16.0}},"Various":{"Meditation":{"raw":1.0,"perc":20.0,"total":5.0},"Sleep Deprivation":{"raw":1.0,"perc":20.0,"total":5.0},"Police / Customs":{"raw":3.0,"perc":60.0,"total":5.0}},"Hospital":{"Police / Customs":{"raw":1.0,"perc":100.0,"total":1.0}}},"Retrospective / Summary":{"Unknown Context":{"Drug Testing":{"raw":1.0,"perc":14.285714285714285,"total":7.0},"Migraines":{"raw":2.0,"perc":28.571428571428569,"total":7.0},"Dreams":{"raw":2.0,"perc":28.571428571428569,"total":7.0},"Meditation":{"raw":2.0,"perc":28.571428571428569,"total":7.0}},"Alone":{"Meditation":{"raw":14.0,"perc":20.588235294117645,"total":68.0},"Ritual":{"raw":2.0,"perc":2.9411764705882351,"total":68.0},"Sleep Deprivation":{"raw":1.0,"perc":1.4705882352941175,"total":68.0},"Dreams":{"raw":41.0,"perc":60.294117647058819,"total":68.0},"Police / Customs":{"raw":1.0,"perc":1.4705882352941175,"total":68.0},"Breathing":{"raw":1.0,"perc":1.4705882352941175,"total":68.0},"OBE":{"raw":1.0,"perc":1.4705882352941175,"total":68.0},"Conferences":{"raw":2.0,"perc":2.9411764705882351,"total":68.0},"Fasting":{"raw":2.0,"perc":2.9411764705882351,"total":68.0},"Migraines":{"raw":1.0,"perc":1.4705882352941175,"total":68.0},"Yoga / Bodywork":{"raw":1.0,"perc":1.4705882352941175,"total":68.0},"Sweating":{"raw":1.0,"perc":1.4705882352941175,"total":68.0}},"Various":{"Police / Customs":{"raw":6.0,"perc":14.634146341463413,"total":41.0},"Sleep Deprivation":{"raw":4.0,"perc":9.75609756097561,"total":41.0},"Meditation":{"raw":10.0,"perc":24.390243902439025,"total":41.0},"Migraines":{"raw":1.0,"perc":2.4390243902439024,"total":41.0},"Mindfulness":{"raw":2.0,"perc":4.8780487804878048,"total":41.0},"Yoga / Bodywork":{"raw":2.0,"perc":4.8780487804878048,"total":41.0},"Dreams":{"raw":4.0,"perc":9.75609756097561,"total":41.0},"Fasting":{"raw":5.0,"perc":12.195121951219512,"total":41.0},"Ritual":{"raw":3.0,"perc":7.3170731707317067,"total":41.0},"Drug Testing":{"raw":1.0,"perc":2.4390243902439024,"total":41.0},"Nitrogen Narcosis":{"raw":1.0,"perc":2.4390243902439024,"total":41.0},"Humor":{"raw":1.0,"perc":2.4390243902439024,"total":41.0},"Endogenous":{"raw":1.0,"perc":2.4390243902439024,"total":41.0}},"Small Group (2-9)":{"Police / Customs":{"raw":3.0,"perc":37.5,"total":8.0},"Guiding":{"raw":1.0,"perc":12.5,"total":8.0},"Yoga / Bodywork":{"raw":1.0,"perc":12.5,"total":8.0},"Meditation":{"raw":1.0,"perc":12.5,"total":8.0},"OBE":{"raw":1.0,"perc":12.5,"total":8.0},"Breathing":{"raw":1.0,"perc":12.5,"total":8.0}},"Hospital":{"Endogenous":{"raw":1.0,"perc":50.0,"total":2.0},"Dreams":{"raw":1.0,"perc":50.0,"total":2.0}},"Not Applicable":{"Police / Customs":{"raw":1.0,"perc":3.225806451612903,"total":31.0},"Meditation":{"raw":2.0,"perc":6.4516129032258061,"total":31.0},"Drug Testing":{"raw":9.0,"perc":29.032258064516132,"total":31.0},"Devices":{"raw":1.0,"perc":3.225806451612903,"total":31.0},"Devices - Mind Machine":{"raw":1.0,"perc":3.225806451612903,"total":31.0},"Mindfulness":{"raw":1.0,"perc":3.225806451612903,"total":31.0},"Migraines":{"raw":2.0,"perc":6.4516129032258061,"total":31.0},"OBE":{"raw":1.0,"perc":3.225806451612903,"total":31.0},"Dreams":{"raw":6.0,"perc":19.35483870967742,"total":31.0},"Sleep Deprivation":{"raw":1.0,"perc":3.225806451612903,"total":31.0},"Fasting":{"raw":1.0,"perc":3.225806451612903,"total":31.0},"Endogenous":{"raw":2.0,"perc":6.4516129032258061,"total":31.0},"Breathing":{"raw":1.0,"perc":3.225806451612903,"total":31.0},"Yoga / Bodywork":{"raw":2.0,"perc":6.4516129032258061,"total":31.0}},"Rave / Dance Event":{"Guiding":{"raw":1.0,"perc":50.0,"total":2.0},"Meditation":{"raw":1.0,"perc":50.0,"total":2.0}},"Group Ceremony":{"Ritual":{"raw":1.0,"perc":50.0,"total":2.0},"Sweating":{"raw":1.0,"perc":50.0,"total":2.0}},"Club / Bar":{"Police / Customs":{"raw":1.0,"perc":100.0,"total":1.0}},"Military":{"Drug Testing":{"raw":1.0,"perc":100.0,"total":1.0}},"School":{"Police / Customs":{"raw":1.0,"perc":100.0,"total":1.0}}},"Sex Discussion":{"Small Group (2-9)":{"Ritual":{"raw":3.0,"perc":33.333333333333329,"total":9.0},"Yoga / Bodywork":{"raw":2.0,"perc":22.222222222222221,"total":9.0},"Dreams":{"raw":1.0,"perc":11.111111111111111,"total":9.0},"OBE":{"raw":1.0,"perc":11.111111111111111,"total":9.0},"Meditation":{"raw":2.0,"perc":22.222222222222221,"total":9.0}},"Alone":{"Ritual":{"raw":1.0,"perc":14.285714285714285,"total":7.0},"Dreams":{"raw":3.0,"perc":42.857142857142854,"total":7.0},"OBE":{"raw":1.0,"perc":14.285714285714285,"total":7.0},"Breathing":{"raw":1.0,"perc":14.285714285714285,"total":7.0},"Sweating":{"raw":1.0,"perc":14.285714285714285,"total":7.0}},"Large Group (10+)":{"Sleep Deprivation":{"raw":1.0,"perc":100.0,"total":1.0}},"Various":{"Sleep Deprivation":{"raw":1.0,"perc":50.0,"total":2.0},"Meditation":{"raw":1.0,"perc":50.0,"total":2.0}},"Rave / Dance Event":{"Dreams":{"raw":1.0,"perc":100.0,"total":1.0}},"Not Applicable":{"Dreams":{"raw":1.0,"perc":100.0,"total":1.0}}},"Glowing Experiences":{"Festival / Lg. Crowd":{"Ritual":{"raw":1.0,"perc":25.0,"total":4.0},"Conferences":{"raw":2.0,"perc":50.0,"total":4.0},"Yoga / Bodywork":{"raw":1.0,"perc":25.0,"total":4.0}},"Various":{"Police / Customs":{"raw":3.0,"perc":25.0,"total":12.0},"Yoga / Bodywork":{"raw":1.0,"perc":8.3333333333333321,"total":12.0},"Devices":{"raw":1.0,"perc":8.3333333333333321,"total":12.0},"Devices - Mind Machine":{"raw":1.0,"perc":8.3333333333333321,"total":12.0},"Dreams":{"raw":1.0,"perc":8.3333333333333321,"total":12.0},"Meditation":{"raw":3.0,"perc":25.0,"total":12.0},"Mindfulness":{"raw":2.0,"perc":16.666666666666664,"total":12.0}},"Alone":{"Ritual":{"raw":2.0,"perc":2.8571428571428572,"total":70.0},"Yoga / Bodywork":{"raw":8.0,"perc":11.428571428571429,"total":70.0},"Dreams":{"raw":25.0,"perc":35.714285714285715,"total":70.0},"Endogenous":{"raw":1.0,"perc":1.4285714285714286,"total":70.0},"Devices":{"raw":4.0,"perc":5.7142857142857144,"total":70.0},"Devices - Mind Machine":{"raw":2.0,"perc":2.8571428571428572,"total":70.0},"Meditation":{"raw":15.0,"perc":21.428571428571427,"total":70.0},"Breathing":{"raw":3.0,"perc":4.2857142857142856,"total":70.0},"Hyperventilation":{"raw":1.0,"perc":1.4285714285714286,"total":70.0},"Fasting":{"raw":1.0,"perc":1.4285714285714286,"total":70.0},"OBE":{"raw":5.0,"perc":7.1428571428571423,"total":70.0},"Mindfulness":{"raw":2.0,"perc":2.8571428571428572,"total":70.0},"Police / Customs":{"raw":1.0,"perc":1.4285714285714286,"total":70.0}},"Small Group (2-9)":{"Meditation":{"raw":8.0,"perc":25.0,"total":32.0},"Yoga / Bodywork":{"raw":7.0,"perc":21.875,"total":32.0},"Devices":{"raw":2.0,"perc":6.25,"total":32.0},"Devices - Mind Machine":{"raw":1.0,"perc":3.125,"total":32.0},"Migraines":{"raw":1.0,"perc":3.125,"total":32.0},"OBE":{"raw":5.0,"perc":15.625,"total":32.0},"Ritual":{"raw":1.0,"perc":3.125,"total":32.0},"Humor":{"raw":1.0,"perc":3.125,"total":32.0},"Guiding":{"raw":1.0,"perc":3.125,"total":32.0},"Sleep Deprivation":{"raw":1.0,"perc":3.125,"total":32.0},"Mindfulness":{"raw":1.0,"perc":3.125,"total":32.0},"Dreams":{"raw":1.0,"perc":3.125,"total":32.0},"Breathing":{"raw":1.0,"perc":3.125,"total":32.0},"Music":{"raw":1.0,"perc":3.125,"total":32.0}},"Not Applicable":{"Endogenous":{"raw":1.0,"perc":33.333333333333329,"total":3.0},"Devices":{"raw":1.0,"perc":33.333333333333329,"total":3.0},"Devices - Mind Machine":{"raw":1.0,"perc":33.333333333333329,"total":3.0}},"Rave / Dance Event":{"Guiding":{"raw":1.0,"perc":50.0,"total":2.0},"Meditation":{"raw":1.0,"perc":50.0,"total":2.0}},"Unknown Context":{"Meditation":{"raw":1.0,"perc":50.0,"total":2.0},"Police / Customs":{"raw":1.0,"perc":50.0,"total":2.0}},"Hospital":{"Dreams":{"raw":1.0,"perc":100.0,"total":1.0}},"Large Group (10+)":{"Sleep Deprivation":{"raw":1.0,"perc":33.333333333333329,"total":3.0},"Breathing":{"raw":1.0,"perc":33.333333333333329,"total":3.0},"Meditation":{"raw":1.0,"perc":33.333333333333329,"total":3.0}},"Group Ceremony":{"Meditation":{"raw":2.0,"perc":22.222222222222221,"total":9.0},"Ritual":{"raw":5.0,"perc":55.555555555555557,"total":9.0},"Sweating":{"raw":1.0,"perc":11.111111111111111,"total":9.0},"Yoga / Bodywork":{"raw":1.0,"perc":11.111111111111111,"total":9.0}},"Club / Bar":{"Police / Customs":{"raw":1.0,"perc":100.0,"total":1.0}}},"Mystical Experiences":{"Festival / Lg. Crowd":{"Ritual":{"raw":2.0,"perc":50.0,"total":4.0},"Sleep Deprivation":{"raw":1.0,"perc":25.0,"total":4.0},"Police / Customs":{"raw":1.0,"perc":25.0,"total":4.0}},"Alone":{"Ritual":{"raw":3.0,"perc":6.9767441860465116,"total":43.0},"Yoga / Bodywork":{"raw":5.0,"perc":11.627906976744185,"total":43.0},"Meditation":{"raw":6.0,"perc":13.953488372093023,"total":43.0},"Devices":{"raw":3.0,"perc":6.9767441860465116,"total":43.0},"Devices - Mind Machine":{"raw":3.0,"perc":6.9767441860465116,"total":43.0},"Fasting":{"raw":5.0,"perc":11.627906976744185,"total":43.0},"OBE":{"raw":4.0,"perc":9.30232558139535,"total":43.0},"Dreams":{"raw":4.0,"perc":9.30232558139535,"total":43.0},"Breathing":{"raw":3.0,"perc":6.9767441860465116,"total":43.0},"Hyperventilation":{"raw":1.0,"perc":2.3255813953488373,"total":43.0},"Chanting":{"raw":1.0,"perc":2.3255813953488373,"total":43.0},"Conferences":{"raw":1.0,"perc":2.3255813953488373,"total":43.0},"Endogenous":{"raw":2.0,"perc":4.6511627906976747,"total":43.0},"Mindfulness":{"raw":2.0,"perc":4.6511627906976747,"total":43.0}},"Small Group (2-9)":{"Dreams":{"raw":1.0,"perc":4.0,"total":25.0},"Meditation":{"raw":4.0,"perc":16.0,"total":25.0},"Yoga / Bodywork":{"raw":2.0,"perc":8.0,"total":25.0},"OBE":{"raw":8.0,"perc":32.0,"total":25.0},"Ritual":{"raw":3.0,"perc":12.0,"total":25.0},"Devices":{"raw":2.0,"perc":8.0,"total":25.0},"Devices - Mind Machine":{"raw":1.0,"perc":4.0,"total":25.0},"Migraines":{"raw":1.0,"perc":4.0,"total":25.0},"Sleep Deprivation":{"raw":1.0,"perc":4.0,"total":25.0},"Mindfulness":{"raw":2.0,"perc":8.0,"total":25.0}},"Group Ceremony":{"Breathing":{"raw":1.0,"perc":7.6923076923076925,"total":13.0},"Hyperventilation":{"raw":1.0,"perc":7.6923076923076925,"total":13.0},"Meditation":{"raw":2.0,"perc":15.384615384615385,"total":13.0},"Ritual":{"raw":8.0,"perc":61.53846153846154,"total":13.0},"Yoga / Bodywork":{"raw":1.0,"perc":7.6923076923076925,"total":13.0}},"Various":{"Meditation":{"raw":3.0,"perc":30.0,"total":10.0},"Sleep Deprivation":{"raw":1.0,"perc":10.0,"total":10.0},"Yoga / Bodywork":{"raw":2.0,"perc":20.0,"total":10.0},"Ritual":{"raw":1.0,"perc":10.0,"total":10.0},"Music":{"raw":1.0,"perc":10.0,"total":10.0},"Humor":{"raw":1.0,"perc":10.0,"total":10.0},"Mindfulness":{"raw":1.0,"perc":10.0,"total":10.0}},"Rave / Dance Event":{"Guiding":{"raw":1.0,"perc":50.0,"total":2.0},"OBE":{"raw":1.0,"perc":50.0,"total":2.0}},"Not Applicable":{"Dreams":{"raw":3.0,"perc":100.0,"total":3.0}},"Hospital":{"Meditation":{"raw":1.0,"perc":100.0,"total":1.0}},"Large Group (10+)":{"Meditation":{"raw":1.0,"perc":100.0,"total":1.0}},"Unknown Context":{"Endogenous":{"raw":1.0,"perc":33.333333333333329,"total":3.0},"Sleep Deprivation":{"raw":1.0,"perc":33.333333333333329,"total":3.0},"Meditation":{"raw":1.0,"perc":33.333333333333329,"total":3.0}},"Club / Bar":{"Police / Customs":{"raw":1.0,"perc":100.0,"total":1.0}}},"Multi-Day Experience":{"Festival / Lg. Crowd":{"Ritual":{"raw":1.0,"perc":100.0,"total":1.0}},"Various":{"Endogenous":{"raw":1.0,"perc":6.25,"total":16.0},"Yoga / Bodywork":{"raw":1.0,"perc":6.25,"total":16.0},"Sleep Deprivation":{"raw":8.0,"perc":50.0,"total":16.0},"Police / Customs":{"raw":2.0,"perc":12.5,"total":16.0},"Fasting":{"raw":1.0,"perc":6.25,"total":16.0},"Humor":{"raw":2.0,"perc":12.5,"total":16.0},"Meditation":{"raw":1.0,"perc":6.25,"total":16.0}},"Alone":{"Sleep Deprivation":{"raw":7.0,"perc":41.17647058823529,"total":17.0},"Meditation":{"raw":2.0,"perc":11.76470588235294,"total":17.0},"Dreams":{"raw":3.0,"perc":17.647058823529413,"total":17.0},"Fasting":{"raw":3.0,"perc":17.647058823529413,"total":17.0},"Police / Customs":{"raw":1.0,"perc":5.88235294117647,"total":17.0},"OBE":{"raw":1.0,"perc":5.88235294117647,"total":17.0}},"Small Group (2-9)":{"Sleep Deprivation":{"raw":4.0,"perc":57.142857142857139,"total":7.0},"OBE":{"raw":1.0,"perc":14.285714285714285,"total":7.0},"Meditation":{"raw":1.0,"perc":14.285714285714285,"total":7.0},"Fasting":{"raw":1.0,"perc":14.285714285714285,"total":7.0}},"Large Group (10+)":{"Sleep Deprivation":{"raw":1.0,"perc":100.0,"total":1.0}},"Not Applicable":{"Drug Testing":{"raw":3.0,"perc":50.0,"total":6.0},"Dreams":{"raw":2.0,"perc":33.333333333333329,"total":6.0},"Sleep Deprivation":{"raw":1.0,"perc":16.666666666666664,"total":6.0}},"Unknown Context":{"Sleep Deprivation":{"raw":1.0,"perc":50.0,"total":2.0},"Endogenous":{"raw":1.0,"perc":50.0,"total":2.0}}},"Depression":{"Unknown Context":{"Migraines":{"raw":1.0,"perc":100.0,"total":1.0}},"Hospital":{"Endogenous":{"raw":1.0,"perc":33.333333333333329,"total":3.0},"Drug Testing":{"raw":1.0,"perc":33.333333333333329,"total":3.0},"Police / Customs":{"raw":1.0,"perc":33.333333333333329,"total":3.0}},"Alone":{"Meditation":{"raw":1.0,"perc":12.5,"total":8.0},"Dreams":{"raw":5.0,"perc":62.5,"total":8.0},"OBE":{"raw":1.0,"perc":12.5,"total":8.0},"Mindfulness":{"raw":1.0,"perc":12.5,"total":8.0}},"Various":{"Sleep Deprivation":{"raw":1.0,"perc":20.0,"total":5.0},"Mindfulness":{"raw":1.0,"perc":20.0,"total":5.0},"Police / Customs":{"raw":1.0,"perc":20.0,"total":5.0},"Endogenous":{"raw":1.0,"perc":20.0,"total":5.0},"Yoga / Bodywork":{"raw":1.0,"perc":20.0,"total":5.0}},"Small Group (2-9)":{"OBE":{"raw":1.0,"perc":16.666666666666664,"total":6.0},"Police / Customs":{"raw":2.0,"perc":33.333333333333329,"total":6.0},"Dreams":{"raw":1.0,"perc":16.666666666666664,"total":6.0},"Migraines":{"raw":1.0,"perc":16.666666666666664,"total":6.0},"Endogenous":{"raw":1.0,"perc":16.666666666666664,"total":6.0}},"Group Ceremony":{"Ritual":{"raw":1.0,"perc":50.0,"total":2.0},"Sweating":{"raw":1.0,"perc":50.0,"total":2.0}},"Not Applicable":{"Migraines":{"raw":1.0,"perc":50.0,"total":2.0},"Breathing":{"raw":1.0,"perc":50.0,"total":2.0}}},"Post Trip Problems":{"Unknown Context":{"Migraines":{"raw":1.0,"perc":12.5,"total":8.0},"Drug Testing":{"raw":3.0,"perc":37.5,"total":8.0},"Dreams":{"raw":3.0,"perc":37.5,"total":8.0},"Endogenous":{"raw":1.0,"perc":12.5,"total":8.0}},"Hospital":{"Endogenous":{"raw":1.0,"perc":33.333333333333329,"total":3.0},"Drug Testing":{"raw":1.0,"perc":33.333333333333329,"total":3.0},"Fasting":{"raw":1.0,"perc":33.333333333333329,"total":3.0}},"Small Group (2-9)":{"Police / Customs":{"raw":5.0,"perc":62.5,"total":8.0},"OBE":{"raw":2.0,"perc":25.0,"total":8.0},"Sleep Deprivation":{"raw":1.0,"perc":12.5,"total":8.0}},"Various":{"Migraines":{"raw":1.0,"perc":10.0,"total":10.0},"Police / Customs":{"raw":8.0,"perc":80.0,"total":10.0},"OBE":{"raw":1.0,"perc":10.0,"total":10.0}},"Alone":{"Dreams":{"raw":3.0,"perc":27.27272727272727,"total":11.0},"Conferences":{"raw":1.0,"perc":9.0909090909090917,"total":11.0},"Police / Customs":{"raw":2.0,"perc":18.181818181818183,"total":11.0},"Endogenous":{"raw":1.0,"perc":9.0909090909090917,"total":11.0},"Sleep Deprivation":{"raw":1.0,"perc":9.0909090909090917,"total":11.0},"Migraines":{"raw":1.0,"perc":9.0909090909090917,"total":11.0},"Drug Testing":{"raw":1.0,"perc":9.0909090909090917,"total":11.0},"Meditation":{"raw":1.0,"perc":9.0909090909090917,"total":11.0}},"Not Applicable":{"Breathing":{"raw":1.0,"perc":25.0,"total":4.0},"Hyperventilation":{"raw":1.0,"perc":25.0,"total":4.0},"Migraines":{"raw":1.0,"perc":25.0,"total":4.0},"Yoga / Bodywork":{"raw":1.0,"perc":25.0,"total":4.0}},"School":{"Drug Testing":{"raw":1.0,"perc":50.0,"total":2.0},"Police / Customs":{"raw":1.0,"perc":50.0,"total":2.0}},"Group Ceremony":{"Meditation":{"raw":1.0,"perc":100.0,"total":1.0}},"Festival / Lg. Crowd":{"Drug Testing":{"raw":1.0,"perc":100.0,"total":1.0}},"Large Group (10+)":{"Breathing":{"raw":1.0,"perc":100.0,"total":1.0}}},"First Times":{"Alone":{"Dreams":{"raw":26.0,"perc":46.428571428571431,"total":56.0},"Devices":{"raw":6.0,"perc":10.714285714285714,"total":56.0},"Devices - Mind Machine":{"raw":2.0,"perc":3.5714285714285712,"total":56.0},"Devices - Magnetic":{"raw":1.0,"perc":1.7857142857142856,"total":56.0},"Breathing":{"raw":1.0,"perc":1.7857142857142856,"total":56.0},"Hyperventilation":{"raw":1.0,"perc":1.7857142857142856,"total":56.0},"Sleep Deprivation":{"raw":1.0,"perc":1.7857142857142856,"total":56.0},"Yoga / Bodywork":{"raw":3.0,"perc":5.3571428571428568,"total":56.0},"Meditation":{"raw":5.0,"perc":8.9285714285714288,"total":56.0},"Nitrogen Narcosis":{"raw":1.0,"perc":1.7857142857142856,"total":56.0},"OBE":{"raw":1.0,"perc":1.7857142857142856,"total":56.0},"Endogenous":{"raw":2.0,"perc":3.5714285714285712,"total":56.0},"Floatation Tank":{"raw":3.0,"perc":5.3571428571428568,"total":56.0},"Mindfulness":{"raw":1.0,"perc":1.7857142857142856,"total":56.0},"Sweating":{"raw":1.0,"perc":1.7857142857142856,"total":56.0},"Fasting":{"raw":1.0,"perc":1.7857142857142856,"total":56.0}},"Various":{"Endogenous":{"raw":1.0,"perc":10.0,"total":10.0},"Police / Customs":{"raw":5.0,"perc":50.0,"total":10.0},"Sleep Deprivation":{"raw":1.0,"perc":10.0,"total":10.0},"Dreams":{"raw":1.0,"perc":10.0,"total":10.0},"Nitrogen Narcosis":{"raw":1.0,"perc":10.0,"total":10.0},"Yoga / Bodywork":{"raw":1.0,"perc":10.0,"total":10.0}},"Small Group (2-9)":{"Police / Customs":{"raw":6.0,"perc":16.216216216216218,"total":37.0},"Dreams":{"raw":7.0,"perc":18.918918918918919,"total":37.0},"Ritual":{"raw":2.0,"perc":5.4054054054054053,"total":37.0},"OBE":{"raw":7.0,"perc":18.918918918918919,"total":37.0},"Sleep Deprivation":{"raw":3.0,"perc":8.1081081081081088,"total":37.0},"Meditation":{"raw":5.0,"perc":13.513513513513514,"total":37.0},"Breathing":{"raw":2.0,"perc":5.4054054054054053,"total":37.0},"Hyperventilation":{"raw":1.0,"perc":2.7027027027027026,"total":37.0},"Endogenous":{"raw":1.0,"perc":2.7027027027027026,"total":37.0},"Guiding":{"raw":1.0,"perc":2.7027027027027026,"total":37.0},"Mindfulness":{"raw":1.0,"perc":2.7027027027027026,"total":37.0},"Yoga / Bodywork":{"raw":1.0,"perc":2.7027027027027026,"total":37.0}},"Unknown Context":{"Dreams":{"raw":1.0,"perc":33.333333333333329,"total":3.0},"Devices":{"raw":1.0,"perc":33.333333333333329,"total":3.0},"Devices - Magnetic":{"raw":1.0,"perc":33.333333333333329,"total":3.0}},"Large Group (10+)":{"Ritual":{"raw":1.0,"perc":50.0,"total":2.0},"Sleep Deprivation":{"raw":1.0,"perc":50.0,"total":2.0}},"Not Applicable":{"Endogenous":{"raw":1.0,"perc":33.333333333333329,"total":3.0},"Breathing":{"raw":1.0,"perc":33.333333333333329,"total":3.0},"Hyperventilation":{"raw":1.0,"perc":33.333333333333329,"total":3.0}},"Group Ceremony":{"Ritual":{"raw":5.0,"perc":50.0,"total":10.0},"Sweating":{"raw":3.0,"perc":30.0,"total":10.0},"Meditation":{"raw":1.0,"perc":10.0,"total":10.0},"Yoga / Bodywork":{"raw":1.0,"perc":10.0,"total":10.0}},"Festival / Lg. Crowd":{"Ritual":{"raw":1.0,"perc":100.0,"total":1.0}},"Rave / Dance Event":{"Police / Customs":{"raw":1.0,"perc":33.333333333333329,"total":3.0},"Meditation":{"raw":1.0,"perc":33.333333333333329,"total":3.0},"Dreams":{"raw":1.0,"perc":33.333333333333329,"total":3.0}},"Hospital":{"Police / Customs":{"raw":1.0,"perc":100.0,"total":1.0}}},"Preparation / Recipes":{"Alone":{"Dreams":{"raw":6.0,"perc":42.857142857142854,"total":14.0},"Ritual":{"raw":2.0,"perc":14.285714285714285,"total":14.0},"Yoga / Bodywork":{"raw":1.0,"perc":7.1428571428571423,"total":14.0},"Meditation":{"raw":2.0,"perc":14.285714285714285,"total":14.0},"Floatation Tank":{"raw":1.0,"perc":7.1428571428571423,"total":14.0},"Sweating":{"raw":1.0,"perc":7.1428571428571423,"total":14.0},"Sleep Deprivation":{"raw":1.0,"perc":7.1428571428571423,"total":14.0}},"Small Group (2-9)":{"Police / Customs":{"raw":1.0,"perc":33.333333333333329,"total":3.0},"Breathing":{"raw":1.0,"perc":33.333333333333329,"total":3.0},"Sweating":{"raw":1.0,"perc":33.333333333333329,"total":3.0}},"Not Applicable":{"Drug Testing":{"raw":4.0,"perc":66.666666666666657,"total":6.0},"Police / Customs":{"raw":1.0,"perc":16.666666666666664,"total":6.0},"Dreams":{"raw":1.0,"perc":16.666666666666664,"total":6.0}},"Festival / Lg. Crowd":{"Ritual":{"raw":1.0,"perc":100.0,"total":1.0}},"Various":{"Police / Customs":{"raw":2.0,"perc":66.666666666666657,"total":3.0},"Mindfulness":{"raw":1.0,"perc":33.333333333333329,"total":3.0}}},"Health Benefits":{"Various":{"Sleep Deprivation":{"raw":1.0,"perc":20.0,"total":5.0},"Fasting":{"raw":1.0,"perc":20.0,"total":5.0},"Migraines":{"raw":1.0,"perc":20.0,"total":5.0},"Mindfulness":{"raw":1.0,"perc":20.0,"total":5.0},"Meditation":{"raw":1.0,"perc":20.0,"total":5.0}},"Unknown Context":{"Fasting":{"raw":1.0,"perc":16.666666666666664,"total":6.0},"Migraines":{"raw":4.0,"perc":66.666666666666657,"total":6.0},"Meditation":{"raw":1.0,"perc":16.666666666666664,"total":6.0}},"Alone":{"Floatation Tank":{"raw":1.0,"perc":5.88235294117647,"total":17.0},"Meditation":{"raw":5.0,"perc":29.411764705882355,"total":17.0},"Ritual":{"raw":1.0,"perc":5.88235294117647,"total":17.0},"Dreams":{"raw":5.0,"perc":29.411764705882355,"total":17.0},"Devices":{"raw":1.0,"perc":5.88235294117647,"total":17.0},"Devices - Mind Machine":{"raw":1.0,"perc":5.88235294117647,"total":17.0},"Breathing":{"raw":1.0,"perc":5.88235294117647,"total":17.0},"Migraines":{"raw":1.0,"perc":5.88235294117647,"total":17.0},"Sweating":{"raw":1.0,"perc":5.88235294117647,"total":17.0}},"Not Applicable":{"Migraines":{"raw":5.0,"perc":62.5,"total":8.0},"Dreams":{"raw":2.0,"perc":25.0,"total":8.0},"Fasting":{"raw":1.0,"perc":12.5,"total":8.0}},"Small Group (2-9)":{"Migraines":{"raw":1.0,"perc":14.285714285714285,"total":7.0},"Yoga / Bodywork":{"raw":2.0,"perc":28.571428571428569,"total":7.0},"Devices":{"raw":1.0,"perc":14.285714285714285,"total":7.0},"Devices - Mind Machine":{"raw":1.0,"perc":14.285714285714285,"total":7.0},"Sleep Deprivation":{"raw":1.0,"perc":14.285714285714285,"total":7.0},"Mindfulness":{"raw":1.0,"perc":14.285714285714285,"total":7.0}},"School":{"Police / Customs":{"raw":1.0,"perc":100.0,"total":1.0}}},"Nature / Outdoors":{"Small Group (2-9)":{"Nitrogen Narcosis":{"raw":1.0,"perc":7.1428571428571423,"total":14.0},"OBE":{"raw":1.0,"perc":7.1428571428571423,"total":14.0},"Police / Customs":{"raw":1.0,"perc":7.1428571428571423,"total":14.0},"Guiding":{"raw":2.0,"perc":14.285714285714285,"total":14.0},"Mindfulness":{"raw":1.0,"perc":7.1428571428571423,"total":14.0},"Meditation":{"raw":3.0,"perc":21.428571428571427,"total":14.0},"Dreams":{"raw":1.0,"perc":7.1428571428571423,"total":14.0},"Breathing":{"raw":1.0,"perc":7.1428571428571423,"total":14.0},"Music":{"raw":1.0,"perc":7.1428571428571423,"total":14.0},"Yoga / Bodywork":{"raw":1.0,"perc":7.1428571428571423,"total":14.0},"Ritual":{"raw":1.0,"perc":7.1428571428571423,"total":14.0}},"Various":{"Conferences":{"raw":1.0,"perc":16.666666666666664,"total":6.0},"Ritual":{"raw":1.0,"perc":16.666666666666664,"total":6.0},"Humor":{"raw":1.0,"perc":16.666666666666664,"total":6.0},"Police / Customs":{"raw":2.0,"perc":33.333333333333329,"total":6.0},"Mindfulness":{"raw":1.0,"perc":16.666666666666664,"total":6.0}},"Alone":{"Fasting":{"raw":2.0,"perc":28.571428571428569,"total":7.0},"Ritual":{"raw":1.0,"perc":14.285714285714285,"total":7.0},"Yoga / Bodywork":{"raw":2.0,"perc":28.571428571428569,"total":7.0},"Mindfulness":{"raw":1.0,"perc":14.285714285714285,"total":7.0},"Meditation":{"raw":1.0,"perc":14.285714285714285,"total":7.0}},"Not Applicable":{"Dreams":{"raw":1.0,"perc":100.0,"total":1.0}}},"Music Discussion":{"Small Group (2-9)":{"Sleep Deprivation":{"raw":2.0,"perc":22.222222222222221,"total":9.0},"Yoga / Bodywork":{"raw":2.0,"perc":22.222222222222221,"total":9.0},"Devices":{"raw":1.0,"perc":11.111111111111111,"total":9.0},"Devices - Mind Machine":{"raw":1.0,"perc":11.111111111111111,"total":9.0},"Ritual":{"raw":1.0,"perc":11.111111111111111,"total":9.0},"Meditation":{"raw":1.0,"perc":11.111111111111111,"total":9.0},"OBE":{"raw":1.0,"perc":11.111111111111111,"total":9.0}},"Alone":{"Yoga / Bodywork":{"raw":3.0,"perc":21.428571428571427,"total":14.0},"Devices":{"raw":3.0,"perc":21.428571428571427,"total":14.0},"Devices - Mind Machine":{"raw":1.0,"perc":7.1428571428571423,"total":14.0},"Migraines":{"raw":1.0,"perc":7.1428571428571423,"total":14.0},"Ritual":{"raw":1.0,"perc":7.1428571428571423,"total":14.0},"Meditation":{"raw":4.0,"perc":28.571428571428569,"total":14.0},"Dreams":{"raw":1.0,"perc":7.1428571428571423,"total":14.0}},"Large Group (10+)":{"Sleep Deprivation":{"raw":1.0,"perc":100.0,"total":1.0}},"Various":{"Police / Customs":{"raw":3.0,"perc":75.0,"total":4.0},"Meditation":{"raw":1.0,"perc":25.0,"total":4.0}},"Group Ceremony":{"Meditation":{"raw":1.0,"perc":50.0,"total":2.0},"Ritual":{"raw":1.0,"perc":50.0,"total":2.0}},"Not Applicable":{"Mindfulness":{"raw":1.0,"perc":100.0,"total":1.0}},"Club / Bar":{"Police / Customs":{"raw":1.0,"perc":100.0,"total":1.0}},"Rave / Dance Event":{"Police / Customs":{"raw":1.0,"perc":100.0,"total":1.0}},"Festival / Lg. Crowd":{"Sleep Deprivation":{"raw":1.0,"perc":50.0,"total":2.0},"Police / Customs":{"raw":1.0,"perc":50.0,"total":2.0}}},"Personal Preparation":{"Alone":{"Ritual":{"raw":2.0,"perc":20.0,"total":10.0},"Meditation":{"raw":3.0,"perc":30.0,"total":10.0},"Fasting":{"raw":3.0,"perc":30.0,"total":10.0},"OBE":{"raw":1.0,"perc":10.0,"total":10.0},"Mindfulness":{"raw":1.0,"perc":10.0,"total":10.0}},"Not Applicable":{"Drug Testing":{"raw":1.0,"perc":100.0,"total":1.0}},"Small Group (2-9)":{"Ritual":{"raw":1.0,"perc":33.333333333333329,"total":3.0},"Meditation":{"raw":2.0,"perc":66.666666666666657,"total":3.0}},"Various":{"Fasting":{"raw":1.0,"perc":25.0,"total":4.0},"Ritual":{"raw":1.0,"perc":25.0,"total":4.0},"Police / Customs":{"raw":1.0,"perc":25.0,"total":4.0},"Mindfulness":{"raw":1.0,"perc":25.0,"total":4.0}},"Group Ceremony":{"Ritual":{"raw":1.0,"perc":100.0,"total":1.0}}},"Entities / Beings":{"Alone":{"Yoga / Bodywork":{"raw":4.0,"perc":9.0909090909090917,"total":44.0},"Breathing":{"raw":2.0,"perc":4.5454545454545459,"total":44.0},"Dreams":{"raw":15.0,"perc":34.090909090909086,"total":44.0},"Fasting":{"raw":4.0,"perc":9.0909090909090917,"total":44.0},"Police / Customs":{"raw":3.0,"perc":6.8181818181818175,"total":44.0},"Meditation":{"raw":5.0,"perc":11.363636363636363,"total":44.0},"OBE":{"raw":4.0,"perc":9.0909090909090917,"total":44.0},"Migraines":{"raw":1.0,"perc":2.2727272727272729,"total":44.0},"Ritual":{"raw":1.0,"perc":2.2727272727272729,"total":44.0},"Devices":{"raw":1.0,"perc":2.2727272727272729,"total":44.0},"Devices - Mind Machine":{"raw":1.0,"perc":2.2727272727272729,"total":44.0},"Endogenous":{"raw":1.0,"perc":2.2727272727272729,"total":44.0},"Mindfulness":{"raw":1.0,"perc":2.2727272727272729,"total":44.0},"Chanting":{"raw":1.0,"perc":2.2727272727272729,"total":44.0}},"Various":{"Sleep Deprivation":{"raw":2.0,"perc":16.666666666666664,"total":12.0},"Police / Customs":{"raw":2.0,"perc":16.666666666666664,"total":12.0},"Conferences":{"raw":1.0,"perc":8.3333333333333321,"total":12.0},"Ritual":{"raw":1.0,"perc":8.3333333333333321,"total":12.0},"Nitrogen Narcosis":{"raw":1.0,"perc":8.3333333333333321,"total":12.0},"Humor":{"raw":1.0,"perc":8.3333333333333321,"total":12.0},"Meditation":{"raw":2.0,"perc":16.666666666666664,"total":12.0},"Mindfulness":{"raw":2.0,"perc":16.666666666666664,"total":12.0}},"Small Group (2-9)":{"Yoga / Bodywork":{"raw":1.0,"perc":4.5454545454545459,"total":22.0},"OBE":{"raw":8.0,"perc":36.363636363636367,"total":22.0},"Dreams":{"raw":3.0,"perc":13.636363636363635,"total":22.0},"Police / Customs":{"raw":3.0,"perc":13.636363636363635,"total":22.0},"Sleep Deprivation":{"raw":1.0,"perc":4.5454545454545459,"total":22.0},"Ritual":{"raw":1.0,"perc":4.5454545454545459,"total":22.0},"Devices":{"raw":1.0,"perc":4.5454545454545459,"total":22.0},"Meditation":{"raw":3.0,"perc":13.636363636363635,"total":22.0},"Mindfulness":{"raw":1.0,"perc":4.5454545454545459,"total":22.0}},"Hospital":{"Meditation":{"raw":1.0,"perc":100.0,"total":1.0}},"Large Group (10+)":{"Meditation":{"raw":1.0,"perc":100.0,"total":1.0}},"Group Ceremony":{"Ritual":{"raw":6.0,"perc":85.714285714285708,"total":7.0},"Sweating":{"raw":1.0,"perc":14.285714285714285,"total":7.0}},"Unknown Context":{"Endogenous":{"raw":1.0,"perc":100.0,"total":1.0}},"Not Applicable":{"OBE":{"raw":1.0,"perc":33.333333333333329,"total":3.0},"Dreams":{"raw":2.0,"perc":66.666666666666657,"total":3.0}}},"HPPD / Lasting Visuals":{"Hospital":{"Endogenous":{"raw":1.0,"perc":50.0,"total":2.0},"Sleep Deprivation":{"raw":1.0,"perc":50.0,"total":2.0}},"Small Group (2-9)":{"Sleep Deprivation":{"raw":1.0,"perc":50.0,"total":2.0},"Police / Customs":{"raw":1.0,"perc":50.0,"total":2.0}},"Alone":{"Endogenous":{"raw":1.0,"perc":100.0,"total":1.0}}},"Overdose":{"Hospital":{"Endogenous":{"raw":1.0,"perc":25.0,"total":4.0},"Police / Customs":{"raw":3.0,"perc":75.0,"total":4.0}},"Alone":{"Police / Customs":{"raw":2.0,"perc":66.666666666666657,"total":3.0},"Conferences":{"raw":1.0,"perc":33.333333333333329,"total":3.0}},"Unknown Context":{"Dreams":{"raw":1.0,"perc":100.0,"total":1.0}},"Various":{"Dreams":{"raw":1.0,"perc":50.0,"total":2.0},"Sleep Deprivation":{"raw":1.0,"perc":50.0,"total":2.0}},"School":{"Drug Testing":{"raw":1.0,"perc":100.0,"total":1.0}},"Small Group (2-9)":{"OBE":{"raw":2.0,"perc":50.0,"total":4.0},"Police / Customs":{"raw":1.0,"perc":25.0,"total":4.0},"Sleep Deprivation":{"raw":1.0,"perc":25.0,"total":4.0}}},"Families":{"Group Ceremony":{"Breathing":{"raw":1.0,"perc":50.0,"total":2.0},"Hyperventilation":{"raw":1.0,"perc":50.0,"total":2.0}},"Alone":{"Yoga / Bodywork":{"raw":1.0,"perc":100.0,"total":1.0}},"Small Group (2-9)":{"Police / Customs":{"raw":1.0,"perc":100.0,"total":1.0}}},"Guides / Sitters":{"Group Ceremony":{"Breathing":{"raw":1.0,"perc":8.3333333333333321,"total":12.0},"Hyperventilation":{"raw":1.0,"perc":8.3333333333333321,"total":12.0},"Meditation":{"raw":1.0,"perc":8.3333333333333321,"total":12.0},"Ritual":{"raw":8.0,"perc":66.666666666666657,"total":12.0},"Yoga / Bodywork":{"raw":1.0,"perc":8.3333333333333321,"total":12.0}},"Rave / Dance Event":{"Guiding":{"raw":1.0,"perc":100.0,"total":1.0}},"Small Group (2-9)":{"OBE":{"raw":3.0,"perc":21.428571428571427,"total":14.0},"Meditation":{"raw":2.0,"perc":14.285714285714285,"total":14.0},"Dreams":{"raw":1.0,"perc":7.1428571428571423,"total":14.0},"Guiding":{"raw":2.0,"perc":14.285714285714285,"total":14.0},"Ritual":{"raw":2.0,"perc":14.285714285714285,"total":14.0},"Sleep Deprivation":{"raw":1.0,"perc":7.1428571428571423,"total":14.0},"Yoga / Bodywork":{"raw":1.0,"perc":7.1428571428571423,"total":14.0},"Mindfulness":{"raw":1.0,"perc":7.1428571428571423,"total":14.0},"Endogenous":{"raw":1.0,"perc":7.1428571428571423,"total":14.0}},"Alone":{"Conferences":{"raw":1.0,"perc":50.0,"total":2.0},"Meditation":{"raw":1.0,"perc":50.0,"total":2.0}},"Festival / Lg. Crowd":{"Sleep Deprivation":{"raw":1.0,"perc":100.0,"total":1.0}},"Various":{"Police / Customs":{"raw":2.0,"perc":100.0,"total":2.0}}},"Medical Use":{"Not Applicable":{"Migraines":{"raw":3.0,"perc":25.0,"total":12.0},"Dreams":{"raw":3.0,"perc":25.0,"total":12.0},"Drug Testing":{"raw":5.0,"perc":41.666666666666671,"total":12.0},"Endogenous":{"raw":1.0,"perc":8.3333333333333321,"total":12.0}},"Unknown Context":{"Migraines":{"raw":2.0,"perc":66.666666666666657,"total":3.0},"Endogenous":{"raw":1.0,"perc":33.333333333333329,"total":3.0}},"Hospital":{"Dreams":{"raw":1.0,"perc":50.0,"total":2.0},"Breathing":{"raw":1.0,"perc":50.0,"total":2.0}},"Alone":{"Sleep Deprivation":{"raw":1.0,"perc":8.3333333333333321,"total":12.0},"OBE":{"raw":1.0,"perc":8.3333333333333321,"total":12.0},"Dreams":{"raw":7.0,"perc":58.333333333333336,"total":12.0},"Migraines":{"raw":2.0,"perc":16.666666666666664,"total":12.0},"Endogenous":{"raw":1.0,"perc":8.3333333333333321,"total":12.0}},"Small Group (2-9)":{"Migraines":{"raw":1.0,"perc":100.0,"total":1.0}}},"Second Hand Report":{"Small Group (2-9)":{"Drug Testing":{"raw":1.0,"perc":7.1428571428571423,"total":14.0},"Police / Customs":{"raw":7.0,"perc":50.0,"total":14.0},"Migraines":{"raw":1.0,"perc":7.1428571428571423,"total":14.0},"OBE":{"raw":1.0,"perc":7.1428571428571423,"total":14.0},"Meditation":{"raw":1.0,"perc":7.1428571428571423,"total":14.0},"Dreams":{"raw":2.0,"perc":14.285714285714285,"total":14.0},"Conferences":{"raw":1.0,"perc":7.1428571428571423,"total":14.0}},"Hospital":{"Police / Customs":{"raw":1.0,"perc":100.0,"total":1.0}},"Not Applicable":{"Drug Testing":{"raw":2.0,"perc":100.0,"total":2.0}},"Unknown Context":{"Endogenous":{"raw":1.0,"perc":100.0,"total":1.0}}},"Relationships":{"Small Group (2-9)":{"Ritual":{"raw":2.0,"perc":20.0,"total":10.0},"Yoga / Bodywork":{"raw":1.0,"perc":10.0,"total":10.0},"Devices":{"raw":2.0,"perc":20.0,"total":10.0},"Devices - Mind Machine":{"raw":1.0,"perc":10.0,"total":10.0},"Migraines":{"raw":1.0,"perc":10.0,"total":10.0},"Mindfulness":{"raw":1.0,"perc":10.0,"total":10.0},"Meditation":{"raw":1.0,"perc":10.0,"total":10.0},"OBE":{"raw":1.0,"perc":10.0,"total":10.0}},"Not Applicable":{"Dreams":{"raw":1.0,"perc":100.0,"total":1.0}},"Rave / Dance Event":{"Meditation":{"raw":1.0,"perc":100.0,"total":1.0}},"Various":{"Fasting":{"raw":1.0,"perc":20.0,"total":5.0},"Police / Customs":{"raw":2.0,"perc":40.0,"total":5.0},"Meditation":{"raw":1.0,"perc":20.0,"total":5.0},"Mindfulness":{"raw":1.0,"perc":20.0,"total":5.0}},"Club / Bar":{"Police / Customs":{"raw":1.0,"perc":100.0,"total":1.0}},"Festival / Lg. Crowd":{"Sleep Deprivation":{"raw":1.0,"perc":100.0,"total":1.0}},"Group Ceremony":{"Ritual":{"raw":1.0,"perc":100.0,"total":1.0}},"Alone":{"Meditation":{"raw":1.0,"perc":50.0,"total":2.0},"Mindfulness":{"raw":1.0,"perc":50.0,"total":2.0}}},"Hangover / Days After":{"Alone":{"Dreams":{"raw":5.0,"perc":29.411764705882355,"total":17.0},"Conferences":{"raw":1.0,"perc":5.88235294117647,"total":17.0},"Police / Customs":{"raw":2.0,"perc":11.76470588235294,"total":17.0},"Sleep Deprivation":{"raw":3.0,"perc":17.647058823529413,"total":17.0},"Floatation Tank":{"raw":1.0,"perc":5.88235294117647,"total":17.0},"Endogenous":{"raw":1.0,"perc":5.88235294117647,"total":17.0},"Migraines":{"raw":1.0,"perc":5.88235294117647,"total":17.0},"Sound (non-music)":{"raw":1.0,"perc":5.88235294117647,"total":17.0},"Meditation":{"raw":1.0,"perc":5.88235294117647,"total":17.0},"OBE":{"raw":1.0,"perc":5.88235294117647,"total":17.0}},"Various":{"Sleep Deprivation":{"raw":2.0,"perc":33.333333333333329,"total":6.0},"Police / Customs":{"raw":3.0,"perc":50.0,"total":6.0},"Music":{"raw":1.0,"perc":16.666666666666664,"total":6.0}},"Small Group (2-9)":{"Yoga / Bodywork":{"raw":1.0,"perc":16.666666666666664,"total":6.0},"Sleep Deprivation":{"raw":1.0,"perc":16.666666666666664,"total":6.0},"Dreams":{"raw":1.0,"perc":16.666666666666664,"total":6.0},"OBE":{"raw":2.0,"perc":33.333333333333329,"total":6.0},"Migraines":{"raw":1.0,"perc":16.666666666666664,"total":6.0}},"Unknown Context":{"Migraines":{"raw":1.0,"perc":50.0,"total":2.0},"Sleep Deprivation":{"raw":1.0,"perc":50.0,"total":2.0}},"Hospital":{"Meditation":{"raw":1.0,"perc":33.333333333333329,"total":3.0},"Police / Customs":{"raw":2.0,"perc":66.666666666666657,"total":3.0}},"School":{"OBE":{"raw":1.0,"perc":50.0,"total":2.0},"Police / Customs":{"raw":1.0,"perc":50.0,"total":2.0}},"Not Applicable":{"Dreams":{"raw":1.0,"perc":33.333333333333329,"total":3.0},"Sleep Deprivation":{"raw":1.0,"perc":33.333333333333329,"total":3.0},"Endogenous":{"raw":1.0,"perc":33.333333333333329,"total":3.0}},"Group Ceremony":{"Meditation":{"raw":1.0,"perc":100.0,"total":1.0}},"Festival / Lg. Crowd":{"Sleep Deprivation":{"raw":1.0,"perc":100.0,"total":1.0}}},"Loss of Magic":{"Various":{"Sleep Deprivation":{"raw":2.0,"perc":100.0,"total":2.0}},"Rave / Dance Event":{"Meditation":{"raw":1.0,"perc":100.0,"total":1.0}}},"Therapeutic Intent or Outcome":{"Small Group (2-9)":{"Meditation":{"raw":1.0,"perc":100.0,"total":1.0}},"Various":{"Humor":{"raw":1.0,"perc":25.0,"total":4.0},"Yoga / Bodywork":{"raw":1.0,"perc":25.0,"total":4.0},"Meditation":{"raw":1.0,"perc":25.0,"total":4.0},"Mindfulness":{"raw":1.0,"perc":25.0,"total":4.0}},"Alone":{"Endogenous":{"raw":1.0,"perc":8.3333333333333321,"total":12.0},"Yoga / Bodywork":{"raw":1.0,"perc":8.3333333333333321,"total":12.0},"Music":{"raw":1.0,"perc":8.3333333333333321,"total":12.0},"Dreams":{"raw":6.0,"perc":50.0,"total":12.0},"Meditation":{"raw":1.0,"perc":8.3333333333333321,"total":12.0},"Mindfulness":{"raw":1.0,"perc":8.3333333333333321,"total":12.0},"Fasting":{"raw":1.0,"perc":8.3333333333333321,"total":12.0}},"Group Ceremony":{"Ritual":{"raw":6.0,"perc":85.714285714285708,"total":7.0},"Meditation":{"raw":1.0,"perc":14.285714285714285,"total":7.0}},"Hospital":{"Breathing":{"raw":1.0,"perc":50.0,"total":2.0},"Police / Customs":{"raw":1.0,"perc":50.0,"total":2.0}},"Not Applicable":{"Meditation":{"raw":1.0,"perc":100.0,"total":1.0}},"Unknown Context":{"Migraines":{"raw":1.0,"perc":100.0,"total":1.0}}},"Poetry":{"Various":{"Conferences":{"raw":1.0,"perc":100.0,"total":1.0}},"Alone":{"Meditation":{"raw":1.0,"perc":100.0,"total":1.0}}},"What Was in That?":{"Small Group (2-9)":{"Sleep Deprivation":{"raw":1.0,"perc":50.0,"total":2.0},"Migraines":{"raw":1.0,"perc":50.0,"total":2.0}},"Various":{"Music":{"raw":1.0,"perc":100.0,"total":1.0}},"Alone":{"OBE":{"raw":1.0,"perc":50.0,"total":2.0},"Meditation":{"raw":1.0,"perc":50.0,"total":2.0}}},"Performance Enhancement":{"Various":{"Humor":{"raw":1.0,"perc":50.0,"total":2.0},"Police / Customs":{"raw":1.0,"perc":50.0,"total":2.0}},"Not Applicable":{"Sleep Deprivation":{"raw":1.0,"perc":50.0,"total":2.0},"Yoga / Bodywork":{"raw":1.0,"perc":50.0,"total":2.0}},"Alone":{"Sleep Deprivation":{"raw":2.0,"perc":100.0,"total":2.0}}}}