{"General":{"Not-Specified":{"Drug Testing":{"raw":9.0,"perc":25.0,"total":36.0},"Sleep Deprivation":{"raw":1.0,"perc":2.7777777777777777,"total":36.0},"OBE":{"raw":3.0,"perc":8.3333333333333321,"total":36.0},"Dreams":{"raw":10.0,"perc":27.777777777777779,"total":36.0},"Meditation":{"raw":3.0,"perc":8.3333333333333321,"total":36.0},"Conferences":{"raw":9.0,"perc":25.0,"total":36.0},"Yoga / Bodywork":{"raw":1.0,"perc":2.7777777777777777,"total":36.0}},"Male":{"Dreams":{"raw":89.0,"perc":23.860589812332439,"total":373.0},"Drug Testing":{"raw":94.0,"perc":25.201072386058982,"total":373.0},"Police / Customs":{"raw":34.0,"perc":9.1152815013404833,"total":373.0},"Meditation":{"raw":32.0,"perc":8.5790884718498663,"total":373.0},"OBE":{"raw":17.0,"perc":4.5576407506702417,"total":373.0},"Endogenous":{"raw":7.0,"perc":1.8766756032171581,"total":373.0},"Breathing":{"raw":10.0,"perc":2.6809651474530831,"total":373.0},"Hyperventilation":{"raw":5.0,"perc":1.3404825737265416,"total":373.0},"Sleep Deprivation":{"raw":25.0,"perc":6.7024128686327078,"total":373.0},"Floatation Tank":{"raw":3.0,"perc":0.80428954423592491,"total":373.0},"Fasting":{"raw":8.0,"perc":2.1447721179624666,"total":373.0},"Nitrogen Narcosis":{"raw":5.0,"perc":1.3404825737265416,"total":373.0},"Yoga / Bodywork":{"raw":11.0,"perc":2.9490616621983912,"total":373.0},"Ritual":{"raw":6.0,"perc":1.6085790884718498,"total":373.0},"Devices":{"raw":7.0,"perc":1.8766756032171581,"total":373.0},"Devices - Mind Machine":{"raw":4.0,"perc":1.0723860589812333,"total":373.0},"Sweating":{"raw":3.0,"perc":0.80428954423592491,"total":373.0},"Conferences":{"raw":3.0,"perc":0.80428954423592491,"total":373.0},"Mindfulness":{"raw":2.0,"perc":0.53619302949061665,"total":373.0},"Migraines":{"raw":1.0,"perc":0.26809651474530832,"total":373.0},"Humor":{"raw":3.0,"perc":0.80428954423592491,"total":373.0},"Guiding":{"raw":1.0,"perc":0.26809651474530832,"total":373.0},"Music":{"raw":3.0,"perc":0.80428954423592491,"total":373.0}},"Female":{"Yoga / Bodywork":{"raw":6.0,"perc":10.526315789473683,"total":57.0},"Meditation":{"raw":1.0,"perc":1.7543859649122806,"total":57.0},"Dreams":{"raw":10.0,"perc":17.543859649122805,"total":57.0},"Drug Testing":{"raw":18.0,"perc":31.578947368421051,"total":57.0},"Police / Customs":{"raw":3.0,"perc":5.2631578947368416,"total":57.0},"Fasting":{"raw":1.0,"perc":1.7543859649122806,"total":57.0},"Sleep Deprivation":{"raw":3.0,"perc":5.2631578947368416,"total":57.0},"OBE":{"raw":2.0,"perc":3.5087719298245612,"total":57.0},"Sweating":{"raw":1.0,"perc":1.7543859649122806,"total":57.0},"Devices":{"raw":3.0,"perc":5.2631578947368416,"total":57.0},"Devices - Mind Machine":{"raw":2.0,"perc":3.5087719298245612,"total":57.0},"Ritual":{"raw":2.0,"perc":3.5087719298245612,"total":57.0},"Conferences":{"raw":1.0,"perc":1.7543859649122806,"total":57.0},"Endogenous":{"raw":2.0,"perc":3.5087719298245612,"total":57.0},"Mindfulness":{"raw":2.0,"perc":3.5087719298245612,"total":57.0}}},"Difficult Experiences":{"Male":{"Sleep Deprivation":{"raw":11.0,"perc":15.277777777777779,"total":72.0},"Ritual":{"raw":4.0,"perc":5.5555555555555554,"total":72.0},"Dreams":{"raw":6.0,"perc":8.3333333333333321,"total":72.0},"Police / Customs":{"raw":21.0,"perc":29.166666666666668,"total":72.0},"OBE":{"raw":8.0,"perc":11.111111111111111,"total":72.0},"Devices":{"raw":1.0,"perc":1.3888888888888888,"total":72.0},"Devices - Mind Machine":{"raw":1.0,"perc":1.3888888888888888,"total":72.0},"Fasting":{"raw":3.0,"perc":4.1666666666666661,"total":72.0},"Endogenous":{"raw":4.0,"perc":5.5555555555555554,"total":72.0},"Drug Testing":{"raw":2.0,"perc":2.7777777777777777,"total":72.0},"Chanting":{"raw":1.0,"perc":1.3888888888888888,"total":72.0},"Migraines":{"raw":1.0,"perc":1.3888888888888888,"total":72.0},"Nitrogen Narcosis":{"raw":1.0,"perc":1.3888888888888888,"total":72.0},"Meditation":{"raw":4.0,"perc":5.5555555555555554,"total":72.0},"Humor":{"raw":2.0,"perc":2.7777777777777777,"total":72.0},"Sound (non-music)":{"raw":1.0,"perc":1.3888888888888888,"total":72.0},"Conferences":{"raw":1.0,"perc":1.3888888888888888,"total":72.0}},"Not-Specified":{"Endogenous":{"raw":1.0,"perc":16.666666666666664,"total":6.0},"OBE":{"raw":1.0,"perc":16.666666666666664,"total":6.0},"Sleep Deprivation":{"raw":3.0,"perc":50.0,"total":6.0},"Dreams":{"raw":1.0,"perc":16.666666666666664,"total":6.0}},"Female":{"Dreams":{"raw":5.0,"perc":45.454545454545453,"total":11.0},"Police / Customs":{"raw":3.0,"perc":27.27272727272727,"total":11.0},"OBE":{"raw":2.0,"perc":18.181818181818183,"total":11.0},"Sleep Deprivation":{"raw":1.0,"perc":9.0909090909090917,"total":11.0}}},"Health Problems":{"Male":{"Sleep Deprivation":{"raw":6.0,"perc":16.666666666666664,"total":36.0},"Floatation Tank":{"raw":1.0,"perc":2.7777777777777777,"total":36.0},"Dreams":{"raw":4.0,"perc":11.111111111111111,"total":36.0},"Migraines":{"raw":5.0,"perc":13.888888888888889,"total":36.0},"Drug Testing":{"raw":2.0,"perc":5.5555555555555554,"total":36.0},"Police / Customs":{"raw":4.0,"perc":11.111111111111111,"total":36.0},"Breathing":{"raw":3.0,"perc":8.3333333333333321,"total":36.0},"Hyperventilation":{"raw":2.0,"perc":5.5555555555555554,"total":36.0},"Meditation":{"raw":2.0,"perc":5.5555555555555554,"total":36.0},"Endogenous":{"raw":6.0,"perc":16.666666666666664,"total":36.0},"Humor":{"raw":1.0,"perc":2.7777777777777777,"total":36.0}},"Not-Specified":{"Endogenous":{"raw":2.0,"perc":66.666666666666657,"total":3.0},"Sleep Deprivation":{"raw":1.0,"perc":33.333333333333329,"total":3.0}},"Female":{"Migraines":{"raw":1.0,"perc":14.285714285714285,"total":7.0},"Yoga / Bodywork":{"raw":1.0,"perc":14.285714285714285,"total":7.0},"Drug Testing":{"raw":1.0,"perc":14.285714285714285,"total":7.0},"Sleep Deprivation":{"raw":2.0,"perc":28.571428571428569,"total":7.0},"Conferences":{"raw":1.0,"perc":14.285714285714285,"total":7.0},"OBE":{"raw":1.0,"perc":14.285714285714285,"total":7.0}}},"Bad Trips":{"Not-Specified":{"Endogenous":{"raw":1.0,"perc":100.0,"total":1.0}},"Male":{"Police / Customs":{"raw":13.0,"perc":54.166666666666664,"total":24.0},"Meditation":{"raw":1.0,"perc":4.1666666666666661,"total":24.0},"Sleep Deprivation":{"raw":3.0,"perc":12.5,"total":24.0},"Drug Testing":{"raw":2.0,"perc":8.3333333333333321,"total":24.0},"Endogenous":{"raw":3.0,"perc":12.5,"total":24.0},"OBE":{"raw":1.0,"perc":4.1666666666666661,"total":24.0},"Humor":{"raw":1.0,"perc":4.1666666666666661,"total":24.0}},"Female":{"Police / Customs":{"raw":2.0,"perc":50.0,"total":4.0},"Sleep Deprivation":{"raw":1.0,"perc":25.0,"total":4.0},"Drug Testing":{"raw":1.0,"perc":25.0,"total":4.0}}},"Retrospective / Summary":{"Not-Specified":{"Drug Testing":{"raw":3.0,"perc":25.0,"total":12.0},"Meditation":{"raw":3.0,"perc":25.0,"total":12.0},"Yoga / Bodywork":{"raw":1.0,"perc":8.3333333333333321,"total":12.0},"Dreams":{"raw":4.0,"perc":33.333333333333329,"total":12.0},"Fasting":{"raw":1.0,"perc":8.3333333333333321,"total":12.0}},"Male":{"Meditation":{"raw":25.0,"perc":18.248175182481752,"total":137.0},"Police / Customs":{"raw":11.0,"perc":8.02919708029197,"total":137.0},"Sleep Deprivation":{"raw":5.0,"perc":3.64963503649635,"total":137.0},"Dreams":{"raw":48.0,"perc":35.036496350364963,"total":137.0},"Guiding":{"raw":2.0,"perc":1.4598540145985401,"total":137.0},"Ritual":{"raw":5.0,"perc":3.64963503649635,"total":137.0},"Endogenous":{"raw":4.0,"perc":2.9197080291970803,"total":137.0},"Yoga / Bodywork":{"raw":4.0,"perc":2.9197080291970803,"total":137.0},"Migraines":{"raw":4.0,"perc":2.9197080291970803,"total":137.0},"Mindfulness":{"raw":2.0,"perc":1.4598540145985401,"total":137.0},"Sweating":{"raw":2.0,"perc":1.4598540145985401,"total":137.0},"Breathing":{"raw":3.0,"perc":2.18978102189781,"total":137.0},"OBE":{"raw":3.0,"perc":2.18978102189781,"total":137.0},"Drug Testing":{"raw":8.0,"perc":5.8394160583941606,"total":137.0},"Devices":{"raw":1.0,"perc":0.72992700729927007,"total":137.0},"Devices - Mind Machine":{"raw":1.0,"perc":0.72992700729927007,"total":137.0},"Conferences":{"raw":1.0,"perc":0.72992700729927007,"total":137.0},"Fasting":{"raw":6.0,"perc":4.37956204379562,"total":137.0},"Nitrogen Narcosis":{"raw":1.0,"perc":0.72992700729927007,"total":137.0},"Humor":{"raw":1.0,"perc":0.72992700729927007,"total":137.0}},"Female":{"Migraines":{"raw":2.0,"perc":13.333333333333334,"total":15.0},"Police / Customs":{"raw":2.0,"perc":13.333333333333334,"total":15.0},"Meditation":{"raw":2.0,"perc":13.333333333333334,"total":15.0},"Sleep Deprivation":{"raw":1.0,"perc":6.666666666666667,"total":15.0},"Conferences":{"raw":1.0,"perc":6.666666666666667,"total":15.0},"Fasting":{"raw":1.0,"perc":6.666666666666667,"total":15.0},"Ritual":{"raw":1.0,"perc":6.666666666666667,"total":15.0},"Dreams":{"raw":2.0,"perc":13.333333333333334,"total":15.0},"Drug Testing":{"raw":1.0,"perc":6.666666666666667,"total":15.0},"Yoga / Bodywork":{"raw":1.0,"perc":6.666666666666667,"total":15.0},"Mindfulness":{"raw":1.0,"perc":6.666666666666667,"total":15.0}}},"Sex Discussion":{"Male":{"Ritual":{"raw":4.0,"perc":26.666666666666668,"total":15.0},"Yoga / Bodywork":{"raw":1.0,"perc":6.666666666666667,"total":15.0},"Dreams":{"raw":4.0,"perc":26.666666666666668,"total":15.0},"Sleep Deprivation":{"raw":1.0,"perc":6.666666666666667,"total":15.0},"OBE":{"raw":2.0,"perc":13.333333333333334,"total":15.0},"Meditation":{"raw":2.0,"perc":13.333333333333334,"total":15.0},"Sweating":{"raw":1.0,"perc":6.666666666666667,"total":15.0}},"Not-Specified":{"Dreams":{"raw":1.0,"perc":100.0,"total":1.0}},"Female":{"Sleep Deprivation":{"raw":1.0,"perc":20.0,"total":5.0},"Dreams":{"raw":1.0,"perc":20.0,"total":5.0},"Meditation":{"raw":1.0,"perc":20.0,"total":5.0},"Breathing":{"raw":1.0,"perc":20.0,"total":5.0},"Yoga / Bodywork":{"raw":1.0,"perc":20.0,"total":5.0}}},"Glowing Experiences":{"Male":{"Ritual":{"raw":7.0,"perc":6.3636363636363633,"total":110.0},"Police / Customs":{"raw":5.0,"perc":4.5454545454545459,"total":110.0},"Yoga / Bodywork":{"raw":14.0,"perc":12.727272727272727,"total":110.0},"Meditation":{"raw":24.0,"perc":21.818181818181817,"total":110.0},"Endogenous":{"raw":2.0,"perc":1.8181818181818181,"total":110.0},"Dreams":{"raw":24.0,"perc":21.818181818181817,"total":110.0},"Guiding":{"raw":2.0,"perc":1.8181818181818181,"total":110.0},"Devices":{"raw":5.0,"perc":4.5454545454545459,"total":110.0},"Devices - Mind Machine":{"raw":4.0,"perc":3.6363636363636362,"total":110.0},"Sleep Deprivation":{"raw":2.0,"perc":1.8181818181818181,"total":110.0},"Breathing":{"raw":4.0,"perc":3.6363636363636362,"total":110.0},"Hyperventilation":{"raw":1.0,"perc":0.90909090909090906,"total":110.0},"OBE":{"raw":10.0,"perc":9.0909090909090917,"total":110.0},"Sweating":{"raw":1.0,"perc":0.90909090909090906,"total":110.0},"Humor":{"raw":1.0,"perc":0.90909090909090906,"total":110.0},"Mindfulness":{"raw":3.0,"perc":2.7272727272727271,"total":110.0},"Music":{"raw":1.0,"perc":0.90909090909090906,"total":110.0}},"Not-Specified":{"Dreams":{"raw":1.0,"perc":16.666666666666664,"total":6.0},"Fasting":{"raw":1.0,"perc":16.666666666666664,"total":6.0},"Conferences":{"raw":1.0,"perc":16.666666666666664,"total":6.0},"Meditation":{"raw":2.0,"perc":33.333333333333329,"total":6.0},"Devices":{"raw":1.0,"perc":16.666666666666664,"total":6.0}},"Female":{"Police / Customs":{"raw":1.0,"perc":4.3478260869565215,"total":23.0},"Yoga / Bodywork":{"raw":4.0,"perc":17.391304347826086,"total":23.0},"Devices":{"raw":2.0,"perc":8.695652173913043,"total":23.0},"Devices - Mind Machine":{"raw":1.0,"perc":4.3478260869565215,"total":23.0},"Dreams":{"raw":3.0,"perc":13.043478260869565,"total":23.0},"Migraines":{"raw":1.0,"perc":4.3478260869565215,"total":23.0},"Ritual":{"raw":2.0,"perc":8.695652173913043,"total":23.0},"Meditation":{"raw":5.0,"perc":21.739130434782609,"total":23.0},"Conferences":{"raw":1.0,"perc":4.3478260869565215,"total":23.0},"Breathing":{"raw":1.0,"perc":4.3478260869565215,"total":23.0},"Mindfulness":{"raw":2.0,"perc":8.695652173913043,"total":23.0}}},"Mystical Experiences":{"Male":{"Ritual":{"raw":15.0,"perc":16.483516483516482,"total":91.0},"Dreams":{"raw":8.0,"perc":8.791208791208792,"total":91.0},"Yoga / Bodywork":{"raw":8.0,"perc":8.791208791208792,"total":91.0},"Meditation":{"raw":14.0,"perc":15.384615384615385,"total":91.0},"OBE":{"raw":13.0,"perc":14.285714285714285,"total":91.0},"Guiding":{"raw":1.0,"perc":1.098901098901099,"total":91.0},"Sleep Deprivation":{"raw":3.0,"perc":3.296703296703297,"total":91.0},"Devices":{"raw":4.0,"perc":4.395604395604396,"total":91.0},"Devices - Mind Machine":{"raw":3.0,"perc":3.296703296703297,"total":91.0},"Fasting":{"raw":5.0,"perc":5.4945054945054945,"total":91.0},"Breathing":{"raw":3.0,"perc":3.296703296703297,"total":91.0},"Hyperventilation":{"raw":1.0,"perc":1.098901098901099,"total":91.0},"Chanting":{"raw":1.0,"perc":1.098901098901099,"total":91.0},"Conferences":{"raw":1.0,"perc":1.098901098901099,"total":91.0},"Endogenous":{"raw":3.0,"perc":3.296703296703297,"total":91.0},"Police / Customs":{"raw":2.0,"perc":2.197802197802198,"total":91.0},"Music":{"raw":1.0,"perc":1.098901098901099,"total":91.0},"Humor":{"raw":1.0,"perc":1.098901098901099,"total":91.0},"Mindfulness":{"raw":4.0,"perc":4.395604395604396,"total":91.0}},"Not-Specified":{"Breathing":{"raw":1.0,"perc":14.285714285714285,"total":7.0},"Hyperventilation":{"raw":1.0,"perc":14.285714285714285,"total":7.0},"Meditation":{"raw":3.0,"perc":42.857142857142854,"total":7.0},"Yoga / Bodywork":{"raw":1.0,"perc":14.285714285714285,"total":7.0},"Sleep Deprivation":{"raw":1.0,"perc":14.285714285714285,"total":7.0}},"Female":{"Devices":{"raw":1.0,"perc":12.5,"total":8.0},"Devices - Mind Machine":{"raw":1.0,"perc":12.5,"total":8.0},"Migraines":{"raw":1.0,"perc":12.5,"total":8.0},"Ritual":{"raw":2.0,"perc":25.0,"total":8.0},"Meditation":{"raw":1.0,"perc":12.5,"total":8.0},"Yoga / Bodywork":{"raw":1.0,"perc":12.5,"total":8.0},"Mindfulness":{"raw":1.0,"perc":12.5,"total":8.0}}},"Multi-Day Experience":{"Male":{"Ritual":{"raw":1.0,"perc":2.5641025641025639,"total":39.0},"Endogenous":{"raw":2.0,"perc":5.1282051282051277,"total":39.0},"Sleep Deprivation":{"raw":16.0,"perc":41.025641025641022,"total":39.0},"Yoga / Bodywork":{"raw":1.0,"perc":2.5641025641025639,"total":39.0},"Meditation":{"raw":4.0,"perc":10.256410256410255,"total":39.0},"Dreams":{"raw":4.0,"perc":10.256410256410255,"total":39.0},"Fasting":{"raw":3.0,"perc":7.6923076923076925,"total":39.0},"Drug Testing":{"raw":3.0,"perc":7.6923076923076925,"total":39.0},"Humor":{"raw":2.0,"perc":5.1282051282051277,"total":39.0},"OBE":{"raw":2.0,"perc":5.1282051282051277,"total":39.0},"Police / Customs":{"raw":1.0,"perc":2.5641025641025639,"total":39.0}},"Female":{"Police / Customs":{"raw":2.0,"perc":28.571428571428569,"total":7.0},"Fasting":{"raw":1.0,"perc":14.285714285714285,"total":7.0},"Sleep Deprivation":{"raw":4.0,"perc":57.142857142857139,"total":7.0}},"Not-Specified":{"Dreams":{"raw":1.0,"perc":25.0,"total":4.0},"Fasting":{"raw":1.0,"perc":25.0,"total":4.0},"Sleep Deprivation":{"raw":2.0,"perc":50.0,"total":4.0}}},"Depression":{"Female":{"Migraines":{"raw":1.0,"perc":33.333333333333329,"total":3.0},"Drug Testing":{"raw":1.0,"perc":33.333333333333329,"total":3.0},"Police / Customs":{"raw":1.0,"perc":33.333333333333329,"total":3.0}},"Male":{"Endogenous":{"raw":3.0,"perc":12.5,"total":24.0},"Meditation":{"raw":1.0,"perc":4.1666666666666661,"total":24.0},"Sleep Deprivation":{"raw":1.0,"perc":4.1666666666666661,"total":24.0},"Mindfulness":{"raw":2.0,"perc":8.3333333333333321,"total":24.0},"OBE":{"raw":2.0,"perc":8.3333333333333321,"total":24.0},"Police / Customs":{"raw":3.0,"perc":12.5,"total":24.0},"Ritual":{"raw":1.0,"perc":4.1666666666666661,"total":24.0},"Sweating":{"raw":1.0,"perc":4.1666666666666661,"total":24.0},"Dreams":{"raw":6.0,"perc":25.0,"total":24.0},"Migraines":{"raw":2.0,"perc":8.3333333333333321,"total":24.0},"Yoga / Bodywork":{"raw":1.0,"perc":4.1666666666666661,"total":24.0},"Breathing":{"raw":1.0,"perc":4.1666666666666661,"total":24.0}}},"Post Trip Problems":{"Female":{"Migraines":{"raw":1.0,"perc":16.666666666666664,"total":6.0},"Police / Customs":{"raw":2.0,"perc":33.333333333333329,"total":6.0},"Dreams":{"raw":1.0,"perc":16.666666666666664,"total":6.0},"OBE":{"raw":1.0,"perc":16.666666666666664,"total":6.0},"Yoga / Bodywork":{"raw":1.0,"perc":16.666666666666664,"total":6.0}},"Male":{"Drug Testing":{"raw":5.0,"perc":12.5,"total":40.0},"Dreams":{"raw":5.0,"perc":12.5,"total":40.0},"Endogenous":{"raw":3.0,"perc":7.5,"total":40.0},"Police / Customs":{"raw":14.0,"perc":35.0,"total":40.0},"Migraines":{"raw":3.0,"perc":7.5,"total":40.0},"OBE":{"raw":2.0,"perc":5.0,"total":40.0},"Breathing":{"raw":2.0,"perc":5.0,"total":40.0},"Hyperventilation":{"raw":1.0,"perc":2.5,"total":40.0},"Conferences":{"raw":1.0,"perc":2.5,"total":40.0},"Meditation":{"raw":2.0,"perc":5.0,"total":40.0},"Fasting":{"raw":1.0,"perc":2.5,"total":40.0},"Sleep Deprivation":{"raw":1.0,"perc":2.5,"total":40.0}},"Not-Specified":{"Drug Testing":{"raw":2.0,"perc":66.666666666666657,"total":3.0},"Sleep Deprivation":{"raw":1.0,"perc":33.333333333333329,"total":3.0}}},"First Times":{"Male":{"Dreams":{"raw":27.0,"perc":28.125,"total":96.0},"Endogenous":{"raw":4.0,"perc":4.1666666666666661,"total":96.0},"Police / Customs":{"raw":10.0,"perc":10.416666666666668,"total":96.0},"Ritual":{"raw":5.0,"perc":5.2083333333333339,"total":96.0},"OBE":{"raw":7.0,"perc":7.291666666666667,"total":96.0},"Sleep Deprivation":{"raw":6.0,"perc":6.25,"total":96.0},"Devices":{"raw":6.0,"perc":6.25,"total":96.0},"Devices - Mind Machine":{"raw":2.0,"perc":2.083333333333333,"total":96.0},"Devices - Magnetic":{"raw":2.0,"perc":2.083333333333333,"total":96.0},"Sweating":{"raw":4.0,"perc":4.1666666666666661,"total":96.0},"Meditation":{"raw":7.0,"perc":7.291666666666667,"total":96.0},"Breathing":{"raw":3.0,"perc":3.125,"total":96.0},"Hyperventilation":{"raw":3.0,"perc":3.125,"total":96.0},"Yoga / Bodywork":{"raw":4.0,"perc":4.1666666666666661,"total":96.0},"Nitrogen Narcosis":{"raw":2.0,"perc":2.083333333333333,"total":96.0},"Floatation Tank":{"raw":1.0,"perc":1.0416666666666665,"total":96.0},"Mindfulness":{"raw":2.0,"perc":2.083333333333333,"total":96.0},"Fasting":{"raw":1.0,"perc":1.0416666666666665,"total":96.0}},"Female":{"Ritual":{"raw":4.0,"perc":18.181818181818183,"total":22.0},"Dreams":{"raw":6.0,"perc":27.27272727272727,"total":22.0},"Guiding":{"raw":1.0,"perc":4.5454545454545459,"total":22.0},"Police / Customs":{"raw":2.0,"perc":9.0909090909090917,"total":22.0},"Meditation":{"raw":4.0,"perc":18.181818181818183,"total":22.0},"Yoga / Bodywork":{"raw":2.0,"perc":9.0909090909090917,"total":22.0},"Breathing":{"raw":1.0,"perc":4.5454545454545459,"total":22.0},"OBE":{"raw":1.0,"perc":4.5454545454545459,"total":22.0},"Floatation Tank":{"raw":1.0,"perc":4.5454545454545459,"total":22.0}},"Not-Specified":{"Endogenous":{"raw":1.0,"perc":14.285714285714285,"total":7.0},"Dreams":{"raw":3.0,"perc":42.857142857142854,"total":7.0},"Floatation Tank":{"raw":1.0,"perc":14.285714285714285,"total":7.0},"Devices":{"raw":1.0,"perc":14.285714285714285,"total":7.0},"Meditation":{"raw":1.0,"perc":14.285714285714285,"total":7.0}}},"Preparation / Recipes":{"Not-Specified":{"Dreams":{"raw":1.0,"perc":33.333333333333329,"total":3.0},"Police / Customs":{"raw":1.0,"perc":33.333333333333329,"total":3.0},"Drug Testing":{"raw":1.0,"perc":33.333333333333329,"total":3.0}},"Male":{"Ritual":{"raw":3.0,"perc":13.043478260869565,"total":23.0},"Yoga / Bodywork":{"raw":1.0,"perc":4.3478260869565215,"total":23.0},"Police / Customs":{"raw":3.0,"perc":13.043478260869565,"total":23.0},"Meditation":{"raw":2.0,"perc":8.695652173913043,"total":23.0},"Drug Testing":{"raw":3.0,"perc":13.043478260869565,"total":23.0},"Dreams":{"raw":6.0,"perc":26.086956521739129,"total":23.0},"Floatation Tank":{"raw":1.0,"perc":4.3478260869565215,"total":23.0},"Sweating":{"raw":2.0,"perc":8.695652173913043,"total":23.0},"Breathing":{"raw":1.0,"perc":4.3478260869565215,"total":23.0},"Sleep Deprivation":{"raw":1.0,"perc":4.3478260869565215,"total":23.0}},"Female":{"Mindfulness":{"raw":1.0,"perc":100.0,"total":1.0}}},"Health Benefits":{"Male":{"Sleep Deprivation":{"raw":2.0,"perc":6.25,"total":32.0},"Fasting":{"raw":2.0,"perc":6.25,"total":32.0},"Floatation Tank":{"raw":1.0,"perc":3.125,"total":32.0},"Meditation":{"raw":5.0,"perc":15.625,"total":32.0},"Migraines":{"raw":8.0,"perc":25.0,"total":32.0},"Police / Customs":{"raw":1.0,"perc":3.125,"total":32.0},"Mindfulness":{"raw":2.0,"perc":6.25,"total":32.0},"Ritual":{"raw":1.0,"perc":3.125,"total":32.0},"Dreams":{"raw":5.0,"perc":15.625,"total":32.0},"Devices":{"raw":1.0,"perc":3.125,"total":32.0},"Devices - Mind Machine":{"raw":1.0,"perc":3.125,"total":32.0},"Yoga / Bodywork":{"raw":2.0,"perc":6.25,"total":32.0},"Sweating":{"raw":1.0,"perc":3.125,"total":32.0}},"Female":{"Migraines":{"raw":2.0,"perc":20.0,"total":10.0},"Meditation":{"raw":2.0,"perc":20.0,"total":10.0},"Devices":{"raw":1.0,"perc":10.0,"total":10.0},"Devices - Mind Machine":{"raw":1.0,"perc":10.0,"total":10.0},"Breathing":{"raw":1.0,"perc":10.0,"total":10.0},"Dreams":{"raw":2.0,"perc":20.0,"total":10.0},"Fasting":{"raw":1.0,"perc":10.0,"total":10.0}},"Not-Specified":{"Migraines":{"raw":2.0,"perc":100.0,"total":2.0}}},"Nature / Outdoors":{"Male":{"Nitrogen Narcosis":{"raw":1.0,"perc":4.0,"total":25.0},"OBE":{"raw":1.0,"perc":4.0,"total":25.0},"Police / Customs":{"raw":3.0,"perc":12.0,"total":25.0},"Conferences":{"raw":1.0,"perc":4.0,"total":25.0},"Ritual":{"raw":3.0,"perc":12.0,"total":25.0},"Guiding":{"raw":1.0,"perc":4.0,"total":25.0},"Fasting":{"raw":2.0,"perc":8.0,"total":25.0},"Humor":{"raw":1.0,"perc":4.0,"total":25.0},"Yoga / Bodywork":{"raw":3.0,"perc":12.0,"total":25.0},"Mindfulness":{"raw":2.0,"perc":8.0,"total":25.0},"Meditation":{"raw":4.0,"perc":16.0,"total":25.0},"Dreams":{"raw":1.0,"perc":4.0,"total":25.0},"Breathing":{"raw":1.0,"perc":4.0,"total":25.0},"Music":{"raw":1.0,"perc":4.0,"total":25.0}},"Female":{"Guiding":{"raw":1.0,"perc":33.333333333333329,"total":3.0},"Dreams":{"raw":1.0,"perc":33.333333333333329,"total":3.0},"Mindfulness":{"raw":1.0,"perc":33.333333333333329,"total":3.0}}},"Music Discussion":{"Male":{"Sleep Deprivation":{"raw":4.0,"perc":13.333333333333334,"total":30.0},"Yoga / Bodywork":{"raw":4.0,"perc":13.333333333333334,"total":30.0},"Devices":{"raw":3.0,"perc":10.0,"total":30.0},"Devices - Mind Machine":{"raw":1.0,"perc":3.3333333333333335,"total":30.0},"Police / Customs":{"raw":5.0,"perc":16.666666666666664,"total":30.0},"Meditation":{"raw":7.0,"perc":23.333333333333332,"total":30.0},"Mindfulness":{"raw":1.0,"perc":3.3333333333333335,"total":30.0},"Migraines":{"raw":1.0,"perc":3.3333333333333335,"total":30.0},"Ritual":{"raw":2.0,"perc":6.666666666666667,"total":30.0},"OBE":{"raw":1.0,"perc":3.3333333333333335,"total":30.0},"Dreams":{"raw":1.0,"perc":3.3333333333333335,"total":30.0}},"Female":{"Yoga / Bodywork":{"raw":1.0,"perc":20.0,"total":5.0},"Devices":{"raw":1.0,"perc":20.0,"total":5.0},"Devices - Mind Machine":{"raw":1.0,"perc":20.0,"total":5.0},"Ritual":{"raw":1.0,"perc":20.0,"total":5.0},"Police / Customs":{"raw":1.0,"perc":20.0,"total":5.0}}},"Personal Preparation":{"Male":{"Ritual":{"raw":3.0,"perc":20.0,"total":15.0},"Drug Testing":{"raw":1.0,"perc":6.666666666666667,"total":15.0},"Meditation":{"raw":5.0,"perc":33.333333333333329,"total":15.0},"Fasting":{"raw":3.0,"perc":20.0,"total":15.0},"OBE":{"raw":1.0,"perc":6.666666666666667,"total":15.0},"Police / Customs":{"raw":1.0,"perc":6.666666666666667,"total":15.0},"Mindfulness":{"raw":1.0,"perc":6.666666666666667,"total":15.0}},"Female":{"Ritual":{"raw":2.0,"perc":50.0,"total":4.0},"Fasting":{"raw":1.0,"perc":25.0,"total":4.0},"Mindfulness":{"raw":1.0,"perc":25.0,"total":4.0}}},"Entities / Beings":{"Male":{"Yoga / Bodywork":{"raw":5.0,"perc":5.88235294117647,"total":85.0},"Sleep Deprivation":{"raw":3.0,"perc":3.5294117647058822,"total":85.0},"Breathing":{"raw":2.0,"perc":2.3529411764705883,"total":85.0},"Dreams":{"raw":19.0,"perc":22.352941176470591,"total":85.0},"Police / Customs":{"raw":8.0,"perc":9.4117647058823533,"total":85.0},"OBE":{"raw":12.0,"perc":14.117647058823529,"total":85.0},"Fasting":{"raw":4.0,"perc":4.7058823529411766,"total":85.0},"Conferences":{"raw":1.0,"perc":1.1764705882352942,"total":85.0},"Meditation":{"raw":11.0,"perc":12.941176470588237,"total":85.0},"Ritual":{"raw":8.0,"perc":9.4117647058823533,"total":85.0},"Sweating":{"raw":1.0,"perc":1.1764705882352942,"total":85.0},"Devices":{"raw":2.0,"perc":2.3529411764705883,"total":85.0},"Endogenous":{"raw":2.0,"perc":2.3529411764705883,"total":85.0},"Migraines":{"raw":1.0,"perc":1.1764705882352942,"total":85.0},"Nitrogen Narcosis":{"raw":1.0,"perc":1.1764705882352942,"total":85.0},"Humor":{"raw":1.0,"perc":1.1764705882352942,"total":85.0},"Mindfulness":{"raw":2.0,"perc":2.3529411764705883,"total":85.0},"Devices - Mind Machine":{"raw":1.0,"perc":1.1764705882352942,"total":85.0},"Chanting":{"raw":1.0,"perc":1.1764705882352942,"total":85.0}},"Female":{"Meditation":{"raw":1.0,"perc":20.0,"total":5.0},"Ritual":{"raw":1.0,"perc":20.0,"total":5.0},"Dreams":{"raw":1.0,"perc":20.0,"total":5.0},"Mindfulness":{"raw":2.0,"perc":40.0,"total":5.0}},"Not-Specified":{"OBE":{"raw":1.0,"perc":100.0,"total":1.0}}},"HPPD / Lasting Visuals":{"Male":{"Endogenous":{"raw":2.0,"perc":40.0,"total":5.0},"Sleep Deprivation":{"raw":2.0,"perc":40.0,"total":5.0},"Police / Customs":{"raw":1.0,"perc":20.0,"total":5.0}}},"Overdose":{"Male":{"Endogenous":{"raw":1.0,"perc":10.0,"total":10.0},"Police / Customs":{"raw":5.0,"perc":50.0,"total":10.0},"Dreams":{"raw":2.0,"perc":20.0,"total":10.0},"OBE":{"raw":1.0,"perc":10.0,"total":10.0},"Sleep Deprivation":{"raw":1.0,"perc":10.0,"total":10.0}},"Female":{"Police / Customs":{"raw":1.0,"perc":25.0,"total":4.0},"Drug Testing":{"raw":1.0,"perc":25.0,"total":4.0},"Conferences":{"raw":1.0,"perc":25.0,"total":4.0},"OBE":{"raw":1.0,"perc":25.0,"total":4.0}},"Not-Specified":{"Sleep Deprivation":{"raw":1.0,"perc":100.0,"total":1.0}}},"Families":{"Not-Specified":{"Breathing":{"raw":1.0,"perc":50.0,"total":2.0},"Hyperventilation":{"raw":1.0,"perc":50.0,"total":2.0}},"Male":{"Yoga / Bodywork":{"raw":1.0,"perc":50.0,"total":2.0},"Police / Customs":{"raw":1.0,"perc":50.0,"total":2.0}}},"Guides / Sitters":{"Not-Specified":{"Breathing":{"raw":1.0,"perc":33.333333333333329,"total":3.0},"Hyperventilation":{"raw":1.0,"perc":33.333333333333329,"total":3.0},"Meditation":{"raw":1.0,"perc":33.333333333333329,"total":3.0}},"Male":{"Guiding":{"raw":2.0,"perc":10.0,"total":20.0},"OBE":{"raw":3.0,"perc":15.0,"total":20.0},"Meditation":{"raw":2.0,"perc":10.0,"total":20.0},"Sleep Deprivation":{"raw":2.0,"perc":10.0,"total":20.0},"Yoga / Bodywork":{"raw":1.0,"perc":5.0,"total":20.0},"Mindfulness":{"raw":1.0,"perc":5.0,"total":20.0},"Ritual":{"raw":7.0,"perc":35.0,"total":20.0},"Endogenous":{"raw":1.0,"perc":5.0,"total":20.0},"Police / Customs":{"raw":1.0,"perc":5.0,"total":20.0}},"Female":{"Dreams":{"raw":1.0,"perc":11.111111111111111,"total":9.0},"Guiding":{"raw":1.0,"perc":11.111111111111111,"total":9.0},"Ritual":{"raw":3.0,"perc":33.333333333333329,"total":9.0},"Conferences":{"raw":1.0,"perc":11.111111111111111,"total":9.0},"Meditation":{"raw":1.0,"perc":11.111111111111111,"total":9.0},"Yoga / Bodywork":{"raw":1.0,"perc":11.111111111111111,"total":9.0},"Police / Customs":{"raw":1.0,"perc":11.111111111111111,"total":9.0}}},"Medical Use":{"Male":{"Migraines":{"raw":6.0,"perc":24.0,"total":25.0},"Dreams":{"raw":9.0,"perc":36.0,"total":25.0},"Sleep Deprivation":{"raw":1.0,"perc":4.0,"total":25.0},"OBE":{"raw":1.0,"perc":4.0,"total":25.0},"Drug Testing":{"raw":5.0,"perc":20.0,"total":25.0},"Endogenous":{"raw":2.0,"perc":8.0,"total":25.0},"Breathing":{"raw":1.0,"perc":4.0,"total":25.0}},"Not-Specified":{"Migraines":{"raw":1.0,"perc":50.0,"total":2.0},"Dreams":{"raw":1.0,"perc":50.0,"total":2.0}},"Female":{"Dreams":{"raw":1.0,"perc":33.333333333333329,"total":3.0},"Migraines":{"raw":1.0,"perc":33.333333333333329,"total":3.0},"Endogenous":{"raw":1.0,"perc":33.333333333333329,"total":3.0}}},"Second Hand Report":{"Male":{"Drug Testing":{"raw":3.0,"perc":20.0,"total":15.0},"Police / Customs":{"raw":7.0,"perc":46.666666666666664,"total":15.0},"Migraines":{"raw":1.0,"perc":6.666666666666667,"total":15.0},"OBE":{"raw":1.0,"perc":6.666666666666667,"total":15.0},"Dreams":{"raw":2.0,"perc":13.333333333333334,"total":15.0},"Conferences":{"raw":1.0,"perc":6.666666666666667,"total":15.0}},"Not-Specified":{"Police / Customs":{"raw":1.0,"perc":100.0,"total":1.0}},"Female":{"Meditation":{"raw":1.0,"perc":50.0,"total":2.0},"Endogenous":{"raw":1.0,"perc":50.0,"total":2.0}}},"Relationships":{"Male":{"Ritual":{"raw":2.0,"perc":15.384615384615385,"total":13.0},"Dreams":{"raw":1.0,"perc":7.6923076923076925,"total":13.0},"Devices":{"raw":1.0,"perc":7.6923076923076925,"total":13.0},"Fasting":{"raw":1.0,"perc":7.6923076923076925,"total":13.0},"Police / Customs":{"raw":2.0,"perc":15.384615384615385,"total":13.0},"Sleep Deprivation":{"raw":1.0,"perc":7.6923076923076925,"total":13.0},"Mindfulness":{"raw":2.0,"perc":15.384615384615385,"total":13.0},"Meditation":{"raw":2.0,"perc":15.384615384615385,"total":13.0},"OBE":{"raw":1.0,"perc":7.6923076923076925,"total":13.0}},"Female":{"Yoga / Bodywork":{"raw":1.0,"perc":12.5,"total":8.0},"Ritual":{"raw":1.0,"perc":12.5,"total":8.0},"Devices":{"raw":1.0,"perc":12.5,"total":8.0},"Devices - Mind Machine":{"raw":1.0,"perc":12.5,"total":8.0},"Migraines":{"raw":1.0,"perc":12.5,"total":8.0},"Meditation":{"raw":1.0,"perc":12.5,"total":8.0},"Police / Customs":{"raw":1.0,"perc":12.5,"total":8.0},"Mindfulness":{"raw":1.0,"perc":12.5,"total":8.0}},"Not-Specified":{"Meditation":{"raw":1.0,"perc":100.0,"total":1.0}}},"Hangover / Days After":{"Male":{"Dreams":{"raw":6.0,"perc":20.689655172413794,"total":29.0},"Sleep Deprivation":{"raw":7.0,"perc":24.137931034482758,"total":29.0},"Meditation":{"raw":3.0,"perc":10.344827586206897,"total":29.0},"Police / Customs":{"raw":6.0,"perc":20.689655172413794,"total":29.0},"Music":{"raw":1.0,"perc":3.4482758620689653,"total":29.0},"OBE":{"raw":2.0,"perc":6.8965517241379306,"total":29.0},"Migraines":{"raw":2.0,"perc":6.8965517241379306,"total":29.0},"Endogenous":{"raw":1.0,"perc":3.4482758620689653,"total":29.0},"Sound (non-music)":{"raw":1.0,"perc":3.4482758620689653,"total":29.0}},"Female":{"Yoga / Bodywork":{"raw":1.0,"perc":11.111111111111111,"total":9.0},"OBE":{"raw":2.0,"perc":22.222222222222221,"total":9.0},"Police / Customs":{"raw":2.0,"perc":22.222222222222221,"total":9.0},"Conferences":{"raw":1.0,"perc":11.111111111111111,"total":9.0},"Dreams":{"raw":1.0,"perc":11.111111111111111,"total":9.0},"Endogenous":{"raw":1.0,"perc":11.111111111111111,"total":9.0},"Sleep Deprivation":{"raw":1.0,"perc":11.111111111111111,"total":9.0}},"Not-Specified":{"Migraines":{"raw":1.0,"perc":33.333333333333329,"total":3.0},"Floatation Tank":{"raw":1.0,"perc":33.333333333333329,"total":3.0},"Sleep Deprivation":{"raw":1.0,"perc":33.333333333333329,"total":3.0}}},"Loss of Magic":{"Male":{"Sleep Deprivation":{"raw":1.0,"perc":100.0,"total":1.0}},"Female":{"Sleep Deprivation":{"raw":1.0,"perc":100.0,"total":1.0}},"Not-Specified":{"Meditation":{"raw":1.0,"perc":100.0,"total":1.0}}},"Therapeutic Intent or Outcome":{"Male":{"Meditation":{"raw":4.0,"perc":16.0,"total":25.0},"Humor":{"raw":1.0,"perc":4.0,"total":25.0},"Endogenous":{"raw":1.0,"perc":4.0,"total":25.0},"Yoga / Bodywork":{"raw":2.0,"perc":8.0,"total":25.0},"Music":{"raw":1.0,"perc":4.0,"total":25.0},"Ritual":{"raw":6.0,"perc":24.0,"total":25.0},"Breathing":{"raw":1.0,"perc":4.0,"total":25.0},"Dreams":{"raw":6.0,"perc":24.0,"total":25.0},"Police / Customs":{"raw":1.0,"perc":4.0,"total":25.0},"Mindfulness":{"raw":1.0,"perc":4.0,"total":25.0},"Fasting":{"raw":1.0,"perc":4.0,"total":25.0}},"Not-Specified":{"Meditation":{"raw":1.0,"perc":50.0,"total":2.0},"Migraines":{"raw":1.0,"perc":50.0,"total":2.0}},"Female":{"Mindfulness":{"raw":1.0,"perc":100.0,"total":1.0}}},"Poetry":{"Male":{"Conferences":{"raw":1.0,"perc":50.0,"total":2.0},"Meditation":{"raw":1.0,"perc":50.0,"total":2.0}}},"What Was in That?":{"Male":{"Sleep Deprivation":{"raw":1.0,"perc":20.0,"total":5.0},"Music":{"raw":1.0,"perc":20.0,"total":5.0},"OBE":{"raw":1.0,"perc":20.0,"total":5.0},"Migraines":{"raw":1.0,"perc":20.0,"total":5.0},"Meditation":{"raw":1.0,"perc":20.0,"total":5.0}}},"Performance Enhancement":{"Male":{"Humor":{"raw":1.0,"perc":16.666666666666664,"total":6.0},"Sleep Deprivation":{"raw":3.0,"perc":50.0,"total":6.0},"Yoga / Bodywork":{"raw":1.0,"perc":16.666666666666664,"total":6.0},"Police / Customs":{"raw":1.0,"perc":16.666666666666664,"total":6.0}}}}