{"First Times":{"Small Group (2-9)":{"Medium":{"raw":1624.0,"perc":61.35247449943332,"total":2647.0},"Strong":{"raw":885.0,"perc":33.434076312806951,"total":2647.0},"Extreme":{"raw":123.0,"perc":4.6467699282206274,"total":2647.0},"No Effect":{"raw":15.0,"perc":0.56667925953910081,"total":2647.0}},"Rave / Dance Event":{"Medium":{"raw":52.0,"perc":60.465116279069761,"total":86.0},"Strong":{"raw":32.0,"perc":37.2093023255814,"total":86.0},"Extreme":{"raw":2.0,"perc":2.3255813953488373,"total":86.0}},"Alone":{"Strong":{"raw":493.0,"perc":28.203661327231121,"total":1748.0},"Medium":{"raw":1173.0,"perc":67.10526315789474,"total":1748.0},"No Effect":{"raw":31.0,"perc":1.7734553775743707,"total":1748.0},"Extreme":{"raw":51.0,"perc":2.917620137299771,"total":1748.0}},"Large Group (10+)":{"Medium":{"raw":94.0,"perc":69.629629629629633,"total":135.0},"Strong":{"raw":37.0,"perc":27.407407407407408,"total":135.0},"No Effect":{"raw":2.0,"perc":1.4814814814814816,"total":135.0},"Extreme":{"raw":2.0,"perc":1.4814814814814816,"total":135.0}},"Unknown Context":{"Medium":{"raw":124.0,"perc":70.857142857142847,"total":175.0},"Strong":{"raw":39.0,"perc":22.285714285714285,"total":175.0},"No Effect":{"raw":12.0,"perc":6.8571428571428577,"total":175.0}},"Various":{"Strong":{"raw":153.0,"perc":28.176795580110497,"total":543.0},"Extreme":{"raw":30.0,"perc":5.5248618784530388,"total":543.0},"Medium":{"raw":359.0,"perc":66.114180478821368,"total":543.0},"No Effect":{"raw":1.0,"perc":0.18416206261510129,"total":543.0}},"Club / Bar":{"Medium":{"raw":45.0,"perc":70.3125,"total":64.0},"Strong":{"raw":17.0,"perc":26.5625,"total":64.0},"Extreme":{"raw":1.0,"perc":1.5625,"total":64.0},"No Effect":{"raw":1.0,"perc":1.5625,"total":64.0}},"Festival / Lg. Crowd":{"Medium":{"raw":63.0,"perc":70.786516853932582,"total":89.0},"Strong":{"raw":23.0,"perc":25.842696629213485,"total":89.0},"Extreme":{"raw":3.0,"perc":3.3707865168539324,"total":89.0}},"School":{"Medium":{"raw":36.0,"perc":64.285714285714292,"total":56.0},"Strong":{"raw":15.0,"perc":26.785714285714285,"total":56.0},"Extreme":{"raw":4.0,"perc":7.1428571428571423,"total":56.0},"No Effect":{"raw":1.0,"perc":1.7857142857142856,"total":56.0}},"Hospital":{"Medium":{"raw":10.0,"perc":28.571428571428569,"total":35.0},"Extreme":{"raw":14.0,"perc":40.0,"total":35.0},"Strong":{"raw":11.0,"perc":31.428571428571427,"total":35.0}},"Not Applicable":{"Medium":{"raw":30.0,"perc":76.923076923076934,"total":39.0},"Strong":{"raw":8.0,"perc":20.512820512820511,"total":39.0},"Extreme":{"raw":1.0,"perc":2.5641025641025639,"total":39.0}},"Group Ceremony":{"Medium":{"raw":8.0,"perc":34.782608695652172,"total":23.0},"Strong":{"raw":15.0,"perc":65.217391304347828,"total":23.0}},"Military":{"Medium":{"raw":1.0,"perc":100.0,"total":1.0}},"Public Space (Museum, Park, etc)":{"Strong":{"raw":3.0,"perc":33.333333333333329,"total":9.0},"Medium":{"raw":6.0,"perc":66.666666666666657,"total":9.0}},"Workplace":{"Strong":{"raw":3.0,"perc":42.857142857142854,"total":7.0},"Medium":{"raw":4.0,"perc":57.142857142857139,"total":7.0}}},"General":{"Small Group (2-9)":{"Medium":{"raw":1811.0,"perc":61.724608043626446,"total":2934.0},"Strong":{"raw":998.0,"perc":34.014996591683712,"total":2934.0},"Extreme":{"raw":102.0,"perc":3.4764826175869121,"total":2934.0},"No Effect":{"raw":23.0,"perc":0.78391274710293124,"total":2934.0}},"Unknown Context":{"Medium":{"raw":528.0,"perc":74.471086036671366,"total":709.0},"No Effect":{"raw":66.0,"perc":9.30888575458392,"total":709.0},"Strong":{"raw":113.0,"perc":15.937940761636108,"total":709.0},"Extreme":{"raw":2.0,"perc":0.28208744710860367,"total":709.0}},"Festival / Lg. Crowd":{"Strong":{"raw":48.0,"perc":35.036496350364963,"total":137.0},"Medium":{"raw":85.0,"perc":62.043795620437962,"total":137.0},"Extreme":{"raw":3.0,"perc":2.18978102189781,"total":137.0},"No Effect":{"raw":1.0,"perc":0.72992700729927007,"total":137.0}},"Alone":{"Medium":{"raw":1635.0,"perc":66.409423233143784,"total":2462.0},"Strong":{"raw":710.0,"perc":28.838342810722988,"total":2462.0},"Extreme":{"raw":64.0,"perc":2.5995125913891144,"total":2462.0},"No Effect":{"raw":53.0,"perc":2.1527213647441106,"total":2462.0}},"Large Group (10+)":{"Medium":{"raw":110.0,"perc":64.327485380116954,"total":171.0},"Strong":{"raw":57.0,"perc":33.333333333333329,"total":171.0},"Extreme":{"raw":4.0,"perc":2.3391812865497075,"total":171.0}},"Various":{"Strong":{"raw":234.0,"perc":28.329297820823246,"total":826.0},"Medium":{"raw":558.0,"perc":67.554479418886189,"total":826.0},"No Effect":{"raw":7.0,"perc":0.847457627118644,"total":826.0},"Extreme":{"raw":27.0,"perc":3.2687651331719128,"total":826.0}},"Club / Bar":{"Strong":{"raw":28.0,"perc":30.76923076923077,"total":91.0},"Medium":{"raw":62.0,"perc":68.131868131868131,"total":91.0},"No Effect":{"raw":1.0,"perc":1.098901098901099,"total":91.0}},"Rave / Dance Event":{"Medium":{"raw":50.0,"perc":69.444444444444443,"total":72.0},"Strong":{"raw":21.0,"perc":29.166666666666668,"total":72.0},"Extreme":{"raw":1.0,"perc":1.3888888888888888,"total":72.0}},"Group Ceremony":{"Medium":{"raw":15.0,"perc":42.857142857142854,"total":35.0},"Strong":{"raw":18.0,"perc":51.428571428571423,"total":35.0},"No Effect":{"raw":1.0,"perc":2.8571428571428572,"total":35.0},"Extreme":{"raw":1.0,"perc":2.8571428571428572,"total":35.0}},"Hospital":{"Medium":{"raw":20.0,"perc":38.461538461538467,"total":52.0},"Extreme":{"raw":13.0,"perc":25.0,"total":52.0},"Strong":{"raw":16.0,"perc":30.76923076923077,"total":52.0},"No Effect":{"raw":3.0,"perc":5.7692307692307692,"total":52.0}},"School":{"Medium":{"raw":65.0,"perc":75.5813953488372,"total":86.0},"Strong":{"raw":18.0,"perc":20.930232558139537,"total":86.0},"No Effect":{"raw":2.0,"perc":2.3255813953488373,"total":86.0},"Extreme":{"raw":1.0,"perc":1.1627906976744187,"total":86.0}},"Not Applicable":{"Medium":{"raw":247.0,"perc":79.935275080906152,"total":309.0},"No Effect":{"raw":45.0,"perc":14.563106796116504,"total":309.0},"Strong":{"raw":13.0,"perc":4.2071197411003238,"total":309.0},"Extreme":{"raw":4.0,"perc":1.2944983818770228,"total":309.0}},"Public Space (Museum, Park, etc)":{"Medium":{"raw":7.0,"perc":70.0,"total":10.0},"Strong":{"raw":3.0,"perc":30.0,"total":10.0}},"Military":{"Strong":{"raw":2.0,"perc":40.0,"total":5.0},"Medium":{"raw":3.0,"perc":60.0,"total":5.0}},"Workplace":{"Extreme":{"raw":1.0,"perc":20.0,"total":5.0},"Strong":{"raw":1.0,"perc":20.0,"total":5.0},"Medium":{"raw":3.0,"perc":60.0,"total":5.0}}},"Difficult Experiences":{"Small Group (2-9)":{"Strong":{"raw":846.0,"perc":55.294117647058826,"total":1530.0},"Medium":{"raw":458.0,"perc":29.934640522875817,"total":1530.0},"Extreme":{"raw":226.0,"perc":14.77124183006536,"total":1530.0}},"Various":{"Medium":{"raw":200.0,"perc":41.067761806981515,"total":487.0},"Strong":{"raw":230.0,"perc":47.227926078028744,"total":487.0},"Extreme":{"raw":56.0,"perc":11.498973305954825,"total":487.0},"No Effect":{"raw":1.0,"perc":0.20533880903490762,"total":487.0}},"Alone":{"Extreme":{"raw":119.0,"perc":12.167689161554192,"total":978.0},"Strong":{"raw":522.0,"perc":53.374233128834362,"total":978.0},"Medium":{"raw":334.0,"perc":34.151329243353786,"total":978.0},"No Effect":{"raw":3.0,"perc":0.30674846625766872,"total":978.0}},"Large Group (10+)":{"Medium":{"raw":29.0,"perc":39.726027397260275,"total":73.0},"Strong":{"raw":36.0,"perc":49.315068493150683,"total":73.0},"Extreme":{"raw":8.0,"perc":10.95890410958904,"total":73.0}},"Unknown Context":{"Medium":{"raw":54.0,"perc":41.53846153846154,"total":130.0},"Strong":{"raw":62.0,"perc":47.692307692307693,"total":130.0},"Extreme":{"raw":14.0,"perc":10.76923076923077,"total":130.0}},"Rave / Dance Event":{"Medium":{"raw":25.0,"perc":47.169811320754718,"total":53.0},"Strong":{"raw":24.0,"perc":45.283018867924532,"total":53.0},"Extreme":{"raw":4.0,"perc":7.5471698113207548,"total":53.0}},"Festival / Lg. Crowd":{"Strong":{"raw":34.0,"perc":53.125,"total":64.0},"Medium":{"raw":23.0,"perc":35.9375,"total":64.0},"Extreme":{"raw":7.0,"perc":10.9375,"total":64.0}},"Club / Bar":{"Medium":{"raw":18.0,"perc":52.941176470588239,"total":34.0},"Strong":{"raw":15.0,"perc":44.117647058823529,"total":34.0},"Extreme":{"raw":1.0,"perc":2.9411764705882351,"total":34.0}},"School":{"Strong":{"raw":18.0,"perc":51.428571428571423,"total":35.0},"Extreme":{"raw":6.0,"perc":17.142857142857142,"total":35.0},"Medium":{"raw":11.0,"perc":31.428571428571427,"total":35.0}},"Not Applicable":{"Medium":{"raw":35.0,"perc":53.846153846153847,"total":65.0},"Strong":{"raw":25.0,"perc":38.461538461538467,"total":65.0},"Extreme":{"raw":5.0,"perc":7.6923076923076925,"total":65.0}},"Hospital":{"Extreme":{"raw":35.0,"perc":57.377049180327866,"total":61.0},"Medium":{"raw":11.0,"perc":18.0327868852459,"total":61.0},"Strong":{"raw":15.0,"perc":24.590163934426229,"total":61.0}},"Group Ceremony":{"Extreme":{"raw":4.0,"perc":25.0,"total":16.0},"Strong":{"raw":9.0,"perc":56.25,"total":16.0},"Medium":{"raw":3.0,"perc":18.75,"total":16.0}},"Public Space (Museum, Park, etc)":{"Medium":{"raw":3.0,"perc":100.0,"total":3.0}},"Large Party":{"Strong":{"raw":2.0,"perc":66.666666666666657,"total":3.0},"Medium":{"raw":1.0,"perc":33.333333333333329,"total":3.0}},"Military":{"Strong":{"raw":1.0,"perc":100.0,"total":1.0}},"Workplace":{"Medium":{"raw":1.0,"perc":33.333333333333329,"total":3.0},"Strong":{"raw":2.0,"perc":66.666666666666657,"total":3.0}}},"Nature / Outdoors":{"Small Group (2-9)":{"Strong":{"raw":116.0,"perc":28.292682926829265,"total":410.0},"Medium":{"raw":283.0,"perc":69.024390243902431,"total":410.0},"Extreme":{"raw":11.0,"perc":2.6829268292682928,"total":410.0}},"Alone":{"Medium":{"raw":92.0,"perc":60.526315789473685,"total":152.0},"Strong":{"raw":56.0,"perc":36.84210526315789,"total":152.0},"Extreme":{"raw":2.0,"perc":1.3157894736842104,"total":152.0},"No Effect":{"raw":2.0,"perc":1.3157894736842104,"total":152.0}},"Unknown Context":{"Medium":{"raw":4.0,"perc":100.0,"total":4.0}},"Various":{"Medium":{"raw":65.0,"perc":61.320754716981128,"total":106.0},"Strong":{"raw":36.0,"perc":33.9622641509434,"total":106.0},"Extreme":{"raw":5.0,"perc":4.716981132075472,"total":106.0}},"Large Group (10+)":{"Medium":{"raw":5.0,"perc":55.555555555555557,"total":9.0},"Strong":{"raw":4.0,"perc":44.444444444444443,"total":9.0}},"Rave / Dance Event":{"Strong":{"raw":4.0,"perc":40.0,"total":10.0},"Medium":{"raw":6.0,"perc":60.0,"total":10.0}},"Festival / Lg. Crowd":{"Medium":{"raw":11.0,"perc":61.111111111111114,"total":18.0},"Strong":{"raw":7.0,"perc":38.888888888888893,"total":18.0}},"Not Applicable":{"Medium":{"raw":7.0,"perc":100.0,"total":7.0}},"Group Ceremony":{"Strong":{"raw":6.0,"perc":75.0,"total":8.0},"Medium":{"raw":1.0,"perc":12.5,"total":8.0},"Extreme":{"raw":1.0,"perc":12.5,"total":8.0}},"Club / Bar":{"Medium":{"raw":2.0,"perc":100.0,"total":2.0}},"Public Space (Museum, Park, etc)":{"Medium":{"raw":5.0,"perc":83.333333333333343,"total":6.0},"Strong":{"raw":1.0,"perc":16.666666666666664,"total":6.0}}},"Music Discussion":{"Small Group (2-9)":{"Medium":{"raw":211.0,"perc":59.94318181818182,"total":352.0},"Strong":{"raw":127.0,"perc":36.079545454545453,"total":352.0},"Extreme":{"raw":14.0,"perc":3.9772727272727271,"total":352.0}},"Alone":{"Medium":{"raw":216.0,"perc":66.666666666666657,"total":324.0},"Strong":{"raw":97.0,"perc":29.938271604938272,"total":324.0},"Extreme":{"raw":11.0,"perc":3.3950617283950617,"total":324.0}},"Rave / Dance Event":{"Strong":{"raw":7.0,"perc":46.666666666666664,"total":15.0},"Medium":{"raw":7.0,"perc":46.666666666666664,"total":15.0},"Extreme":{"raw":1.0,"perc":6.666666666666667,"total":15.0}},"Various":{"Medium":{"raw":96.0,"perc":68.085106382978722,"total":141.0},"Extreme":{"raw":5.0,"perc":3.5460992907801421,"total":141.0},"Strong":{"raw":40.0,"perc":28.368794326241137,"total":141.0}},"Large Group (10+)":{"Medium":{"raw":13.0,"perc":44.827586206896555,"total":29.0},"Strong":{"raw":14.0,"perc":48.275862068965516,"total":29.0},"Extreme":{"raw":2.0,"perc":6.8965517241379306,"total":29.0}},"Festival / Lg. Crowd":{"Medium":{"raw":22.0,"perc":61.111111111111114,"total":36.0},"Strong":{"raw":12.0,"perc":33.333333333333329,"total":36.0},"Extreme":{"raw":2.0,"perc":5.5555555555555554,"total":36.0}},"Club / Bar":{"Strong":{"raw":7.0,"perc":41.17647058823529,"total":17.0},"Medium":{"raw":10.0,"perc":58.82352941176471,"total":17.0}},"Not Applicable":{"Medium":{"raw":12.0,"perc":80.0,"total":15.0},"Strong":{"raw":2.0,"perc":13.333333333333334,"total":15.0},"Extreme":{"raw":1.0,"perc":6.666666666666667,"total":15.0}},"Unknown Context":{"Strong":{"raw":2.0,"perc":20.0,"total":10.0},"Medium":{"raw":8.0,"perc":80.0,"total":10.0}},"School":{"Medium":{"raw":2.0,"perc":100.0,"total":2.0}},"Group Ceremony":{"Medium":{"raw":2.0,"perc":50.0,"total":4.0},"Extreme":{"raw":1.0,"perc":25.0,"total":4.0},"Strong":{"raw":1.0,"perc":25.0,"total":4.0}},"Public Space (Museum, Park, etc)":{"Strong":{"raw":1.0,"perc":100.0,"total":1.0}}},"Glowing Experiences":{"Rave / Dance Event":{"Medium":{"raw":62.0,"perc":65.957446808510639,"total":94.0},"Strong":{"raw":31.0,"perc":32.978723404255319,"total":94.0},"Extreme":{"raw":1.0,"perc":1.0638297872340425,"total":94.0}},"Small Group (2-9)":{"Strong":{"raw":523.0,"perc":36.496859734822053,"total":1433.0},"Medium":{"raw":876.0,"perc":61.130495464061404,"total":1433.0},"Extreme":{"raw":34.0,"perc":2.3726448011165391,"total":1433.0}},"Alone":{"Medium":{"raw":577.0,"perc":63.546255506607928,"total":908.0},"Strong":{"raw":304.0,"perc":33.480176211453745,"total":908.0},"Extreme":{"raw":27.0,"perc":2.9735682819383258,"total":908.0}},"Club / Bar":{"Strong":{"raw":15.0,"perc":33.333333333333329,"total":45.0},"Medium":{"raw":30.0,"perc":66.666666666666657,"total":45.0}},"Unknown Context":{"Medium":{"raw":96.0,"perc":78.048780487804876,"total":123.0},"Strong":{"raw":26.0,"perc":21.138211382113823,"total":123.0},"Extreme":{"raw":1.0,"perc":0.81300813008130091,"total":123.0}},"Various":{"Strong":{"raw":84.0,"perc":24.277456647398843,"total":346.0},"Medium":{"raw":255.0,"perc":73.699421965317924,"total":346.0},"Extreme":{"raw":7.0,"perc":2.0231213872832372,"total":346.0}},"Large Group (10+)":{"Medium":{"raw":43.0,"perc":62.318840579710141,"total":69.0},"Strong":{"raw":26.0,"perc":37.681159420289859,"total":69.0}},"Festival / Lg. Crowd":{"Medium":{"raw":68.0,"perc":73.91304347826086,"total":92.0},"Strong":{"raw":21.0,"perc":22.826086956521738,"total":92.0},"Extreme":{"raw":2.0,"perc":2.1739130434782608,"total":92.0},"No Effect":{"raw":1.0,"perc":1.0869565217391304,"total":92.0}},"School":{"Medium":{"raw":21.0,"perc":72.41379310344827,"total":29.0},"Strong":{"raw":8.0,"perc":27.586206896551722,"total":29.0}},"Not Applicable":{"Medium":{"raw":39.0,"perc":78.0,"total":50.0},"Strong":{"raw":11.0,"perc":22.0,"total":50.0}},"Group Ceremony":{"Medium":{"raw":10.0,"perc":47.619047619047613,"total":21.0},"Strong":{"raw":10.0,"perc":47.619047619047613,"total":21.0},"Extreme":{"raw":1.0,"perc":4.7619047619047619,"total":21.0}},"Hospital":{"Extreme":{"raw":2.0,"perc":18.181818181818183,"total":11.0},"Medium":{"raw":5.0,"perc":45.454545454545453,"total":11.0},"Strong":{"raw":4.0,"perc":36.363636363636367,"total":11.0}},"Public Space (Museum, Park, etc)":{"Medium":{"raw":5.0,"perc":83.333333333333343,"total":6.0},"Strong":{"raw":1.0,"perc":16.666666666666664,"total":6.0}},"Large Party":{"Medium":{"raw":1.0,"perc":100.0,"total":1.0}},"Workplace":{"Medium":{"raw":2.0,"perc":100.0,"total":2.0}}},"Post Trip Problems":{"Small Group (2-9)":{"Strong":{"raw":99.0,"perc":41.422594142259413,"total":239.0},"Medium":{"raw":71.0,"perc":29.707112970711297,"total":239.0},"Extreme":{"raw":69.0,"perc":28.870292887029287,"total":239.0}},"Large Group (10+)":{"Medium":{"raw":7.0,"perc":43.75,"total":16.0},"Strong":{"raw":4.0,"perc":25.0,"total":16.0},"Extreme":{"raw":5.0,"perc":31.25,"total":16.0}},"Various":{"Medium":{"raw":114.0,"perc":56.157635467980292,"total":203.0},"Extreme":{"raw":31.0,"perc":15.270935960591133,"total":203.0},"Strong":{"raw":58.0,"perc":28.571428571428569,"total":203.0}},"Rave / Dance Event":{"Medium":{"raw":17.0,"perc":65.384615384615387,"total":26.0},"Strong":{"raw":6.0,"perc":23.076923076923077,"total":26.0},"Extreme":{"raw":3.0,"perc":11.538461538461538,"total":26.0}},"Unknown Context":{"Strong":{"raw":17.0,"perc":17.894736842105264,"total":95.0},"Medium":{"raw":63.0,"perc":66.3157894736842,"total":95.0},"Extreme":{"raw":13.0,"perc":13.684210526315791,"total":95.0},"No Effect":{"raw":2.0,"perc":2.1052631578947367,"total":95.0}},"Alone":{"Medium":{"raw":53.0,"perc":37.06293706293706,"total":143.0},"Strong":{"raw":49.0,"perc":34.265734265734267,"total":143.0},"No Effect":{"raw":1.0,"perc":0.69930069930069927,"total":143.0},"Extreme":{"raw":40.0,"perc":27.972027972027973,"total":143.0}},"Club / Bar":{"Medium":{"raw":7.0,"perc":50.0,"total":14.0},"Strong":{"raw":5.0,"perc":35.714285714285715,"total":14.0},"Extreme":{"raw":2.0,"perc":14.285714285714285,"total":14.0}},"Not Applicable":{"Medium":{"raw":50.0,"perc":43.859649122807014,"total":114.0},"Strong":{"raw":43.0,"perc":37.719298245614034,"total":114.0},"Extreme":{"raw":21.0,"perc":18.421052631578945,"total":114.0}},"Hospital":{"Medium":{"raw":5.0,"perc":14.285714285714285,"total":35.0},"Extreme":{"raw":18.0,"perc":51.428571428571423,"total":35.0},"Strong":{"raw":11.0,"perc":31.428571428571427,"total":35.0},"No Effect":{"raw":1.0,"perc":2.8571428571428572,"total":35.0}},"Festival / Lg. Crowd":{"Strong":{"raw":2.0,"perc":50.0,"total":4.0},"Medium":{"raw":2.0,"perc":50.0,"total":4.0}},"School":{"Strong":{"raw":3.0,"perc":30.0,"total":10.0},"Extreme":{"raw":3.0,"perc":30.0,"total":10.0},"Medium":{"raw":3.0,"perc":30.0,"total":10.0},"No Effect":{"raw":1.0,"perc":10.0,"total":10.0}},"Group Ceremony":{"Medium":{"raw":1.0,"perc":25.0,"total":4.0},"Extreme":{"raw":1.0,"perc":25.0,"total":4.0},"Strong":{"raw":2.0,"perc":50.0,"total":4.0}}},"Mystical Experiences":{"Small Group (2-9)":{"Strong":{"raw":344.0,"perc":54.516640253565775,"total":631.0},"Medium":{"raw":210.0,"perc":33.280507131537242,"total":631.0},"Extreme":{"raw":77.0,"perc":12.202852614896988,"total":631.0}},"Alone":{"Strong":{"raw":254.0,"perc":54.389721627408996,"total":467.0},"Medium":{"raw":160.0,"perc":34.261241970021409,"total":467.0},"Extreme":{"raw":53.0,"perc":11.349036402569594,"total":467.0}},"Unknown Context":{"Medium":{"raw":28.0,"perc":50.0,"total":56.0},"Strong":{"raw":25.0,"perc":44.642857142857146,"total":56.0},"Extreme":{"raw":3.0,"perc":5.3571428571428568,"total":56.0}},"Various":{"Medium":{"raw":39.0,"perc":40.206185567010309,"total":97.0},"Strong":{"raw":45.0,"perc":46.391752577319586,"total":97.0},"Extreme":{"raw":13.0,"perc":13.402061855670103,"total":97.0}},"Festival / Lg. Crowd":{"Strong":{"raw":20.0,"perc":55.555555555555557,"total":36.0},"Medium":{"raw":13.0,"perc":36.111111111111107,"total":36.0},"Extreme":{"raw":3.0,"perc":8.3333333333333321,"total":36.0}},"Group Ceremony":{"Medium":{"raw":15.0,"perc":44.117647058823529,"total":34.0},"Strong":{"raw":17.0,"perc":50.0,"total":34.0},"Extreme":{"raw":2.0,"perc":5.88235294117647,"total":34.0}},"Large Group (10+)":{"Strong":{"raw":19.0,"perc":70.370370370370367,"total":27.0},"Extreme":{"raw":2.0,"perc":7.4074074074074066,"total":27.0},"Medium":{"raw":6.0,"perc":22.222222222222221,"total":27.0}},"Club / Bar":{"Medium":{"raw":4.0,"perc":100.0,"total":4.0}},"Rave / Dance Event":{"Medium":{"raw":7.0,"perc":63.636363636363633,"total":11.0},"Extreme":{"raw":1.0,"perc":9.0909090909090917,"total":11.0},"Strong":{"raw":3.0,"perc":27.27272727272727,"total":11.0}},"Hospital":{"Strong":{"raw":2.0,"perc":50.0,"total":4.0},"Extreme":{"raw":2.0,"perc":50.0,"total":4.0}},"School":{"Strong":{"raw":3.0,"perc":100.0,"total":3.0}},"Not Applicable":{"Medium":{"raw":12.0,"perc":60.0,"total":20.0},"Strong":{"raw":7.0,"perc":35.0,"total":20.0},"Extreme":{"raw":1.0,"perc":5.0,"total":20.0}},"Large Party":{"Strong":{"raw":1.0,"perc":100.0,"total":1.0}}},"Retrospective / Summary":{"Alone":{"Medium":{"raw":300.0,"perc":66.518847006651882,"total":451.0},"No Effect":{"raw":11.0,"perc":2.4390243902439024,"total":451.0},"Extreme":{"raw":23.0,"perc":5.0997782705099777,"total":451.0},"Strong":{"raw":117.0,"perc":25.942350332594234,"total":451.0}},"Various":{"Medium":{"raw":750.0,"perc":80.213903743315512,"total":935.0},"Strong":{"raw":156.0,"perc":16.684491978609625,"total":935.0},"No Effect":{"raw":5.0,"perc":0.53475935828877,"total":935.0},"Extreme":{"raw":24.0,"perc":2.5668449197860963,"total":935.0}},"Unknown Context":{"Medium":{"raw":281.0,"perc":84.638554216867462,"total":332.0},"Strong":{"raw":42.0,"perc":12.650602409638553,"total":332.0},"Extreme":{"raw":2.0,"perc":0.60240963855421692,"total":332.0},"No Effect":{"raw":7.0,"perc":2.1084337349397591,"total":332.0}},"Small Group (2-9)":{"Strong":{"raw":97.0,"perc":29.041916167664674,"total":334.0},"Medium":{"raw":220.0,"perc":65.868263473053887,"total":334.0},"Extreme":{"raw":14.0,"perc":4.1916167664670656,"total":334.0},"No Effect":{"raw":3.0,"perc":0.89820359281437123,"total":334.0}},"Not Applicable":{"Medium":{"raw":609.0,"perc":79.712041884816756,"total":764.0},"Strong":{"raw":129.0,"perc":16.8848167539267,"total":764.0},"No Effect":{"raw":10.0,"perc":1.3089005235602094,"total":764.0},"Extreme":{"raw":16.0,"perc":2.0942408376963351,"total":764.0}},"Club / Bar":{"Medium":{"raw":23.0,"perc":85.18518518518519,"total":27.0},"Strong":{"raw":3.0,"perc":11.111111111111111,"total":27.0},"Extreme":{"raw":1.0,"perc":3.7037037037037033,"total":27.0}},"Rave / Dance Event":{"Medium":{"raw":14.0,"perc":77.777777777777786,"total":18.0},"Strong":{"raw":4.0,"perc":22.222222222222221,"total":18.0}},"Large Group (10+)":{"Medium":{"raw":13.0,"perc":76.470588235294116,"total":17.0},"Strong":{"raw":3.0,"perc":17.647058823529413,"total":17.0},"Extreme":{"raw":1.0,"perc":5.88235294117647,"total":17.0}},"Group Ceremony":{"Medium":{"raw":3.0,"perc":50.0,"total":6.0},"Strong":{"raw":3.0,"perc":50.0,"total":6.0}},"Hospital":{"Medium":{"raw":12.0,"perc":57.142857142857139,"total":21.0},"Extreme":{"raw":5.0,"perc":23.809523809523807,"total":21.0},"Strong":{"raw":3.0,"perc":14.285714285714285,"total":21.0},"No Effect":{"raw":1.0,"perc":4.7619047619047619,"total":21.0}},"School":{"Medium":{"raw":26.0,"perc":89.65517241379311,"total":29.0},"Strong":{"raw":3.0,"perc":10.344827586206897,"total":29.0}},"Festival / Lg. Crowd":{"Strong":{"raw":6.0,"perc":54.54545454545454,"total":11.0},"Medium":{"raw":5.0,"perc":45.454545454545453,"total":11.0}},"Military":{"Medium":{"raw":5.0,"perc":100.0,"total":5.0}},"Large Party":{"Medium":{"raw":1.0,"perc":50.0,"total":2.0},"Strong":{"raw":1.0,"perc":50.0,"total":2.0}},"Workplace":{"Extreme":{"raw":1.0,"perc":25.0,"total":4.0},"Medium":{"raw":3.0,"perc":75.0,"total":4.0}},"Public Space (Museum, Park, etc)":{"Medium":{"raw":1.0,"perc":100.0,"total":1.0}}},"Health Problems":{"Small Group (2-9)":{"Medium":{"raw":200.0,"perc":37.807183364839318,"total":529.0},"Strong":{"raw":201.0,"perc":37.996219281663521,"total":529.0},"Extreme":{"raw":128.0,"perc":24.196597353497165,"total":529.0}},"Various":{"Medium":{"raw":213.0,"perc":54.896907216494853,"total":388.0},"Strong":{"raw":107.0,"perc":27.577319587628867,"total":388.0},"Extreme":{"raw":67.0,"perc":17.2680412371134,"total":388.0},"No Effect":{"raw":1.0,"perc":0.25773195876288657,"total":388.0}},"Rave / Dance Event":{"Medium":{"raw":10.0,"perc":37.037037037037038,"total":27.0},"Strong":{"raw":12.0,"perc":44.444444444444443,"total":27.0},"Extreme":{"raw":5.0,"perc":18.518518518518519,"total":27.0}},"Alone":{"Strong":{"raw":127.0,"perc":31.909547738693465,"total":398.0},"Medium":{"raw":185.0,"perc":46.482412060301506,"total":398.0},"Extreme":{"raw":83.0,"perc":20.854271356783919,"total":398.0},"No Effect":{"raw":3.0,"perc":0.75376884422110546,"total":398.0}},"Large Group (10+)":{"Medium":{"raw":13.0,"perc":34.210526315789473,"total":38.0},"Strong":{"raw":17.0,"perc":44.736842105263158,"total":38.0},"Extreme":{"raw":8.0,"perc":21.052631578947366,"total":38.0}},"Unknown Context":{"Strong":{"raw":37.0,"perc":16.444444444444446,"total":225.0},"Medium":{"raw":153.0,"perc":68.0,"total":225.0},"Extreme":{"raw":30.0,"perc":13.333333333333334,"total":225.0},"No Effect":{"raw":5.0,"perc":2.2222222222222223,"total":225.0}},"Club / Bar":{"Medium":{"raw":15.0,"perc":55.555555555555557,"total":27.0},"Strong":{"raw":6.0,"perc":22.222222222222221,"total":27.0},"Extreme":{"raw":6.0,"perc":22.222222222222221,"total":27.0}},"Festival / Lg. Crowd":{"Strong":{"raw":8.0,"perc":50.0,"total":16.0},"Medium":{"raw":6.0,"perc":37.5,"total":16.0},"Extreme":{"raw":2.0,"perc":12.5,"total":16.0}},"Not Applicable":{"Medium":{"raw":154.0,"perc":60.629921259842526,"total":254.0},"Strong":{"raw":70.0,"perc":27.559055118110237,"total":254.0},"Extreme":{"raw":27.0,"perc":10.62992125984252,"total":254.0},"No Effect":{"raw":3.0,"perc":1.1811023622047243,"total":254.0}},"School":{"Strong":{"raw":13.0,"perc":50.0,"total":26.0},"Medium":{"raw":5.0,"perc":19.230769230769234,"total":26.0},"Extreme":{"raw":8.0,"perc":30.76923076923077,"total":26.0}},"Hospital":{"Strong":{"raw":19.0,"perc":22.61904761904762,"total":84.0},"Medium":{"raw":19.0,"perc":22.61904761904762,"total":84.0},"Extreme":{"raw":46.0,"perc":54.761904761904766,"total":84.0}},"Military":{"Strong":{"raw":1.0,"perc":33.333333333333329,"total":3.0},"Medium":{"raw":2.0,"perc":66.666666666666657,"total":3.0}},"Workplace":{"Strong":{"raw":2.0,"perc":66.666666666666657,"total":3.0},"Medium":{"raw":1.0,"perc":33.333333333333329,"total":3.0}},"Group Ceremony":{"Extreme":{"raw":1.0,"perc":50.0,"total":2.0},"Strong":{"raw":1.0,"perc":50.0,"total":2.0}}},"Multi-Day Experience":{"Small Group (2-9)":{"Medium":{"raw":46.0,"perc":39.6551724137931,"total":116.0},"Extreme":{"raw":16.0,"perc":13.793103448275861,"total":116.0},"Strong":{"raw":54.0,"perc":46.551724137931032,"total":116.0}},"Various":{"Medium":{"raw":73.0,"perc":44.785276073619634,"total":163.0},"Strong":{"raw":59.0,"perc":36.196319018404907,"total":163.0},"Extreme":{"raw":31.0,"perc":19.018404907975462,"total":163.0}},"Alone":{"Strong":{"raw":55.0,"perc":41.984732824427482,"total":131.0},"Extreme":{"raw":20.0,"perc":15.267175572519085,"total":131.0},"Medium":{"raw":55.0,"perc":41.984732824427482,"total":131.0},"No Effect":{"raw":1.0,"perc":0.76335877862595414,"total":131.0}},"Large Group (10+)":{"Strong":{"raw":3.0,"perc":42.857142857142854,"total":7.0},"Medium":{"raw":4.0,"perc":57.142857142857139,"total":7.0}},"Rave / Dance Event":{"Strong":{"raw":3.0,"perc":60.0,"total":5.0},"Medium":{"raw":2.0,"perc":40.0,"total":5.0}},"Festival / Lg. Crowd":{"Medium":{"raw":8.0,"perc":57.142857142857139,"total":14.0},"Strong":{"raw":5.0,"perc":35.714285714285715,"total":14.0},"Extreme":{"raw":1.0,"perc":7.1428571428571423,"total":14.0}},"Club / Bar":{"Medium":{"raw":2.0,"perc":100.0,"total":2.0}},"Not Applicable":{"Strong":{"raw":26.0,"perc":28.571428571428569,"total":91.0},"Medium":{"raw":54.0,"perc":59.340659340659343,"total":91.0},"Extreme":{"raw":8.0,"perc":8.791208791208792,"total":91.0},"No Effect":{"raw":3.0,"perc":3.296703296703297,"total":91.0}},"Hospital":{"Extreme":{"raw":8.0,"perc":50.0,"total":16.0},"Medium":{"raw":5.0,"perc":31.25,"total":16.0},"Strong":{"raw":3.0,"perc":18.75,"total":16.0}},"Unknown Context":{"Strong":{"raw":7.0,"perc":33.333333333333329,"total":21.0},"Medium":{"raw":9.0,"perc":42.857142857142854,"total":21.0},"No Effect":{"raw":1.0,"perc":4.7619047619047619,"total":21.0},"Extreme":{"raw":4.0,"perc":19.047619047619047,"total":21.0}},"School":{"Extreme":{"raw":1.0,"perc":10.0,"total":10.0},"Strong":{"raw":5.0,"perc":50.0,"total":10.0},"Medium":{"raw":4.0,"perc":40.0,"total":10.0}},"Group Ceremony":{"Strong":{"raw":5.0,"perc":71.428571428571431,"total":7.0},"Medium":{"raw":2.0,"perc":28.571428571428569,"total":7.0}},"Workplace":{"Medium":{"raw":1.0,"perc":100.0,"total":1.0}}},"Sex Discussion":{"Large Group (10+)":{"Medium":{"raw":2.0,"perc":33.333333333333329,"total":6.0},"Strong":{"raw":3.0,"perc":50.0,"total":6.0},"Extreme":{"raw":1.0,"perc":16.666666666666664,"total":6.0}},"Small Group (2-9)":{"Medium":{"raw":196.0,"perc":71.7948717948718,"total":273.0},"Strong":{"raw":69.0,"perc":25.274725274725274,"total":273.0},"Extreme":{"raw":8.0,"perc":2.93040293040293,"total":273.0}},"Various":{"Medium":{"raw":85.0,"perc":77.272727272727266,"total":110.0},"Strong":{"raw":19.0,"perc":17.272727272727273,"total":110.0},"Extreme":{"raw":6.0,"perc":5.4545454545454541,"total":110.0}},"Club / Bar":{"Medium":{"raw":4.0,"perc":80.0,"total":5.0},"Strong":{"raw":1.0,"perc":20.0,"total":5.0}},"Alone":{"Medium":{"raw":82.0,"perc":68.333333333333329,"total":120.0},"Strong":{"raw":37.0,"perc":30.833333333333336,"total":120.0},"Extreme":{"raw":1.0,"perc":0.83333333333333337,"total":120.0}},"Rave / Dance Event":{"Medium":{"raw":3.0,"perc":60.0,"total":5.0},"Strong":{"raw":2.0,"perc":40.0,"total":5.0}},"Unknown Context":{"Medium":{"raw":13.0,"perc":92.857142857142861,"total":14.0},"Strong":{"raw":1.0,"perc":7.1428571428571423,"total":14.0}},"Not Applicable":{"Medium":{"raw":27.0,"perc":72.972972972972968,"total":37.0},"Strong":{"raw":10.0,"perc":27.027027027027028,"total":37.0}},"Festival / Lg. Crowd":{"Medium":{"raw":5.0,"perc":83.333333333333343,"total":6.0},"Strong":{"raw":1.0,"perc":16.666666666666664,"total":6.0}},"Hospital":{"Strong":{"raw":1.0,"perc":100.0,"total":1.0}},"School":{"Medium":{"raw":1.0,"perc":100.0,"total":1.0}},"Group Ceremony":{"Medium":{"raw":1.0,"perc":33.333333333333329,"total":3.0},"Extreme":{"raw":1.0,"perc":33.333333333333329,"total":3.0},"Strong":{"raw":1.0,"perc":33.333333333333329,"total":3.0}}},"Preparation / Recipes":{"Unknown Context":{"No Effect":{"raw":10.0,"perc":8.5470085470085468,"total":117.0},"Medium":{"raw":98.0,"perc":83.760683760683762,"total":117.0},"Strong":{"raw":9.0,"perc":7.6923076923076925,"total":117.0}},"Alone":{"No Effect":{"raw":12.0,"perc":4.5112781954887211,"total":266.0},"Extreme":{"raw":8.0,"perc":3.007518796992481,"total":266.0},"Medium":{"raw":190.0,"perc":71.428571428571431,"total":266.0},"Strong":{"raw":56.0,"perc":21.052631578947366,"total":266.0}},"Small Group (2-9)":{"Medium":{"raw":126.0,"perc":68.478260869565219,"total":184.0},"Strong":{"raw":50.0,"perc":27.173913043478258,"total":184.0},"No Effect":{"raw":1.0,"perc":0.54347826086956519,"total":184.0},"Extreme":{"raw":7.0,"perc":3.804347826086957,"total":184.0}},"Not Applicable":{"Medium":{"raw":104.0,"perc":92.857142857142861,"total":112.0},"No Effect":{"raw":7.0,"perc":6.25,"total":112.0},"Strong":{"raw":1.0,"perc":0.89285714285714279,"total":112.0}},"Various":{"Medium":{"raw":51.0,"perc":75.0,"total":68.0},"Strong":{"raw":13.0,"perc":19.117647058823529,"total":68.0},"Extreme":{"raw":4.0,"perc":5.88235294117647,"total":68.0}},"Large Group (10+)":{"Medium":{"raw":3.0,"perc":75.0,"total":4.0},"Strong":{"raw":1.0,"perc":25.0,"total":4.0}},"Club / Bar":{"Medium":{"raw":1.0,"perc":100.0,"total":1.0}},"School":{"Medium":{"raw":1.0,"perc":33.333333333333329,"total":3.0},"Strong":{"raw":2.0,"perc":66.666666666666657,"total":3.0}},"Festival / Lg. Crowd":{"Medium":{"raw":4.0,"perc":80.0,"total":5.0},"Strong":{"raw":1.0,"perc":20.0,"total":5.0}},"Hospital":{"Strong":{"raw":1.0,"perc":50.0,"total":2.0},"Extreme":{"raw":1.0,"perc":50.0,"total":2.0}},"Group Ceremony":{"Strong":{"raw":1.0,"perc":100.0,"total":1.0}},"Rave / Dance Event":{"Medium":{"raw":2.0,"perc":100.0,"total":2.0}},"Public Space (Museum, Park, etc)":{"No Effect":{"raw":1.0,"perc":100.0,"total":1.0}}},"Overdose":{"Various":{"Medium":{"raw":35.0,"perc":23.178807947019866,"total":151.0},"Strong":{"raw":61.0,"perc":40.397350993377486,"total":151.0},"Extreme":{"raw":55.0,"perc":36.423841059602644,"total":151.0}},"Alone":{"Strong":{"raw":100.0,"perc":42.3728813559322,"total":236.0},"Extreme":{"raw":96.0,"perc":40.677966101694921,"total":236.0},"Medium":{"raw":40.0,"perc":16.949152542372879,"total":236.0}},"Small Group (2-9)":{"Medium":{"raw":58.0,"perc":19.016393442622949,"total":305.0},"Extreme":{"raw":131.0,"perc":42.950819672131146,"total":305.0},"Strong":{"raw":115.0,"perc":37.704918032786885,"total":305.0},"No Effect":{"raw":1.0,"perc":0.32786885245901637,"total":305.0}},"Unknown Context":{"Medium":{"raw":13.0,"perc":26.0,"total":50.0},"Extreme":{"raw":16.0,"perc":32.0,"total":50.0},"Strong":{"raw":21.0,"perc":42.0,"total":50.0}},"Large Group (10+)":{"Strong":{"raw":11.0,"perc":57.894736842105267,"total":19.0},"Medium":{"raw":3.0,"perc":15.789473684210526,"total":19.0},"Extreme":{"raw":5.0,"perc":26.315789473684209,"total":19.0}},"Club / Bar":{"Strong":{"raw":5.0,"perc":38.461538461538467,"total":13.0},"Extreme":{"raw":5.0,"perc":38.461538461538467,"total":13.0},"Medium":{"raw":3.0,"perc":23.076923076923077,"total":13.0}},"Rave / Dance Event":{"Strong":{"raw":7.0,"perc":53.846153846153847,"total":13.0},"Extreme":{"raw":5.0,"perc":38.461538461538467,"total":13.0},"Medium":{"raw":1.0,"perc":7.6923076923076925,"total":13.0}},"School":{"Strong":{"raw":10.0,"perc":37.037037037037038,"total":27.0},"Extreme":{"raw":12.0,"perc":44.444444444444443,"total":27.0},"Medium":{"raw":5.0,"perc":18.518518518518519,"total":27.0}},"Festival / Lg. Crowd":{"Strong":{"raw":6.0,"perc":100.0,"total":6.0}},"Hospital":{"Medium":{"raw":12.0,"perc":17.910447761194028,"total":67.0},"Strong":{"raw":6.0,"perc":8.9552238805970141,"total":67.0},"Extreme":{"raw":49.0,"perc":73.134328358208961,"total":67.0}},"Not Applicable":{"Medium":{"raw":6.0,"perc":40.0,"total":15.0},"Strong":{"raw":6.0,"perc":40.0,"total":15.0},"Extreme":{"raw":3.0,"perc":20.0,"total":15.0}}},"Bad Trips":{"Small Group (2-9)":{"Strong":{"raw":307.0,"perc":53.671328671328666,"total":572.0},"Extreme":{"raw":157.0,"perc":27.447552447552447,"total":572.0},"Medium":{"raw":108.0,"perc":18.88111888111888,"total":572.0}},"Alone":{"Strong":{"raw":155.0,"perc":48.286604361370713,"total":321.0},"Medium":{"raw":80.0,"perc":24.922118380062305,"total":321.0},"Extreme":{"raw":86.0,"perc":26.791277258566975,"total":321.0}},"Large Group (10+)":{"Medium":{"raw":10.0,"perc":28.571428571428569,"total":35.0},"Strong":{"raw":16.0,"perc":45.714285714285715,"total":35.0},"Extreme":{"raw":9.0,"perc":25.714285714285712,"total":35.0}},"Rave / Dance Event":{"Extreme":{"raw":4.0,"perc":18.181818181818183,"total":22.0},"Medium":{"raw":9.0,"perc":40.909090909090914,"total":22.0},"Strong":{"raw":9.0,"perc":40.909090909090914,"total":22.0}},"Unknown Context":{"Medium":{"raw":17.0,"perc":35.416666666666671,"total":48.0},"Extreme":{"raw":10.0,"perc":20.833333333333336,"total":48.0},"Strong":{"raw":21.0,"perc":43.75,"total":48.0}},"Various":{"Medium":{"raw":48.0,"perc":27.906976744186046,"total":172.0},"Strong":{"raw":85.0,"perc":49.418604651162788,"total":172.0},"Extreme":{"raw":39.0,"perc":22.674418604651162,"total":172.0}},"Club / Bar":{"Medium":{"raw":4.0,"perc":57.142857142857139,"total":7.0},"Strong":{"raw":2.0,"perc":28.571428571428569,"total":7.0},"Extreme":{"raw":1.0,"perc":14.285714285714285,"total":7.0}},"School":{"Strong":{"raw":9.0,"perc":60.0,"total":15.0},"Medium":{"raw":3.0,"perc":20.0,"total":15.0},"Extreme":{"raw":3.0,"perc":20.0,"total":15.0}},"Not Applicable":{"Medium":{"raw":6.0,"perc":26.086956521739129,"total":23.0},"Strong":{"raw":13.0,"perc":56.521739130434781,"total":23.0},"Extreme":{"raw":4.0,"perc":17.391304347826086,"total":23.0}},"Festival / Lg. Crowd":{"Medium":{"raw":3.0,"perc":23.076923076923077,"total":13.0},"Strong":{"raw":7.0,"perc":53.846153846153847,"total":13.0},"Extreme":{"raw":3.0,"perc":23.076923076923077,"total":13.0}},"Hospital":{"Extreme":{"raw":24.0,"perc":54.54545454545454,"total":44.0},"Medium":{"raw":8.0,"perc":18.181818181818183,"total":44.0},"Strong":{"raw":12.0,"perc":27.27272727272727,"total":44.0}},"Group Ceremony":{"Extreme":{"raw":1.0,"perc":100.0,"total":1.0}},"Workplace":{"Strong":{"raw":2.0,"perc":100.0,"total":2.0}}},"Depression":{"Small Group (2-9)":{"Medium":{"raw":45.0,"perc":45.91836734693878,"total":98.0},"Extreme":{"raw":11.0,"perc":11.224489795918368,"total":98.0},"Strong":{"raw":42.0,"perc":42.857142857142854,"total":98.0}},"Rave / Dance Event":{"Medium":{"raw":5.0,"perc":71.428571428571431,"total":7.0},"Strong":{"raw":2.0,"perc":28.571428571428569,"total":7.0}},"Various":{"Strong":{"raw":37.0,"perc":24.666666666666668,"total":150.0},"Medium":{"raw":102.0,"perc":68.0,"total":150.0},"Extreme":{"raw":11.0,"perc":7.333333333333333,"total":150.0}},"Unknown Context":{"Medium":{"raw":34.0,"perc":94.444444444444443,"total":36.0},"Strong":{"raw":2.0,"perc":5.5555555555555554,"total":36.0}},"Alone":{"Medium":{"raw":71.0,"perc":58.196721311475407,"total":122.0},"Strong":{"raw":41.0,"perc":33.606557377049178,"total":122.0},"Extreme":{"raw":10.0,"perc":8.19672131147541,"total":122.0}},"Large Group (10+)":{"Strong":{"raw":5.0,"perc":71.428571428571431,"total":7.0},"Medium":{"raw":2.0,"perc":28.571428571428569,"total":7.0}},"Club / Bar":{"Medium":{"raw":3.0,"perc":60.0,"total":5.0},"Strong":{"raw":2.0,"perc":40.0,"total":5.0}},"Not Applicable":{"Medium":{"raw":83.0,"perc":64.84375,"total":128.0},"No Effect":{"raw":1.0,"perc":0.78125,"total":128.0},"Strong":{"raw":36.0,"perc":28.125,"total":128.0},"Extreme":{"raw":8.0,"perc":6.25,"total":128.0}},"Hospital":{"Extreme":{"raw":2.0,"perc":18.181818181818183,"total":11.0},"Medium":{"raw":4.0,"perc":36.363636363636367,"total":11.0},"Strong":{"raw":5.0,"perc":45.454545454545453,"total":11.0}},"School":{"Strong":{"raw":1.0,"perc":16.666666666666664,"total":6.0},"Medium":{"raw":4.0,"perc":66.666666666666657,"total":6.0},"Extreme":{"raw":1.0,"perc":16.666666666666664,"total":6.0}},"Group Ceremony":{"Extreme":{"raw":1.0,"perc":25.0,"total":4.0},"Strong":{"raw":3.0,"perc":75.0,"total":4.0}},"Festival / Lg. Crowd":{"Strong":{"raw":2.0,"perc":100.0,"total":2.0}},"Large Party":{"Strong":{"raw":1.0,"perc":100.0,"total":1.0}}},"Entities / Beings":{"Alone":{"Medium":{"raw":195.0,"perc":33.562822719449223,"total":581.0},"Strong":{"raw":324.0,"perc":55.765920826161789,"total":581.0},"Extreme":{"raw":62.0,"perc":10.671256454388985,"total":581.0}},"Small Group (2-9)":{"Medium":{"raw":153.0,"perc":28.8135593220339,"total":531.0},"Strong":{"raw":283.0,"perc":53.295668549905841,"total":531.0},"Extreme":{"raw":95.0,"perc":17.890772128060263,"total":531.0}},"Unknown Context":{"Medium":{"raw":20.0,"perc":54.054054054054056,"total":37.0},"Strong":{"raw":16.0,"perc":43.243243243243242,"total":37.0},"Extreme":{"raw":1.0,"perc":2.7027027027027026,"total":37.0}},"Rave / Dance Event":{"Medium":{"raw":2.0,"perc":50.0,"total":4.0},"Extreme":{"raw":1.0,"perc":25.0,"total":4.0},"Strong":{"raw":1.0,"perc":25.0,"total":4.0}},"Festival / Lg. Crowd":{"Extreme":{"raw":2.0,"perc":20.0,"total":10.0},"Strong":{"raw":7.0,"perc":70.0,"total":10.0},"Medium":{"raw":1.0,"perc":10.0,"total":10.0}},"Various":{"Medium":{"raw":38.0,"perc":39.175257731958766,"total":97.0},"Strong":{"raw":45.0,"perc":46.391752577319586,"total":97.0},"Extreme":{"raw":14.0,"perc":14.432989690721648,"total":97.0}},"Not Applicable":{"Medium":{"raw":9.0,"perc":45.0,"total":20.0},"Strong":{"raw":8.0,"perc":40.0,"total":20.0},"Extreme":{"raw":3.0,"perc":15.0,"total":20.0}},"Hospital":{"Strong":{"raw":2.0,"perc":20.0,"total":10.0},"Extreme":{"raw":7.0,"perc":70.0,"total":10.0},"Medium":{"raw":1.0,"perc":10.0,"total":10.0}},"Large Group (10+)":{"Strong":{"raw":11.0,"perc":78.571428571428569,"total":14.0},"Medium":{"raw":3.0,"perc":21.428571428571427,"total":14.0}},"Club / Bar":{"Strong":{"raw":2.0,"perc":66.666666666666657,"total":3.0},"Medium":{"raw":1.0,"perc":33.333333333333329,"total":3.0}},"Group Ceremony":{"Strong":{"raw":16.0,"perc":57.142857142857139,"total":28.0},"Medium":{"raw":10.0,"perc":35.714285714285715,"total":28.0},"Extreme":{"raw":2.0,"perc":7.1428571428571423,"total":28.0}},"Military":{"Medium":{"raw":1.0,"perc":100.0,"total":1.0}},"School":{"Medium":{"raw":1.0,"perc":33.333333333333329,"total":3.0},"Strong":{"raw":2.0,"perc":66.666666666666657,"total":3.0}},"Public Space (Museum, Park, etc)":{"Strong":{"raw":1.0,"perc":100.0,"total":1.0}}},"What Was in That?":{"Rave / Dance Event":{"Medium":{"raw":9.0,"perc":69.230769230769226,"total":13.0},"Strong":{"raw":4.0,"perc":30.76923076923077,"total":13.0}},"Various":{"Strong":{"raw":17.0,"perc":36.95652173913043,"total":46.0},"Medium":{"raw":26.0,"perc":56.521739130434781,"total":46.0},"No Effect":{"raw":1.0,"perc":2.1739130434782608,"total":46.0},"Extreme":{"raw":2.0,"perc":4.3478260869565215,"total":46.0}},"Small Group (2-9)":{"Medium":{"raw":36.0,"perc":35.294117647058826,"total":102.0},"Strong":{"raw":49.0,"perc":48.03921568627451,"total":102.0},"Extreme":{"raw":13.0,"perc":12.745098039215685,"total":102.0},"No Effect":{"raw":4.0,"perc":3.9215686274509802,"total":102.0}},"Club / Bar":{"Medium":{"raw":8.0,"perc":61.53846153846154,"total":13.0},"Strong":{"raw":5.0,"perc":38.461538461538467,"total":13.0}},"Unknown Context":{"No Effect":{"raw":1.0,"perc":5.2631578947368416,"total":19.0},"Strong":{"raw":7.0,"perc":36.84210526315789,"total":19.0},"Medium":{"raw":10.0,"perc":52.631578947368418,"total":19.0},"Extreme":{"raw":1.0,"perc":5.2631578947368416,"total":19.0}},"Alone":{"Medium":{"raw":17.0,"perc":58.620689655172406,"total":29.0},"Extreme":{"raw":2.0,"perc":6.8965517241379306,"total":29.0},"Strong":{"raw":9.0,"perc":31.03448275862069,"total":29.0},"No Effect":{"raw":1.0,"perc":3.4482758620689653,"total":29.0}},"Large Group (10+)":{"Medium":{"raw":1.0,"perc":25.0,"total":4.0},"Strong":{"raw":3.0,"perc":75.0,"total":4.0}},"Festival / Lg. Crowd":{"Strong":{"raw":6.0,"perc":85.714285714285708,"total":7.0},"Medium":{"raw":1.0,"perc":14.285714285714285,"total":7.0}},"School":{"Medium":{"raw":1.0,"perc":50.0,"total":2.0},"Strong":{"raw":1.0,"perc":50.0,"total":2.0}},"Not Applicable":{"Strong":{"raw":1.0,"perc":50.0,"total":2.0},"Medium":{"raw":1.0,"perc":50.0,"total":2.0}},"Hospital":{"Strong":{"raw":1.0,"perc":33.333333333333329,"total":3.0},"Extreme":{"raw":2.0,"perc":66.666666666666657,"total":3.0}}},"Second Hand Report":{"Rave / Dance Event":{"Medium":{"raw":2.0,"perc":28.571428571428569,"total":7.0},"Extreme":{"raw":3.0,"perc":42.857142857142854,"total":7.0},"Strong":{"raw":2.0,"perc":28.571428571428569,"total":7.0}},"Large Group (10+)":{"Medium":{"raw":4.0,"perc":40.0,"total":10.0},"Extreme":{"raw":3.0,"perc":30.0,"total":10.0},"Strong":{"raw":3.0,"perc":30.0,"total":10.0}},"Not Applicable":{"Medium":{"raw":14.0,"perc":37.837837837837839,"total":37.0},"No Effect":{"raw":8.0,"perc":21.621621621621621,"total":37.0},"Strong":{"raw":6.0,"perc":16.216216216216218,"total":37.0},"Extreme":{"raw":9.0,"perc":24.324324324324326,"total":37.0}},"Various":{"No Effect":{"raw":1.0,"perc":5.5555555555555554,"total":18.0},"Medium":{"raw":12.0,"perc":66.666666666666657,"total":18.0},"Strong":{"raw":2.0,"perc":11.111111111111111,"total":18.0},"Extreme":{"raw":3.0,"perc":16.666666666666664,"total":18.0}},"Small Group (2-9)":{"Extreme":{"raw":33.0,"perc":27.731092436974791,"total":119.0},"Strong":{"raw":41.0,"perc":34.45378151260504,"total":119.0},"Medium":{"raw":45.0,"perc":37.815126050420169,"total":119.0}},"Club / Bar":{"Medium":{"raw":2.0,"perc":66.666666666666657,"total":3.0},"Strong":{"raw":1.0,"perc":33.333333333333329,"total":3.0}},"Unknown Context":{"Extreme":{"raw":9.0,"perc":34.615384615384613,"total":26.0},"Medium":{"raw":13.0,"perc":50.0,"total":26.0},"Strong":{"raw":4.0,"perc":15.384615384615385,"total":26.0}},"Hospital":{"Strong":{"raw":4.0,"perc":19.047619047619047,"total":21.0},"Extreme":{"raw":14.0,"perc":66.666666666666657,"total":21.0},"Medium":{"raw":3.0,"perc":14.285714285714285,"total":21.0}},"School":{"Strong":{"raw":1.0,"perc":50.0,"total":2.0},"Extreme":{"raw":1.0,"perc":50.0,"total":2.0}},"Alone":{"Medium":{"raw":3.0,"perc":25.0,"total":12.0},"No Effect":{"raw":1.0,"perc":8.3333333333333321,"total":12.0},"Extreme":{"raw":8.0,"perc":66.666666666666657,"total":12.0}},"Festival / Lg. Crowd":{"Medium":{"raw":3.0,"perc":75.0,"total":4.0},"Extreme":{"raw":1.0,"perc":25.0,"total":4.0}},"Military":{"Strong":{"raw":1.0,"perc":100.0,"total":1.0}},"Group Ceremony":{"Medium":{"raw":1.0,"perc":50.0,"total":2.0},"Extreme":{"raw":1.0,"perc":50.0,"total":2.0}},"Public Space (Museum, Park, etc)":{"Medium":{"raw":1.0,"perc":100.0,"total":1.0}}},"Guides / Sitters":{"Small Group (2-9)":{"Extreme":{"raw":59.0,"perc":18.042813455657491,"total":327.0},"Medium":{"raw":112.0,"perc":34.25076452599388,"total":327.0},"Strong":{"raw":155.0,"perc":47.400611620795111,"total":327.0},"No Effect":{"raw":1.0,"perc":0.3058103975535168,"total":327.0}},"Alone":{"Strong":{"raw":9.0,"perc":45.0,"total":20.0},"Medium":{"raw":9.0,"perc":45.0,"total":20.0},"Extreme":{"raw":2.0,"perc":10.0,"total":20.0}},"Large Group (10+)":{"Medium":{"raw":4.0,"perc":30.76923076923077,"total":13.0},"Strong":{"raw":7.0,"perc":53.846153846153847,"total":13.0},"Extreme":{"raw":2.0,"perc":15.384615384615385,"total":13.0}},"Various":{"Medium":{"raw":12.0,"perc":37.5,"total":32.0},"Strong":{"raw":16.0,"perc":50.0,"total":32.0},"Extreme":{"raw":4.0,"perc":12.5,"total":32.0}},"Unknown Context":{"Medium":{"raw":3.0,"perc":75.0,"total":4.0},"Strong":{"raw":1.0,"perc":25.0,"total":4.0}},"Festival / Lg. Crowd":{"Medium":{"raw":1.0,"perc":20.0,"total":5.0},"Strong":{"raw":1.0,"perc":20.0,"total":5.0},"Extreme":{"raw":3.0,"perc":60.0,"total":5.0}},"Rave / Dance Event":{"Medium":{"raw":1.0,"perc":33.333333333333329,"total":3.0},"Strong":{"raw":2.0,"perc":66.666666666666657,"total":3.0}},"Group Ceremony":{"Medium":{"raw":10.0,"perc":38.461538461538467,"total":26.0},"Strong":{"raw":15.0,"perc":57.692307692307686,"total":26.0},"Extreme":{"raw":1.0,"perc":3.8461538461538463,"total":26.0}},"Club / Bar":{"Strong":{"raw":1.0,"perc":100.0,"total":1.0}},"Not Applicable":{"Strong":{"raw":2.0,"perc":66.666666666666657,"total":3.0},"Medium":{"raw":1.0,"perc":33.333333333333329,"total":3.0}},"Hospital":{"Strong":{"raw":1.0,"perc":100.0,"total":1.0}}},"Cultivation / Synthesis":{"Small Group (2-9)":{"Medium":{"raw":3.0,"perc":100.0,"total":3.0}},"Various":{"Medium":{"raw":4.0,"perc":80.0,"total":5.0},"Extreme":{"raw":1.0,"perc":20.0,"total":5.0}},"Unknown Context":{"Medium":{"raw":7.0,"perc":77.777777777777786,"total":9.0},"No Effect":{"raw":1.0,"perc":11.111111111111111,"total":9.0},"Strong":{"raw":1.0,"perc":11.111111111111111,"total":9.0}},"Not Applicable":{"Medium":{"raw":8.0,"perc":80.0,"total":10.0},"No Effect":{"raw":1.0,"perc":10.0,"total":10.0},"Strong":{"raw":1.0,"perc":10.0,"total":10.0}},"Alone":{"No Effect":{"raw":2.0,"perc":28.571428571428569,"total":7.0},"Medium":{"raw":5.0,"perc":71.428571428571431,"total":7.0}},"Festival / Lg. Crowd":{"Strong":{"raw":1.0,"perc":100.0,"total":1.0}}},"Hangover / Days After":{"Various":{"Medium":{"raw":108.0,"perc":46.956521739130437,"total":230.0},"Strong":{"raw":100.0,"perc":43.478260869565219,"total":230.0},"Extreme":{"raw":22.0,"perc":9.5652173913043477,"total":230.0}},"Small Group (2-9)":{"Strong":{"raw":178.0,"perc":41.686182669789233,"total":427.0},"Medium":{"raw":205.0,"perc":48.00936768149883,"total":427.0},"Extreme":{"raw":43.0,"perc":10.070257611241217,"total":427.0},"No Effect":{"raw":1.0,"perc":0.234192037470726,"total":427.0}},"Alone":{"Strong":{"raw":155.0,"perc":38.75,"total":400.0},"Medium":{"raw":206.0,"perc":51.5,"total":400.0},"Extreme":{"raw":39.0,"perc":9.75,"total":400.0}},"Club / Bar":{"Strong":{"raw":10.0,"perc":45.454545454545453,"total":22.0},"Medium":{"raw":11.0,"perc":50.0,"total":22.0},"Extreme":{"raw":1.0,"perc":4.5454545454545459,"total":22.0}},"Not Applicable":{"Strong":{"raw":35.0,"perc":32.11009174311927,"total":109.0},"Medium":{"raw":65.0,"perc":59.633027522935777,"total":109.0},"Extreme":{"raw":9.0,"perc":8.2568807339449553,"total":109.0}},"Rave / Dance Event":{"Medium":{"raw":14.0,"perc":63.636363636363633,"total":22.0},"Strong":{"raw":7.0,"perc":31.818181818181817,"total":22.0},"Extreme":{"raw":1.0,"perc":4.5454545454545459,"total":22.0}},"Unknown Context":{"Medium":{"raw":41.0,"perc":67.213114754098356,"total":61.0},"Strong":{"raw":16.0,"perc":26.229508196721312,"total":61.0},"Extreme":{"raw":4.0,"perc":6.557377049180328,"total":61.0}},"Large Group (10+)":{"Medium":{"raw":24.0,"perc":58.536585365853654,"total":41.0},"Strong":{"raw":15.0,"perc":36.585365853658537,"total":41.0},"Extreme":{"raw":2.0,"perc":4.8780487804878048,"total":41.0}},"School":{"Extreme":{"raw":2.0,"perc":11.111111111111111,"total":18.0},"Medium":{"raw":9.0,"perc":50.0,"total":18.0},"Strong":{"raw":7.0,"perc":38.888888888888893,"total":18.0}},"Hospital":{"Extreme":{"raw":7.0,"perc":36.84210526315789,"total":19.0},"Strong":{"raw":7.0,"perc":36.84210526315789,"total":19.0},"Medium":{"raw":5.0,"perc":26.315789473684209,"total":19.0}},"Group Ceremony":{"Extreme":{"raw":1.0,"perc":16.666666666666664,"total":6.0},"Medium":{"raw":2.0,"perc":33.333333333333329,"total":6.0},"Strong":{"raw":3.0,"perc":50.0,"total":6.0}},"Festival / Lg. Crowd":{"Medium":{"raw":5.0,"perc":41.666666666666671,"total":12.0},"Strong":{"raw":4.0,"perc":33.333333333333329,"total":12.0},"Extreme":{"raw":3.0,"perc":25.0,"total":12.0}},"Military":{"Strong":{"raw":1.0,"perc":50.0,"total":2.0},"Medium":{"raw":1.0,"perc":50.0,"total":2.0}},"Public Space (Museum, Park, etc)":{"Strong":{"raw":1.0,"perc":50.0,"total":2.0},"Medium":{"raw":1.0,"perc":50.0,"total":2.0}},"Workplace":{"Medium":{"raw":3.0,"perc":100.0,"total":3.0}}},"Health Benefits":{"Large Group (10+)":{"Medium":{"raw":3.0,"perc":50.0,"total":6.0},"Strong":{"raw":3.0,"perc":50.0,"total":6.0}},"Club / Bar":{"Medium":{"raw":1.0,"perc":100.0,"total":1.0}},"Alone":{"Medium":{"raw":89.0,"perc":72.950819672131146,"total":122.0},"Strong":{"raw":31.0,"perc":25.409836065573771,"total":122.0},"Extreme":{"raw":2.0,"perc":1.639344262295082,"total":122.0}},"Various":{"Medium":{"raw":62.0,"perc":80.519480519480524,"total":77.0},"Strong":{"raw":12.0,"perc":15.584415584415584,"total":77.0},"Extreme":{"raw":3.0,"perc":3.8961038961038961,"total":77.0}},"Unknown Context":{"Medium":{"raw":54.0,"perc":96.428571428571431,"total":56.0},"Strong":{"raw":2.0,"perc":3.5714285714285712,"total":56.0}},"Small Group (2-9)":{"Medium":{"raw":54.0,"perc":75.0,"total":72.0},"Strong":{"raw":18.0,"perc":25.0,"total":72.0}},"Not Applicable":{"Medium":{"raw":161.0,"perc":94.152046783625735,"total":171.0},"Strong":{"raw":7.0,"perc":4.0935672514619883,"total":171.0},"No Effect":{"raw":3.0,"perc":1.7543859649122806,"total":171.0}},"School":{"Medium":{"raw":3.0,"perc":75.0,"total":4.0},"Strong":{"raw":1.0,"perc":25.0,"total":4.0}},"Hospital":{"Strong":{"raw":5.0,"perc":41.666666666666671,"total":12.0},"Medium":{"raw":5.0,"perc":41.666666666666671,"total":12.0},"Extreme":{"raw":2.0,"perc":16.666666666666664,"total":12.0}},"Festival / Lg. Crowd":{"Medium":{"raw":1.0,"perc":50.0,"total":2.0},"Strong":{"raw":1.0,"perc":50.0,"total":2.0}},"Group Ceremony":{"Strong":{"raw":3.0,"perc":75.0,"total":4.0},"Medium":{"raw":1.0,"perc":25.0,"total":4.0}},"Rave / Dance Event":{"Strong":{"raw":1.0,"perc":50.0,"total":2.0},"Medium":{"raw":1.0,"perc":50.0,"total":2.0}},"Workplace":{"Medium":{"raw":2.0,"perc":100.0,"total":2.0}},"Public Space (Museum, Park, etc)":{"Medium":{"raw":1.0,"perc":100.0,"total":1.0}}},"Poetry":{"Not Applicable":{"Medium":{"raw":18.0,"perc":90.0,"total":20.0},"Extreme":{"raw":1.0,"perc":5.0,"total":20.0},"Strong":{"raw":1.0,"perc":5.0,"total":20.0}},"Small Group (2-9)":{"Medium":{"raw":7.0,"perc":43.75,"total":16.0},"Strong":{"raw":7.0,"perc":43.75,"total":16.0},"Extreme":{"raw":2.0,"perc":12.5,"total":16.0}},"Rave / Dance Event":{"Medium":{"raw":2.0,"perc":100.0,"total":2.0}},"Unknown Context":{"Medium":{"raw":20.0,"perc":90.9090909090909,"total":22.0},"Strong":{"raw":2.0,"perc":9.0909090909090917,"total":22.0}},"Alone":{"Medium":{"raw":9.0,"perc":60.0,"total":15.0},"Strong":{"raw":6.0,"perc":40.0,"total":15.0}},"Various":{"Medium":{"raw":4.0,"perc":50.0,"total":8.0},"Strong":{"raw":3.0,"perc":37.5,"total":8.0},"Extreme":{"raw":1.0,"perc":12.5,"total":8.0}}},"Loss of Magic":{"Various":{"Medium":{"raw":31.0,"perc":88.571428571428569,"total":35.0},"Strong":{"raw":3.0,"perc":8.5714285714285712,"total":35.0},"Extreme":{"raw":1.0,"perc":2.8571428571428572,"total":35.0}},"Club / Bar":{"Medium":{"raw":3.0,"perc":100.0,"total":3.0}},"Small Group (2-9)":{"Strong":{"raw":1.0,"perc":12.5,"total":8.0},"Medium":{"raw":7.0,"perc":87.5,"total":8.0}},"Unknown Context":{"Medium":{"raw":11.0,"perc":78.571428571428569,"total":14.0},"Strong":{"raw":3.0,"perc":21.428571428571427,"total":14.0}},"Alone":{"Medium":{"raw":3.0,"perc":60.0,"total":5.0},"Strong":{"raw":2.0,"perc":40.0,"total":5.0}},"Not Applicable":{"Medium":{"raw":13.0,"perc":81.25,"total":16.0},"Extreme":{"raw":1.0,"perc":6.25,"total":16.0},"Strong":{"raw":2.0,"perc":12.5,"total":16.0}},"Rave / Dance Event":{"Medium":{"raw":6.0,"perc":85.714285714285708,"total":7.0},"Strong":{"raw":1.0,"perc":14.285714285714285,"total":7.0}},"Large Group (10+)":{"Medium":{"raw":1.0,"perc":100.0,"total":1.0}},"Festival / Lg. Crowd":{"Strong":{"raw":1.0,"perc":100.0,"total":1.0}}},"Families":{"Various":{"Medium":{"raw":19.0,"perc":50.0,"total":38.0},"Strong":{"raw":11.0,"perc":28.947368421052634,"total":38.0},"Extreme":{"raw":8.0,"perc":21.052631578947366,"total":38.0}},"Small Group (2-9)":{"Strong":{"raw":39.0,"perc":39.0,"total":100.0},"Medium":{"raw":52.0,"perc":52.0,"total":100.0},"No Effect":{"raw":1.0,"perc":1.0,"total":100.0},"Extreme":{"raw":8.0,"perc":8.0,"total":100.0}},"Alone":{"Extreme":{"raw":9.0,"perc":22.5,"total":40.0},"Strong":{"raw":18.0,"perc":45.0,"total":40.0},"Medium":{"raw":13.0,"perc":32.5,"total":40.0}},"Not Applicable":{"Medium":{"raw":14.0,"perc":51.851851851851848,"total":27.0},"Strong":{"raw":6.0,"perc":22.222222222222221,"total":27.0},"No Effect":{"raw":2.0,"perc":7.4074074074074066,"total":27.0},"Extreme":{"raw":5.0,"perc":18.518518518518519,"total":27.0}},"Rave / Dance Event":{"Strong":{"raw":1.0,"perc":100.0,"total":1.0}},"Hospital":{"Strong":{"raw":4.0,"perc":33.333333333333329,"total":12.0},"Medium":{"raw":2.0,"perc":16.666666666666664,"total":12.0},"Extreme":{"raw":6.0,"perc":50.0,"total":12.0}},"Group Ceremony":{"Medium":{"raw":1.0,"perc":100.0,"total":1.0}},"Large Group (10+)":{"Strong":{"raw":2.0,"perc":50.0,"total":4.0},"Medium":{"raw":2.0,"perc":50.0,"total":4.0}},"Unknown Context":{"Medium":{"raw":2.0,"perc":100.0,"total":2.0}},"Club / Bar":{"Medium":{"raw":2.0,"perc":66.666666666666657,"total":3.0},"Strong":{"raw":1.0,"perc":33.333333333333329,"total":3.0}},"School":{"Extreme":{"raw":1.0,"perc":100.0,"total":1.0}},"Festival / Lg. Crowd":{"Medium":{"raw":1.0,"perc":100.0,"total":1.0}}},"HPPD / Lasting Visuals":{"Rave / Dance Event":{"Medium":{"raw":1.0,"perc":100.0,"total":1.0}},"Large Group (10+)":{"Strong":{"raw":2.0,"perc":66.666666666666657,"total":3.0},"Medium":{"raw":1.0,"perc":33.333333333333329,"total":3.0}},"Various":{"Medium":{"raw":21.0,"perc":51.219512195121951,"total":41.0},"Strong":{"raw":15.0,"perc":36.585365853658537,"total":41.0},"Extreme":{"raw":5.0,"perc":12.195121951219512,"total":41.0}},"Small Group (2-9)":{"Medium":{"raw":20.0,"perc":39.215686274509807,"total":51.0},"Extreme":{"raw":12.0,"perc":23.52941176470588,"total":51.0},"Strong":{"raw":19.0,"perc":37.254901960784316,"total":51.0}},"Not Applicable":{"Medium":{"raw":20.0,"perc":71.428571428571431,"total":28.0},"Extreme":{"raw":4.0,"perc":14.285714285714285,"total":28.0},"Strong":{"raw":4.0,"perc":14.285714285714285,"total":28.0}},"Hospital":{"Extreme":{"raw":1.0,"perc":50.0,"total":2.0},"Strong":{"raw":1.0,"perc":50.0,"total":2.0}},"Alone":{"Extreme":{"raw":8.0,"perc":18.6046511627907,"total":43.0},"Strong":{"raw":14.0,"perc":32.558139534883722,"total":43.0},"Medium":{"raw":21.0,"perc":48.837209302325576,"total":43.0}},"Unknown Context":{"Medium":{"raw":13.0,"perc":72.222222222222214,"total":18.0},"Strong":{"raw":5.0,"perc":27.777777777777779,"total":18.0}},"Group Ceremony":{"Strong":{"raw":1.0,"perc":100.0,"total":1.0}},"Festival / Lg. Crowd":{"Strong":{"raw":1.0,"perc":100.0,"total":1.0}}},"Relationships":{"Small Group (2-9)":{"Medium":{"raw":197.0,"perc":55.492957746478879,"total":355.0},"Strong":{"raw":136.0,"perc":38.309859154929576,"total":355.0},"Extreme":{"raw":22.0,"perc":6.197183098591549,"total":355.0}},"Various":{"Medium":{"raw":47.0,"perc":51.086956521739133,"total":92.0},"Strong":{"raw":31.0,"perc":33.695652173913047,"total":92.0},"Extreme":{"raw":14.0,"perc":15.217391304347828,"total":92.0}},"Not Applicable":{"Medium":{"raw":24.0,"perc":53.333333333333336,"total":45.0},"No Effect":{"raw":1.0,"perc":2.2222222222222223,"total":45.0},"Strong":{"raw":16.0,"perc":35.555555555555557,"total":45.0},"Extreme":{"raw":4.0,"perc":8.88888888888889,"total":45.0}},"Rave / Dance Event":{"Medium":{"raw":11.0,"perc":68.75,"total":16.0},"Strong":{"raw":5.0,"perc":31.25,"total":16.0}},"Alone":{"Strong":{"raw":30.0,"perc":36.585365853658537,"total":82.0},"Medium":{"raw":43.0,"perc":52.4390243902439,"total":82.0},"Extreme":{"raw":9.0,"perc":10.975609756097562,"total":82.0}},"Club / Bar":{"Extreme":{"raw":1.0,"perc":9.0909090909090917,"total":11.0},"Medium":{"raw":8.0,"perc":72.727272727272734,"total":11.0},"Strong":{"raw":2.0,"perc":18.181818181818183,"total":11.0}},"School":{"Medium":{"raw":2.0,"perc":66.666666666666657,"total":3.0},"Strong":{"raw":1.0,"perc":33.333333333333329,"total":3.0}},"Large Group (10+)":{"Strong":{"raw":8.0,"perc":36.363636363636367,"total":22.0},"Medium":{"raw":13.0,"perc":59.090909090909093,"total":22.0},"Extreme":{"raw":1.0,"perc":4.5454545454545459,"total":22.0}},"Festival / Lg. Crowd":{"Strong":{"raw":2.0,"perc":18.181818181818183,"total":11.0},"Medium":{"raw":7.0,"perc":63.636363636363633,"total":11.0},"Extreme":{"raw":2.0,"perc":18.181818181818183,"total":11.0}},"Group Ceremony":{"Strong":{"raw":2.0,"perc":66.666666666666657,"total":3.0},"Medium":{"raw":1.0,"perc":33.333333333333329,"total":3.0}},"Unknown Context":{"Medium":{"raw":5.0,"perc":83.333333333333343,"total":6.0},"Strong":{"raw":1.0,"perc":16.666666666666664,"total":6.0}},"Military":{"Medium":{"raw":1.0,"perc":100.0,"total":1.0}}},"Pregnancy / Baby":{"Various":{"Medium":{"raw":2.0,"perc":40.0,"total":5.0},"Extreme":{"raw":3.0,"perc":60.0,"total":5.0}},"Small Group (2-9)":{"Medium":{"raw":1.0,"perc":25.0,"total":4.0},"Strong":{"raw":3.0,"perc":75.0,"total":4.0}},"Not Applicable":{"Medium":{"raw":2.0,"perc":100.0,"total":2.0}},"Alone":{"Extreme":{"raw":1.0,"perc":100.0,"total":1.0}}},"Personal Preparation":{"Alone":{"Strong":{"raw":29.0,"perc":36.708860759493675,"total":79.0},"Medium":{"raw":46.0,"perc":58.22784810126582,"total":79.0},"Extreme":{"raw":4.0,"perc":5.0632911392405067,"total":79.0}},"Small Group (2-9)":{"Medium":{"raw":35.0,"perc":52.238805970149251,"total":67.0},"Extreme":{"raw":3.0,"perc":4.4776119402985071,"total":67.0},"Strong":{"raw":28.0,"perc":41.7910447761194,"total":67.0},"No Effect":{"raw":1.0,"perc":1.4925373134328357,"total":67.0}},"Various":{"Medium":{"raw":14.0,"perc":70.0,"total":20.0},"Strong":{"raw":6.0,"perc":30.0,"total":20.0}},"Large Group (10+)":{"Strong":{"raw":1.0,"perc":25.0,"total":4.0},"Medium":{"raw":3.0,"perc":75.0,"total":4.0}},"Not Applicable":{"No Effect":{"raw":1.0,"perc":33.333333333333329,"total":3.0},"Extreme":{"raw":1.0,"perc":33.333333333333329,"total":3.0},"Strong":{"raw":1.0,"perc":33.333333333333329,"total":3.0}},"Unknown Context":{"Strong":{"raw":2.0,"perc":25.0,"total":8.0},"Medium":{"raw":5.0,"perc":62.5,"total":8.0},"No Effect":{"raw":1.0,"perc":12.5,"total":8.0}},"Festival / Lg. Crowd":{"Medium":{"raw":3.0,"perc":100.0,"total":3.0}},"Club / Bar":{"Strong":{"raw":1.0,"perc":50.0,"total":2.0},"Medium":{"raw":1.0,"perc":50.0,"total":2.0}},"Rave / Dance Event":{"Strong":{"raw":1.0,"perc":100.0,"total":1.0}},"Military":{"Medium":{"raw":1.0,"perc":100.0,"total":1.0}},"Group Ceremony":{"Medium":{"raw":1.0,"perc":20.0,"total":5.0},"Strong":{"raw":3.0,"perc":60.0,"total":5.0},"Extreme":{"raw":1.0,"perc":20.0,"total":5.0}},"Hospital":{"Extreme":{"raw":1.0,"perc":100.0,"total":1.0}}},"Medical Use":{"Not Applicable":{"Medium":{"raw":183.0,"perc":82.805429864253384,"total":221.0},"Strong":{"raw":29.0,"perc":13.122171945701359,"total":221.0},"Extreme":{"raw":6.0,"perc":2.7149321266968327,"total":221.0},"No Effect":{"raw":3.0,"perc":1.3574660633484164,"total":221.0}},"Hospital":{"No Effect":{"raw":3.0,"perc":5.5555555555555554,"total":54.0},"Strong":{"raw":27.0,"perc":50.0,"total":54.0},"Medium":{"raw":19.0,"perc":35.185185185185183,"total":54.0},"Extreme":{"raw":5.0,"perc":9.25925925925926,"total":54.0}},"School":{"Medium":{"raw":6.0,"perc":60.0,"total":10.0},"Strong":{"raw":3.0,"perc":30.0,"total":10.0},"Extreme":{"raw":1.0,"perc":10.0,"total":10.0}},"Alone":{"Medium":{"raw":67.0,"perc":71.276595744680847,"total":94.0},"Strong":{"raw":21.0,"perc":22.340425531914892,"total":94.0},"No Effect":{"raw":3.0,"perc":3.1914893617021276,"total":94.0},"Extreme":{"raw":3.0,"perc":3.1914893617021276,"total":94.0}},"Unknown Context":{"Medium":{"raw":30.0,"perc":78.94736842105263,"total":38.0},"No Effect":{"raw":5.0,"perc":13.157894736842104,"total":38.0},"Strong":{"raw":3.0,"perc":7.8947368421052628,"total":38.0}},"Small Group (2-9)":{"Medium":{"raw":13.0,"perc":72.222222222222214,"total":18.0},"Strong":{"raw":5.0,"perc":27.777777777777779,"total":18.0}},"Various":{"Medium":{"raw":63.0,"perc":71.5909090909091,"total":88.0},"Strong":{"raw":18.0,"perc":20.454545454545457,"total":88.0},"Extreme":{"raw":7.0,"perc":7.9545454545454541,"total":88.0}},"Large Group (10+)":{"Medium":{"raw":1.0,"perc":100.0,"total":1.0}},"Workplace":{"Medium":{"raw":3.0,"perc":100.0,"total":3.0}},"Public Space (Museum, Park, etc)":{"Medium":{"raw":1.0,"perc":100.0,"total":1.0}}},"Therapeutic Intent or Outcome":{"Various":{"Extreme":{"raw":4.0,"perc":8.88888888888889,"total":45.0},"Medium":{"raw":36.0,"perc":80.0,"total":45.0},"Strong":{"raw":5.0,"perc":11.111111111111111,"total":45.0}},"Small Group (2-9)":{"Medium":{"raw":50.0,"perc":46.728971962616825,"total":107.0},"Extreme":{"raw":8.0,"perc":7.4766355140186906,"total":107.0},"Strong":{"raw":49.0,"perc":45.794392523364486,"total":107.0}},"Alone":{"Strong":{"raw":60.0,"perc":35.502958579881657,"total":169.0},"Medium":{"raw":98.0,"perc":57.988165680473372,"total":169.0},"Extreme":{"raw":9.0,"perc":5.3254437869822491,"total":169.0},"No Effect":{"raw":2.0,"perc":1.1834319526627219,"total":169.0}},"Not Applicable":{"Medium":{"raw":43.0,"perc":93.478260869565219,"total":46.0},"Strong":{"raw":3.0,"perc":6.5217391304347823,"total":46.0}},"Large Group (10+)":{"Strong":{"raw":2.0,"perc":66.666666666666657,"total":3.0},"Medium":{"raw":1.0,"perc":33.333333333333329,"total":3.0}},"Rave / Dance Event":{"Strong":{"raw":3.0,"perc":100.0,"total":3.0}},"Unknown Context":{"Medium":{"raw":23.0,"perc":88.461538461538453,"total":26.0},"Strong":{"raw":3.0,"perc":11.538461538461538,"total":26.0}},"School":{"Strong":{"raw":1.0,"perc":50.0,"total":2.0},"Medium":{"raw":1.0,"perc":50.0,"total":2.0}},"Hospital":{"Medium":{"raw":6.0,"perc":60.0,"total":10.0},"Extreme":{"raw":1.0,"perc":10.0,"total":10.0},"Strong":{"raw":3.0,"perc":30.0,"total":10.0}},"Group Ceremony":{"Strong":{"raw":9.0,"perc":42.857142857142854,"total":21.0},"Medium":{"raw":10.0,"perc":47.619047619047613,"total":21.0},"Extreme":{"raw":2.0,"perc":9.5238095238095237,"total":21.0}},"Festival / Lg. Crowd":{"Medium":{"raw":2.0,"perc":50.0,"total":4.0},"Strong":{"raw":2.0,"perc":50.0,"total":4.0}},"Workplace":{"Medium":{"raw":1.0,"perc":100.0,"total":1.0}},"Club / Bar":{"Medium":{"raw":1.0,"perc":100.0,"total":1.0}},"Military":{"Medium":{"raw":1.0,"perc":100.0,"total":1.0}}},"Performance Enhancement":{"Various":{"Strong":{"raw":2.0,"perc":10.0,"total":20.0},"Medium":{"raw":17.0,"perc":85.0,"total":20.0},"Extreme":{"raw":1.0,"perc":5.0,"total":20.0}},"Public Space (Museum, Park, etc)":{"Medium":{"raw":1.0,"perc":100.0,"total":1.0}},"Alone":{"Strong":{"raw":5.0,"perc":21.739130434782609,"total":23.0},"Medium":{"raw":18.0,"perc":78.260869565217391,"total":23.0}},"Not Applicable":{"Medium":{"raw":17.0,"perc":85.0,"total":20.0},"No Effect":{"raw":1.0,"perc":5.0,"total":20.0},"Strong":{"raw":2.0,"perc":10.0,"total":20.0}},"School":{"Medium":{"raw":7.0,"perc":70.0,"total":10.0},"Strong":{"raw":2.0,"perc":20.0,"total":10.0},"Extreme":{"raw":1.0,"perc":10.0,"total":10.0}},"Large Group (10+)":{"Medium":{"raw":1.0,"perc":100.0,"total":1.0}},"Unknown Context":{"Medium":{"raw":7.0,"perc":87.5,"total":8.0},"Strong":{"raw":1.0,"perc":12.5,"total":8.0}},"Small Group (2-9)":{"Medium":{"raw":4.0,"perc":80.0,"total":5.0},"Extreme":{"raw":1.0,"perc":20.0,"total":5.0}},"Workplace":{"Medium":{"raw":3.0,"perc":100.0,"total":3.0}}},"Video":{"Alone":{"Medium":{"raw":1.0,"perc":100.0,"total":1.0}},"Small Group (2-9)":{"Strong":{"raw":1.0,"perc":100.0,"total":1.0}}}}