{"General":{"Drug Testing":{"Festival / Lg. Crowd":{"raw":2.0,"perc":1.6260162601626018,"total":123.0},"Unknown Context":{"raw":13.0,"perc":10.569105691056912,"total":123.0},"Alone":{"raw":10.0,"perc":8.1300813008130071,"total":123.0},"Not Applicable":{"raw":79.0,"perc":64.22764227642277,"total":123.0},"Hospital":{"raw":9.0,"perc":7.3170731707317067,"total":123.0},"School":{"raw":3.0,"perc":2.4390243902439024,"total":123.0},"Various":{"raw":4.0,"perc":3.2520325203252036,"total":123.0},"Small Group (2-9)":{"raw":3.0,"perc":2.4390243902439024,"total":123.0}},"Sleep Deprivation":{"Various":{"raw":11.0,"perc":37.931034482758619,"total":29.0},"Alone":{"raw":10.0,"perc":34.482758620689658,"total":29.0},"Small Group (2-9)":{"raw":4.0,"perc":13.793103448275861,"total":29.0},"Large Group (10+)":{"raw":1.0,"perc":3.4482758620689653,"total":29.0},"Festival / Lg. Crowd":{"raw":1.0,"perc":3.4482758620689653,"total":29.0},"Unknown Context":{"raw":2.0,"perc":6.8965517241379306,"total":29.0}},"OBE":{"Alone":{"raw":11.0,"perc":50.0,"total":22.0},"Small Group (2-9)":{"raw":8.0,"perc":36.363636363636367,"total":22.0},"Various":{"raw":1.0,"perc":4.5454545454545459,"total":22.0},"Large Group (10+)":{"raw":1.0,"perc":4.5454545454545459,"total":22.0},"School":{"raw":1.0,"perc":4.5454545454545459,"total":22.0}},"Dreams":{"Alone":{"raw":93.0,"perc":85.3211009174312,"total":109.0},"Unknown Context":{"raw":4.0,"perc":3.669724770642202,"total":109.0},"Small Group (2-9)":{"raw":6.0,"perc":5.5045871559633035,"total":109.0},"Not Applicable":{"raw":6.0,"perc":5.5045871559633035,"total":109.0}},"Police / Customs":{"Various":{"raw":6.0,"perc":16.216216216216218,"total":37.0},"Large Group (10+)":{"raw":1.0,"perc":2.7027027027027026,"total":37.0},"Alone":{"raw":3.0,"perc":8.1081081081081088,"total":37.0},"School":{"raw":3.0,"perc":8.1081081081081088,"total":37.0},"Small Group (2-9)":{"raw":17.0,"perc":45.945945945945951,"total":37.0},"Unknown Context":{"raw":1.0,"perc":2.7027027027027026,"total":37.0},"Not Applicable":{"raw":5.0,"perc":13.513513513513514,"total":37.0},"Club / Bar":{"raw":1.0,"perc":2.7027027027027026,"total":37.0}},"Meditation":{"Alone":{"raw":21.0,"perc":58.333333333333336,"total":36.0},"Small Group (2-9)":{"raw":7.0,"perc":19.444444444444446,"total":36.0},"Various":{"raw":4.0,"perc":11.111111111111111,"total":36.0},"Large Group (10+)":{"raw":2.0,"perc":5.5555555555555554,"total":36.0},"Not Applicable":{"raw":1.0,"perc":2.7777777777777777,"total":36.0},"Group Ceremony":{"raw":1.0,"perc":2.7777777777777777,"total":36.0}},"Endogenous":{"Small Group (2-9)":{"raw":1.0,"perc":11.111111111111111,"total":9.0},"Alone":{"raw":4.0,"perc":44.444444444444443,"total":9.0},"Unknown Context":{"raw":2.0,"perc":22.222222222222221,"total":9.0},"Not Applicable":{"raw":2.0,"perc":22.222222222222221,"total":9.0}},"Breathing":{"Small Group (2-9)":{"raw":3.0,"perc":30.0,"total":10.0},"Alone":{"raw":7.0,"perc":70.0,"total":10.0}},"Hyperventilation":{"Small Group (2-9)":{"raw":2.0,"perc":40.0,"total":5.0},"Alone":{"raw":3.0,"perc":60.0,"total":5.0}},"Floatation Tank":{"Alone":{"raw":3.0,"perc":100.0,"total":3.0}},"Fasting":{"Unknown Context":{"raw":1.0,"perc":11.111111111111111,"total":9.0},"Various":{"raw":2.0,"perc":22.222222222222221,"total":9.0},"Alone":{"raw":5.0,"perc":55.555555555555557,"total":9.0},"Not Applicable":{"raw":1.0,"perc":11.111111111111111,"total":9.0}},"Nitrogen Narcosis":{"Small Group (2-9)":{"raw":2.0,"perc":40.0,"total":5.0},"Alone":{"raw":2.0,"perc":40.0,"total":5.0},"Various":{"raw":1.0,"perc":20.0,"total":5.0}},"Yoga / Bodywork":{"Various":{"raw":1.0,"perc":5.5555555555555554,"total":18.0},"Alone":{"raw":6.0,"perc":33.333333333333329,"total":18.0},"Small Group (2-9)":{"raw":9.0,"perc":50.0,"total":18.0},"Festival / Lg. Crowd":{"raw":1.0,"perc":5.5555555555555554,"total":18.0},"Not Applicable":{"raw":1.0,"perc":5.5555555555555554,"total":18.0}},"Ritual":{"Small Group (2-9)":{"raw":3.0,"perc":37.5,"total":8.0},"Group Ceremony":{"raw":2.0,"perc":25.0,"total":8.0},"Various":{"raw":1.0,"perc":12.5,"total":8.0},"Alone":{"raw":2.0,"perc":25.0,"total":8.0}},"Devices":{"Alone":{"raw":7.0,"perc":70.0,"total":10.0},"Small Group (2-9)":{"raw":2.0,"perc":20.0,"total":10.0},"Not Applicable":{"raw":1.0,"perc":10.0,"total":10.0}},"Devices - Mind Machine":{"Alone":{"raw":5.0,"perc":83.333333333333343,"total":6.0},"Small Group (2-9)":{"raw":1.0,"perc":16.666666666666664,"total":6.0}},"Sweating":{"Group Ceremony":{"raw":2.0,"perc":50.0,"total":4.0},"Alone":{"raw":1.0,"perc":25.0,"total":4.0},"Small Group (2-9)":{"raw":1.0,"perc":25.0,"total":4.0}},"Conferences":{"Various":{"raw":1.0,"perc":7.6923076923076925,"total":13.0},"Alone":{"raw":2.0,"perc":15.384615384615385,"total":13.0},"Festival / Lg. Crowd":{"raw":10.0,"perc":76.923076923076934,"total":13.0}},"Mindfulness":{"Not Applicable":{"raw":1.0,"perc":25.0,"total":4.0},"Alone":{"raw":1.0,"perc":25.0,"total":4.0},"Various":{"raw":2.0,"perc":50.0,"total":4.0}},"Migraines":{"Not Applicable":{"raw":1.0,"perc":100.0,"total":1.0}},"Humor":{"Small Group (2-9)":{"raw":1.0,"perc":33.333333333333329,"total":3.0},"Various":{"raw":1.0,"perc":33.333333333333329,"total":3.0},"Alone":{"raw":1.0,"perc":33.333333333333329,"total":3.0}},"Guiding":{"Small Group (2-9)":{"raw":1.0,"perc":100.0,"total":1.0}},"Music":{"Various":{"raw":1.0,"perc":33.333333333333329,"total":3.0},"Alone":{"raw":2.0,"perc":66.666666666666657,"total":3.0}}},"Difficult Experiences":{"Sleep Deprivation":{"Various":{"raw":6.0,"perc":40.0,"total":15.0},"Alone":{"raw":4.0,"perc":26.666666666666668,"total":15.0},"Small Group (2-9)":{"raw":2.0,"perc":13.333333333333334,"total":15.0},"Festival / Lg. Crowd":{"raw":1.0,"perc":6.666666666666667,"total":15.0},"Unknown Context":{"raw":1.0,"perc":6.666666666666667,"total":15.0},"Not Applicable":{"raw":1.0,"perc":6.666666666666667,"total":15.0}},"Ritual":{"Festival / Lg. Crowd":{"raw":1.0,"perc":25.0,"total":4.0},"Various":{"raw":1.0,"perc":25.0,"total":4.0},"Small Group (2-9)":{"raw":2.0,"perc":50.0,"total":4.0}},"Dreams":{"Alone":{"raw":10.0,"perc":83.333333333333343,"total":12.0},"Small Group (2-9)":{"raw":1.0,"perc":8.3333333333333321,"total":12.0},"Various":{"raw":1.0,"perc":8.3333333333333321,"total":12.0}},"Endogenous":{"Not Applicable":{"raw":1.0,"perc":20.0,"total":5.0},"Small Group (2-9)":{"raw":3.0,"perc":60.0,"total":5.0},"Alone":{"raw":1.0,"perc":20.0,"total":5.0}},"Police / Customs":{"Small Group (2-9)":{"raw":9.0,"perc":36.0,"total":25.0},"Hospital":{"raw":6.0,"perc":24.0,"total":25.0},"Alone":{"raw":5.0,"perc":20.0,"total":25.0},"Various":{"raw":4.0,"perc":16.0,"total":25.0},"Club / Bar":{"raw":1.0,"perc":4.0,"total":25.0}},"OBE":{"Small Group (2-9)":{"raw":7.0,"perc":63.636363636363633,"total":11.0},"Large Group (10+)":{"raw":1.0,"perc":9.0909090909090917,"total":11.0},"Various":{"raw":2.0,"perc":18.181818181818183,"total":11.0},"Alone":{"raw":1.0,"perc":9.0909090909090917,"total":11.0}},"Devices":{"Alone":{"raw":1.0,"perc":100.0,"total":1.0}},"Devices - Mind Machine":{"Alone":{"raw":1.0,"perc":100.0,"total":1.0}},"Fasting":{"Alone":{"raw":2.0,"perc":66.666666666666657,"total":3.0},"Small Group (2-9)":{"raw":1.0,"perc":33.333333333333329,"total":3.0}},"Drug Testing":{"Not Applicable":{"raw":2.0,"perc":100.0,"total":2.0}},"Chanting":{"Alone":{"raw":1.0,"perc":100.0,"total":1.0}},"Migraines":{"Not Applicable":{"raw":1.0,"perc":100.0,"total":1.0}},"Nitrogen Narcosis":{"Various":{"raw":1.0,"perc":100.0,"total":1.0}},"Meditation":{"Alone":{"raw":3.0,"perc":75.0,"total":4.0},"Group Ceremony":{"raw":1.0,"perc":25.0,"total":4.0}},"Humor":{"Various":{"raw":1.0,"perc":50.0,"total":2.0},"Small Group (2-9)":{"raw":1.0,"perc":50.0,"total":2.0}},"Sound (non-music)":{"Alone":{"raw":1.0,"perc":100.0,"total":1.0}},"Conferences":{"Small Group (2-9)":{"raw":1.0,"perc":100.0,"total":1.0}}},"Health Problems":{"Sleep Deprivation":{"Various":{"raw":4.0,"perc":44.444444444444443,"total":9.0},"Small Group (2-9)":{"raw":3.0,"perc":33.333333333333329,"total":9.0},"Hospital":{"raw":1.0,"perc":11.111111111111111,"total":9.0},"Not Applicable":{"raw":1.0,"perc":11.111111111111111,"total":9.0}},"Endogenous":{"Alone":{"raw":2.0,"perc":25.0,"total":8.0},"Not Applicable":{"raw":3.0,"perc":37.5,"total":8.0},"Various":{"raw":1.0,"perc":12.5,"total":8.0},"Small Group (2-9)":{"raw":1.0,"perc":12.5,"total":8.0},"Unknown Context":{"raw":1.0,"perc":12.5,"total":8.0}},"Migraines":{"Unknown Context":{"raw":1.0,"perc":16.666666666666664,"total":6.0},"Various":{"raw":1.0,"perc":16.666666666666664,"total":6.0},"Not Applicable":{"raw":2.0,"perc":33.333333333333329,"total":6.0},"Small Group (2-9)":{"raw":1.0,"perc":16.666666666666664,"total":6.0},"Alone":{"raw":1.0,"perc":16.666666666666664,"total":6.0}},"Floatation Tank":{"Alone":{"raw":1.0,"perc":100.0,"total":1.0}},"Dreams":{"Unknown Context":{"raw":1.0,"perc":25.0,"total":4.0},"Various":{"raw":1.0,"perc":25.0,"total":4.0},"Alone":{"raw":2.0,"perc":50.0,"total":4.0}},"Drug Testing":{"Unknown Context":{"raw":1.0,"perc":33.333333333333329,"total":3.0},"School":{"raw":1.0,"perc":33.333333333333329,"total":3.0},"Alone":{"raw":1.0,"perc":33.333333333333329,"total":3.0}},"Police / Customs":{"Various":{"raw":1.0,"perc":25.0,"total":4.0},"Small Group (2-9)":{"raw":3.0,"perc":75.0,"total":4.0}},"Breathing":{"Unknown Context":{"raw":1.0,"perc":33.333333333333329,"total":3.0},"Not Applicable":{"raw":1.0,"perc":33.333333333333329,"total":3.0},"Large Group (10+)":{"raw":1.0,"perc":33.333333333333329,"total":3.0}},"Hyperventilation":{"Unknown Context":{"raw":1.0,"perc":50.0,"total":2.0},"Not Applicable":{"raw":1.0,"perc":50.0,"total":2.0}},"Meditation":{"Various":{"raw":2.0,"perc":100.0,"total":2.0}},"Yoga / Bodywork":{"Small Group (2-9)":{"raw":1.0,"perc":100.0,"total":1.0}},"Conferences":{"Alone":{"raw":1.0,"perc":100.0,"total":1.0}},"OBE":{"Small Group (2-9)":{"raw":1.0,"perc":100.0,"total":1.0}},"Humor":{"Small Group (2-9)":{"raw":1.0,"perc":100.0,"total":1.0}}},"Bad Trips":{"Endogenous":{"Alone":{"raw":3.0,"perc":75.0,"total":4.0},"Small Group (2-9)":{"raw":1.0,"perc":25.0,"total":4.0}},"Police / Customs":{"Small Group (2-9)":{"raw":10.0,"perc":66.666666666666657,"total":15.0},"Alone":{"raw":1.0,"perc":6.666666666666667,"total":15.0},"Hospital":{"raw":1.0,"perc":6.666666666666667,"total":15.0},"Various":{"raw":3.0,"perc":20.0,"total":15.0}},"Meditation":{"Various":{"raw":1.0,"perc":100.0,"total":1.0}},"Sleep Deprivation":{"Small Group (2-9)":{"raw":2.0,"perc":50.0,"total":4.0},"Various":{"raw":1.0,"perc":25.0,"total":4.0},"Alone":{"raw":1.0,"perc":25.0,"total":4.0}},"Drug Testing":{"Alone":{"raw":2.0,"perc":66.666666666666657,"total":3.0},"Small Group (2-9)":{"raw":1.0,"perc":33.333333333333329,"total":3.0}},"OBE":{"Small Group (2-9)":{"raw":1.0,"perc":100.0,"total":1.0}},"Humor":{"Small Group (2-9)":{"raw":1.0,"perc":100.0,"total":1.0}}},"Retrospective / Summary":{"Drug Testing":{"Unknown Context":{"raw":1.0,"perc":8.3333333333333321,"total":12.0},"Not Applicable":{"raw":9.0,"perc":75.0,"total":12.0},"Various":{"raw":1.0,"perc":8.3333333333333321,"total":12.0},"Military":{"raw":1.0,"perc":8.3333333333333321,"total":12.0}},"Meditation":{"Alone":{"raw":14.0,"perc":46.666666666666664,"total":30.0},"Various":{"raw":10.0,"perc":33.333333333333329,"total":30.0},"Not Applicable":{"raw":2.0,"perc":6.666666666666667,"total":30.0},"Unknown Context":{"raw":2.0,"perc":6.666666666666667,"total":30.0},"Small Group (2-9)":{"raw":1.0,"perc":3.3333333333333335,"total":30.0},"Rave / Dance Event":{"raw":1.0,"perc":3.3333333333333335,"total":30.0}},"Migraines":{"Unknown Context":{"raw":2.0,"perc":33.333333333333329,"total":6.0},"Various":{"raw":1.0,"perc":16.666666666666664,"total":6.0},"Not Applicable":{"raw":2.0,"perc":33.333333333333329,"total":6.0},"Alone":{"raw":1.0,"perc":16.666666666666664,"total":6.0}},"Police / Customs":{"Various":{"raw":6.0,"perc":46.153846153846153,"total":13.0},"Small Group (2-9)":{"raw":3.0,"perc":23.076923076923077,"total":13.0},"Not Applicable":{"raw":1.0,"perc":7.6923076923076925,"total":13.0},"Alone":{"raw":1.0,"perc":7.6923076923076925,"total":13.0},"Club / Bar":{"raw":1.0,"perc":7.6923076923076925,"total":13.0},"School":{"raw":1.0,"perc":7.6923076923076925,"total":13.0}},"Sleep Deprivation":{"Various":{"raw":4.0,"perc":66.666666666666657,"total":6.0},"Alone":{"raw":1.0,"perc":16.666666666666664,"total":6.0},"Not Applicable":{"raw":1.0,"perc":16.666666666666664,"total":6.0}},"Dreams":{"Unknown Context":{"raw":2.0,"perc":3.7037037037037033,"total":54.0},"Alone":{"raw":41.0,"perc":75.925925925925924,"total":54.0},"Hospital":{"raw":1.0,"perc":1.8518518518518516,"total":54.0},"Various":{"raw":4.0,"perc":7.4074074074074066,"total":54.0},"Not Applicable":{"raw":6.0,"perc":11.111111111111111,"total":54.0}},"Guiding":{"Small Group (2-9)":{"raw":1.0,"perc":50.0,"total":2.0},"Rave / Dance Event":{"raw":1.0,"perc":50.0,"total":2.0}},"Ritual":{"Alone":{"raw":2.0,"perc":33.333333333333329,"total":6.0},"Group Ceremony":{"raw":1.0,"perc":16.666666666666664,"total":6.0},"Various":{"raw":3.0,"perc":50.0,"total":6.0}},"Endogenous":{"Hospital":{"raw":1.0,"perc":25.0,"total":4.0},"Various":{"raw":1.0,"perc":25.0,"total":4.0},"Not Applicable":{"raw":2.0,"perc":50.0,"total":4.0}},"Yoga / Bodywork":{"Small Group (2-9)":{"raw":1.0,"perc":16.666666666666664,"total":6.0},"Various":{"raw":2.0,"perc":33.333333333333329,"total":6.0},"Alone":{"raw":1.0,"perc":16.666666666666664,"total":6.0},"Not Applicable":{"raw":2.0,"perc":33.333333333333329,"total":6.0}},"Mindfulness":{"Various":{"raw":2.0,"perc":66.666666666666657,"total":3.0},"Not Applicable":{"raw":1.0,"perc":33.333333333333329,"total":3.0}},"Sweating":{"Group Ceremony":{"raw":1.0,"perc":50.0,"total":2.0},"Alone":{"raw":1.0,"perc":50.0,"total":2.0}},"Breathing":{"Alone":{"raw":1.0,"perc":33.333333333333329,"total":3.0},"Small Group (2-9)":{"raw":1.0,"perc":33.333333333333329,"total":3.0},"Not Applicable":{"raw":1.0,"perc":33.333333333333329,"total":3.0}},"OBE":{"Small Group (2-9)":{"raw":1.0,"perc":33.333333333333329,"total":3.0},"Alone":{"raw":1.0,"perc":33.333333333333329,"total":3.0},"Not Applicable":{"raw":1.0,"perc":33.333333333333329,"total":3.0}},"Devices":{"Not Applicable":{"raw":1.0,"perc":100.0,"total":1.0}},"Devices - Mind Machine":{"Not Applicable":{"raw":1.0,"perc":100.0,"total":1.0}},"Conferences":{"Alone":{"raw":2.0,"perc":100.0,"total":2.0}},"Fasting":{"Various":{"raw":5.0,"perc":62.5,"total":8.0},"Alone":{"raw":2.0,"perc":25.0,"total":8.0},"Not Applicable":{"raw":1.0,"perc":12.5,"total":8.0}},"Nitrogen Narcosis":{"Various":{"raw":1.0,"perc":100.0,"total":1.0}},"Humor":{"Various":{"raw":1.0,"perc":100.0,"total":1.0}}},"Sex Discussion":{"Ritual":{"Small Group (2-9)":{"raw":3.0,"perc":75.0,"total":4.0},"Alone":{"raw":1.0,"perc":25.0,"total":4.0}},"Yoga / Bodywork":{"Small Group (2-9)":{"raw":2.0,"perc":100.0,"total":2.0}},"Dreams":{"Alone":{"raw":3.0,"perc":50.0,"total":6.0},"Small Group (2-9)":{"raw":1.0,"perc":16.666666666666664,"total":6.0},"Rave / Dance Event":{"raw":1.0,"perc":16.666666666666664,"total":6.0},"Not Applicable":{"raw":1.0,"perc":16.666666666666664,"total":6.0}},"Sleep Deprivation":{"Large Group (10+)":{"raw":1.0,"perc":50.0,"total":2.0},"Various":{"raw":1.0,"perc":50.0,"total":2.0}},"OBE":{"Small Group (2-9)":{"raw":1.0,"perc":50.0,"total":2.0},"Alone":{"raw":1.0,"perc":50.0,"total":2.0}},"Meditation":{"Various":{"raw":1.0,"perc":33.333333333333329,"total":3.0},"Small Group (2-9)":{"raw":2.0,"perc":66.666666666666657,"total":3.0}},"Breathing":{"Alone":{"raw":1.0,"perc":100.0,"total":1.0}},"Sweating":{"Alone":{"raw":1.0,"perc":100.0,"total":1.0}}},"Glowing Experiences":{"Ritual":{"Festival / Lg. Crowd":{"raw":1.0,"perc":11.111111111111111,"total":9.0},"Alone":{"raw":2.0,"perc":22.222222222222221,"total":9.0},"Group Ceremony":{"raw":5.0,"perc":55.555555555555557,"total":9.0},"Small Group (2-9)":{"raw":1.0,"perc":11.111111111111111,"total":9.0}},"Police / Customs":{"Various":{"raw":3.0,"perc":50.0,"total":6.0},"Club / Bar":{"raw":1.0,"perc":16.666666666666664,"total":6.0},"Unknown Context":{"raw":1.0,"perc":16.666666666666664,"total":6.0},"Alone":{"raw":1.0,"perc":16.666666666666664,"total":6.0}},"Yoga / Bodywork":{"Alone":{"raw":8.0,"perc":44.444444444444443,"total":18.0},"Various":{"raw":1.0,"perc":5.5555555555555554,"total":18.0},"Small Group (2-9)":{"raw":7.0,"perc":38.888888888888893,"total":18.0},"Group Ceremony":{"raw":1.0,"perc":5.5555555555555554,"total":18.0},"Festival / Lg. Crowd":{"raw":1.0,"perc":5.5555555555555554,"total":18.0}},"Dreams":{"Alone":{"raw":25.0,"perc":89.285714285714292,"total":28.0},"Hospital":{"raw":1.0,"perc":3.5714285714285712,"total":28.0},"Various":{"raw":1.0,"perc":3.5714285714285712,"total":28.0},"Small Group (2-9)":{"raw":1.0,"perc":3.5714285714285712,"total":28.0}},"Meditation":{"Small Group (2-9)":{"raw":8.0,"perc":25.806451612903224,"total":31.0},"Unknown Context":{"raw":1.0,"perc":3.225806451612903,"total":31.0},"Alone":{"raw":15.0,"perc":48.387096774193552,"total":31.0},"Various":{"raw":3.0,"perc":9.67741935483871,"total":31.0},"Group Ceremony":{"raw":2.0,"perc":6.4516129032258061,"total":31.0},"Rave / Dance Event":{"raw":1.0,"perc":3.225806451612903,"total":31.0},"Large Group (10+)":{"raw":1.0,"perc":3.225806451612903,"total":31.0}},"Endogenous":{"Not Applicable":{"raw":1.0,"perc":50.0,"total":2.0},"Alone":{"raw":1.0,"perc":50.0,"total":2.0}},"Guiding":{"Rave / Dance Event":{"raw":1.0,"perc":50.0,"total":2.0},"Small Group (2-9)":{"raw":1.0,"perc":50.0,"total":2.0}},"Devices":{"Alone":{"raw":4.0,"perc":50.0,"total":8.0},"Various":{"raw":1.0,"perc":12.5,"total":8.0},"Small Group (2-9)":{"raw":2.0,"perc":25.0,"total":8.0},"Not Applicable":{"raw":1.0,"perc":12.5,"total":8.0}},"Devices - Mind Machine":{"Alone":{"raw":2.0,"perc":40.0,"total":5.0},"Various":{"raw":1.0,"perc":20.0,"total":5.0},"Small Group (2-9)":{"raw":1.0,"perc":20.0,"total":5.0},"Not Applicable":{"raw":1.0,"perc":20.0,"total":5.0}},"Sleep Deprivation":{"Large Group (10+)":{"raw":1.0,"perc":50.0,"total":2.0},"Small Group (2-9)":{"raw":1.0,"perc":50.0,"total":2.0}},"Breathing":{"Large Group (10+)":{"raw":1.0,"perc":20.0,"total":5.0},"Alone":{"raw":3.0,"perc":60.0,"total":5.0},"Small Group (2-9)":{"raw":1.0,"perc":20.0,"total":5.0}},"Hyperventilation":{"Alone":{"raw":1.0,"perc":100.0,"total":1.0}},"Fasting":{"Alone":{"raw":1.0,"perc":100.0,"total":1.0}},"OBE":{"Alone":{"raw":5.0,"perc":50.0,"total":10.0},"Small Group (2-9)":{"raw":5.0,"perc":50.0,"total":10.0}},"Migraines":{"Small Group (2-9)":{"raw":1.0,"perc":100.0,"total":1.0}},"Sweating":{"Group Ceremony":{"raw":1.0,"perc":100.0,"total":1.0}},"Conferences":{"Festival / Lg. Crowd":{"raw":2.0,"perc":100.0,"total":2.0}},"Humor":{"Small Group (2-9)":{"raw":1.0,"perc":100.0,"total":1.0}},"Mindfulness":{"Small Group (2-9)":{"raw":1.0,"perc":20.0,"total":5.0},"Alone":{"raw":2.0,"perc":40.0,"total":5.0},"Various":{"raw":2.0,"perc":40.0,"total":5.0}},"Music":{"Small Group (2-9)":{"raw":1.0,"perc":100.0,"total":1.0}}},"Mystical Experiences":{"Ritual":{"Festival / Lg. Crowd":{"raw":2.0,"perc":11.76470588235294,"total":17.0},"Alone":{"raw":3.0,"perc":17.647058823529413,"total":17.0},"Small Group (2-9)":{"raw":3.0,"perc":17.647058823529413,"total":17.0},"Various":{"raw":1.0,"perc":5.88235294117647,"total":17.0},"Group Ceremony":{"raw":8.0,"perc":47.058823529411761,"total":17.0}},"Dreams":{"Small Group (2-9)":{"raw":1.0,"perc":12.5,"total":8.0},"Not Applicable":{"raw":3.0,"perc":37.5,"total":8.0},"Alone":{"raw":4.0,"perc":50.0,"total":8.0}},"Yoga / Bodywork":{"Alone":{"raw":5.0,"perc":50.0,"total":10.0},"Small Group (2-9)":{"raw":2.0,"perc":20.0,"total":10.0},"Various":{"raw":2.0,"perc":20.0,"total":10.0},"Group Ceremony":{"raw":1.0,"perc":10.0,"total":10.0}},"Breathing":{"Group Ceremony":{"raw":1.0,"perc":25.0,"total":4.0},"Alone":{"raw":3.0,"perc":75.0,"total":4.0}},"Hyperventilation":{"Group Ceremony":{"raw":1.0,"perc":50.0,"total":2.0},"Alone":{"raw":1.0,"perc":50.0,"total":2.0}},"Meditation":{"Various":{"raw":3.0,"perc":16.666666666666664,"total":18.0},"Small Group (2-9)":{"raw":4.0,"perc":22.222222222222221,"total":18.0},"Alone":{"raw":6.0,"perc":33.333333333333329,"total":18.0},"Hospital":{"raw":1.0,"perc":5.5555555555555554,"total":18.0},"Large Group (10+)":{"raw":1.0,"perc":5.5555555555555554,"total":18.0},"Group Ceremony":{"raw":2.0,"perc":11.111111111111111,"total":18.0},"Unknown Context":{"raw":1.0,"perc":5.5555555555555554,"total":18.0}},"OBE":{"Small Group (2-9)":{"raw":8.0,"perc":61.53846153846154,"total":13.0},"Alone":{"raw":4.0,"perc":30.76923076923077,"total":13.0},"Rave / Dance Event":{"raw":1.0,"perc":7.6923076923076925,"total":13.0}},"Guiding":{"Rave / Dance Event":{"raw":1.0,"perc":100.0,"total":1.0}},"Sleep Deprivation":{"Various":{"raw":1.0,"perc":25.0,"total":4.0},"Small Group (2-9)":{"raw":1.0,"perc":25.0,"total":4.0},"Festival / Lg. Crowd":{"raw":1.0,"perc":25.0,"total":4.0},"Unknown Context":{"raw":1.0,"perc":25.0,"total":4.0}},"Devices":{"Alone":{"raw":3.0,"perc":60.0,"total":5.0},"Small Group (2-9)":{"raw":2.0,"perc":40.0,"total":5.0}},"Devices - Mind Machine":{"Alone":{"raw":3.0,"perc":75.0,"total":4.0},"Small Group (2-9)":{"raw":1.0,"perc":25.0,"total":4.0}},"Fasting":{"Alone":{"raw":5.0,"perc":100.0,"total":5.0}},"Chanting":{"Alone":{"raw":1.0,"perc":100.0,"total":1.0}},"Conferences":{"Alone":{"raw":1.0,"perc":100.0,"total":1.0}},"Migraines":{"Small Group (2-9)":{"raw":1.0,"perc":100.0,"total":1.0}},"Endogenous":{"Unknown Context":{"raw":1.0,"perc":33.333333333333329,"total":3.0},"Alone":{"raw":2.0,"perc":66.666666666666657,"total":3.0}},"Police / Customs":{"Club / Bar":{"raw":1.0,"perc":50.0,"total":2.0},"Festival / Lg. Crowd":{"raw":1.0,"perc":50.0,"total":2.0}},"Music":{"Various":{"raw":1.0,"perc":100.0,"total":1.0}},"Humor":{"Various":{"raw":1.0,"perc":100.0,"total":1.0}},"Mindfulness":{"Small Group (2-9)":{"raw":2.0,"perc":40.0,"total":5.0},"Alone":{"raw":2.0,"perc":40.0,"total":5.0},"Various":{"raw":1.0,"perc":20.0,"total":5.0}}},"Multi-Day Experience":{"Ritual":{"Festival / Lg. Crowd":{"raw":1.0,"perc":100.0,"total":1.0}},"Endogenous":{"Various":{"raw":1.0,"perc":50.0,"total":2.0},"Unknown Context":{"raw":1.0,"perc":50.0,"total":2.0}},"Sleep Deprivation":{"Alone":{"raw":7.0,"perc":31.818181818181817,"total":22.0},"Small Group (2-9)":{"raw":4.0,"perc":18.181818181818183,"total":22.0},"Various":{"raw":8.0,"perc":36.363636363636367,"total":22.0},"Large Group (10+)":{"raw":1.0,"perc":4.5454545454545459,"total":22.0},"Unknown Context":{"raw":1.0,"perc":4.5454545454545459,"total":22.0},"Not Applicable":{"raw":1.0,"perc":4.5454545454545459,"total":22.0}},"Yoga / Bodywork":{"Various":{"raw":1.0,"perc":100.0,"total":1.0}},"Police / Customs":{"Various":{"raw":2.0,"perc":66.666666666666657,"total":3.0},"Alone":{"raw":1.0,"perc":33.333333333333329,"total":3.0}},"Meditation":{"Alone":{"raw":2.0,"perc":50.0,"total":4.0},"Various":{"raw":1.0,"perc":25.0,"total":4.0},"Small Group (2-9)":{"raw":1.0,"perc":25.0,"total":4.0}},"Fasting":{"Various":{"raw":1.0,"perc":20.0,"total":5.0},"Alone":{"raw":3.0,"perc":60.0,"total":5.0},"Small Group (2-9)":{"raw":1.0,"perc":20.0,"total":5.0}},"Dreams":{"Alone":{"raw":3.0,"perc":60.0,"total":5.0},"Not Applicable":{"raw":2.0,"perc":40.0,"total":5.0}},"Drug Testing":{"Not Applicable":{"raw":3.0,"perc":100.0,"total":3.0}},"Humor":{"Various":{"raw":2.0,"perc":100.0,"total":2.0}},"OBE":{"Small Group (2-9)":{"raw":1.0,"perc":50.0,"total":2.0},"Alone":{"raw":1.0,"perc":50.0,"total":2.0}}},"Depression":{"Migraines":{"Unknown Context":{"raw":1.0,"perc":33.333333333333329,"total":3.0},"Not Applicable":{"raw":1.0,"perc":33.333333333333329,"total":3.0},"Small Group (2-9)":{"raw":1.0,"perc":33.333333333333329,"total":3.0}},"Endogenous":{"Hospital":{"raw":1.0,"perc":33.333333333333329,"total":3.0},"Various":{"raw":1.0,"perc":33.333333333333329,"total":3.0},"Small Group (2-9)":{"raw":1.0,"perc":33.333333333333329,"total":3.0}},"Drug Testing":{"Hospital":{"raw":1.0,"perc":100.0,"total":1.0}},"Meditation":{"Alone":{"raw":1.0,"perc":100.0,"total":1.0}},"Sleep Deprivation":{"Various":{"raw":1.0,"perc":100.0,"total":1.0}},"Mindfulness":{"Various":{"raw":1.0,"perc":50.0,"total":2.0},"Alone":{"raw":1.0,"perc":50.0,"total":2.0}},"OBE":{"Small Group (2-9)":{"raw":1.0,"perc":50.0,"total":2.0},"Alone":{"raw":1.0,"perc":50.0,"total":2.0}},"Police / Customs":{"Small Group (2-9)":{"raw":2.0,"perc":50.0,"total":4.0},"Various":{"raw":1.0,"perc":25.0,"total":4.0},"Hospital":{"raw":1.0,"perc":25.0,"total":4.0}},"Ritual":{"Group Ceremony":{"raw":1.0,"perc":100.0,"total":1.0}},"Sweating":{"Group Ceremony":{"raw":1.0,"perc":100.0,"total":1.0}},"Dreams":{"Alone":{"raw":5.0,"perc":83.333333333333343,"total":6.0},"Small Group (2-9)":{"raw":1.0,"perc":16.666666666666664,"total":6.0}},"Yoga / Bodywork":{"Various":{"raw":1.0,"perc":100.0,"total":1.0}},"Breathing":{"Not Applicable":{"raw":1.0,"perc":100.0,"total":1.0}}},"Post Trip Problems":{"Migraines":{"Unknown Context":{"raw":1.0,"perc":25.0,"total":4.0},"Various":{"raw":1.0,"perc":25.0,"total":4.0},"Not Applicable":{"raw":1.0,"perc":25.0,"total":4.0},"Alone":{"raw":1.0,"perc":25.0,"total":4.0}},"Drug Testing":{"Unknown Context":{"raw":3.0,"perc":42.857142857142854,"total":7.0},"School":{"raw":1.0,"perc":14.285714285714285,"total":7.0},"Hospital":{"raw":1.0,"perc":14.285714285714285,"total":7.0},"Festival / Lg. Crowd":{"raw":1.0,"perc":14.285714285714285,"total":7.0},"Alone":{"raw":1.0,"perc":14.285714285714285,"total":7.0}},"Dreams":{"Unknown Context":{"raw":3.0,"perc":50.0,"total":6.0},"Alone":{"raw":3.0,"perc":50.0,"total":6.0}},"Endogenous":{"Hospital":{"raw":1.0,"perc":33.333333333333329,"total":3.0},"Alone":{"raw":1.0,"perc":33.333333333333329,"total":3.0},"Unknown Context":{"raw":1.0,"perc":33.333333333333329,"total":3.0}},"Police / Customs":{"Small Group (2-9)":{"raw":5.0,"perc":31.25,"total":16.0},"Various":{"raw":8.0,"perc":50.0,"total":16.0},"Alone":{"raw":2.0,"perc":12.5,"total":16.0},"School":{"raw":1.0,"perc":6.25,"total":16.0}},"OBE":{"Small Group (2-9)":{"raw":2.0,"perc":66.666666666666657,"total":3.0},"Various":{"raw":1.0,"perc":33.333333333333329,"total":3.0}},"Breathing":{"Not Applicable":{"raw":1.0,"perc":50.0,"total":2.0},"Large Group (10+)":{"raw":1.0,"perc":50.0,"total":2.0}},"Hyperventilation":{"Not Applicable":{"raw":1.0,"perc":100.0,"total":1.0}},"Conferences":{"Alone":{"raw":1.0,"perc":100.0,"total":1.0}},"Meditation":{"Group Ceremony":{"raw":1.0,"perc":50.0,"total":2.0},"Alone":{"raw":1.0,"perc":50.0,"total":2.0}},"Fasting":{"Hospital":{"raw":1.0,"perc":100.0,"total":1.0}},"Sleep Deprivation":{"Alone":{"raw":1.0,"perc":50.0,"total":2.0},"Small Group (2-9)":{"raw":1.0,"perc":50.0,"total":2.0}},"Yoga / Bodywork":{"Not Applicable":{"raw":1.0,"perc":100.0,"total":1.0}}},"First Times":{"Dreams":{"Alone":{"raw":26.0,"perc":72.222222222222214,"total":36.0},"Unknown Context":{"raw":1.0,"perc":2.7777777777777777,"total":36.0},"Small Group (2-9)":{"raw":7.0,"perc":19.444444444444446,"total":36.0},"Various":{"raw":1.0,"perc":2.7777777777777777,"total":36.0},"Rave / Dance Event":{"raw":1.0,"perc":2.7777777777777777,"total":36.0}},"Endogenous":{"Various":{"raw":1.0,"perc":20.0,"total":5.0},"Not Applicable":{"raw":1.0,"perc":20.0,"total":5.0},"Small Group (2-9)":{"raw":1.0,"perc":20.0,"total":5.0},"Alone":{"raw":2.0,"perc":40.0,"total":5.0}},"Police / Customs":{"Small Group (2-9)":{"raw":6.0,"perc":46.153846153846153,"total":13.0},"Various":{"raw":5.0,"perc":38.461538461538467,"total":13.0},"Rave / Dance Event":{"raw":1.0,"perc":7.6923076923076925,"total":13.0},"Hospital":{"raw":1.0,"perc":7.6923076923076925,"total":13.0}},"Ritual":{"Large Group (10+)":{"raw":1.0,"perc":11.111111111111111,"total":9.0},"Small Group (2-9)":{"raw":2.0,"perc":22.222222222222221,"total":9.0},"Group Ceremony":{"raw":5.0,"perc":55.555555555555557,"total":9.0},"Festival / Lg. Crowd":{"raw":1.0,"perc":11.111111111111111,"total":9.0}},"OBE":{"Small Group (2-9)":{"raw":7.0,"perc":87.5,"total":8.0},"Alone":{"raw":1.0,"perc":12.5,"total":8.0}},"Sleep Deprivation":{"Small Group (2-9)":{"raw":3.0,"perc":50.0,"total":6.0},"Various":{"raw":1.0,"perc":16.666666666666664,"total":6.0},"Large Group (10+)":{"raw":1.0,"perc":16.666666666666664,"total":6.0},"Alone":{"raw":1.0,"perc":16.666666666666664,"total":6.0}},"Devices":{"Alone":{"raw":6.0,"perc":85.714285714285708,"total":7.0},"Unknown Context":{"raw":1.0,"perc":14.285714285714285,"total":7.0}},"Devices - Mind Machine":{"Alone":{"raw":2.0,"perc":100.0,"total":2.0}},"Devices - Magnetic":{"Alone":{"raw":1.0,"perc":50.0,"total":2.0},"Unknown Context":{"raw":1.0,"perc":50.0,"total":2.0}},"Sweating":{"Group Ceremony":{"raw":3.0,"perc":75.0,"total":4.0},"Alone":{"raw":1.0,"perc":25.0,"total":4.0}},"Meditation":{"Small Group (2-9)":{"raw":5.0,"perc":41.666666666666671,"total":12.0},"Alone":{"raw":5.0,"perc":41.666666666666671,"total":12.0},"Rave / Dance Event":{"raw":1.0,"perc":8.3333333333333321,"total":12.0},"Group Ceremony":{"raw":1.0,"perc":8.3333333333333321,"total":12.0}},"Breathing":{"Small Group (2-9)":{"raw":2.0,"perc":50.0,"total":4.0},"Not Applicable":{"raw":1.0,"perc":25.0,"total":4.0},"Alone":{"raw":1.0,"perc":25.0,"total":4.0}},"Hyperventilation":{"Small Group (2-9)":{"raw":1.0,"perc":33.333333333333329,"total":3.0},"Not Applicable":{"raw":1.0,"perc":33.333333333333329,"total":3.0},"Alone":{"raw":1.0,"perc":33.333333333333329,"total":3.0}},"Guiding":{"Small Group (2-9)":{"raw":1.0,"perc":100.0,"total":1.0}},"Yoga / Bodywork":{"Alone":{"raw":3.0,"perc":50.0,"total":6.0},"Group Ceremony":{"raw":1.0,"perc":16.666666666666664,"total":6.0},"Various":{"raw":1.0,"perc":16.666666666666664,"total":6.0},"Small Group (2-9)":{"raw":1.0,"perc":16.666666666666664,"total":6.0}},"Nitrogen Narcosis":{"Alone":{"raw":1.0,"perc":50.0,"total":2.0},"Various":{"raw":1.0,"perc":50.0,"total":2.0}},"Floatation Tank":{"Alone":{"raw":3.0,"perc":100.0,"total":3.0}},"Mindfulness":{"Small Group (2-9)":{"raw":1.0,"perc":50.0,"total":2.0},"Alone":{"raw":1.0,"perc":50.0,"total":2.0}},"Fasting":{"Alone":{"raw":1.0,"perc":100.0,"total":1.0}}},"Preparation / Recipes":{"Dreams":{"Alone":{"raw":6.0,"perc":85.714285714285708,"total":7.0},"Not Applicable":{"raw":1.0,"perc":14.285714285714285,"total":7.0}},"Ritual":{"Alone":{"raw":2.0,"perc":66.666666666666657,"total":3.0},"Festival / Lg. Crowd":{"raw":1.0,"perc":33.333333333333329,"total":3.0}},"Yoga / Bodywork":{"Alone":{"raw":1.0,"perc":100.0,"total":1.0}},"Police / Customs":{"Small Group (2-9)":{"raw":1.0,"perc":25.0,"total":4.0},"Not Applicable":{"raw":1.0,"perc":25.0,"total":4.0},"Various":{"raw":2.0,"perc":50.0,"total":4.0}},"Meditation":{"Alone":{"raw":2.0,"perc":100.0,"total":2.0}},"Drug Testing":{"Not Applicable":{"raw":4.0,"perc":100.0,"total":4.0}},"Floatation Tank":{"Alone":{"raw":1.0,"perc":100.0,"total":1.0}},"Sweating":{"Alone":{"raw":1.0,"perc":50.0,"total":2.0},"Small Group (2-9)":{"raw":1.0,"perc":50.0,"total":2.0}},"Breathing":{"Small Group (2-9)":{"raw":1.0,"perc":100.0,"total":1.0}},"Sleep Deprivation":{"Alone":{"raw":1.0,"perc":100.0,"total":1.0}},"Mindfulness":{"Various":{"raw":1.0,"perc":100.0,"total":1.0}}},"Health Benefits":{"Sleep Deprivation":{"Various":{"raw":1.0,"perc":50.0,"total":2.0},"Small Group (2-9)":{"raw":1.0,"perc":50.0,"total":2.0}},"Fasting":{"Unknown Context":{"raw":1.0,"perc":33.333333333333329,"total":3.0},"Various":{"raw":1.0,"perc":33.333333333333329,"total":3.0},"Not Applicable":{"raw":1.0,"perc":33.333333333333329,"total":3.0}},"Floatation Tank":{"Alone":{"raw":1.0,"perc":100.0,"total":1.0}},"Meditation":{"Alone":{"raw":5.0,"perc":71.428571428571431,"total":7.0},"Various":{"raw":1.0,"perc":14.285714285714285,"total":7.0},"Unknown Context":{"raw":1.0,"perc":14.285714285714285,"total":7.0}},"Migraines":{"Various":{"raw":1.0,"perc":8.3333333333333321,"total":12.0},"Not Applicable":{"raw":5.0,"perc":41.666666666666671,"total":12.0},"Unknown Context":{"raw":4.0,"perc":33.333333333333329,"total":12.0},"Small Group (2-9)":{"raw":1.0,"perc":8.3333333333333321,"total":12.0},"Alone":{"raw":1.0,"perc":8.3333333333333321,"total":12.0}},"Police / Customs":{"School":{"raw":1.0,"perc":100.0,"total":1.0}},"Mindfulness":{"Various":{"raw":1.0,"perc":50.0,"total":2.0},"Small Group (2-9)":{"raw":1.0,"perc":50.0,"total":2.0}},"Ritual":{"Alone":{"raw":1.0,"perc":100.0,"total":1.0}},"Dreams":{"Alone":{"raw":5.0,"perc":71.428571428571431,"total":7.0},"Not Applicable":{"raw":2.0,"perc":28.571428571428569,"total":7.0}},"Devices":{"Alone":{"raw":1.0,"perc":50.0,"total":2.0},"Small Group (2-9)":{"raw":1.0,"perc":50.0,"total":2.0}},"Devices - Mind Machine":{"Alone":{"raw":1.0,"perc":50.0,"total":2.0},"Small Group (2-9)":{"raw":1.0,"perc":50.0,"total":2.0}},"Yoga / Bodywork":{"Small Group (2-9)":{"raw":2.0,"perc":100.0,"total":2.0}},"Breathing":{"Alone":{"raw":1.0,"perc":100.0,"total":1.0}},"Sweating":{"Alone":{"raw":1.0,"perc":100.0,"total":1.0}}},"Nature / Outdoors":{"Nitrogen Narcosis":{"Small Group (2-9)":{"raw":1.0,"perc":100.0,"total":1.0}},"OBE":{"Small Group (2-9)":{"raw":1.0,"perc":100.0,"total":1.0}},"Police / Customs":{"Small Group (2-9)":{"raw":1.0,"perc":33.333333333333329,"total":3.0},"Various":{"raw":2.0,"perc":66.666666666666657,"total":3.0}},"Conferences":{"Various":{"raw":1.0,"perc":100.0,"total":1.0}},"Guiding":{"Small Group (2-9)":{"raw":2.0,"perc":100.0,"total":2.0}},"Ritual":{"Various":{"raw":1.0,"perc":33.333333333333329,"total":3.0},"Alone":{"raw":1.0,"perc":33.333333333333329,"total":3.0},"Small Group (2-9)":{"raw":1.0,"perc":33.333333333333329,"total":3.0}},"Fasting":{"Alone":{"raw":2.0,"perc":100.0,"total":2.0}},"Humor":{"Various":{"raw":1.0,"perc":100.0,"total":1.0}},"Yoga / Bodywork":{"Alone":{"raw":2.0,"perc":66.666666666666657,"total":3.0},"Small Group (2-9)":{"raw":1.0,"perc":33.333333333333329,"total":3.0}},"Dreams":{"Not Applicable":{"raw":1.0,"perc":50.0,"total":2.0},"Small Group (2-9)":{"raw":1.0,"perc":50.0,"total":2.0}},"Mindfulness":{"Small Group (2-9)":{"raw":1.0,"perc":33.333333333333329,"total":3.0},"Alone":{"raw":1.0,"perc":33.333333333333329,"total":3.0},"Various":{"raw":1.0,"perc":33.333333333333329,"total":3.0}},"Meditation":{"Small Group (2-9)":{"raw":3.0,"perc":75.0,"total":4.0},"Alone":{"raw":1.0,"perc":25.0,"total":4.0}},"Breathing":{"Small Group (2-9)":{"raw":1.0,"perc":100.0,"total":1.0}},"Music":{"Small Group (2-9)":{"raw":1.0,"perc":100.0,"total":1.0}}},"Music Discussion":{"Sleep Deprivation":{"Small Group (2-9)":{"raw":2.0,"perc":50.0,"total":4.0},"Large Group (10+)":{"raw":1.0,"perc":25.0,"total":4.0},"Festival / Lg. Crowd":{"raw":1.0,"perc":25.0,"total":4.0}},"Yoga / Bodywork":{"Alone":{"raw":3.0,"perc":60.0,"total":5.0},"Small Group (2-9)":{"raw":2.0,"perc":40.0,"total":5.0}},"Devices":{"Alone":{"raw":3.0,"perc":75.0,"total":4.0},"Small Group (2-9)":{"raw":1.0,"perc":25.0,"total":4.0}},"Devices - Mind Machine":{"Alone":{"raw":1.0,"perc":50.0,"total":2.0},"Small Group (2-9)":{"raw":1.0,"perc":50.0,"total":2.0}},"Police / Customs":{"Various":{"raw":3.0,"perc":50.0,"total":6.0},"Club / Bar":{"raw":1.0,"perc":16.666666666666664,"total":6.0},"Rave / Dance Event":{"raw":1.0,"perc":16.666666666666664,"total":6.0},"Festival / Lg. Crowd":{"raw":1.0,"perc":16.666666666666664,"total":6.0}},"Meditation":{"Group Ceremony":{"raw":1.0,"perc":14.285714285714285,"total":7.0},"Alone":{"raw":4.0,"perc":57.142857142857139,"total":7.0},"Various":{"raw":1.0,"perc":14.285714285714285,"total":7.0},"Small Group (2-9)":{"raw":1.0,"perc":14.285714285714285,"total":7.0}},"Mindfulness":{"Not Applicable":{"raw":1.0,"perc":100.0,"total":1.0}},"Ritual":{"Small Group (2-9)":{"raw":1.0,"perc":33.333333333333329,"total":3.0},"Alone":{"raw":1.0,"perc":33.333333333333329,"total":3.0},"Group Ceremony":{"raw":1.0,"perc":33.333333333333329,"total":3.0}},"Migraines":{"Alone":{"raw":1.0,"perc":100.0,"total":1.0}},"OBE":{"Small Group (2-9)":{"raw":1.0,"perc":100.0,"total":1.0}},"Dreams":{"Alone":{"raw":1.0,"perc":100.0,"total":1.0}}},"Personal Preparation":{"Ritual":{"Alone":{"raw":2.0,"perc":40.0,"total":5.0},"Small Group (2-9)":{"raw":1.0,"perc":20.0,"total":5.0},"Various":{"raw":1.0,"perc":20.0,"total":5.0},"Group Ceremony":{"raw":1.0,"perc":20.0,"total":5.0}},"Drug Testing":{"Not Applicable":{"raw":1.0,"perc":100.0,"total":1.0}},"Meditation":{"Alone":{"raw":3.0,"perc":60.0,"total":5.0},"Small Group (2-9)":{"raw":2.0,"perc":40.0,"total":5.0}},"Fasting":{"Various":{"raw":1.0,"perc":25.0,"total":4.0},"Alone":{"raw":3.0,"perc":75.0,"total":4.0}},"OBE":{"Alone":{"raw":1.0,"perc":100.0,"total":1.0}},"Police / Customs":{"Various":{"raw":1.0,"perc":100.0,"total":1.0}},"Mindfulness":{"Alone":{"raw":1.0,"perc":50.0,"total":2.0},"Various":{"raw":1.0,"perc":50.0,"total":2.0}}},"Entities / Beings":{"Yoga / Bodywork":{"Alone":{"raw":4.0,"perc":80.0,"total":5.0},"Small Group (2-9)":{"raw":1.0,"perc":20.0,"total":5.0}},"Sleep Deprivation":{"Various":{"raw":2.0,"perc":66.666666666666657,"total":3.0},"Small Group (2-9)":{"raw":1.0,"perc":33.333333333333329,"total":3.0}},"Breathing":{"Alone":{"raw":2.0,"perc":100.0,"total":2.0}},"Dreams":{"Alone":{"raw":15.0,"perc":75.0,"total":20.0},"Small Group (2-9)":{"raw":3.0,"perc":15.0,"total":20.0},"Not Applicable":{"raw":2.0,"perc":10.0,"total":20.0}},"Police / Customs":{"Various":{"raw":2.0,"perc":25.0,"total":8.0},"Small Group (2-9)":{"raw":3.0,"perc":37.5,"total":8.0},"Alone":{"raw":3.0,"perc":37.5,"total":8.0}},"OBE":{"Small Group (2-9)":{"raw":8.0,"perc":61.53846153846154,"total":13.0},"Alone":{"raw":4.0,"perc":30.76923076923077,"total":13.0},"Not Applicable":{"raw":1.0,"perc":7.6923076923076925,"total":13.0}},"Fasting":{"Alone":{"raw":4.0,"perc":100.0,"total":4.0}},"Conferences":{"Various":{"raw":1.0,"perc":100.0,"total":1.0}},"Meditation":{"Hospital":{"raw":1.0,"perc":8.3333333333333321,"total":12.0},"Large Group (10+)":{"raw":1.0,"perc":8.3333333333333321,"total":12.0},"Alone":{"raw":5.0,"perc":41.666666666666671,"total":12.0},"Small Group (2-9)":{"raw":3.0,"perc":25.0,"total":12.0},"Various":{"raw":2.0,"perc":16.666666666666664,"total":12.0}},"Ritual":{"Group Ceremony":{"raw":6.0,"perc":66.666666666666657,"total":9.0},"Small Group (2-9)":{"raw":1.0,"perc":11.111111111111111,"total":9.0},"Various":{"raw":1.0,"perc":11.111111111111111,"total":9.0},"Alone":{"raw":1.0,"perc":11.111111111111111,"total":9.0}},"Sweating":{"Group Ceremony":{"raw":1.0,"perc":100.0,"total":1.0}},"Devices":{"Small Group (2-9)":{"raw":1.0,"perc":50.0,"total":2.0},"Alone":{"raw":1.0,"perc":50.0,"total":2.0}},"Endogenous":{"Unknown Context":{"raw":1.0,"perc":50.0,"total":2.0},"Alone":{"raw":1.0,"perc":50.0,"total":2.0}},"Migraines":{"Alone":{"raw":1.0,"perc":100.0,"total":1.0}},"Nitrogen Narcosis":{"Various":{"raw":1.0,"perc":100.0,"total":1.0}},"Humor":{"Various":{"raw":1.0,"perc":100.0,"total":1.0}},"Mindfulness":{"Small Group (2-9)":{"raw":1.0,"perc":25.0,"total":4.0},"Alone":{"raw":1.0,"perc":25.0,"total":4.0},"Various":{"raw":2.0,"perc":50.0,"total":4.0}},"Devices - Mind Machine":{"Alone":{"raw":1.0,"perc":100.0,"total":1.0}},"Chanting":{"Alone":{"raw":1.0,"perc":100.0,"total":1.0}}},"HPPD / Lasting Visuals":{"Endogenous":{"Hospital":{"raw":1.0,"perc":50.0,"total":2.0},"Alone":{"raw":1.0,"perc":50.0,"total":2.0}},"Sleep Deprivation":{"Small Group (2-9)":{"raw":1.0,"perc":50.0,"total":2.0},"Hospital":{"raw":1.0,"perc":50.0,"total":2.0}},"Police / Customs":{"Small Group (2-9)":{"raw":1.0,"perc":100.0,"total":1.0}}},"Overdose":{"Endogenous":{"Hospital":{"raw":1.0,"perc":100.0,"total":1.0}},"Police / Customs":{"Alone":{"raw":2.0,"perc":33.333333333333329,"total":6.0},"Hospital":{"raw":3.0,"perc":50.0,"total":6.0},"Small Group (2-9)":{"raw":1.0,"perc":16.666666666666664,"total":6.0}},"Dreams":{"Unknown Context":{"raw":1.0,"perc":50.0,"total":2.0},"Various":{"raw":1.0,"perc":50.0,"total":2.0}},"Drug Testing":{"School":{"raw":1.0,"perc":100.0,"total":1.0}},"Conferences":{"Alone":{"raw":1.0,"perc":100.0,"total":1.0}},"OBE":{"Small Group (2-9)":{"raw":2.0,"perc":100.0,"total":2.0}},"Sleep Deprivation":{"Various":{"raw":1.0,"perc":50.0,"total":2.0},"Small Group (2-9)":{"raw":1.0,"perc":50.0,"total":2.0}}},"Families":{"Breathing":{"Group Ceremony":{"raw":1.0,"perc":100.0,"total":1.0}},"Hyperventilation":{"Group Ceremony":{"raw":1.0,"perc":100.0,"total":1.0}},"Yoga / Bodywork":{"Alone":{"raw":1.0,"perc":100.0,"total":1.0}},"Police / Customs":{"Small Group (2-9)":{"raw":1.0,"perc":100.0,"total":1.0}}},"Guides / Sitters":{"Breathing":{"Group Ceremony":{"raw":1.0,"perc":100.0,"total":1.0}},"Hyperventilation":{"Group Ceremony":{"raw":1.0,"perc":100.0,"total":1.0}},"Guiding":{"Rave / Dance Event":{"raw":1.0,"perc":33.333333333333329,"total":3.0},"Small Group (2-9)":{"raw":2.0,"perc":66.666666666666657,"total":3.0}},"OBE":{"Small Group (2-9)":{"raw":3.0,"perc":100.0,"total":3.0}},"Meditation":{"Small Group (2-9)":{"raw":2.0,"perc":50.0,"total":4.0},"Group Ceremony":{"raw":1.0,"perc":25.0,"total":4.0},"Alone":{"raw":1.0,"perc":25.0,"total":4.0}},"Dreams":{"Small Group (2-9)":{"raw":1.0,"perc":100.0,"total":1.0}},"Ritual":{"Small Group (2-9)":{"raw":2.0,"perc":20.0,"total":10.0},"Group Ceremony":{"raw":8.0,"perc":80.0,"total":10.0}},"Conferences":{"Alone":{"raw":1.0,"perc":100.0,"total":1.0}},"Yoga / Bodywork":{"Group Ceremony":{"raw":1.0,"perc":50.0,"total":2.0},"Small Group (2-9)":{"raw":1.0,"perc":50.0,"total":2.0}},"Sleep Deprivation":{"Small Group (2-9)":{"raw":1.0,"perc":50.0,"total":2.0},"Festival / Lg. Crowd":{"raw":1.0,"perc":50.0,"total":2.0}},"Mindfulness":{"Small Group (2-9)":{"raw":1.0,"perc":100.0,"total":1.0}},"Endogenous":{"Small Group (2-9)":{"raw":1.0,"perc":100.0,"total":1.0}},"Police / Customs":{"Various":{"raw":2.0,"perc":100.0,"total":2.0}}},"Medical Use":{"Migraines":{"Not Applicable":{"raw":3.0,"perc":37.5,"total":8.0},"Unknown Context":{"raw":2.0,"perc":25.0,"total":8.0},"Alone":{"raw":2.0,"perc":25.0,"total":8.0},"Small Group (2-9)":{"raw":1.0,"perc":12.5,"total":8.0}},"Dreams":{"Hospital":{"raw":1.0,"perc":9.0909090909090917,"total":11.0},"Not Applicable":{"raw":3.0,"perc":27.27272727272727,"total":11.0},"Alone":{"raw":7.0,"perc":63.636363636363633,"total":11.0}},"Sleep Deprivation":{"Alone":{"raw":1.0,"perc":100.0,"total":1.0}},"OBE":{"Alone":{"raw":1.0,"perc":100.0,"total":1.0}},"Drug Testing":{"Not Applicable":{"raw":5.0,"perc":100.0,"total":5.0}},"Endogenous":{"Unknown Context":{"raw":1.0,"perc":33.333333333333329,"total":3.0},"Not Applicable":{"raw":1.0,"perc":33.333333333333329,"total":3.0},"Alone":{"raw":1.0,"perc":33.333333333333329,"total":3.0}},"Breathing":{"Hospital":{"raw":1.0,"perc":100.0,"total":1.0}}},"Second Hand Report":{"Drug Testing":{"Small Group (2-9)":{"raw":1.0,"perc":33.333333333333329,"total":3.0},"Not Applicable":{"raw":2.0,"perc":66.666666666666657,"total":3.0}},"Police / Customs":{"Small Group (2-9)":{"raw":7.0,"perc":87.5,"total":8.0},"Hospital":{"raw":1.0,"perc":12.5,"total":8.0}},"Migraines":{"Small Group (2-9)":{"raw":1.0,"perc":100.0,"total":1.0}},"OBE":{"Small Group (2-9)":{"raw":1.0,"perc":100.0,"total":1.0}},"Meditation":{"Small Group (2-9)":{"raw":1.0,"perc":100.0,"total":1.0}},"Dreams":{"Small Group (2-9)":{"raw":2.0,"perc":100.0,"total":2.0}},"Endogenous":{"Unknown Context":{"raw":1.0,"perc":100.0,"total":1.0}},"Conferences":{"Small Group (2-9)":{"raw":1.0,"perc":100.0,"total":1.0}}},"Relationships":{"Ritual":{"Small Group (2-9)":{"raw":2.0,"perc":66.666666666666657,"total":3.0},"Group Ceremony":{"raw":1.0,"perc":33.333333333333329,"total":3.0}},"Yoga / Bodywork":{"Small Group (2-9)":{"raw":1.0,"perc":100.0,"total":1.0}},"Dreams":{"Not Applicable":{"raw":1.0,"perc":100.0,"total":1.0}},"Devices":{"Small Group (2-9)":{"raw":2.0,"perc":100.0,"total":2.0}},"Devices - Mind Machine":{"Small Group (2-9)":{"raw":1.0,"perc":100.0,"total":1.0}},"Migraines":{"Small Group (2-9)":{"raw":1.0,"perc":100.0,"total":1.0}},"Meditation":{"Rave / Dance Event":{"raw":1.0,"perc":25.0,"total":4.0},"Various":{"raw":1.0,"perc":25.0,"total":4.0},"Small Group (2-9)":{"raw":1.0,"perc":25.0,"total":4.0},"Alone":{"raw":1.0,"perc":25.0,"total":4.0}},"Fasting":{"Various":{"raw":1.0,"perc":100.0,"total":1.0}},"Police / Customs":{"Club / Bar":{"raw":1.0,"perc":33.333333333333329,"total":3.0},"Various":{"raw":2.0,"perc":66.666666666666657,"total":3.0}},"Sleep Deprivation":{"Festival / Lg. Crowd":{"raw":1.0,"perc":100.0,"total":1.0}},"Mindfulness":{"Small Group (2-9)":{"raw":1.0,"perc":33.333333333333329,"total":3.0},"Alone":{"raw":1.0,"perc":33.333333333333329,"total":3.0},"Various":{"raw":1.0,"perc":33.333333333333329,"total":3.0}},"OBE":{"Small Group (2-9)":{"raw":1.0,"perc":100.0,"total":1.0}}},"Hangover / Days After":{"Dreams":{"Alone":{"raw":5.0,"perc":71.428571428571431,"total":7.0},"Not Applicable":{"raw":1.0,"perc":14.285714285714285,"total":7.0},"Small Group (2-9)":{"raw":1.0,"perc":14.285714285714285,"total":7.0}},"Sleep Deprivation":{"Various":{"raw":2.0,"perc":22.222222222222221,"total":9.0},"Small Group (2-9)":{"raw":1.0,"perc":11.111111111111111,"total":9.0},"Alone":{"raw":3.0,"perc":33.333333333333329,"total":9.0},"Festival / Lg. Crowd":{"raw":1.0,"perc":11.111111111111111,"total":9.0},"Not Applicable":{"raw":1.0,"perc":11.111111111111111,"total":9.0},"Unknown Context":{"raw":1.0,"perc":11.111111111111111,"total":9.0}},"Yoga / Bodywork":{"Small Group (2-9)":{"raw":1.0,"perc":100.0,"total":1.0}},"Migraines":{"Unknown Context":{"raw":1.0,"perc":33.333333333333329,"total":3.0},"Small Group (2-9)":{"raw":1.0,"perc":33.333333333333329,"total":3.0},"Alone":{"raw":1.0,"perc":33.333333333333329,"total":3.0}},"Meditation":{"Hospital":{"raw":1.0,"perc":33.333333333333329,"total":3.0},"Group Ceremony":{"raw":1.0,"perc":33.333333333333329,"total":3.0},"Alone":{"raw":1.0,"perc":33.333333333333329,"total":3.0}},"OBE":{"School":{"raw":1.0,"perc":25.0,"total":4.0},"Small Group (2-9)":{"raw":2.0,"perc":50.0,"total":4.0},"Alone":{"raw":1.0,"perc":25.0,"total":4.0}},"Police / Customs":{"School":{"raw":1.0,"perc":12.5,"total":8.0},"Various":{"raw":3.0,"perc":37.5,"total":8.0},"Alone":{"raw":2.0,"perc":25.0,"total":8.0},"Hospital":{"raw":2.0,"perc":25.0,"total":8.0}},"Conferences":{"Alone":{"raw":1.0,"perc":100.0,"total":1.0}},"Music":{"Various":{"raw":1.0,"perc":100.0,"total":1.0}},"Floatation Tank":{"Alone":{"raw":1.0,"perc":100.0,"total":1.0}},"Endogenous":{"Alone":{"raw":1.0,"perc":50.0,"total":2.0},"Not Applicable":{"raw":1.0,"perc":50.0,"total":2.0}},"Sound (non-music)":{"Alone":{"raw":1.0,"perc":100.0,"total":1.0}}},"Loss of Magic":{"Sleep Deprivation":{"Various":{"raw":2.0,"perc":100.0,"total":2.0}},"Meditation":{"Rave / Dance Event":{"raw":1.0,"perc":100.0,"total":1.0}}},"Therapeutic Intent or Outcome":{"Meditation":{"Small Group (2-9)":{"raw":1.0,"perc":20.0,"total":5.0},"Not Applicable":{"raw":1.0,"perc":20.0,"total":5.0},"Alone":{"raw":1.0,"perc":20.0,"total":5.0},"Various":{"raw":1.0,"perc":20.0,"total":5.0},"Group Ceremony":{"raw":1.0,"perc":20.0,"total":5.0}},"Humor":{"Various":{"raw":1.0,"perc":100.0,"total":1.0}},"Endogenous":{"Alone":{"raw":1.0,"perc":100.0,"total":1.0}},"Yoga / Bodywork":{"Alone":{"raw":1.0,"perc":50.0,"total":2.0},"Various":{"raw":1.0,"perc":50.0,"total":2.0}},"Music":{"Alone":{"raw":1.0,"perc":100.0,"total":1.0}},"Ritual":{"Group Ceremony":{"raw":6.0,"perc":100.0,"total":6.0}},"Breathing":{"Hospital":{"raw":1.0,"perc":100.0,"total":1.0}},"Dreams":{"Alone":{"raw":6.0,"perc":100.0,"total":6.0}},"Police / Customs":{"Hospital":{"raw":1.0,"perc":100.0,"total":1.0}},"Migraines":{"Unknown Context":{"raw":1.0,"perc":100.0,"total":1.0}},"Mindfulness":{"Alone":{"raw":1.0,"perc":50.0,"total":2.0},"Various":{"raw":1.0,"perc":50.0,"total":2.0}},"Fasting":{"Alone":{"raw":1.0,"perc":100.0,"total":1.0}}},"Poetry":{"Conferences":{"Various":{"raw":1.0,"perc":100.0,"total":1.0}},"Meditation":{"Alone":{"raw":1.0,"perc":100.0,"total":1.0}}},"What Was in That?":{"Sleep Deprivation":{"Small Group (2-9)":{"raw":1.0,"perc":100.0,"total":1.0}},"Music":{"Various":{"raw":1.0,"perc":100.0,"total":1.0}},"OBE":{"Alone":{"raw":1.0,"perc":100.0,"total":1.0}},"Migraines":{"Small Group (2-9)":{"raw":1.0,"perc":100.0,"total":1.0}},"Meditation":{"Alone":{"raw":1.0,"perc":100.0,"total":1.0}}},"Performance Enhancement":{"Humor":{"Various":{"raw":1.0,"perc":100.0,"total":1.0}},"Sleep Deprivation":{"Not Applicable":{"raw":1.0,"perc":33.333333333333329,"total":3.0},"Alone":{"raw":2.0,"perc":66.666666666666657,"total":3.0}},"Yoga / Bodywork":{"Not Applicable":{"raw":1.0,"perc":100.0,"total":1.0}},"Police / Customs":{"Various":{"raw":1.0,"perc":100.0,"total":1.0}}}}