{"General":{"Drug Testing":{"raw":121.0,"perc":25.9656652360515,"total":466.0},"Sleep Deprivation":{"raw":29.0,"perc":6.2231759656652361,"total":466.0},"OBE":{"raw":22.0,"perc":4.7210300429184553,"total":466.0},"Dreams":{"raw":109.0,"perc":23.390557939914164,"total":466.0},"Police / Customs":{"raw":37.0,"perc":7.939914163090128,"total":466.0},"Meditation":{"raw":36.0,"perc":7.7253218884120178,"total":466.0},"Endogenous":{"raw":9.0,"perc":1.9313304721030045,"total":466.0},"Breathing":{"raw":10.0,"perc":2.1459227467811157,"total":466.0},"Hyperventilation":{"raw":5.0,"perc":1.0729613733905579,"total":466.0},"Floatation Tank":{"raw":3.0,"perc":0.64377682403433478,"total":466.0},"Fasting":{"raw":9.0,"perc":1.9313304721030045,"total":466.0},"Nitrogen Narcosis":{"raw":5.0,"perc":1.0729613733905579,"total":466.0},"Yoga / Bodywork":{"raw":18.0,"perc":3.8626609442060089,"total":466.0},"Ritual":{"raw":8.0,"perc":1.7167381974248928,"total":466.0},"Devices":{"raw":10.0,"perc":2.1459227467811157,"total":466.0},"Devices - Mind Machine":{"raw":6.0,"perc":1.2875536480686696,"total":466.0},"Sweating":{"raw":4.0,"perc":0.85836909871244638,"total":466.0},"Conferences":{"raw":13.0,"perc":2.7896995708154506,"total":466.0},"Mindfulness":{"raw":4.0,"perc":0.85836909871244638,"total":466.0},"Migraines":{"raw":1.0,"perc":0.21459227467811159,"total":466.0},"Humor":{"raw":3.0,"perc":0.64377682403433478,"total":466.0},"Guiding":{"raw":1.0,"perc":0.21459227467811159,"total":466.0},"Music":{"raw":3.0,"perc":0.64377682403433478,"total":466.0}},"Difficult Experiences":{"Sleep Deprivation":{"raw":15.0,"perc":16.666666666666664,"total":90.0},"Ritual":{"raw":4.0,"perc":4.4444444444444446,"total":90.0},"Dreams":{"raw":12.0,"perc":13.333333333333334,"total":90.0},"Endogenous":{"raw":5.0,"perc":5.5555555555555554,"total":90.0},"Police / Customs":{"raw":25.0,"perc":27.777777777777779,"total":90.0},"OBE":{"raw":11.0,"perc":12.222222222222221,"total":90.0},"Devices":{"raw":1.0,"perc":1.1111111111111112,"total":90.0},"Devices - Mind Machine":{"raw":1.0,"perc":1.1111111111111112,"total":90.0},"Fasting":{"raw":3.0,"perc":3.3333333333333335,"total":90.0},"Drug Testing":{"raw":2.0,"perc":2.2222222222222223,"total":90.0},"Chanting":{"raw":1.0,"perc":1.1111111111111112,"total":90.0},"Migraines":{"raw":1.0,"perc":1.1111111111111112,"total":90.0},"Nitrogen Narcosis":{"raw":1.0,"perc":1.1111111111111112,"total":90.0},"Meditation":{"raw":4.0,"perc":4.4444444444444446,"total":90.0},"Humor":{"raw":2.0,"perc":2.2222222222222223,"total":90.0},"Sound (non-music)":{"raw":1.0,"perc":1.1111111111111112,"total":90.0},"Conferences":{"raw":1.0,"perc":1.1111111111111112,"total":90.0}},"Health Problems":{"Sleep Deprivation":{"raw":9.0,"perc":19.565217391304348,"total":46.0},"Endogenous":{"raw":8.0,"perc":17.391304347826086,"total":46.0},"Migraines":{"raw":6.0,"perc":13.043478260869565,"total":46.0},"Floatation Tank":{"raw":1.0,"perc":2.1739130434782608,"total":46.0},"Dreams":{"raw":4.0,"perc":8.695652173913043,"total":46.0},"Drug Testing":{"raw":3.0,"perc":6.5217391304347823,"total":46.0},"Police / Customs":{"raw":4.0,"perc":8.695652173913043,"total":46.0},"Breathing":{"raw":3.0,"perc":6.5217391304347823,"total":46.0},"Hyperventilation":{"raw":2.0,"perc":4.3478260869565215,"total":46.0},"Meditation":{"raw":2.0,"perc":4.3478260869565215,"total":46.0},"Yoga / Bodywork":{"raw":1.0,"perc":2.1739130434782608,"total":46.0},"Conferences":{"raw":1.0,"perc":2.1739130434782608,"total":46.0},"OBE":{"raw":1.0,"perc":2.1739130434782608,"total":46.0},"Humor":{"raw":1.0,"perc":2.1739130434782608,"total":46.0}},"Bad Trips":{"Endogenous":{"raw":4.0,"perc":13.793103448275861,"total":29.0},"Police / Customs":{"raw":15.0,"perc":51.724137931034484,"total":29.0},"Meditation":{"raw":1.0,"perc":3.4482758620689653,"total":29.0},"Sleep Deprivation":{"raw":4.0,"perc":13.793103448275861,"total":29.0},"Drug Testing":{"raw":3.0,"perc":10.344827586206897,"total":29.0},"OBE":{"raw":1.0,"perc":3.4482758620689653,"total":29.0},"Humor":{"raw":1.0,"perc":3.4482758620689653,"total":29.0}},"Retrospective / Summary":{"Drug Testing":{"raw":12.0,"perc":7.3170731707317067,"total":164.0},"Meditation":{"raw":30.0,"perc":18.292682926829269,"total":164.0},"Migraines":{"raw":6.0,"perc":3.6585365853658534,"total":164.0},"Police / Customs":{"raw":13.0,"perc":7.9268292682926829,"total":164.0},"Sleep Deprivation":{"raw":6.0,"perc":3.6585365853658534,"total":164.0},"Dreams":{"raw":54.0,"perc":32.926829268292686,"total":164.0},"Guiding":{"raw":2.0,"perc":1.2195121951219512,"total":164.0},"Ritual":{"raw":6.0,"perc":3.6585365853658534,"total":164.0},"Endogenous":{"raw":4.0,"perc":2.4390243902439024,"total":164.0},"Yoga / Bodywork":{"raw":6.0,"perc":3.6585365853658534,"total":164.0},"Mindfulness":{"raw":3.0,"perc":1.8292682926829267,"total":164.0},"Sweating":{"raw":2.0,"perc":1.2195121951219512,"total":164.0},"Breathing":{"raw":3.0,"perc":1.8292682926829267,"total":164.0},"OBE":{"raw":3.0,"perc":1.8292682926829267,"total":164.0},"Devices":{"raw":1.0,"perc":0.6097560975609756,"total":164.0},"Devices - Mind Machine":{"raw":1.0,"perc":0.6097560975609756,"total":164.0},"Conferences":{"raw":2.0,"perc":1.2195121951219512,"total":164.0},"Fasting":{"raw":8.0,"perc":4.8780487804878048,"total":164.0},"Nitrogen Narcosis":{"raw":1.0,"perc":0.6097560975609756,"total":164.0},"Humor":{"raw":1.0,"perc":0.6097560975609756,"total":164.0}},"Sex Discussion":{"Ritual":{"raw":4.0,"perc":19.047619047619047,"total":21.0},"Yoga / Bodywork":{"raw":2.0,"perc":9.5238095238095237,"total":21.0},"Dreams":{"raw":6.0,"perc":28.571428571428569,"total":21.0},"Sleep Deprivation":{"raw":2.0,"perc":9.5238095238095237,"total":21.0},"OBE":{"raw":2.0,"perc":9.5238095238095237,"total":21.0},"Meditation":{"raw":3.0,"perc":14.285714285714285,"total":21.0},"Breathing":{"raw":1.0,"perc":4.7619047619047619,"total":21.0},"Sweating":{"raw":1.0,"perc":4.7619047619047619,"total":21.0}},"Glowing Experiences":{"Ritual":{"raw":9.0,"perc":6.4748201438848918,"total":139.0},"Police / Customs":{"raw":6.0,"perc":4.3165467625899279,"total":139.0},"Yoga / Bodywork":{"raw":18.0,"perc":12.949640287769784,"total":139.0},"Dreams":{"raw":28.0,"perc":20.14388489208633,"total":139.0},"Meditation":{"raw":31.0,"perc":22.302158273381295,"total":139.0},"Endogenous":{"raw":2.0,"perc":1.4388489208633095,"total":139.0},"Guiding":{"raw":2.0,"perc":1.4388489208633095,"total":139.0},"Devices":{"raw":8.0,"perc":5.755395683453238,"total":139.0},"Devices - Mind Machine":{"raw":5.0,"perc":3.5971223021582732,"total":139.0},"Sleep Deprivation":{"raw":2.0,"perc":1.4388489208633095,"total":139.0},"Breathing":{"raw":5.0,"perc":3.5971223021582732,"total":139.0},"Hyperventilation":{"raw":1.0,"perc":0.71942446043165476,"total":139.0},"Fasting":{"raw":1.0,"perc":0.71942446043165476,"total":139.0},"OBE":{"raw":10.0,"perc":7.1942446043165464,"total":139.0},"Migraines":{"raw":1.0,"perc":0.71942446043165476,"total":139.0},"Sweating":{"raw":1.0,"perc":0.71942446043165476,"total":139.0},"Conferences":{"raw":2.0,"perc":1.4388489208633095,"total":139.0},"Humor":{"raw":1.0,"perc":0.71942446043165476,"total":139.0},"Mindfulness":{"raw":5.0,"perc":3.5971223021582732,"total":139.0},"Music":{"raw":1.0,"perc":0.71942446043165476,"total":139.0}},"Mystical Experiences":{"Ritual":{"raw":17.0,"perc":16.037735849056602,"total":106.0},"Dreams":{"raw":8.0,"perc":7.5471698113207548,"total":106.0},"Yoga / Bodywork":{"raw":10.0,"perc":9.433962264150944,"total":106.0},"Breathing":{"raw":4.0,"perc":3.7735849056603774,"total":106.0},"Hyperventilation":{"raw":2.0,"perc":1.8867924528301887,"total":106.0},"Meditation":{"raw":18.0,"perc":16.9811320754717,"total":106.0},"OBE":{"raw":13.0,"perc":12.264150943396226,"total":106.0},"Guiding":{"raw":1.0,"perc":0.94339622641509435,"total":106.0},"Sleep Deprivation":{"raw":4.0,"perc":3.7735849056603774,"total":106.0},"Devices":{"raw":5.0,"perc":4.716981132075472,"total":106.0},"Devices - Mind Machine":{"raw":4.0,"perc":3.7735849056603774,"total":106.0},"Fasting":{"raw":5.0,"perc":4.716981132075472,"total":106.0},"Chanting":{"raw":1.0,"perc":0.94339622641509435,"total":106.0},"Conferences":{"raw":1.0,"perc":0.94339622641509435,"total":106.0},"Migraines":{"raw":1.0,"perc":0.94339622641509435,"total":106.0},"Endogenous":{"raw":3.0,"perc":2.8301886792452833,"total":106.0},"Police / Customs":{"raw":2.0,"perc":1.8867924528301887,"total":106.0},"Music":{"raw":1.0,"perc":0.94339622641509435,"total":106.0},"Humor":{"raw":1.0,"perc":0.94339622641509435,"total":106.0},"Mindfulness":{"raw":5.0,"perc":4.716981132075472,"total":106.0}},"Multi-Day Experience":{"Ritual":{"raw":1.0,"perc":2.0,"total":50.0},"Endogenous":{"raw":2.0,"perc":4.0,"total":50.0},"Sleep Deprivation":{"raw":22.0,"perc":44.0,"total":50.0},"Yoga / Bodywork":{"raw":1.0,"perc":2.0,"total":50.0},"Police / Customs":{"raw":3.0,"perc":6.0,"total":50.0},"Meditation":{"raw":4.0,"perc":8.0,"total":50.0},"Fasting":{"raw":5.0,"perc":10.0,"total":50.0},"Dreams":{"raw":5.0,"perc":10.0,"total":50.0},"Drug Testing":{"raw":3.0,"perc":6.0,"total":50.0},"Humor":{"raw":2.0,"perc":4.0,"total":50.0},"OBE":{"raw":2.0,"perc":4.0,"total":50.0}},"Depression":{"Migraines":{"raw":3.0,"perc":11.111111111111111,"total":27.0},"Endogenous":{"raw":3.0,"perc":11.111111111111111,"total":27.0},"Drug Testing":{"raw":1.0,"perc":3.7037037037037033,"total":27.0},"Meditation":{"raw":1.0,"perc":3.7037037037037033,"total":27.0},"Sleep Deprivation":{"raw":1.0,"perc":3.7037037037037033,"total":27.0},"Mindfulness":{"raw":2.0,"perc":7.4074074074074066,"total":27.0},"OBE":{"raw":2.0,"perc":7.4074074074074066,"total":27.0},"Police / Customs":{"raw":4.0,"perc":14.814814814814813,"total":27.0},"Ritual":{"raw":1.0,"perc":3.7037037037037033,"total":27.0},"Sweating":{"raw":1.0,"perc":3.7037037037037033,"total":27.0},"Dreams":{"raw":6.0,"perc":22.222222222222221,"total":27.0},"Yoga / Bodywork":{"raw":1.0,"perc":3.7037037037037033,"total":27.0},"Breathing":{"raw":1.0,"perc":3.7037037037037033,"total":27.0}},"Post Trip Problems":{"Migraines":{"raw":4.0,"perc":8.16326530612245,"total":49.0},"Drug Testing":{"raw":7.0,"perc":14.285714285714285,"total":49.0},"Dreams":{"raw":6.0,"perc":12.244897959183673,"total":49.0},"Endogenous":{"raw":3.0,"perc":6.1224489795918364,"total":49.0},"Police / Customs":{"raw":16.0,"perc":32.6530612244898,"total":49.0},"OBE":{"raw":3.0,"perc":6.1224489795918364,"total":49.0},"Breathing":{"raw":2.0,"perc":4.0816326530612246,"total":49.0},"Hyperventilation":{"raw":1.0,"perc":2.0408163265306123,"total":49.0},"Conferences":{"raw":1.0,"perc":2.0408163265306123,"total":49.0},"Meditation":{"raw":2.0,"perc":4.0816326530612246,"total":49.0},"Fasting":{"raw":1.0,"perc":2.0408163265306123,"total":49.0},"Sleep Deprivation":{"raw":2.0,"perc":4.0816326530612246,"total":49.0},"Yoga / Bodywork":{"raw":1.0,"perc":2.0408163265306123,"total":49.0}},"First Times":{"Dreams":{"raw":36.0,"perc":28.571428571428569,"total":126.0},"Endogenous":{"raw":5.0,"perc":3.9682539682539679,"total":126.0},"Police / Customs":{"raw":13.0,"perc":10.317460317460316,"total":126.0},"Ritual":{"raw":9.0,"perc":7.1428571428571423,"total":126.0},"OBE":{"raw":8.0,"perc":6.3492063492063489,"total":126.0},"Sleep Deprivation":{"raw":6.0,"perc":4.7619047619047619,"total":126.0},"Devices":{"raw":7.0,"perc":5.5555555555555554,"total":126.0},"Devices - Mind Machine":{"raw":2.0,"perc":1.5873015873015872,"total":126.0},"Devices - Magnetic":{"raw":2.0,"perc":1.5873015873015872,"total":126.0},"Sweating":{"raw":4.0,"perc":3.1746031746031744,"total":126.0},"Meditation":{"raw":12.0,"perc":9.5238095238095237,"total":126.0},"Breathing":{"raw":4.0,"perc":3.1746031746031744,"total":126.0},"Hyperventilation":{"raw":3.0,"perc":2.3809523809523809,"total":126.0},"Guiding":{"raw":1.0,"perc":0.79365079365079361,"total":126.0},"Yoga / Bodywork":{"raw":6.0,"perc":4.7619047619047619,"total":126.0},"Nitrogen Narcosis":{"raw":2.0,"perc":1.5873015873015872,"total":126.0},"Floatation Tank":{"raw":3.0,"perc":2.3809523809523809,"total":126.0},"Mindfulness":{"raw":2.0,"perc":1.5873015873015872,"total":126.0},"Fasting":{"raw":1.0,"perc":0.79365079365079361,"total":126.0}},"Preparation / Recipes":{"Dreams":{"raw":7.0,"perc":25.925925925925924,"total":27.0},"Ritual":{"raw":3.0,"perc":11.111111111111111,"total":27.0},"Yoga / Bodywork":{"raw":1.0,"perc":3.7037037037037033,"total":27.0},"Police / Customs":{"raw":4.0,"perc":14.814814814814813,"total":27.0},"Meditation":{"raw":2.0,"perc":7.4074074074074066,"total":27.0},"Drug Testing":{"raw":4.0,"perc":14.814814814814813,"total":27.0},"Floatation Tank":{"raw":1.0,"perc":3.7037037037037033,"total":27.0},"Sweating":{"raw":2.0,"perc":7.4074074074074066,"total":27.0},"Breathing":{"raw":1.0,"perc":3.7037037037037033,"total":27.0},"Sleep Deprivation":{"raw":1.0,"perc":3.7037037037037033,"total":27.0},"Mindfulness":{"raw":1.0,"perc":3.7037037037037033,"total":27.0}},"Health Benefits":{"Sleep Deprivation":{"raw":2.0,"perc":4.5454545454545459,"total":44.0},"Fasting":{"raw":3.0,"perc":6.8181818181818175,"total":44.0},"Floatation Tank":{"raw":1.0,"perc":2.2727272727272729,"total":44.0},"Meditation":{"raw":7.0,"perc":15.909090909090908,"total":44.0},"Migraines":{"raw":12.0,"perc":27.27272727272727,"total":44.0},"Police / Customs":{"raw":1.0,"perc":2.2727272727272729,"total":44.0},"Mindfulness":{"raw":2.0,"perc":4.5454545454545459,"total":44.0},"Ritual":{"raw":1.0,"perc":2.2727272727272729,"total":44.0},"Dreams":{"raw":7.0,"perc":15.909090909090908,"total":44.0},"Devices":{"raw":2.0,"perc":4.5454545454545459,"total":44.0},"Devices - Mind Machine":{"raw":2.0,"perc":4.5454545454545459,"total":44.0},"Yoga / Bodywork":{"raw":2.0,"perc":4.5454545454545459,"total":44.0},"Breathing":{"raw":1.0,"perc":2.2727272727272729,"total":44.0},"Sweating":{"raw":1.0,"perc":2.2727272727272729,"total":44.0}},"Nature / Outdoors":{"Nitrogen Narcosis":{"raw":1.0,"perc":3.5714285714285712,"total":28.0},"OBE":{"raw":1.0,"perc":3.5714285714285712,"total":28.0},"Police / Customs":{"raw":3.0,"perc":10.714285714285714,"total":28.0},"Conferences":{"raw":1.0,"perc":3.5714285714285712,"total":28.0},"Guiding":{"raw":2.0,"perc":7.1428571428571423,"total":28.0},"Ritual":{"raw":3.0,"perc":10.714285714285714,"total":28.0},"Fasting":{"raw":2.0,"perc":7.1428571428571423,"total":28.0},"Humor":{"raw":1.0,"perc":3.5714285714285712,"total":28.0},"Yoga / Bodywork":{"raw":3.0,"perc":10.714285714285714,"total":28.0},"Dreams":{"raw":2.0,"perc":7.1428571428571423,"total":28.0},"Mindfulness":{"raw":3.0,"perc":10.714285714285714,"total":28.0},"Meditation":{"raw":4.0,"perc":14.285714285714285,"total":28.0},"Breathing":{"raw":1.0,"perc":3.5714285714285712,"total":28.0},"Music":{"raw":1.0,"perc":3.5714285714285712,"total":28.0}},"Music Discussion":{"Sleep Deprivation":{"raw":4.0,"perc":11.428571428571429,"total":35.0},"Yoga / Bodywork":{"raw":5.0,"perc":14.285714285714285,"total":35.0},"Devices":{"raw":4.0,"perc":11.428571428571429,"total":35.0},"Devices - Mind Machine":{"raw":2.0,"perc":5.7142857142857144,"total":35.0},"Police / Customs":{"raw":6.0,"perc":17.142857142857142,"total":35.0},"Meditation":{"raw":7.0,"perc":20.0,"total":35.0},"Mindfulness":{"raw":1.0,"perc":2.8571428571428572,"total":35.0},"Ritual":{"raw":3.0,"perc":8.5714285714285712,"total":35.0},"Migraines":{"raw":1.0,"perc":2.8571428571428572,"total":35.0},"OBE":{"raw":1.0,"perc":2.8571428571428572,"total":35.0},"Dreams":{"raw":1.0,"perc":2.8571428571428572,"total":35.0}},"Personal Preparation":{"Ritual":{"raw":5.0,"perc":26.315789473684209,"total":19.0},"Drug Testing":{"raw":1.0,"perc":5.2631578947368416,"total":19.0},"Meditation":{"raw":5.0,"perc":26.315789473684209,"total":19.0},"Fasting":{"raw":4.0,"perc":21.052631578947366,"total":19.0},"OBE":{"raw":1.0,"perc":5.2631578947368416,"total":19.0},"Police / Customs":{"raw":1.0,"perc":5.2631578947368416,"total":19.0},"Mindfulness":{"raw":2.0,"perc":10.526315789473683,"total":19.0}},"Entities / Beings":{"Yoga / Bodywork":{"raw":5.0,"perc":5.4945054945054945,"total":91.0},"Sleep Deprivation":{"raw":3.0,"perc":3.296703296703297,"total":91.0},"Breathing":{"raw":2.0,"perc":2.197802197802198,"total":91.0},"Dreams":{"raw":20.0,"perc":21.978021978021978,"total":91.0},"Police / Customs":{"raw":8.0,"perc":8.791208791208792,"total":91.0},"OBE":{"raw":13.0,"perc":14.285714285714285,"total":91.0},"Fasting":{"raw":4.0,"perc":4.395604395604396,"total":91.0},"Conferences":{"raw":1.0,"perc":1.098901098901099,"total":91.0},"Meditation":{"raw":12.0,"perc":13.186813186813188,"total":91.0},"Ritual":{"raw":9.0,"perc":9.89010989010989,"total":91.0},"Sweating":{"raw":1.0,"perc":1.098901098901099,"total":91.0},"Devices":{"raw":2.0,"perc":2.197802197802198,"total":91.0},"Endogenous":{"raw":2.0,"perc":2.197802197802198,"total":91.0},"Migraines":{"raw":1.0,"perc":1.098901098901099,"total":91.0},"Nitrogen Narcosis":{"raw":1.0,"perc":1.098901098901099,"total":91.0},"Humor":{"raw":1.0,"perc":1.098901098901099,"total":91.0},"Mindfulness":{"raw":4.0,"perc":4.395604395604396,"total":91.0},"Devices - Mind Machine":{"raw":1.0,"perc":1.098901098901099,"total":91.0},"Chanting":{"raw":1.0,"perc":1.098901098901099,"total":91.0}},"HPPD / Lasting Visuals":{"Endogenous":{"raw":2.0,"perc":40.0,"total":5.0},"Sleep Deprivation":{"raw":2.0,"perc":40.0,"total":5.0},"Police / Customs":{"raw":1.0,"perc":20.0,"total":5.0}},"Overdose":{"Endogenous":{"raw":1.0,"perc":6.666666666666667,"total":15.0},"Police / Customs":{"raw":6.0,"perc":40.0,"total":15.0},"Dreams":{"raw":2.0,"perc":13.333333333333334,"total":15.0},"Drug Testing":{"raw":1.0,"perc":6.666666666666667,"total":15.0},"Conferences":{"raw":1.0,"perc":6.666666666666667,"total":15.0},"OBE":{"raw":2.0,"perc":13.333333333333334,"total":15.0},"Sleep Deprivation":{"raw":2.0,"perc":13.333333333333334,"total":15.0}},"Families":{"Breathing":{"raw":1.0,"perc":25.0,"total":4.0},"Hyperventilation":{"raw":1.0,"perc":25.0,"total":4.0},"Yoga / Bodywork":{"raw":1.0,"perc":25.0,"total":4.0},"Police / Customs":{"raw":1.0,"perc":25.0,"total":4.0}},"Guides / Sitters":{"Breathing":{"raw":1.0,"perc":3.125,"total":32.0},"Hyperventilation":{"raw":1.0,"perc":3.125,"total":32.0},"Guiding":{"raw":3.0,"perc":9.375,"total":32.0},"OBE":{"raw":3.0,"perc":9.375,"total":32.0},"Meditation":{"raw":4.0,"perc":12.5,"total":32.0},"Dreams":{"raw":1.0,"perc":3.125,"total":32.0},"Ritual":{"raw":10.0,"perc":31.25,"total":32.0},"Conferences":{"raw":1.0,"perc":3.125,"total":32.0},"Yoga / Bodywork":{"raw":2.0,"perc":6.25,"total":32.0},"Sleep Deprivation":{"raw":2.0,"perc":6.25,"total":32.0},"Mindfulness":{"raw":1.0,"perc":3.125,"total":32.0},"Endogenous":{"raw":1.0,"perc":3.125,"total":32.0},"Police / Customs":{"raw":2.0,"perc":6.25,"total":32.0}},"Medical Use":{"Migraines":{"raw":8.0,"perc":26.666666666666668,"total":30.0},"Dreams":{"raw":11.0,"perc":36.666666666666664,"total":30.0},"Sleep Deprivation":{"raw":1.0,"perc":3.3333333333333335,"total":30.0},"OBE":{"raw":1.0,"perc":3.3333333333333335,"total":30.0},"Drug Testing":{"raw":5.0,"perc":16.666666666666664,"total":30.0},"Endogenous":{"raw":3.0,"perc":10.0,"total":30.0},"Breathing":{"raw":1.0,"perc":3.3333333333333335,"total":30.0}},"Second Hand Report":{"Drug Testing":{"raw":3.0,"perc":16.666666666666664,"total":18.0},"Police / Customs":{"raw":8.0,"perc":44.444444444444443,"total":18.0},"Migraines":{"raw":1.0,"perc":5.5555555555555554,"total":18.0},"OBE":{"raw":1.0,"perc":5.5555555555555554,"total":18.0},"Meditation":{"raw":1.0,"perc":5.5555555555555554,"total":18.0},"Dreams":{"raw":2.0,"perc":11.111111111111111,"total":18.0},"Endogenous":{"raw":1.0,"perc":5.5555555555555554,"total":18.0},"Conferences":{"raw":1.0,"perc":5.5555555555555554,"total":18.0}},"Relationships":{"Ritual":{"raw":3.0,"perc":13.636363636363635,"total":22.0},"Yoga / Bodywork":{"raw":1.0,"perc":4.5454545454545459,"total":22.0},"Dreams":{"raw":1.0,"perc":4.5454545454545459,"total":22.0},"Devices":{"raw":2.0,"perc":9.0909090909090917,"total":22.0},"Devices - Mind Machine":{"raw":1.0,"perc":4.5454545454545459,"total":22.0},"Migraines":{"raw":1.0,"perc":4.5454545454545459,"total":22.0},"Meditation":{"raw":4.0,"perc":18.181818181818183,"total":22.0},"Fasting":{"raw":1.0,"perc":4.5454545454545459,"total":22.0},"Police / Customs":{"raw":3.0,"perc":13.636363636363635,"total":22.0},"Sleep Deprivation":{"raw":1.0,"perc":4.5454545454545459,"total":22.0},"Mindfulness":{"raw":3.0,"perc":13.636363636363635,"total":22.0},"OBE":{"raw":1.0,"perc":4.5454545454545459,"total":22.0}},"Hangover / Days After":{"Dreams":{"raw":7.0,"perc":17.073170731707318,"total":41.0},"Sleep Deprivation":{"raw":9.0,"perc":21.951219512195124,"total":41.0},"Yoga / Bodywork":{"raw":1.0,"perc":2.4390243902439024,"total":41.0},"Migraines":{"raw":3.0,"perc":7.3170731707317067,"total":41.0},"Meditation":{"raw":3.0,"perc":7.3170731707317067,"total":41.0},"OBE":{"raw":4.0,"perc":9.75609756097561,"total":41.0},"Police / Customs":{"raw":8.0,"perc":19.512195121951219,"total":41.0},"Conferences":{"raw":1.0,"perc":2.4390243902439024,"total":41.0},"Music":{"raw":1.0,"perc":2.4390243902439024,"total":41.0},"Floatation Tank":{"raw":1.0,"perc":2.4390243902439024,"total":41.0},"Endogenous":{"raw":2.0,"perc":4.8780487804878048,"total":41.0},"Sound (non-music)":{"raw":1.0,"perc":2.4390243902439024,"total":41.0}},"Loss of Magic":{"Sleep Deprivation":{"raw":2.0,"perc":66.666666666666657,"total":3.0},"Meditation":{"raw":1.0,"perc":33.333333333333329,"total":3.0}},"Therapeutic Intent or Outcome":{"Meditation":{"raw":5.0,"perc":17.857142857142858,"total":28.0},"Humor":{"raw":1.0,"perc":3.5714285714285712,"total":28.0},"Endogenous":{"raw":1.0,"perc":3.5714285714285712,"total":28.0},"Yoga / Bodywork":{"raw":2.0,"perc":7.1428571428571423,"total":28.0},"Music":{"raw":1.0,"perc":3.5714285714285712,"total":28.0},"Ritual":{"raw":6.0,"perc":21.428571428571427,"total":28.0},"Breathing":{"raw":1.0,"perc":3.5714285714285712,"total":28.0},"Dreams":{"raw":6.0,"perc":21.428571428571427,"total":28.0},"Police / Customs":{"raw":1.0,"perc":3.5714285714285712,"total":28.0},"Migraines":{"raw":1.0,"perc":3.5714285714285712,"total":28.0},"Mindfulness":{"raw":2.0,"perc":7.1428571428571423,"total":28.0},"Fasting":{"raw":1.0,"perc":3.5714285714285712,"total":28.0}},"Poetry":{"Conferences":{"raw":1.0,"perc":50.0,"total":2.0},"Meditation":{"raw":1.0,"perc":50.0,"total":2.0}},"What Was in That?":{"Sleep Deprivation":{"raw":1.0,"perc":20.0,"total":5.0},"Music":{"raw":1.0,"perc":20.0,"total":5.0},"OBE":{"raw":1.0,"perc":20.0,"total":5.0},"Migraines":{"raw":1.0,"perc":20.0,"total":5.0},"Meditation":{"raw":1.0,"perc":20.0,"total":5.0}},"Performance Enhancement":{"Humor":{"raw":1.0,"perc":16.666666666666664,"total":6.0},"Sleep Deprivation":{"raw":3.0,"perc":50.0,"total":6.0},"Yoga / Bodywork":{"raw":1.0,"perc":16.666666666666664,"total":6.0},"Police / Customs":{"raw":1.0,"perc":16.666666666666664,"total":6.0}}}