{"General":{"Drug Testing":{"Not-Specified":{"raw":9.0,"perc":7.43801652892562,"total":121.0},"Male":{"raw":94.0,"perc":77.685950413223139,"total":121.0},"Female":{"raw":18.0,"perc":14.87603305785124,"total":121.0}},"Sleep Deprivation":{"Not-Specified":{"raw":1.0,"perc":3.4482758620689653,"total":29.0},"Male":{"raw":25.0,"perc":86.206896551724128,"total":29.0},"Female":{"raw":3.0,"perc":10.344827586206897,"total":29.0}},"OBE":{"Not-Specified":{"raw":3.0,"perc":13.636363636363635,"total":22.0},"Male":{"raw":17.0,"perc":77.272727272727266,"total":22.0},"Female":{"raw":2.0,"perc":9.0909090909090917,"total":22.0}},"Dreams":{"Male":{"raw":89.0,"perc":81.651376146788991,"total":109.0},"Not-Specified":{"raw":10.0,"perc":9.1743119266055047,"total":109.0},"Female":{"raw":10.0,"perc":9.1743119266055047,"total":109.0}},"Police / Customs":{"Male":{"raw":34.0,"perc":91.8918918918919,"total":37.0},"Female":{"raw":3.0,"perc":8.1081081081081088,"total":37.0}},"Meditation":{"Male":{"raw":32.0,"perc":88.888888888888886,"total":36.0},"Female":{"raw":1.0,"perc":2.7777777777777777,"total":36.0},"Not-Specified":{"raw":3.0,"perc":8.3333333333333321,"total":36.0}},"Endogenous":{"Male":{"raw":7.0,"perc":77.777777777777786,"total":9.0},"Female":{"raw":2.0,"perc":22.222222222222221,"total":9.0}},"Breathing":{"Male":{"raw":10.0,"perc":100.0,"total":10.0}},"Hyperventilation":{"Male":{"raw":5.0,"perc":100.0,"total":5.0}},"Floatation Tank":{"Male":{"raw":3.0,"perc":100.0,"total":3.0}},"Fasting":{"Male":{"raw":8.0,"perc":88.888888888888886,"total":9.0},"Female":{"raw":1.0,"perc":11.111111111111111,"total":9.0}},"Nitrogen Narcosis":{"Male":{"raw":5.0,"perc":100.0,"total":5.0}},"Yoga / Bodywork":{"Male":{"raw":11.0,"perc":61.111111111111114,"total":18.0},"Female":{"raw":6.0,"perc":33.333333333333329,"total":18.0},"Not-Specified":{"raw":1.0,"perc":5.5555555555555554,"total":18.0}},"Ritual":{"Male":{"raw":6.0,"perc":75.0,"total":8.0},"Female":{"raw":2.0,"perc":25.0,"total":8.0}},"Devices":{"Male":{"raw":7.0,"perc":70.0,"total":10.0},"Female":{"raw":3.0,"perc":30.0,"total":10.0}},"Devices - Mind Machine":{"Male":{"raw":4.0,"perc":66.666666666666657,"total":6.0},"Female":{"raw":2.0,"perc":33.333333333333329,"total":6.0}},"Sweating":{"Male":{"raw":3.0,"perc":75.0,"total":4.0},"Female":{"raw":1.0,"perc":25.0,"total":4.0}},"Conferences":{"Male":{"raw":3.0,"perc":23.076923076923077,"total":13.0},"Female":{"raw":1.0,"perc":7.6923076923076925,"total":13.0},"Not-Specified":{"raw":9.0,"perc":69.230769230769226,"total":13.0}},"Mindfulness":{"Male":{"raw":2.0,"perc":50.0,"total":4.0},"Female":{"raw":2.0,"perc":50.0,"total":4.0}},"Migraines":{"Male":{"raw":1.0,"perc":100.0,"total":1.0}},"Humor":{"Male":{"raw":3.0,"perc":100.0,"total":3.0}},"Guiding":{"Male":{"raw":1.0,"perc":100.0,"total":1.0}},"Music":{"Male":{"raw":3.0,"perc":100.0,"total":3.0}}},"Difficult Experiences":{"Sleep Deprivation":{"Male":{"raw":11.0,"perc":73.333333333333329,"total":15.0},"Not-Specified":{"raw":3.0,"perc":20.0,"total":15.0},"Female":{"raw":1.0,"perc":6.666666666666667,"total":15.0}},"Ritual":{"Male":{"raw":4.0,"perc":100.0,"total":4.0}},"Dreams":{"Male":{"raw":6.0,"perc":50.0,"total":12.0},"Female":{"raw":5.0,"perc":41.666666666666671,"total":12.0},"Not-Specified":{"raw":1.0,"perc":8.3333333333333321,"total":12.0}},"Endogenous":{"Not-Specified":{"raw":1.0,"perc":20.0,"total":5.0},"Male":{"raw":4.0,"perc":80.0,"total":5.0}},"Police / Customs":{"Male":{"raw":21.0,"perc":87.5,"total":24.0},"Female":{"raw":3.0,"perc":12.5,"total":24.0}},"OBE":{"Male":{"raw":8.0,"perc":72.727272727272734,"total":11.0},"Female":{"raw":2.0,"perc":18.181818181818183,"total":11.0},"Not-Specified":{"raw":1.0,"perc":9.0909090909090917,"total":11.0}},"Devices":{"Male":{"raw":1.0,"perc":100.0,"total":1.0}},"Devices - Mind Machine":{"Male":{"raw":1.0,"perc":100.0,"total":1.0}},"Fasting":{"Male":{"raw":3.0,"perc":100.0,"total":3.0}},"Drug Testing":{"Male":{"raw":2.0,"perc":100.0,"total":2.0}},"Chanting":{"Male":{"raw":1.0,"perc":100.0,"total":1.0}},"Migraines":{"Male":{"raw":1.0,"perc":100.0,"total":1.0}},"Nitrogen Narcosis":{"Male":{"raw":1.0,"perc":100.0,"total":1.0}},"Meditation":{"Male":{"raw":4.0,"perc":100.0,"total":4.0}},"Humor":{"Male":{"raw":2.0,"perc":100.0,"total":2.0}},"Sound (non-music)":{"Male":{"raw":1.0,"perc":100.0,"total":1.0}},"Conferences":{"Male":{"raw":1.0,"perc":100.0,"total":1.0}}},"Health Problems":{"Sleep Deprivation":{"Male":{"raw":6.0,"perc":66.666666666666657,"total":9.0},"Female":{"raw":2.0,"perc":22.222222222222221,"total":9.0},"Not-Specified":{"raw":1.0,"perc":11.111111111111111,"total":9.0}},"Endogenous":{"Not-Specified":{"raw":2.0,"perc":25.0,"total":8.0},"Male":{"raw":6.0,"perc":75.0,"total":8.0}},"Migraines":{"Female":{"raw":1.0,"perc":16.666666666666664,"total":6.0},"Male":{"raw":5.0,"perc":83.333333333333343,"total":6.0}},"Floatation Tank":{"Male":{"raw":1.0,"perc":100.0,"total":1.0}},"Dreams":{"Male":{"raw":4.0,"perc":100.0,"total":4.0}},"Drug Testing":{"Male":{"raw":2.0,"perc":66.666666666666657,"total":3.0},"Female":{"raw":1.0,"perc":33.333333333333329,"total":3.0}},"Police / Customs":{"Male":{"raw":4.0,"perc":100.0,"total":4.0}},"Breathing":{"Male":{"raw":3.0,"perc":100.0,"total":3.0}},"Hyperventilation":{"Male":{"raw":2.0,"perc":100.0,"total":2.0}},"Meditation":{"Male":{"raw":2.0,"perc":100.0,"total":2.0}},"Yoga / Bodywork":{"Female":{"raw":1.0,"perc":100.0,"total":1.0}},"Conferences":{"Female":{"raw":1.0,"perc":100.0,"total":1.0}},"OBE":{"Female":{"raw":1.0,"perc":100.0,"total":1.0}},"Humor":{"Male":{"raw":1.0,"perc":100.0,"total":1.0}}},"Bad Trips":{"Endogenous":{"Not-Specified":{"raw":1.0,"perc":25.0,"total":4.0},"Male":{"raw":3.0,"perc":75.0,"total":4.0}},"Police / Customs":{"Male":{"raw":13.0,"perc":86.666666666666671,"total":15.0},"Female":{"raw":2.0,"perc":13.333333333333334,"total":15.0}},"Meditation":{"Male":{"raw":1.0,"perc":100.0,"total":1.0}},"Sleep Deprivation":{"Male":{"raw":3.0,"perc":75.0,"total":4.0},"Female":{"raw":1.0,"perc":25.0,"total":4.0}},"Drug Testing":{"Male":{"raw":2.0,"perc":66.666666666666657,"total":3.0},"Female":{"raw":1.0,"perc":33.333333333333329,"total":3.0}},"OBE":{"Male":{"raw":1.0,"perc":100.0,"total":1.0}},"Humor":{"Male":{"raw":1.0,"perc":100.0,"total":1.0}}},"Retrospective / Summary":{"Drug Testing":{"Not-Specified":{"raw":3.0,"perc":25.0,"total":12.0},"Male":{"raw":8.0,"perc":66.666666666666657,"total":12.0},"Female":{"raw":1.0,"perc":8.3333333333333321,"total":12.0}},"Meditation":{"Male":{"raw":25.0,"perc":83.333333333333343,"total":30.0},"Not-Specified":{"raw":3.0,"perc":10.0,"total":30.0},"Female":{"raw":2.0,"perc":6.666666666666667,"total":30.0}},"Migraines":{"Female":{"raw":2.0,"perc":33.333333333333329,"total":6.0},"Male":{"raw":4.0,"perc":66.666666666666657,"total":6.0}},"Police / Customs":{"Male":{"raw":11.0,"perc":84.615384615384613,"total":13.0},"Female":{"raw":2.0,"perc":15.384615384615385,"total":13.0}},"Sleep Deprivation":{"Male":{"raw":5.0,"perc":83.333333333333343,"total":6.0},"Female":{"raw":1.0,"perc":16.666666666666664,"total":6.0}},"Dreams":{"Male":{"raw":48.0,"perc":88.888888888888886,"total":54.0},"Not-Specified":{"raw":4.0,"perc":7.4074074074074066,"total":54.0},"Female":{"raw":2.0,"perc":3.7037037037037033,"total":54.0}},"Guiding":{"Male":{"raw":2.0,"perc":100.0,"total":2.0}},"Ritual":{"Male":{"raw":5.0,"perc":83.333333333333343,"total":6.0},"Female":{"raw":1.0,"perc":16.666666666666664,"total":6.0}},"Endogenous":{"Male":{"raw":4.0,"perc":100.0,"total":4.0}},"Yoga / Bodywork":{"Male":{"raw":4.0,"perc":66.666666666666657,"total":6.0},"Not-Specified":{"raw":1.0,"perc":16.666666666666664,"total":6.0},"Female":{"raw":1.0,"perc":16.666666666666664,"total":6.0}},"Mindfulness":{"Male":{"raw":2.0,"perc":66.666666666666657,"total":3.0},"Female":{"raw":1.0,"perc":33.333333333333329,"total":3.0}},"Sweating":{"Male":{"raw":2.0,"perc":100.0,"total":2.0}},"Breathing":{"Male":{"raw":3.0,"perc":100.0,"total":3.0}},"OBE":{"Male":{"raw":3.0,"perc":100.0,"total":3.0}},"Devices":{"Male":{"raw":1.0,"perc":100.0,"total":1.0}},"Devices - Mind Machine":{"Male":{"raw":1.0,"perc":100.0,"total":1.0}},"Conferences":{"Male":{"raw":1.0,"perc":50.0,"total":2.0},"Female":{"raw":1.0,"perc":50.0,"total":2.0}},"Fasting":{"Male":{"raw":6.0,"perc":75.0,"total":8.0},"Female":{"raw":1.0,"perc":12.5,"total":8.0},"Not-Specified":{"raw":1.0,"perc":12.5,"total":8.0}},"Nitrogen Narcosis":{"Male":{"raw":1.0,"perc":100.0,"total":1.0}},"Humor":{"Male":{"raw":1.0,"perc":100.0,"total":1.0}}},"Sex Discussion":{"Ritual":{"Male":{"raw":4.0,"perc":100.0,"total":4.0}},"Yoga / Bodywork":{"Male":{"raw":1.0,"perc":50.0,"total":2.0},"Female":{"raw":1.0,"perc":50.0,"total":2.0}},"Dreams":{"Male":{"raw":4.0,"perc":66.666666666666657,"total":6.0},"Not-Specified":{"raw":1.0,"perc":16.666666666666664,"total":6.0},"Female":{"raw":1.0,"perc":16.666666666666664,"total":6.0}},"Sleep Deprivation":{"Male":{"raw":1.0,"perc":50.0,"total":2.0},"Female":{"raw":1.0,"perc":50.0,"total":2.0}},"OBE":{"Male":{"raw":2.0,"perc":100.0,"total":2.0}},"Meditation":{"Female":{"raw":1.0,"perc":33.333333333333329,"total":3.0},"Male":{"raw":2.0,"perc":66.666666666666657,"total":3.0}},"Breathing":{"Female":{"raw":1.0,"perc":100.0,"total":1.0}},"Sweating":{"Male":{"raw":1.0,"perc":100.0,"total":1.0}}},"Glowing Experiences":{"Ritual":{"Male":{"raw":7.0,"perc":77.777777777777786,"total":9.0},"Female":{"raw":2.0,"perc":22.222222222222221,"total":9.0}},"Police / Customs":{"Male":{"raw":5.0,"perc":83.333333333333343,"total":6.0},"Female":{"raw":1.0,"perc":16.666666666666664,"total":6.0}},"Yoga / Bodywork":{"Male":{"raw":14.0,"perc":77.777777777777786,"total":18.0},"Female":{"raw":4.0,"perc":22.222222222222221,"total":18.0}},"Dreams":{"Not-Specified":{"raw":1.0,"perc":3.5714285714285712,"total":28.0},"Male":{"raw":24.0,"perc":85.714285714285708,"total":28.0},"Female":{"raw":3.0,"perc":10.714285714285714,"total":28.0}},"Meditation":{"Male":{"raw":24.0,"perc":77.41935483870968,"total":31.0},"Female":{"raw":5.0,"perc":16.129032258064516,"total":31.0},"Not-Specified":{"raw":2.0,"perc":6.4516129032258061,"total":31.0}},"Endogenous":{"Male":{"raw":2.0,"perc":100.0,"total":2.0}},"Guiding":{"Male":{"raw":2.0,"perc":100.0,"total":2.0}},"Devices":{"Male":{"raw":5.0,"perc":62.5,"total":8.0},"Female":{"raw":2.0,"perc":25.0,"total":8.0},"Not-Specified":{"raw":1.0,"perc":12.5,"total":8.0}},"Devices - Mind Machine":{"Male":{"raw":4.0,"perc":80.0,"total":5.0},"Female":{"raw":1.0,"perc":20.0,"total":5.0}},"Sleep Deprivation":{"Male":{"raw":2.0,"perc":100.0,"total":2.0}},"Breathing":{"Male":{"raw":4.0,"perc":80.0,"total":5.0},"Female":{"raw":1.0,"perc":20.0,"total":5.0}},"Hyperventilation":{"Male":{"raw":1.0,"perc":100.0,"total":1.0}},"Fasting":{"Not-Specified":{"raw":1.0,"perc":100.0,"total":1.0}},"OBE":{"Male":{"raw":10.0,"perc":100.0,"total":10.0}},"Migraines":{"Female":{"raw":1.0,"perc":100.0,"total":1.0}},"Sweating":{"Male":{"raw":1.0,"perc":100.0,"total":1.0}},"Conferences":{"Not-Specified":{"raw":1.0,"perc":50.0,"total":2.0},"Female":{"raw":1.0,"perc":50.0,"total":2.0}},"Humor":{"Male":{"raw":1.0,"perc":100.0,"total":1.0}},"Mindfulness":{"Male":{"raw":3.0,"perc":60.0,"total":5.0},"Female":{"raw":2.0,"perc":40.0,"total":5.0}},"Music":{"Male":{"raw":1.0,"perc":100.0,"total":1.0}}},"Mystical Experiences":{"Ritual":{"Male":{"raw":15.0,"perc":88.235294117647058,"total":17.0},"Female":{"raw":2.0,"perc":11.76470588235294,"total":17.0}},"Dreams":{"Male":{"raw":8.0,"perc":100.0,"total":8.0}},"Yoga / Bodywork":{"Male":{"raw":8.0,"perc":80.0,"total":10.0},"Not-Specified":{"raw":1.0,"perc":10.0,"total":10.0},"Female":{"raw":1.0,"perc":10.0,"total":10.0}},"Breathing":{"Not-Specified":{"raw":1.0,"perc":25.0,"total":4.0},"Male":{"raw":3.0,"perc":75.0,"total":4.0}},"Hyperventilation":{"Not-Specified":{"raw":1.0,"perc":50.0,"total":2.0},"Male":{"raw":1.0,"perc":50.0,"total":2.0}},"Meditation":{"Male":{"raw":14.0,"perc":77.777777777777786,"total":18.0},"Not-Specified":{"raw":3.0,"perc":16.666666666666664,"total":18.0},"Female":{"raw":1.0,"perc":5.5555555555555554,"total":18.0}},"OBE":{"Male":{"raw":13.0,"perc":100.0,"total":13.0}},"Guiding":{"Male":{"raw":1.0,"perc":100.0,"total":1.0}},"Sleep Deprivation":{"Male":{"raw":3.0,"perc":75.0,"total":4.0},"Not-Specified":{"raw":1.0,"perc":25.0,"total":4.0}},"Devices":{"Male":{"raw":4.0,"perc":80.0,"total":5.0},"Female":{"raw":1.0,"perc":20.0,"total":5.0}},"Devices - Mind Machine":{"Male":{"raw":3.0,"perc":75.0,"total":4.0},"Female":{"raw":1.0,"perc":25.0,"total":4.0}},"Fasting":{"Male":{"raw":5.0,"perc":100.0,"total":5.0}},"Chanting":{"Male":{"raw":1.0,"perc":100.0,"total":1.0}},"Conferences":{"Male":{"raw":1.0,"perc":100.0,"total":1.0}},"Migraines":{"Female":{"raw":1.0,"perc":100.0,"total":1.0}},"Endogenous":{"Male":{"raw":3.0,"perc":100.0,"total":3.0}},"Police / Customs":{"Male":{"raw":2.0,"perc":100.0,"total":2.0}},"Music":{"Male":{"raw":1.0,"perc":100.0,"total":1.0}},"Humor":{"Male":{"raw":1.0,"perc":100.0,"total":1.0}},"Mindfulness":{"Male":{"raw":4.0,"perc":80.0,"total":5.0},"Female":{"raw":1.0,"perc":20.0,"total":5.0}}},"Multi-Day Experience":{"Ritual":{"Male":{"raw":1.0,"perc":100.0,"total":1.0}},"Endogenous":{"Male":{"raw":2.0,"perc":100.0,"total":2.0}},"Sleep Deprivation":{"Male":{"raw":16.0,"perc":72.727272727272734,"total":22.0},"Female":{"raw":4.0,"perc":18.181818181818183,"total":22.0},"Not-Specified":{"raw":2.0,"perc":9.0909090909090917,"total":22.0}},"Yoga / Bodywork":{"Male":{"raw":1.0,"perc":100.0,"total":1.0}},"Police / Customs":{"Female":{"raw":2.0,"perc":66.666666666666657,"total":3.0},"Male":{"raw":1.0,"perc":33.333333333333329,"total":3.0}},"Meditation":{"Male":{"raw":4.0,"perc":100.0,"total":4.0}},"Fasting":{"Female":{"raw":1.0,"perc":20.0,"total":5.0},"Male":{"raw":3.0,"perc":60.0,"total":5.0},"Not-Specified":{"raw":1.0,"perc":20.0,"total":5.0}},"Dreams":{"Male":{"raw":4.0,"perc":80.0,"total":5.0},"Not-Specified":{"raw":1.0,"perc":20.0,"total":5.0}},"Drug Testing":{"Male":{"raw":3.0,"perc":100.0,"total":3.0}},"Humor":{"Male":{"raw":2.0,"perc":100.0,"total":2.0}},"OBE":{"Male":{"raw":2.0,"perc":100.0,"total":2.0}}},"Depression":{"Migraines":{"Female":{"raw":1.0,"perc":33.333333333333329,"total":3.0},"Male":{"raw":2.0,"perc":66.666666666666657,"total":3.0}},"Endogenous":{"Male":{"raw":3.0,"perc":100.0,"total":3.0}},"Drug Testing":{"Female":{"raw":1.0,"perc":100.0,"total":1.0}},"Meditation":{"Male":{"raw":1.0,"perc":100.0,"total":1.0}},"Sleep Deprivation":{"Male":{"raw":1.0,"perc":100.0,"total":1.0}},"Mindfulness":{"Male":{"raw":2.0,"perc":100.0,"total":2.0}},"OBE":{"Male":{"raw":2.0,"perc":100.0,"total":2.0}},"Police / Customs":{"Male":{"raw":3.0,"perc":75.0,"total":4.0},"Female":{"raw":1.0,"perc":25.0,"total":4.0}},"Ritual":{"Male":{"raw":1.0,"perc":100.0,"total":1.0}},"Sweating":{"Male":{"raw":1.0,"perc":100.0,"total":1.0}},"Dreams":{"Male":{"raw":6.0,"perc":100.0,"total":6.0}},"Yoga / Bodywork":{"Male":{"raw":1.0,"perc":100.0,"total":1.0}},"Breathing":{"Male":{"raw":1.0,"perc":100.0,"total":1.0}}},"Post Trip Problems":{"Migraines":{"Female":{"raw":1.0,"perc":25.0,"total":4.0},"Male":{"raw":3.0,"perc":75.0,"total":4.0}},"Drug Testing":{"Male":{"raw":5.0,"perc":71.428571428571431,"total":7.0},"Not-Specified":{"raw":2.0,"perc":28.571428571428569,"total":7.0}},"Dreams":{"Male":{"raw":5.0,"perc":83.333333333333343,"total":6.0},"Female":{"raw":1.0,"perc":16.666666666666664,"total":6.0}},"Endogenous":{"Male":{"raw":3.0,"perc":100.0,"total":3.0}},"Police / Customs":{"Male":{"raw":14.0,"perc":87.5,"total":16.0},"Female":{"raw":2.0,"perc":12.5,"total":16.0}},"OBE":{"Male":{"raw":2.0,"perc":66.666666666666657,"total":3.0},"Female":{"raw":1.0,"perc":33.333333333333329,"total":3.0}},"Breathing":{"Male":{"raw":2.0,"perc":100.0,"total":2.0}},"Hyperventilation":{"Male":{"raw":1.0,"perc":100.0,"total":1.0}},"Conferences":{"Male":{"raw":1.0,"perc":100.0,"total":1.0}},"Meditation":{"Male":{"raw":2.0,"perc":100.0,"total":2.0}},"Fasting":{"Male":{"raw":1.0,"perc":100.0,"total":1.0}},"Sleep Deprivation":{"Male":{"raw":1.0,"perc":50.0,"total":2.0},"Not-Specified":{"raw":1.0,"perc":50.0,"total":2.0}},"Yoga / Bodywork":{"Female":{"raw":1.0,"perc":100.0,"total":1.0}}},"First Times":{"Dreams":{"Male":{"raw":27.0,"perc":75.0,"total":36.0},"Not-Specified":{"raw":3.0,"perc":8.3333333333333321,"total":36.0},"Female":{"raw":6.0,"perc":16.666666666666664,"total":36.0}},"Endogenous":{"Male":{"raw":4.0,"perc":80.0,"total":5.0},"Not-Specified":{"raw":1.0,"perc":20.0,"total":5.0}},"Police / Customs":{"Male":{"raw":10.0,"perc":83.333333333333343,"total":12.0},"Female":{"raw":2.0,"perc":16.666666666666664,"total":12.0}},"Ritual":{"Female":{"raw":4.0,"perc":44.444444444444443,"total":9.0},"Male":{"raw":5.0,"perc":55.555555555555557,"total":9.0}},"OBE":{"Male":{"raw":7.0,"perc":87.5,"total":8.0},"Female":{"raw":1.0,"perc":12.5,"total":8.0}},"Sleep Deprivation":{"Male":{"raw":6.0,"perc":100.0,"total":6.0}},"Devices":{"Male":{"raw":6.0,"perc":85.714285714285708,"total":7.0},"Not-Specified":{"raw":1.0,"perc":14.285714285714285,"total":7.0}},"Devices - Mind Machine":{"Male":{"raw":2.0,"perc":100.0,"total":2.0}},"Devices - Magnetic":{"Male":{"raw":2.0,"perc":100.0,"total":2.0}},"Sweating":{"Male":{"raw":4.0,"perc":100.0,"total":4.0}},"Meditation":{"Male":{"raw":7.0,"perc":58.333333333333336,"total":12.0},"Female":{"raw":4.0,"perc":33.333333333333329,"total":12.0},"Not-Specified":{"raw":1.0,"perc":8.3333333333333321,"total":12.0}},"Breathing":{"Male":{"raw":3.0,"perc":75.0,"total":4.0},"Female":{"raw":1.0,"perc":25.0,"total":4.0}},"Hyperventilation":{"Male":{"raw":3.0,"perc":100.0,"total":3.0}},"Guiding":{"Female":{"raw":1.0,"perc":100.0,"total":1.0}},"Yoga / Bodywork":{"Male":{"raw":4.0,"perc":66.666666666666657,"total":6.0},"Female":{"raw":2.0,"perc":33.333333333333329,"total":6.0}},"Nitrogen Narcosis":{"Male":{"raw":2.0,"perc":100.0,"total":2.0}},"Floatation Tank":{"Not-Specified":{"raw":1.0,"perc":33.333333333333329,"total":3.0},"Male":{"raw":1.0,"perc":33.333333333333329,"total":3.0},"Female":{"raw":1.0,"perc":33.333333333333329,"total":3.0}},"Mindfulness":{"Male":{"raw":2.0,"perc":100.0,"total":2.0}},"Fasting":{"Male":{"raw":1.0,"perc":100.0,"total":1.0}}},"Preparation / Recipes":{"Dreams":{"Not-Specified":{"raw":1.0,"perc":14.285714285714285,"total":7.0},"Male":{"raw":6.0,"perc":85.714285714285708,"total":7.0}},"Ritual":{"Male":{"raw":3.0,"perc":100.0,"total":3.0}},"Yoga / Bodywork":{"Male":{"raw":1.0,"perc":100.0,"total":1.0}},"Police / Customs":{"Male":{"raw":3.0,"perc":75.0,"total":4.0},"Not-Specified":{"raw":1.0,"perc":25.0,"total":4.0}},"Meditation":{"Male":{"raw":2.0,"perc":100.0,"total":2.0}},"Drug Testing":{"Male":{"raw":3.0,"perc":75.0,"total":4.0},"Not-Specified":{"raw":1.0,"perc":25.0,"total":4.0}},"Floatation Tank":{"Male":{"raw":1.0,"perc":100.0,"total":1.0}},"Sweating":{"Male":{"raw":2.0,"perc":100.0,"total":2.0}},"Breathing":{"Male":{"raw":1.0,"perc":100.0,"total":1.0}},"Sleep Deprivation":{"Male":{"raw":1.0,"perc":100.0,"total":1.0}},"Mindfulness":{"Female":{"raw":1.0,"perc":100.0,"total":1.0}}},"Health Benefits":{"Sleep Deprivation":{"Male":{"raw":2.0,"perc":100.0,"total":2.0}},"Fasting":{"Male":{"raw":2.0,"perc":66.666666666666657,"total":3.0},"Female":{"raw":1.0,"perc":33.333333333333329,"total":3.0}},"Floatation Tank":{"Male":{"raw":1.0,"perc":100.0,"total":1.0}},"Meditation":{"Male":{"raw":5.0,"perc":71.428571428571431,"total":7.0},"Female":{"raw":2.0,"perc":28.571428571428569,"total":7.0}},"Migraines":{"Male":{"raw":8.0,"perc":66.666666666666657,"total":12.0},"Female":{"raw":2.0,"perc":16.666666666666664,"total":12.0},"Not-Specified":{"raw":2.0,"perc":16.666666666666664,"total":12.0}},"Police / Customs":{"Male":{"raw":1.0,"perc":100.0,"total":1.0}},"Mindfulness":{"Male":{"raw":2.0,"perc":100.0,"total":2.0}},"Ritual":{"Male":{"raw":1.0,"perc":100.0,"total":1.0}},"Dreams":{"Male":{"raw":5.0,"perc":71.428571428571431,"total":7.0},"Female":{"raw":2.0,"perc":28.571428571428569,"total":7.0}},"Devices":{"Male":{"raw":1.0,"perc":50.0,"total":2.0},"Female":{"raw":1.0,"perc":50.0,"total":2.0}},"Devices - Mind Machine":{"Male":{"raw":1.0,"perc":50.0,"total":2.0},"Female":{"raw":1.0,"perc":50.0,"total":2.0}},"Yoga / Bodywork":{"Male":{"raw":2.0,"perc":100.0,"total":2.0}},"Breathing":{"Female":{"raw":1.0,"perc":100.0,"total":1.0}},"Sweating":{"Male":{"raw":1.0,"perc":100.0,"total":1.0}}},"Nature / Outdoors":{"Nitrogen Narcosis":{"Male":{"raw":1.0,"perc":100.0,"total":1.0}},"OBE":{"Male":{"raw":1.0,"perc":100.0,"total":1.0}},"Police / Customs":{"Male":{"raw":3.0,"perc":100.0,"total":3.0}},"Conferences":{"Male":{"raw":1.0,"perc":100.0,"total":1.0}},"Guiding":{"Female":{"raw":1.0,"perc":50.0,"total":2.0},"Male":{"raw":1.0,"perc":50.0,"total":2.0}},"Ritual":{"Male":{"raw":3.0,"perc":100.0,"total":3.0}},"Fasting":{"Male":{"raw":2.0,"perc":100.0,"total":2.0}},"Humor":{"Male":{"raw":1.0,"perc":100.0,"total":1.0}},"Yoga / Bodywork":{"Male":{"raw":3.0,"perc":100.0,"total":3.0}},"Dreams":{"Female":{"raw":1.0,"perc":50.0,"total":2.0},"Male":{"raw":1.0,"perc":50.0,"total":2.0}},"Mindfulness":{"Male":{"raw":2.0,"perc":66.666666666666657,"total":3.0},"Female":{"raw":1.0,"perc":33.333333333333329,"total":3.0}},"Meditation":{"Male":{"raw":4.0,"perc":100.0,"total":4.0}},"Breathing":{"Male":{"raw":1.0,"perc":100.0,"total":1.0}},"Music":{"Male":{"raw":1.0,"perc":100.0,"total":1.0}}},"Music Discussion":{"Sleep Deprivation":{"Male":{"raw":4.0,"perc":100.0,"total":4.0}},"Yoga / Bodywork":{"Male":{"raw":4.0,"perc":80.0,"total":5.0},"Female":{"raw":1.0,"perc":20.0,"total":5.0}},"Devices":{"Male":{"raw":3.0,"perc":75.0,"total":4.0},"Female":{"raw":1.0,"perc":25.0,"total":4.0}},"Devices - Mind Machine":{"Male":{"raw":1.0,"perc":50.0,"total":2.0},"Female":{"raw":1.0,"perc":50.0,"total":2.0}},"Police / Customs":{"Male":{"raw":5.0,"perc":83.333333333333343,"total":6.0},"Female":{"raw":1.0,"perc":16.666666666666664,"total":6.0}},"Meditation":{"Male":{"raw":7.0,"perc":100.0,"total":7.0}},"Mindfulness":{"Male":{"raw":1.0,"perc":100.0,"total":1.0}},"Ritual":{"Female":{"raw":1.0,"perc":33.333333333333329,"total":3.0},"Male":{"raw":2.0,"perc":66.666666666666657,"total":3.0}},"Migraines":{"Male":{"raw":1.0,"perc":100.0,"total":1.0}},"OBE":{"Male":{"raw":1.0,"perc":100.0,"total":1.0}},"Dreams":{"Male":{"raw":1.0,"perc":100.0,"total":1.0}}},"Personal Preparation":{"Ritual":{"Male":{"raw":3.0,"perc":60.0,"total":5.0},"Female":{"raw":2.0,"perc":40.0,"total":5.0}},"Drug Testing":{"Male":{"raw":1.0,"perc":100.0,"total":1.0}},"Meditation":{"Male":{"raw":5.0,"perc":100.0,"total":5.0}},"Fasting":{"Female":{"raw":1.0,"perc":25.0,"total":4.0},"Male":{"raw":3.0,"perc":75.0,"total":4.0}},"OBE":{"Male":{"raw":1.0,"perc":100.0,"total":1.0}},"Police / Customs":{"Male":{"raw":1.0,"perc":100.0,"total":1.0}},"Mindfulness":{"Male":{"raw":1.0,"perc":50.0,"total":2.0},"Female":{"raw":1.0,"perc":50.0,"total":2.0}}},"Entities / Beings":{"Yoga / Bodywork":{"Male":{"raw":5.0,"perc":100.0,"total":5.0}},"Sleep Deprivation":{"Male":{"raw":3.0,"perc":100.0,"total":3.0}},"Breathing":{"Male":{"raw":2.0,"perc":100.0,"total":2.0}},"Dreams":{"Male":{"raw":19.0,"perc":95.0,"total":20.0},"Female":{"raw":1.0,"perc":5.0,"total":20.0}},"Police / Customs":{"Male":{"raw":8.0,"perc":100.0,"total":8.0}},"OBE":{"Male":{"raw":12.0,"perc":92.3076923076923,"total":13.0},"Not-Specified":{"raw":1.0,"perc":7.6923076923076925,"total":13.0}},"Fasting":{"Male":{"raw":4.0,"perc":100.0,"total":4.0}},"Conferences":{"Male":{"raw":1.0,"perc":100.0,"total":1.0}},"Meditation":{"Male":{"raw":11.0,"perc":91.666666666666657,"total":12.0},"Female":{"raw":1.0,"perc":8.3333333333333321,"total":12.0}},"Ritual":{"Male":{"raw":8.0,"perc":88.888888888888886,"total":9.0},"Female":{"raw":1.0,"perc":11.111111111111111,"total":9.0}},"Sweating":{"Male":{"raw":1.0,"perc":100.0,"total":1.0}},"Devices":{"Male":{"raw":2.0,"perc":100.0,"total":2.0}},"Endogenous":{"Male":{"raw":2.0,"perc":100.0,"total":2.0}},"Migraines":{"Male":{"raw":1.0,"perc":100.0,"total":1.0}},"Nitrogen Narcosis":{"Male":{"raw":1.0,"perc":100.0,"total":1.0}},"Humor":{"Male":{"raw":1.0,"perc":100.0,"total":1.0}},"Mindfulness":{"Male":{"raw":2.0,"perc":50.0,"total":4.0},"Female":{"raw":2.0,"perc":50.0,"total":4.0}},"Devices - Mind Machine":{"Male":{"raw":1.0,"perc":100.0,"total":1.0}},"Chanting":{"Male":{"raw":1.0,"perc":100.0,"total":1.0}}},"HPPD / Lasting Visuals":{"Endogenous":{"Male":{"raw":2.0,"perc":100.0,"total":2.0}},"Sleep Deprivation":{"Male":{"raw":2.0,"perc":100.0,"total":2.0}},"Police / Customs":{"Male":{"raw":1.0,"perc":100.0,"total":1.0}}},"Overdose":{"Endogenous":{"Male":{"raw":1.0,"perc":100.0,"total":1.0}},"Police / Customs":{"Female":{"raw":1.0,"perc":16.666666666666664,"total":6.0},"Male":{"raw":5.0,"perc":83.333333333333343,"total":6.0}},"Dreams":{"Male":{"raw":2.0,"perc":100.0,"total":2.0}},"Drug Testing":{"Female":{"raw":1.0,"perc":100.0,"total":1.0}},"Conferences":{"Female":{"raw":1.0,"perc":100.0,"total":1.0}},"OBE":{"Male":{"raw":1.0,"perc":50.0,"total":2.0},"Female":{"raw":1.0,"perc":50.0,"total":2.0}},"Sleep Deprivation":{"Male":{"raw":1.0,"perc":50.0,"total":2.0},"Not-Specified":{"raw":1.0,"perc":50.0,"total":2.0}}},"Families":{"Breathing":{"Not-Specified":{"raw":1.0,"perc":100.0,"total":1.0}},"Hyperventilation":{"Not-Specified":{"raw":1.0,"perc":100.0,"total":1.0}},"Yoga / Bodywork":{"Male":{"raw":1.0,"perc":100.0,"total":1.0}},"Police / Customs":{"Male":{"raw":1.0,"perc":100.0,"total":1.0}}},"Guides / Sitters":{"Breathing":{"Not-Specified":{"raw":1.0,"perc":100.0,"total":1.0}},"Hyperventilation":{"Not-Specified":{"raw":1.0,"perc":100.0,"total":1.0}},"Guiding":{"Male":{"raw":2.0,"perc":66.666666666666657,"total":3.0},"Female":{"raw":1.0,"perc":33.333333333333329,"total":3.0}},"OBE":{"Male":{"raw":3.0,"perc":100.0,"total":3.0}},"Meditation":{"Male":{"raw":2.0,"perc":50.0,"total":4.0},"Female":{"raw":1.0,"perc":25.0,"total":4.0},"Not-Specified":{"raw":1.0,"perc":25.0,"total":4.0}},"Dreams":{"Female":{"raw":1.0,"perc":100.0,"total":1.0}},"Ritual":{"Female":{"raw":3.0,"perc":30.0,"total":10.0},"Male":{"raw":7.0,"perc":70.0,"total":10.0}},"Conferences":{"Female":{"raw":1.0,"perc":100.0,"total":1.0}},"Yoga / Bodywork":{"Female":{"raw":1.0,"perc":50.0,"total":2.0},"Male":{"raw":1.0,"perc":50.0,"total":2.0}},"Sleep Deprivation":{"Male":{"raw":2.0,"perc":100.0,"total":2.0}},"Mindfulness":{"Male":{"raw":1.0,"perc":100.0,"total":1.0}},"Endogenous":{"Male":{"raw":1.0,"perc":100.0,"total":1.0}},"Police / Customs":{"Male":{"raw":1.0,"perc":50.0,"total":2.0},"Female":{"raw":1.0,"perc":50.0,"total":2.0}}},"Medical Use":{"Migraines":{"Male":{"raw":6.0,"perc":75.0,"total":8.0},"Not-Specified":{"raw":1.0,"perc":12.5,"total":8.0},"Female":{"raw":1.0,"perc":12.5,"total":8.0}},"Dreams":{"Male":{"raw":9.0,"perc":81.818181818181827,"total":11.0},"Female":{"raw":1.0,"perc":9.0909090909090917,"total":11.0},"Not-Specified":{"raw":1.0,"perc":9.0909090909090917,"total":11.0}},"Sleep Deprivation":{"Male":{"raw":1.0,"perc":100.0,"total":1.0}},"OBE":{"Male":{"raw":1.0,"perc":100.0,"total":1.0}},"Drug Testing":{"Male":{"raw":5.0,"perc":100.0,"total":5.0}},"Endogenous":{"Female":{"raw":1.0,"perc":33.333333333333329,"total":3.0},"Male":{"raw":2.0,"perc":66.666666666666657,"total":3.0}},"Breathing":{"Male":{"raw":1.0,"perc":100.0,"total":1.0}}},"Second Hand Report":{"Drug Testing":{"Male":{"raw":3.0,"perc":100.0,"total":3.0}},"Police / Customs":{"Male":{"raw":7.0,"perc":87.5,"total":8.0},"Not-Specified":{"raw":1.0,"perc":12.5,"total":8.0}},"Migraines":{"Male":{"raw":1.0,"perc":100.0,"total":1.0}},"OBE":{"Male":{"raw":1.0,"perc":100.0,"total":1.0}},"Meditation":{"Female":{"raw":1.0,"perc":100.0,"total":1.0}},"Dreams":{"Male":{"raw":2.0,"perc":100.0,"total":2.0}},"Endogenous":{"Female":{"raw":1.0,"perc":100.0,"total":1.0}},"Conferences":{"Male":{"raw":1.0,"perc":100.0,"total":1.0}}},"Relationships":{"Ritual":{"Male":{"raw":2.0,"perc":66.666666666666657,"total":3.0},"Female":{"raw":1.0,"perc":33.333333333333329,"total":3.0}},"Yoga / Bodywork":{"Female":{"raw":1.0,"perc":100.0,"total":1.0}},"Dreams":{"Male":{"raw":1.0,"perc":100.0,"total":1.0}},"Devices":{"Female":{"raw":1.0,"perc":50.0,"total":2.0},"Male":{"raw":1.0,"perc":50.0,"total":2.0}},"Devices - Mind Machine":{"Female":{"raw":1.0,"perc":100.0,"total":1.0}},"Migraines":{"Female":{"raw":1.0,"perc":100.0,"total":1.0}},"Meditation":{"Female":{"raw":1.0,"perc":25.0,"total":4.0},"Male":{"raw":2.0,"perc":50.0,"total":4.0},"Not-Specified":{"raw":1.0,"perc":25.0,"total":4.0}},"Fasting":{"Male":{"raw":1.0,"perc":100.0,"total":1.0}},"Police / Customs":{"Male":{"raw":2.0,"perc":66.666666666666657,"total":3.0},"Female":{"raw":1.0,"perc":33.333333333333329,"total":3.0}},"Sleep Deprivation":{"Male":{"raw":1.0,"perc":100.0,"total":1.0}},"Mindfulness":{"Male":{"raw":2.0,"perc":66.666666666666657,"total":3.0},"Female":{"raw":1.0,"perc":33.333333333333329,"total":3.0}},"OBE":{"Male":{"raw":1.0,"perc":100.0,"total":1.0}}},"Hangover / Days After":{"Dreams":{"Male":{"raw":6.0,"perc":85.714285714285708,"total":7.0},"Female":{"raw":1.0,"perc":14.285714285714285,"total":7.0}},"Sleep Deprivation":{"Male":{"raw":7.0,"perc":77.777777777777786,"total":9.0},"Female":{"raw":1.0,"perc":11.111111111111111,"total":9.0},"Not-Specified":{"raw":1.0,"perc":11.111111111111111,"total":9.0}},"Yoga / Bodywork":{"Female":{"raw":1.0,"perc":100.0,"total":1.0}},"Migraines":{"Not-Specified":{"raw":1.0,"perc":33.333333333333329,"total":3.0},"Male":{"raw":2.0,"perc":66.666666666666657,"total":3.0}},"Meditation":{"Male":{"raw":3.0,"perc":100.0,"total":3.0}},"OBE":{"Female":{"raw":2.0,"perc":50.0,"total":4.0},"Male":{"raw":2.0,"perc":50.0,"total":4.0}},"Police / Customs":{"Female":{"raw":2.0,"perc":25.0,"total":8.0},"Male":{"raw":6.0,"perc":75.0,"total":8.0}},"Conferences":{"Female":{"raw":1.0,"perc":100.0,"total":1.0}},"Music":{"Male":{"raw":1.0,"perc":100.0,"total":1.0}},"Floatation Tank":{"Not-Specified":{"raw":1.0,"perc":100.0,"total":1.0}},"Endogenous":{"Female":{"raw":1.0,"perc":50.0,"total":2.0},"Male":{"raw":1.0,"perc":50.0,"total":2.0}},"Sound (non-music)":{"Male":{"raw":1.0,"perc":100.0,"total":1.0}}},"Loss of Magic":{"Sleep Deprivation":{"Male":{"raw":1.0,"perc":50.0,"total":2.0},"Female":{"raw":1.0,"perc":50.0,"total":2.0}},"Meditation":{"Not-Specified":{"raw":1.0,"perc":100.0,"total":1.0}}},"Therapeutic Intent or Outcome":{"Meditation":{"Male":{"raw":4.0,"perc":80.0,"total":5.0},"Not-Specified":{"raw":1.0,"perc":20.0,"total":5.0}},"Humor":{"Male":{"raw":1.0,"perc":100.0,"total":1.0}},"Endogenous":{"Male":{"raw":1.0,"perc":100.0,"total":1.0}},"Yoga / Bodywork":{"Male":{"raw":2.0,"perc":100.0,"total":2.0}},"Music":{"Male":{"raw":1.0,"perc":100.0,"total":1.0}},"Ritual":{"Male":{"raw":6.0,"perc":100.0,"total":6.0}},"Breathing":{"Male":{"raw":1.0,"perc":100.0,"total":1.0}},"Dreams":{"Male":{"raw":6.0,"perc":100.0,"total":6.0}},"Police / Customs":{"Male":{"raw":1.0,"perc":100.0,"total":1.0}},"Migraines":{"Not-Specified":{"raw":1.0,"perc":100.0,"total":1.0}},"Mindfulness":{"Male":{"raw":1.0,"perc":50.0,"total":2.0},"Female":{"raw":1.0,"perc":50.0,"total":2.0}},"Fasting":{"Male":{"raw":1.0,"perc":100.0,"total":1.0}}},"Poetry":{"Conferences":{"Male":{"raw":1.0,"perc":100.0,"total":1.0}},"Meditation":{"Male":{"raw":1.0,"perc":100.0,"total":1.0}}},"What Was in That?":{"Sleep Deprivation":{"Male":{"raw":1.0,"perc":100.0,"total":1.0}},"Music":{"Male":{"raw":1.0,"perc":100.0,"total":1.0}},"OBE":{"Male":{"raw":1.0,"perc":100.0,"total":1.0}},"Migraines":{"Male":{"raw":1.0,"perc":100.0,"total":1.0}},"Meditation":{"Male":{"raw":1.0,"perc":100.0,"total":1.0}}},"Performance Enhancement":{"Humor":{"Male":{"raw":1.0,"perc":100.0,"total":1.0}},"Sleep Deprivation":{"Male":{"raw":3.0,"perc":100.0,"total":3.0}},"Yoga / Bodywork":{"Male":{"raw":1.0,"perc":100.0,"total":1.0}},"Police / Customs":{"Male":{"raw":1.0,"perc":100.0,"total":1.0}}}}