{"Festival / Lg. Crowd":{"Morning Glory":{"Drug Testing":{"raw":1.0,"perc":100.0,"total":1.0}},"2C-B":{"Ritual":{"raw":1.0,"perc":50.0,"total":2.0},"Police / Customs":{"raw":1.0,"perc":50.0,"total":2.0}},"MDMA":{"Ritual":{"raw":1.0,"perc":50.0,"total":2.0},"Yoga / Bodywork":{"raw":1.0,"perc":50.0,"total":2.0}},"Phenethylamine":{"Ritual":{"raw":1.0,"perc":50.0,"total":2.0},"Police / Customs":{"raw":1.0,"perc":50.0,"total":2.0}},"Stimulants":{"Ritual":{"raw":1.0,"perc":50.0,"total":2.0},"Yoga / Bodywork":{"raw":1.0,"perc":50.0,"total":2.0}},"Tryptophan":{"Ritual":{"raw":1.0,"perc":100.0,"total":1.0}},"Cacti":{"Ritual":{"raw":1.0,"perc":50.0,"total":2.0},"Drug Testing":{"raw":1.0,"perc":50.0,"total":2.0}},"Cannabis":{"Ritual":{"raw":1.0,"perc":100.0,"total":1.0}},"Benzodiazepines":{"Sleep Deprivation":{"raw":1.0,"perc":100.0,"total":1.0}},"LSD":{"Sleep Deprivation":{"raw":1.0,"perc":33.333333333333329,"total":3.0},"Police / Customs":{"raw":2.0,"perc":66.666666666666657,"total":3.0}},"Pharms - Diazepam":{"Sleep Deprivation":{"raw":1.0,"perc":100.0,"total":1.0}},"Mescaline":{"Drug Testing":{"raw":1.0,"perc":100.0,"total":1.0}}},"Various":{"Various":{"Sleep Deprivation":{"raw":23.0,"perc":21.296296296296298,"total":108.0},"Police / Customs":{"raw":27.0,"perc":25.0,"total":108.0},"Endogenous":{"raw":2.0,"perc":1.8518518518518516,"total":108.0},"Yoga / Bodywork":{"raw":3.0,"perc":2.7777777777777777,"total":108.0},"Ritual":{"raw":4.0,"perc":3.7037037037037033,"total":108.0},"Meditation":{"raw":15.0,"perc":13.888888888888889,"total":108.0},"Fasting":{"raw":7.0,"perc":6.481481481481481,"total":108.0},"Migraines":{"raw":2.0,"perc":1.8518518518518516,"total":108.0},"OBE":{"raw":3.0,"perc":2.7777777777777777,"total":108.0},"Mindfulness":{"raw":3.0,"perc":2.7777777777777777,"total":108.0},"Dreams":{"raw":7.0,"perc":6.481481481481481,"total":108.0},"Devices":{"raw":1.0,"perc":0.92592592592592582,"total":108.0},"Devices - Mind Machine":{"raw":1.0,"perc":0.92592592592592582,"total":108.0},"Conferences":{"raw":1.0,"perc":0.92592592592592582,"total":108.0},"Drug Testing":{"raw":5.0,"perc":4.62962962962963,"total":108.0},"Music":{"raw":1.0,"perc":0.92592592592592582,"total":108.0},"Nitrogen Narcosis":{"raw":1.0,"perc":0.92592592592592582,"total":108.0},"Humor":{"raw":2.0,"perc":1.8518518518518516,"total":108.0}},"MDMA":{"Endogenous":{"raw":1.0,"perc":14.285714285714285,"total":7.0},"Migraines":{"raw":1.0,"perc":14.285714285714285,"total":7.0},"Police / Customs":{"raw":2.0,"perc":28.571428571428569,"total":7.0},"OBE":{"raw":1.0,"perc":14.285714285714285,"total":7.0},"Sleep Deprivation":{"raw":1.0,"perc":14.285714285714285,"total":7.0},"Music":{"raw":1.0,"perc":14.285714285714285,"total":7.0}},"Stimulants":{"Endogenous":{"raw":1.0,"perc":10.0,"total":10.0},"Migraines":{"raw":1.0,"perc":10.0,"total":10.0},"Police / Customs":{"raw":2.0,"perc":20.0,"total":10.0},"OBE":{"raw":1.0,"perc":10.0,"total":10.0},"Sleep Deprivation":{"raw":4.0,"perc":40.0,"total":10.0},"Music":{"raw":1.0,"perc":10.0,"total":10.0}},"Salvia divinorum":{"Police / Customs":{"raw":1.0,"perc":33.333333333333329,"total":3.0},"Ritual":{"raw":1.0,"perc":33.333333333333329,"total":3.0},"Nitrogen Narcosis":{"raw":1.0,"perc":33.333333333333329,"total":3.0}},"Yohimbe":{"Sleep Deprivation":{"raw":1.0,"perc":100.0,"total":1.0}},"DPT":{"Ritual":{"raw":1.0,"perc":100.0,"total":1.0}},"Caffeine":{"Sleep Deprivation":{"raw":3.0,"perc":60.0,"total":5.0},"Fasting":{"raw":2.0,"perc":40.0,"total":5.0}},"Ephedrine":{"Sleep Deprivation":{"raw":2.0,"perc":100.0,"total":2.0}},"Ginseng":{"Sleep Deprivation":{"raw":1.0,"perc":100.0,"total":1.0}},"Pharms - Cyclobenzaprine":{"Sleep Deprivation":{"raw":1.0,"perc":100.0,"total":1.0}},"Mushrooms":{"Meditation":{"raw":2.0,"perc":16.666666666666664,"total":12.0},"Conferences":{"raw":1.0,"perc":8.3333333333333321,"total":12.0},"Police / Customs":{"raw":4.0,"perc":33.333333333333329,"total":12.0},"OBE":{"raw":1.0,"perc":8.3333333333333321,"total":12.0},"Nitrogen Narcosis":{"raw":1.0,"perc":8.3333333333333321,"total":12.0},"Humor":{"raw":2.0,"perc":16.666666666666664,"total":12.0},"Mindfulness":{"raw":1.0,"perc":8.3333333333333321,"total":12.0}},"Diphenhydramine":{"Police / Customs":{"raw":1.0,"perc":100.0,"total":1.0}},"AMT":{"Sleep Deprivation":{"raw":2.0,"perc":100.0,"total":2.0}},"4-AcO-DET":{"Migraines":{"raw":1.0,"perc":100.0,"total":1.0}},"5-MeO-DiPT":{"Migraines":{"raw":1.0,"perc":100.0,"total":1.0}},"Cannabis":{"Migraines":{"raw":1.0,"perc":14.285714285714285,"total":7.0},"Sleep Deprivation":{"raw":1.0,"perc":14.285714285714285,"total":7.0},"OBE":{"raw":1.0,"perc":14.285714285714285,"total":7.0},"Meditation":{"raw":2.0,"perc":28.571428571428569,"total":7.0},"Music":{"raw":1.0,"perc":14.285714285714285,"total":7.0},"Police / Customs":{"raw":1.0,"perc":14.285714285714285,"total":7.0}},"LSD":{"Migraines":{"raw":1.0,"perc":12.5,"total":8.0},"Meditation":{"raw":3.0,"perc":37.5,"total":8.0},"Yoga / Bodywork":{"raw":1.0,"perc":12.5,"total":8.0},"Police / Customs":{"raw":3.0,"perc":37.5,"total":8.0}},"Inhalants":{"Police / Customs":{"raw":1.0,"perc":100.0,"total":1.0}},"Datura":{"Police / Customs":{"raw":2.0,"perc":100.0,"total":2.0}},"PMA":{"OBE":{"raw":1.0,"perc":100.0,"total":1.0}},"Morning Glory":{"Meditation":{"raw":2.0,"perc":50.0,"total":4.0},"Dreams":{"raw":1.0,"perc":25.0,"total":4.0},"Yoga / Bodywork":{"raw":1.0,"perc":25.0,"total":4.0}},"Methamphetamine":{"Sleep Deprivation":{"raw":2.0,"perc":66.666666666666657,"total":3.0},"Police / Customs":{"raw":1.0,"perc":33.333333333333329,"total":3.0}},"Alcohol":{"Police / Customs":{"raw":5.0,"perc":83.333333333333343,"total":6.0},"Drug Testing":{"raw":1.0,"perc":16.666666666666664,"total":6.0}},"Modafinil":{"Sleep Deprivation":{"raw":2.0,"perc":100.0,"total":2.0}},"Amphetamines":{"Sleep Deprivation":{"raw":3.0,"perc":100.0,"total":3.0}},"Pharms - Tramadol":{"Dreams":{"raw":1.0,"perc":100.0,"total":1.0}},"5-MeO-DMT":{"Meditation":{"raw":1.0,"perc":50.0,"total":2.0},"Police / Customs":{"raw":1.0,"perc":50.0,"total":2.0}},"DXM":{"Meditation":{"raw":1.0,"perc":33.333333333333329,"total":3.0},"Drug Testing":{"raw":2.0,"perc":66.666666666666657,"total":3.0}},"Pharms - Benzphetamine":{"Sleep Deprivation":{"raw":1.0,"perc":100.0,"total":1.0}},"Cocaine":{"Police / Customs":{"raw":1.0,"perc":100.0,"total":1.0}},"DMAE":{"Dreams":{"raw":2.0,"perc":100.0,"total":2.0}},"Pharms - Promethazine":{"Dreams":{"raw":1.0,"perc":100.0,"total":1.0}},"Heimia salicifolia":{"Dreams":{"raw":1.0,"perc":100.0,"total":1.0}},"Dimenhydrinate":{"Police / Customs":{"raw":1.0,"perc":100.0,"total":1.0}},"Pharms - Escitalopram":{"OBE":{"raw":1.0,"perc":100.0,"total":1.0}},"Cacti":{"Meditation":{"raw":1.0,"perc":100.0,"total":1.0}},"Mescaline":{"Meditation":{"raw":1.0,"perc":100.0,"total":1.0}},"Pharms - Venlafaxine":{"Meditation":{"raw":1.0,"perc":100.0,"total":1.0}},"Tobacco":{"Fasting":{"raw":1.0,"perc":100.0,"total":1.0}},"Heroin":{"Police / Customs":{"raw":1.0,"perc":100.0,"total":1.0}},"Opiates":{"Police / Customs":{"raw":1.0,"perc":100.0,"total":1.0}},"Vitamins - Niacin":{"Drug Testing":{"raw":1.0,"perc":100.0,"total":1.0}},"Opioids":{"Police / Customs":{"raw":1.0,"perc":33.333333333333329,"total":3.0},"Meditation":{"raw":1.0,"perc":33.333333333333329,"total":3.0},"Drug Testing":{"raw":1.0,"perc":33.333333333333329,"total":3.0}},"Pharms - Oxycodone":{"Police / Customs":{"raw":1.0,"perc":33.333333333333329,"total":3.0},"Meditation":{"raw":1.0,"perc":33.333333333333329,"total":3.0},"Drug Testing":{"raw":1.0,"perc":33.333333333333329,"total":3.0}},"Lotus/Lily":{"Meditation":{"raw":1.0,"perc":100.0,"total":1.0}},"Benzodiazepines":{"Police / Customs":{"raw":1.0,"perc":100.0,"total":1.0}},"Pharmaceuticals":{"Police / Customs":{"raw":1.0,"perc":100.0,"total":1.0}},"Pharms - Alprazolam":{"Police / Customs":{"raw":1.0,"perc":100.0,"total":1.0}},"Pharms - Zolpidem":{"Police / Customs":{"raw":1.0,"perc":100.0,"total":1.0}},"Pharms - Propylhexedrine":{"Sleep Deprivation":{"raw":1.0,"perc":100.0,"total":1.0}},"4-HO-DET":{"Meditation":{"raw":1.0,"perc":100.0,"total":1.0}},"Pharms - Clonidine":{"Meditation":{"raw":1.0,"perc":100.0,"total":1.0}},"DOB":{"Sleep Deprivation":{"raw":1.0,"perc":100.0,"total":1.0}},"2C-B":{"Sleep Deprivation":{"raw":1.0,"perc":100.0,"total":1.0}},"Phenethylamine":{"Sleep Deprivation":{"raw":1.0,"perc":50.0,"total":2.0},"Police / Customs":{"raw":1.0,"perc":50.0,"total":2.0}},"MDPV":{"Sleep Deprivation":{"raw":1.0,"perc":100.0,"total":1.0}},"Methylone":{"Sleep Deprivation":{"raw":1.0,"perc":100.0,"total":1.0}},"2C-E":{"Police / Customs":{"raw":1.0,"perc":100.0,"total":1.0}},"Brugmansia":{"Police / Customs":{"raw":1.0,"perc":100.0,"total":1.0}},"DMT":{"Mindfulness":{"raw":1.0,"perc":100.0,"total":1.0}},"Banisteriopsis caapi":{"Mindfulness":{"raw":1.0,"perc":100.0,"total":1.0}},"Harmala Alkaloids":{"Mindfulness":{"raw":1.0,"perc":100.0,"total":1.0}},"Coca":{"Police / Customs":{"raw":1.0,"perc":100.0,"total":1.0}}},"Alone":{"LSD":{"OBE":{"raw":3.0,"perc":25.0,"total":12.0},"Yoga / Bodywork":{"raw":3.0,"perc":25.0,"total":12.0},"Meditation":{"raw":1.0,"perc":8.3333333333333321,"total":12.0},"Police / Customs":{"raw":2.0,"perc":16.666666666666664,"total":12.0},"Mindfulness":{"raw":1.0,"perc":8.3333333333333321,"total":12.0},"Devices":{"raw":1.0,"perc":8.3333333333333321,"total":12.0},"Devices - Mind Machine":{"raw":1.0,"perc":8.3333333333333321,"total":12.0}},"DPT":{"Dreams":{"raw":1.0,"perc":33.333333333333329,"total":3.0},"Yoga / Bodywork":{"raw":1.0,"perc":33.333333333333329,"total":3.0},"Breathing":{"raw":1.0,"perc":33.333333333333329,"total":3.0}},"DXM":{"Drug Testing":{"raw":6.0,"perc":35.294117647058826,"total":17.0},"Dreams":{"raw":2.0,"perc":11.76470588235294,"total":17.0},"Devices":{"raw":3.0,"perc":17.647058823529413,"total":17.0},"Devices - Mind Machine":{"raw":3.0,"perc":17.647058823529413,"total":17.0},"OBE":{"raw":2.0,"perc":11.76470588235294,"total":17.0},"Sleep Deprivation":{"raw":1.0,"perc":5.88235294117647,"total":17.0}},"PCP":{"Drug Testing":{"raw":1.0,"perc":100.0,"total":1.0}},"Datura":{"OBE":{"raw":1.0,"perc":25.0,"total":4.0},"Dreams":{"raw":2.0,"perc":50.0,"total":4.0},"Police / Customs":{"raw":1.0,"perc":25.0,"total":4.0}},"Cannabis":{"Drug Testing":{"raw":1.0,"perc":4.3478260869565215,"total":23.0},"Police / Customs":{"raw":3.0,"perc":13.043478260869565,"total":23.0},"Meditation":{"raw":5.0,"perc":21.739130434782609,"total":23.0},"Devices":{"raw":2.0,"perc":8.695652173913043,"total":23.0},"Devices - Mind Machine":{"raw":2.0,"perc":8.695652173913043,"total":23.0},"Ritual":{"raw":1.0,"perc":4.3478260869565215,"total":23.0},"OBE":{"raw":2.0,"perc":8.695652173913043,"total":23.0},"Sleep Deprivation":{"raw":3.0,"perc":13.043478260869565,"total":23.0},"Dreams":{"raw":2.0,"perc":8.695652173913043,"total":23.0},"Breathing":{"raw":1.0,"perc":4.3478260869565215,"total":23.0},"Fasting":{"raw":1.0,"perc":4.3478260869565215,"total":23.0}},"Pharmaceuticals":{"Dreams":{"raw":3.0,"perc":50.0,"total":6.0},"Sleep Deprivation":{"raw":1.0,"perc":16.666666666666664,"total":6.0},"Police / Customs":{"raw":2.0,"perc":33.333333333333329,"total":6.0}},"Calea zacatechichi":{"Dreams":{"raw":42.0,"perc":89.361702127659569,"total":47.0},"Meditation":{"raw":3.0,"perc":6.3829787234042552,"total":47.0},"Devices":{"raw":1.0,"perc":2.1276595744680851,"total":47.0},"Devices - Mind Machine":{"raw":1.0,"perc":2.1276595744680851,"total":47.0}},"Pharms - Benzphetamine":{"Sleep Deprivation":{"raw":1.0,"perc":100.0,"total":1.0}},"Morning Glory":{"Floatation Tank":{"raw":1.0,"perc":16.666666666666664,"total":6.0},"Dreams":{"raw":1.0,"perc":16.666666666666664,"total":6.0},"Meditation":{"raw":2.0,"perc":33.333333333333329,"total":6.0},"Devices":{"raw":1.0,"perc":16.666666666666664,"total":6.0},"Fasting":{"raw":1.0,"perc":16.666666666666664,"total":6.0}},"Nutmeg":{"Dreams":{"raw":3.0,"perc":50.0,"total":6.0},"Fasting":{"raw":1.0,"perc":16.666666666666664,"total":6.0},"Devices":{"raw":1.0,"perc":16.666666666666664,"total":6.0},"Devices - Mind Machine":{"raw":1.0,"perc":16.666666666666664,"total":6.0}},"Salvia divinorum":{"Ritual":{"raw":1.0,"perc":3.8461538461538463,"total":26.0},"Fasting":{"raw":4.0,"perc":15.384615384615385,"total":26.0},"Meditation":{"raw":6.0,"perc":23.076923076923077,"total":26.0},"Yoga / Bodywork":{"raw":1.0,"perc":3.8461538461538463,"total":26.0},"Endogenous":{"raw":2.0,"perc":7.6923076923076925,"total":26.0},"OBE":{"raw":4.0,"perc":15.384615384615385,"total":26.0},"Devices":{"raw":4.0,"perc":15.384615384615385,"total":26.0},"Dreams":{"raw":1.0,"perc":3.8461538461538463,"total":26.0},"Migraines":{"raw":1.0,"perc":3.8461538461538463,"total":26.0},"Devices - Mind Machine":{"raw":2.0,"perc":7.6923076923076925,"total":26.0}},"Pharms - Sertraline":{"Sleep Deprivation":{"raw":1.0,"perc":100.0,"total":1.0}},"SSRIs":{"Sleep Deprivation":{"raw":1.0,"perc":33.333333333333329,"total":3.0},"Dreams":{"raw":2.0,"perc":66.666666666666657,"total":3.0}},"Melatonin":{"Dreams":{"raw":40.0,"perc":97.5609756097561,"total":41.0},"Sleep Deprivation":{"raw":1.0,"perc":2.4390243902439024,"total":41.0}},"Harmala Alkaloids":{"Ritual":{"raw":2.0,"perc":15.384615384615385,"total":13.0},"Meditation":{"raw":3.0,"perc":23.076923076923077,"total":13.0},"Conferences":{"raw":1.0,"perc":7.6923076923076925,"total":13.0},"Dreams":{"raw":3.0,"perc":23.076923076923077,"total":13.0},"Yoga / Bodywork":{"raw":1.0,"perc":7.6923076923076925,"total":13.0},"Police / Customs":{"raw":1.0,"perc":7.6923076923076925,"total":13.0},"Sweating":{"raw":1.0,"perc":7.6923076923076925,"total":13.0},"Migraines":{"raw":1.0,"perc":7.6923076923076925,"total":13.0}},"Psychotria viridis":{"Ritual":{"raw":1.0,"perc":100.0,"total":1.0}},"Syrian Rue":{"Ritual":{"raw":2.0,"perc":28.571428571428569,"total":7.0},"Meditation":{"raw":2.0,"perc":28.571428571428569,"total":7.0},"Yoga / Bodywork":{"raw":1.0,"perc":14.285714285714285,"total":7.0},"Police / Customs":{"raw":1.0,"perc":14.285714285714285,"total":7.0},"Migraines":{"raw":1.0,"perc":14.285714285714285,"total":7.0}},"MDMA":{"Yoga / Bodywork":{"raw":1.0,"perc":25.0,"total":4.0},"Dreams":{"raw":1.0,"perc":25.0,"total":4.0},"Meditation":{"raw":2.0,"perc":50.0,"total":4.0}},"Stimulants":{"Yoga / Bodywork":{"raw":1.0,"perc":9.0909090909090917,"total":11.0},"Breathing":{"raw":1.0,"perc":9.0909090909090917,"total":11.0},"Hyperventilation":{"raw":1.0,"perc":9.0909090909090917,"total":11.0},"Dreams":{"raw":1.0,"perc":9.0909090909090917,"total":11.0},"Sleep Deprivation":{"raw":4.0,"perc":36.363636363636367,"total":11.0},"Meditation":{"raw":3.0,"perc":27.27272727272727,"total":11.0}},"Kava":{"Dreams":{"raw":3.0,"perc":42.857142857142854,"total":7.0},"OBE":{"raw":1.0,"perc":14.285714285714285,"total":7.0},"Meditation":{"raw":1.0,"perc":14.285714285714285,"total":7.0},"Devices":{"raw":1.0,"perc":14.285714285714285,"total":7.0},"Devices - Mind Machine":{"raw":1.0,"perc":14.285714285714285,"total":7.0}},"Ayahuasca":{"Yoga / Bodywork":{"raw":2.0,"perc":100.0,"total":2.0}},"Diphenhydramine":{"Dreams":{"raw":4.0,"perc":100.0,"total":4.0}},"St. John's Wort":{"Dreams":{"raw":1.0,"perc":100.0,"total":1.0}},"Valerian":{"Dreams":{"raw":17.0,"perc":89.473684210526315,"total":19.0},"OBE":{"raw":1.0,"perc":5.2631578947368416,"total":19.0},"Meditation":{"raw":1.0,"perc":5.2631578947368416,"total":19.0}},"Vitamin B-6":{"Dreams":{"raw":13.0,"perc":92.857142857142861,"total":14.0},"OBE":{"raw":1.0,"perc":7.1428571428571423,"total":14.0}},"Nicotine":{"Dreams":{"raw":2.0,"perc":66.666666666666657,"total":3.0},"Sleep Deprivation":{"raw":1.0,"perc":33.333333333333329,"total":3.0}},"Tobacco":{"Dreams":{"raw":3.0,"perc":75.0,"total":4.0},"Sleep Deprivation":{"raw":1.0,"perc":25.0,"total":4.0}},"Pseudoephedrine":{"Drug Testing":{"raw":1.0,"perc":100.0,"total":1.0}},"Caffeine":{"Dreams":{"raw":2.0,"perc":22.222222222222221,"total":9.0},"Meditation":{"raw":3.0,"perc":33.333333333333329,"total":9.0},"Devices":{"raw":1.0,"perc":11.111111111111111,"total":9.0},"Devices - Mind Machine":{"raw":1.0,"perc":11.111111111111111,"total":9.0},"Sleep Deprivation":{"raw":1.0,"perc":11.111111111111111,"total":9.0},"Music":{"raw":1.0,"perc":11.111111111111111,"total":9.0}},"Ephedrine":{"Meditation":{"raw":1.0,"perc":100.0,"total":1.0}},"Hydrocodone":{"Dreams":{"raw":3.0,"perc":60.0,"total":5.0},"Devices":{"raw":1.0,"perc":20.0,"total":5.0},"Devices - Mind Machine":{"raw":1.0,"perc":20.0,"total":5.0}},"Opioids":{"Dreams":{"raw":4.0,"perc":57.142857142857139,"total":7.0},"Meditation":{"raw":1.0,"perc":14.285714285714285,"total":7.0},"Devices":{"raw":1.0,"perc":14.285714285714285,"total":7.0},"Devices - Mind Machine":{"raw":1.0,"perc":14.285714285714285,"total":7.0}},"Piracetam":{"Dreams":{"raw":1.0,"perc":100.0,"total":1.0}},"GBL":{"Breathing":{"raw":1.0,"perc":100.0,"total":1.0}},"Lactuca spp.":{"Dreams":{"raw":2.0,"perc":100.0,"total":2.0}},"Yohimbe":{"Dreams":{"raw":1.0,"perc":100.0,"total":1.0}},"4-AcO-DET":{"Meditation":{"raw":1.0,"perc":100.0,"total":1.0}},"AMT":{"Meditation":{"raw":1.0,"perc":33.333333333333329,"total":3.0},"Police / Customs":{"raw":1.0,"perc":33.333333333333329,"total":3.0},"Dreams":{"raw":1.0,"perc":33.333333333333329,"total":3.0}},"Nitrous Oxide":{"Meditation":{"raw":2.0,"perc":22.222222222222221,"total":9.0},"Devices":{"raw":3.0,"perc":33.333333333333329,"total":9.0},"Devices - Mind Machine":{"raw":3.0,"perc":33.333333333333329,"total":9.0},"OBE":{"raw":1.0,"perc":11.111111111111111,"total":9.0}},"Unknown":{"Floatation Tank":{"raw":1.0,"perc":50.0,"total":2.0},"Meditation":{"raw":1.0,"perc":50.0,"total":2.0}},"Cacti":{"Meditation":{"raw":1.0,"perc":33.333333333333329,"total":3.0},"Yoga / Bodywork":{"raw":1.0,"perc":33.333333333333329,"total":3.0},"Fasting":{"raw":1.0,"perc":33.333333333333329,"total":3.0}},"5-MeO-DiPT":{"Dreams":{"raw":1.0,"perc":50.0,"total":2.0},"Yoga / Bodywork":{"raw":1.0,"perc":50.0,"total":2.0}},"Mushrooms":{"Meditation":{"raw":3.0,"perc":18.75,"total":16.0},"Devices":{"raw":2.0,"perc":12.5,"total":16.0},"Devices - Mind Machine":{"raw":1.0,"perc":6.25,"total":16.0},"Fasting":{"raw":2.0,"perc":12.5,"total":16.0},"Chanting":{"raw":1.0,"perc":6.25,"total":16.0},"OBE":{"raw":1.0,"perc":6.25,"total":16.0},"Migraines":{"raw":1.0,"perc":6.25,"total":16.0},"Yoga / Bodywork":{"raw":2.0,"perc":12.5,"total":16.0},"Police / Customs":{"raw":1.0,"perc":6.25,"total":16.0},"Dreams":{"raw":2.0,"perc":12.5,"total":16.0}},"Opiates":{"Meditation":{"raw":2.0,"perc":28.571428571428569,"total":7.0},"Dreams":{"raw":2.0,"perc":28.571428571428569,"total":7.0},"OBE":{"raw":1.0,"perc":14.285714285714285,"total":7.0},"Conferences":{"raw":1.0,"perc":14.285714285714285,"total":7.0},"Drug Testing":{"raw":1.0,"perc":14.285714285714285,"total":7.0}},"Opium":{"Meditation":{"raw":1.0,"perc":100.0,"total":1.0}},"Capsicum spp.":{"Meditation":{"raw":1.0,"perc":100.0,"total":1.0}},"Hops":{"Meditation":{"raw":1.0,"perc":33.333333333333329,"total":3.0},"Dreams":{"raw":2.0,"perc":66.666666666666657,"total":3.0}},"Lecithin":{"Meditation":{"raw":1.0,"perc":100.0,"total":1.0}},"Pharms - Oxycodone":{"Meditation":{"raw":1.0,"perc":100.0,"total":1.0}},"Skullcap":{"Meditation":{"raw":1.0,"perc":50.0,"total":2.0},"Dreams":{"raw":1.0,"perc":50.0,"total":2.0}},"Alcohol":{"Dreams":{"raw":2.0,"perc":50.0,"total":4.0},"Police / Customs":{"raw":1.0,"perc":25.0,"total":4.0},"Migraines":{"raw":1.0,"perc":25.0,"total":4.0}},"Mugwort":{"Dreams":{"raw":11.0,"perc":84.615384615384613,"total":13.0},"Meditation":{"raw":2.0,"perc":15.384615384615385,"total":13.0}},"Pharms - Quetiapine":{"Devices":{"raw":1.0,"perc":50.0,"total":2.0},"Devices - Mind Machine":{"raw":1.0,"perc":50.0,"total":2.0}},"Damiana":{"Dreams":{"raw":2.0,"perc":50.0,"total":4.0},"Meditation":{"raw":2.0,"perc":50.0,"total":4.0}},"Poppies - Opium":{"Dreams":{"raw":1.0,"perc":50.0,"total":2.0},"Drug Testing":{"raw":1.0,"perc":50.0,"total":2.0}},"Pharms - Paroxetine":{"Dreams":{"raw":2.0,"perc":100.0,"total":2.0}},"Heimia salicifolia":{"Dreams":{"raw":2.0,"perc":100.0,"total":2.0}},"H.B. Woodrose":{"Devices":{"raw":1.0,"perc":50.0,"total":2.0},"Devices - Mind Machine":{"raw":1.0,"perc":50.0,"total":2.0}},"Pharms - Corticosteroid":{"Sleep Deprivation":{"raw":1.0,"perc":100.0,"total":1.0}},"Pharms - Prednisone":{"Sleep Deprivation":{"raw":1.0,"perc":100.0,"total":1.0}},"Mandrake":{"Dreams":{"raw":1.0,"perc":100.0,"total":1.0}},"GHB":{"Devices":{"raw":1.0,"perc":50.0,"total":2.0},"Devices - Mind Machine":{"raw":1.0,"perc":50.0,"total":2.0}},"DMT":{"Dreams":{"raw":1.0,"perc":50.0,"total":2.0},"Breathing":{"raw":1.0,"perc":50.0,"total":2.0}},"Pharms - Zaleplon":{"Dreams":{"raw":1.0,"perc":50.0,"total":2.0},"Meditation":{"raw":1.0,"perc":50.0,"total":2.0}},"5-MeO-DMT":{"Dreams":{"raw":2.0,"perc":50.0,"total":4.0},"Police / Customs":{"raw":1.0,"perc":25.0,"total":4.0},"Breathing":{"raw":1.0,"perc":25.0,"total":4.0}},"Catnip":{"Dreams":{"raw":2.0,"perc":66.666666666666657,"total":3.0},"Sleep Deprivation":{"raw":1.0,"perc":33.333333333333329,"total":3.0}},"2C-I":{"Sleep Deprivation":{"raw":1.0,"perc":25.0,"total":4.0},"OBE":{"raw":1.0,"perc":25.0,"total":4.0},"Meditation":{"raw":2.0,"perc":50.0,"total":4.0}},"Tryptophan":{"Dreams":{"raw":6.0,"perc":100.0,"total":6.0}},"Kratom":{"Meditation":{"raw":2.0,"perc":66.666666666666657,"total":3.0},"Dreams":{"raw":1.0,"perc":33.333333333333329,"total":3.0}},"Lotus/Lily":{"OBE":{"raw":1.0,"perc":100.0,"total":1.0}},"Absinthe":{"Devices":{"raw":1.0,"perc":50.0,"total":2.0},"Devices - Mind Machine":{"raw":1.0,"perc":50.0,"total":2.0}},"Pharms - Amitriptyline":{"Dreams":{"raw":1.0,"perc":100.0,"total":1.0}},"DMAE":{"Dreams":{"raw":1.0,"perc":100.0,"total":1.0}},"Codeine":{"OBE":{"raw":1.0,"perc":33.333333333333329,"total":3.0},"Conferences":{"raw":1.0,"perc":33.333333333333329,"total":3.0},"Dreams":{"raw":1.0,"perc":33.333333333333329,"total":3.0}},"Amphetamines":{"Breathing":{"raw":1.0,"perc":14.285714285714285,"total":7.0},"Hyperventilation":{"raw":1.0,"perc":14.285714285714285,"total":7.0},"Sleep Deprivation":{"raw":4.0,"perc":57.142857142857139,"total":7.0},"Meditation":{"raw":1.0,"perc":14.285714285714285,"total":7.0}},"Pharms - Mefloquine":{"Dreams":{"raw":1.0,"perc":100.0,"total":1.0}},"Pharms - Venlafaxine":{"Dreams":{"raw":3.0,"perc":100.0,"total":3.0}},"Methamphetamine":{"Meditation":{"raw":1.0,"perc":100.0,"total":1.0}},"Coleus":{"Dreams":{"raw":4.0,"perc":100.0,"total":4.0}},"Yerba Mate":{"Meditation":{"raw":1.0,"perc":50.0,"total":2.0},"Yoga / Bodywork":{"raw":1.0,"perc":50.0,"total":2.0}},"Pharms - Lithium":{"Police / Customs":{"raw":1.0,"perc":100.0,"total":1.0}},"2C-E":{"Floatation Tank":{"raw":1.0,"perc":50.0,"total":2.0},"Meditation":{"raw":1.0,"perc":50.0,"total":2.0}},"Phenethylamine":{"Floatation Tank":{"raw":1.0,"perc":20.0,"total":5.0},"Meditation":{"raw":1.0,"perc":20.0,"total":5.0},"OBE":{"raw":1.0,"perc":20.0,"total":5.0},"Music":{"raw":1.0,"perc":20.0,"total":5.0},"Police / Customs":{"raw":1.0,"perc":20.0,"total":5.0}},"Ketamine":{"Conferences":{"raw":1.0,"perc":25.0,"total":4.0},"OBE":{"raw":1.0,"perc":25.0,"total":4.0},"Mindfulness":{"raw":1.0,"perc":25.0,"total":4.0},"Meditation":{"raw":1.0,"perc":25.0,"total":4.0}},"NMDA Antagonists":{"Conferences":{"raw":1.0,"perc":25.0,"total":4.0},"OBE":{"raw":1.0,"perc":25.0,"total":4.0},"Mindfulness":{"raw":1.0,"perc":25.0,"total":4.0},"Meditation":{"raw":1.0,"perc":25.0,"total":4.0}},"Pharms - Atomoxetine":{"Dreams":{"raw":1.0,"perc":100.0,"total":1.0}},"Benzodiazepines":{"Police / Customs":{"raw":1.0,"perc":50.0,"total":2.0},"Dreams":{"raw":1.0,"perc":50.0,"total":2.0}},"Pharms - Alprazolam":{"Police / Customs":{"raw":1.0,"perc":50.0,"total":2.0},"Dreams":{"raw":1.0,"perc":50.0,"total":2.0}},"Pharms - Diazepam":{"Police / Customs":{"raw":1.0,"perc":100.0,"total":1.0}},"Amanitas":{"Meditation":{"raw":1.0,"perc":33.333333333333329,"total":3.0},"Dreams":{"raw":1.0,"perc":33.333333333333329,"total":3.0},"Sweating":{"raw":1.0,"perc":33.333333333333329,"total":3.0}},"Hydromorphone":{"Dreams":{"raw":1.0,"perc":100.0,"total":1.0}},"Calamus":{"Dreams":{"raw":1.0,"perc":100.0,"total":1.0}},"Cocaine":{"Drug Testing":{"raw":1.0,"perc":100.0,"total":1.0}},"Brugmansia":{"Police / Customs":{"raw":2.0,"perc":100.0,"total":2.0}},"Pharms - Mirtazapine":{"Dreams":{"raw":5.0,"perc":100.0,"total":5.0}},"Voacanga africana":{"Dreams":{"raw":1.0,"perc":100.0,"total":1.0}},"Stipa robusta":{"OBE":{"raw":1.0,"perc":100.0,"total":1.0}},"Chamomile":{"Conferences":{"raw":1.0,"perc":100.0,"total":1.0}},"Passion Flower":{"Conferences":{"raw":1.0,"perc":16.666666666666664,"total":6.0},"Meditation":{"raw":1.0,"perc":16.666666666666664,"total":6.0},"Dreams":{"raw":3.0,"perc":50.0,"total":6.0},"Sweating":{"raw":1.0,"perc":16.666666666666664,"total":6.0}},"Pharms - Phenytoin":{"Dreams":{"raw":1.0,"perc":100.0,"total":1.0}},"Pharms - Zopiclone":{"Dreams":{"raw":2.0,"perc":100.0,"total":2.0}},"Sceletium tortuosum":{"Dreams":{"raw":1.0,"perc":100.0,"total":1.0}},"2C-T-2":{"Meditation":{"raw":1.0,"perc":100.0,"total":1.0}},"Wormwood":{"Dreams":{"raw":2.0,"perc":100.0,"total":2.0}},"Leonotis leonurus":{"Meditation":{"raw":1.0,"perc":50.0,"total":2.0},"Dreams":{"raw":1.0,"perc":50.0,"total":2.0}},"Pharms - Escitalopram":{"Dreams":{"raw":1.0,"perc":100.0,"total":1.0}},"Pharms - Fluoxetine":{"Dreams":{"raw":1.0,"perc":100.0,"total":1.0}},"Scopolamine":{"Police / Customs":{"raw":1.0,"perc":100.0,"total":1.0}},"DOC":{"Meditation":{"raw":1.0,"perc":100.0,"total":1.0}},"LSA":{"Ritual":{"raw":1.0,"perc":50.0,"total":2.0},"Yoga / Bodywork":{"raw":1.0,"perc":50.0,"total":2.0}},"Mimosa spp.":{"Yoga / Bodywork":{"raw":1.0,"perc":100.0,"total":1.0}},"Moclobemide":{"Yoga / Bodywork":{"raw":1.0,"perc":100.0,"total":1.0}},"Piperazines":{"Meditation":{"raw":1.0,"perc":50.0,"total":2.0},"Sleep Deprivation":{"raw":1.0,"perc":50.0,"total":2.0}},"Carbogen":{"Breathing":{"raw":1.0,"perc":50.0,"total":2.0},"Hyperventilation":{"raw":1.0,"perc":50.0,"total":2.0}},"DOM":{"Dreams":{"raw":1.0,"perc":50.0,"total":2.0},"Fasting":{"raw":1.0,"perc":50.0,"total":2.0}},"Ginkgo biloba":{"Dreams":{"raw":1.0,"perc":100.0,"total":1.0}},"4-HO-DiPT":{"Dreams":{"raw":1.0,"perc":100.0,"total":1.0}},"Pharms - Zolpidem":{"Police / Customs":{"raw":1.0,"perc":100.0,"total":1.0}},"2C-B":{"OBE":{"raw":1.0,"perc":50.0,"total":2.0},"Music":{"raw":1.0,"perc":50.0,"total":2.0}},"Anadenanthera spp.":{"Ritual":{"raw":1.0,"perc":100.0,"total":1.0}},"Acetaminophen":{"Music":{"raw":1.0,"perc":100.0,"total":1.0}},"DOI":{"Meditation":{"raw":1.0,"perc":100.0,"total":1.0}},"Cheese - Blue":{"Dreams":{"raw":2.0,"perc":66.666666666666657,"total":3.0},"Humor":{"raw":1.0,"perc":33.333333333333329,"total":3.0}},"Silene capensis":{"Dreams":{"raw":12.0,"perc":100.0,"total":12.0}},"Modafinil":{"OBE":{"raw":1.0,"perc":50.0,"total":2.0},"Sleep Deprivation":{"raw":1.0,"perc":50.0,"total":2.0}},"Pharms - Aripiprazole":{"Endogenous":{"raw":1.0,"perc":100.0,"total":1.0}},"MDPV":{"Drug Testing":{"raw":1.0,"perc":100.0,"total":1.0}},"Pharms - Methylphenidate":{"Sleep Deprivation":{"raw":1.0,"perc":100.0,"total":1.0}},"2C-D":{"Police / Customs":{"raw":1.0,"perc":100.0,"total":1.0}},"AB-FUBINACA":{"Drug Testing":{"raw":1.0,"perc":100.0,"total":1.0}},"Products - Spice and Synthetic Cannabinoids":{"Drug Testing":{"raw":1.0,"perc":100.0,"total":1.0}},"4-MeO-PCP":{"Sound (non-music)":{"raw":1.0,"perc":100.0,"total":1.0}},"Products - Bath Salts, Plant Food, etc":{"Sleep Deprivation":{"raw":1.0,"perc":100.0,"total":1.0}},"Vitamins - Choline":{"Dreams":{"raw":1.0,"perc":100.0,"total":1.0}},"Methylone":{"Breathing":{"raw":1.0,"perc":100.0,"total":1.0}},"MDAI":{"Chanting":{"raw":1.0,"perc":100.0,"total":1.0}},"4-AcO-DMT":{"Mindfulness":{"raw":1.0,"perc":100.0,"total":1.0}},"25I-NBOMe":{"OBE":{"raw":1.0,"perc":100.0,"total":1.0}},"NBOMe Series":{"OBE":{"raw":1.0,"perc":100.0,"total":1.0}},"Entada rheedii":{"Dreams":{"raw":1.0,"perc":100.0,"total":1.0}},"Oxygen":{"Breathing":{"raw":1.0,"perc":50.0,"total":2.0},"Hyperventilation":{"raw":1.0,"perc":50.0,"total":2.0}},"3F-Phenmetrazine":{"Sleep Deprivation":{"raw":1.0,"perc":100.0,"total":1.0}},"Prazosin":{"Dreams":{"raw":1.0,"perc":100.0,"total":1.0}}},"Unknown Context":{"Opiates":{"Drug Testing":{"raw":1.0,"perc":100.0,"total":1.0}},"Poppies - Opium":{"Drug Testing":{"raw":1.0,"perc":100.0,"total":1.0}},"MDMA":{"Migraines":{"raw":3.0,"perc":42.857142857142854,"total":7.0},"Dreams":{"raw":2.0,"perc":28.571428571428569,"total":7.0},"Yoga / Bodywork":{"raw":1.0,"perc":14.285714285714285,"total":7.0},"Meditation":{"raw":1.0,"perc":14.285714285714285,"total":7.0}},"Stimulants":{"Migraines":{"raw":3.0,"perc":42.857142857142854,"total":7.0},"Dreams":{"raw":2.0,"perc":28.571428571428569,"total":7.0},"Yoga / Bodywork":{"raw":1.0,"perc":14.285714285714285,"total":7.0},"Meditation":{"raw":1.0,"perc":14.285714285714285,"total":7.0}},"Piperazines":{"Drug Testing":{"raw":1.0,"perc":100.0,"total":1.0}},"DXM":{"Drug Testing":{"raw":8.0,"perc":80.0,"total":10.0},"Endogenous":{"raw":2.0,"perc":20.0,"total":10.0}},"2C-T-7":{"Migraines":{"raw":1.0,"perc":50.0,"total":2.0},"Police / Customs":{"raw":1.0,"perc":50.0,"total":2.0}},"Morning Glory":{"Migraines":{"raw":1.0,"perc":100.0,"total":1.0}},"Mushrooms":{"Migraines":{"raw":5.0,"perc":100.0,"total":5.0}},"Phenethylamine":{"Migraines":{"raw":1.0,"perc":25.0,"total":4.0},"Police / Customs":{"raw":1.0,"perc":25.0,"total":4.0},"Sleep Deprivation":{"raw":1.0,"perc":25.0,"total":4.0},"Drug Testing":{"raw":1.0,"perc":25.0,"total":4.0}},"Banisteriopsis caapi":{"Dreams":{"raw":1.0,"perc":100.0,"total":1.0}},"Harmala Alkaloids":{"Dreams":{"raw":1.0,"perc":100.0,"total":1.0}},"Mimosa spp.":{"Dreams":{"raw":1.0,"perc":100.0,"total":1.0}},"Chlorpheniramine Maleate":{"Drug Testing":{"raw":1.0,"perc":100.0,"total":1.0}},"Heimia salicifolia":{"Dreams":{"raw":1.0,"perc":100.0,"total":1.0}},"2C-I":{"Devices":{"raw":1.0,"perc":50.0,"total":2.0},"Devices - Mind Machine":{"raw":1.0,"perc":50.0,"total":2.0}},"Pharms - Butorphanol":{"Dreams":{"raw":1.0,"perc":100.0,"total":1.0}},"Pharms - Carisoprodol":{"Migraines":{"raw":1.0,"perc":100.0,"total":1.0}},"Cannabis":{"Drug Testing":{"raw":2.0,"perc":100.0,"total":2.0}},"Cocaine":{"Drug Testing":{"raw":1.0,"perc":100.0,"total":1.0}},"2C-G-N":{"Sleep Deprivation":{"raw":1.0,"perc":100.0,"total":1.0}},"2C-E":{"Drug Testing":{"raw":1.0,"perc":100.0,"total":1.0}},"Pharms - Olanzapine":{"Migraines":{"raw":1.0,"perc":100.0,"total":1.0}},"4-Methylmethcathinone":{"Sleep Deprivation":{"raw":2.0,"perc":100.0,"total":2.0}}},"Small Group (2-9)":{"Cannabis":{"Ritual":{"raw":1.0,"perc":3.4482758620689653,"total":29.0},"Police / Customs":{"raw":11.0,"perc":37.931034482758619,"total":29.0},"Meditation":{"raw":4.0,"perc":13.793103448275861,"total":29.0},"OBE":{"raw":5.0,"perc":17.241379310344829,"total":29.0},"Endogenous":{"raw":3.0,"perc":10.344827586206897,"total":29.0},"Sleep Deprivation":{"raw":3.0,"perc":10.344827586206897,"total":29.0},"Mindfulness":{"raw":1.0,"perc":3.4482758620689653,"total":29.0},"Drug Testing":{"raw":1.0,"perc":3.4482758620689653,"total":29.0}},"MDMA":{"Ritual":{"raw":1.0,"perc":6.666666666666667,"total":15.0},"Meditation":{"raw":2.0,"perc":13.333333333333334,"total":15.0},"Yoga / Bodywork":{"raw":3.0,"perc":20.0,"total":15.0},"Police / Customs":{"raw":2.0,"perc":13.333333333333334,"total":15.0},"Sleep Deprivation":{"raw":2.0,"perc":13.333333333333334,"total":15.0},"Devices":{"raw":2.0,"perc":13.333333333333334,"total":15.0},"Devices - Mind Machine":{"raw":1.0,"perc":6.666666666666667,"total":15.0},"Migraines":{"raw":1.0,"perc":6.666666666666667,"total":15.0},"OBE":{"raw":1.0,"perc":6.666666666666667,"total":15.0}},"Pharmaceuticals":{"Ritual":{"raw":1.0,"perc":20.0,"total":5.0},"Police / Customs":{"raw":3.0,"perc":60.0,"total":5.0},"Sleep Deprivation":{"raw":1.0,"perc":20.0,"total":5.0}},"Pharms - Sildenafil":{"Ritual":{"raw":1.0,"perc":100.0,"total":1.0}},"Stimulants":{"Ritual":{"raw":1.0,"perc":5.88235294117647,"total":17.0},"Meditation":{"raw":2.0,"perc":11.76470588235294,"total":17.0},"Yoga / Bodywork":{"raw":3.0,"perc":17.647058823529413,"total":17.0},"Police / Customs":{"raw":2.0,"perc":11.76470588235294,"total":17.0},"Sleep Deprivation":{"raw":3.0,"perc":17.647058823529413,"total":17.0},"Devices":{"raw":2.0,"perc":11.76470588235294,"total":17.0},"Devices - Mind Machine":{"raw":1.0,"perc":5.88235294117647,"total":17.0},"Migraines":{"raw":1.0,"perc":5.88235294117647,"total":17.0},"OBE":{"raw":2.0,"perc":11.76470588235294,"total":17.0}},"LSD":{"Endogenous":{"raw":1.0,"perc":3.8461538461538463,"total":26.0},"Police / Customs":{"raw":8.0,"perc":30.76923076923077,"total":26.0},"Yoga / Bodywork":{"raw":4.0,"perc":15.384615384615385,"total":26.0},"Sleep Deprivation":{"raw":2.0,"perc":7.6923076923076925,"total":26.0},"Guiding":{"raw":1.0,"perc":3.8461538461538463,"total":26.0},"Devices":{"raw":2.0,"perc":7.6923076923076925,"total":26.0},"Devices - Mind Machine":{"raw":1.0,"perc":3.8461538461538463,"total":26.0},"Meditation":{"raw":3.0,"perc":11.538461538461538,"total":26.0},"OBE":{"raw":1.0,"perc":3.8461538461538463,"total":26.0},"Dreams":{"raw":1.0,"perc":3.8461538461538463,"total":26.0},"Breathing":{"raw":1.0,"perc":3.8461538461538463,"total":26.0},"Music":{"raw":1.0,"perc":3.8461538461538463,"total":26.0}},"Mushrooms":{"Police / Customs":{"raw":14.0,"perc":46.666666666666664,"total":30.0},"Drug Testing":{"raw":1.0,"perc":3.3333333333333335,"total":30.0},"Sleep Deprivation":{"raw":1.0,"perc":3.3333333333333335,"total":30.0},"Migraines":{"raw":1.0,"perc":3.3333333333333335,"total":30.0},"Yoga / Bodywork":{"raw":3.0,"perc":10.0,"total":30.0},"OBE":{"raw":5.0,"perc":16.666666666666664,"total":30.0},"Ritual":{"raw":2.0,"perc":6.666666666666667,"total":30.0},"Meditation":{"raw":1.0,"perc":3.3333333333333335,"total":30.0},"Humor":{"raw":1.0,"perc":3.3333333333333335,"total":30.0},"Guiding":{"raw":1.0,"perc":3.3333333333333335,"total":30.0}},"Methamphetamine":{"Sleep Deprivation":{"raw":1.0,"perc":50.0,"total":2.0},"Police / Customs":{"raw":1.0,"perc":50.0,"total":2.0}},"Datura":{"Dreams":{"raw":2.0,"perc":33.333333333333329,"total":6.0},"Police / Customs":{"raw":4.0,"perc":66.666666666666657,"total":6.0}},"Salvia divinorum":{"OBE":{"raw":8.0,"perc":50.0,"total":16.0},"Dreams":{"raw":2.0,"perc":12.5,"total":16.0},"Devices":{"raw":1.0,"perc":6.25,"total":16.0},"Meditation":{"raw":3.0,"perc":18.75,"total":16.0},"Mindfulness":{"raw":1.0,"perc":6.25,"total":16.0},"Yoga / Bodywork":{"raw":1.0,"perc":6.25,"total":16.0}},"Nitrous Oxide":{"Meditation":{"raw":1.0,"perc":20.0,"total":5.0},"OBE":{"raw":2.0,"perc":40.0,"total":5.0},"Breathing":{"raw":1.0,"perc":20.0,"total":5.0},"Hyperventilation":{"raw":1.0,"perc":20.0,"total":5.0}},"Alcohol":{"Police / Customs":{"raw":3.0,"perc":60.0,"total":5.0},"Meditation":{"raw":1.0,"perc":20.0,"total":5.0},"Dreams":{"raw":1.0,"perc":20.0,"total":5.0}},"Ketamine":{"Police / Customs":{"raw":1.0,"perc":50.0,"total":2.0},"OBE":{"raw":1.0,"perc":50.0,"total":2.0}},"NMDA Antagonists":{"Police / Customs":{"raw":1.0,"perc":50.0,"total":2.0},"OBE":{"raw":1.0,"perc":50.0,"total":2.0}},"Opiates":{"Police / Customs":{"raw":2.0,"perc":66.666666666666657,"total":3.0},"Endogenous":{"raw":1.0,"perc":33.333333333333329,"total":3.0}},"Opium":{"Police / Customs":{"raw":1.0,"perc":100.0,"total":1.0}},"Thujone":{"Meditation":{"raw":1.0,"perc":100.0,"total":1.0}},"Dimenhydrinate":{"Police / Customs":{"raw":2.0,"perc":100.0,"total":2.0}},"Ayahuasca":{"Yoga / Bodywork":{"raw":1.0,"perc":50.0,"total":2.0},"Meditation":{"raw":1.0,"perc":50.0,"total":2.0}},"Lactuca spp.":{"Police / Customs":{"raw":1.0,"perc":100.0,"total":1.0}},"2C-B":{"OBE":{"raw":1.0,"perc":25.0,"total":4.0},"Police / Customs":{"raw":1.0,"perc":25.0,"total":4.0},"Meditation":{"raw":2.0,"perc":50.0,"total":4.0}},"Phenethylamine":{"OBE":{"raw":1.0,"perc":20.0,"total":5.0},"Police / Customs":{"raw":1.0,"perc":20.0,"total":5.0},"Meditation":{"raw":2.0,"perc":40.0,"total":5.0},"Yoga / Bodywork":{"raw":1.0,"perc":20.0,"total":5.0}},"5-MeO-DMT":{"Ritual":{"raw":1.0,"perc":33.333333333333329,"total":3.0},"Meditation":{"raw":1.0,"perc":33.333333333333329,"total":3.0},"Police / Customs":{"raw":1.0,"perc":33.333333333333329,"total":3.0}},"Banisteriopsis caapi":{"Police / Customs":{"raw":1.0,"perc":50.0,"total":2.0},"Dreams":{"raw":1.0,"perc":50.0,"total":2.0}},"Harmala Alkaloids":{"Police / Customs":{"raw":1.0,"perc":25.0,"total":4.0},"Dreams":{"raw":3.0,"perc":75.0,"total":4.0}},"Anadenanthera spp.":{"OBE":{"raw":1.0,"perc":100.0,"total":1.0}},"5-MeO-DiPT":{"Dreams":{"raw":1.0,"perc":50.0,"total":2.0},"OBE":{"raw":1.0,"perc":50.0,"total":2.0}},"Benzodiazepines":{"Police / Customs":{"raw":2.0,"perc":100.0,"total":2.0}},"Pharms - Alprazolam":{"Police / Customs":{"raw":2.0,"perc":100.0,"total":2.0}},"H.B. Woodrose":{"Ritual":{"raw":1.0,"perc":100.0,"total":1.0}},"Melatonin":{"Dreams":{"raw":3.0,"perc":100.0,"total":3.0}},"Valerian":{"Dreams":{"raw":3.0,"perc":100.0,"total":3.0}},"Vitamin B-6":{"Dreams":{"raw":1.0,"perc":100.0,"total":1.0}},"AMT":{"Police / Customs":{"raw":3.0,"perc":100.0,"total":3.0}},"Amanitas":{"Ritual":{"raw":1.0,"perc":33.333333333333329,"total":3.0},"Meditation":{"raw":1.0,"perc":33.333333333333329,"total":3.0},"Sleep Deprivation":{"raw":1.0,"perc":33.333333333333329,"total":3.0}},"2C-I":{"Dreams":{"raw":1.0,"perc":50.0,"total":2.0},"OBE":{"raw":1.0,"perc":50.0,"total":2.0}},"Amphetamines":{"Sleep Deprivation":{"raw":2.0,"perc":66.666666666666657,"total":3.0},"OBE":{"raw":1.0,"perc":33.333333333333329,"total":3.0}},"Nutmeg":{"Meditation":{"raw":1.0,"perc":100.0,"total":1.0}},"Calea zacatechichi":{"Dreams":{"raw":3.0,"perc":75.0,"total":4.0},"Meditation":{"raw":1.0,"perc":25.0,"total":4.0}},"Pharms - Lorazepam":{"Sleep Deprivation":{"raw":1.0,"perc":100.0,"total":1.0}},"Lobelia spp.":{"Meditation":{"raw":1.0,"perc":100.0,"total":1.0}},"Mescaline":{"OBE":{"raw":1.0,"perc":100.0,"total":1.0}},"Diphenhydramine":{"Police / Customs":{"raw":1.0,"perc":100.0,"total":1.0}},"Chlorpheniramine Maleate":{"Police / Customs":{"raw":1.0,"perc":100.0,"total":1.0}},"DXM":{"Police / Customs":{"raw":1.0,"perc":16.666666666666664,"total":6.0},"OBE":{"raw":1.0,"perc":16.666666666666664,"total":6.0},"Drug Testing":{"raw":3.0,"perc":50.0,"total":6.0},"Fasting":{"raw":1.0,"perc":16.666666666666664,"total":6.0}},"Inhalants":{"OBE":{"raw":1.0,"perc":100.0,"total":1.0}},"Coleus":{"Dreams":{"raw":1.0,"perc":100.0,"total":1.0}},"Brugmansia":{"Police / Customs":{"raw":2.0,"perc":66.666666666666657,"total":3.0},"Dreams":{"raw":1.0,"perc":33.333333333333329,"total":3.0}},"Modafinil":{"Sleep Deprivation":{"raw":1.0,"perc":100.0,"total":1.0}},"Tobacco":{"Sleep Deprivation":{"raw":1.0,"perc":100.0,"total":1.0}},"Morning Glory":{"Ritual":{"raw":1.0,"perc":100.0,"total":1.0}},"Passion Flower":{"Dreams":{"raw":2.0,"perc":100.0,"total":2.0}},"LSA":{"Sleep Deprivation":{"raw":1.0,"perc":50.0,"total":2.0},"Yoga / Bodywork":{"raw":1.0,"perc":50.0,"total":2.0}},"4-AcO-DiPT":{"OBE":{"raw":1.0,"perc":100.0,"total":1.0}},"Pharms - Fentanyl":{"Migraines":{"raw":1.0,"perc":100.0,"total":1.0}},"2C-T-2":{"OBE":{"raw":1.0,"perc":100.0,"total":1.0}},"Piperazines":{"Meditation":{"raw":1.0,"perc":50.0,"total":2.0},"Migraines":{"raw":1.0,"perc":50.0,"total":2.0}},"Piperazines - pFPP":{"Meditation":{"raw":1.0,"perc":100.0,"total":1.0}},"DPT":{"Meditation":{"raw":1.0,"perc":100.0,"total":1.0}},"DET":{"OBE":{"raw":1.0,"perc":100.0,"total":1.0}},"Carbogen":{"Breathing":{"raw":3.0,"perc":100.0,"total":3.0}},"Mugwort":{"Dreams":{"raw":1.0,"perc":100.0,"total":1.0}},"Opioids":{"Endogenous":{"raw":1.0,"perc":50.0,"total":2.0},"Humor":{"raw":1.0,"perc":50.0,"total":2.0}},"Pharms - Oxycodone":{"Endogenous":{"raw":1.0,"perc":100.0,"total":1.0}},"Pharms - Amitriptyline":{"OBE":{"raw":1.0,"perc":100.0,"total":1.0}},"Acacia":{"Breathing":{"raw":1.0,"perc":50.0,"total":2.0},"Hyperventilation":{"raw":1.0,"perc":50.0,"total":2.0}},"DMT":{"Breathing":{"raw":1.0,"perc":25.0,"total":4.0},"Hyperventilation":{"raw":1.0,"perc":25.0,"total":4.0},"Dreams":{"raw":1.0,"perc":25.0,"total":4.0},"Meditation":{"raw":1.0,"perc":25.0,"total":4.0}},"Kava":{"Dreams":{"raw":1.0,"perc":100.0,"total":1.0}},"Pharms - Clonazepam":{"Police / Customs":{"raw":1.0,"perc":100.0,"total":1.0}},"Hydrocodone":{"Humor":{"raw":1.0,"perc":100.0,"total":1.0}},"Unknown":{"Humor":{"raw":1.0,"perc":100.0,"total":1.0}},"Yohimbe":{"Yoga / Bodywork":{"raw":1.0,"perc":100.0,"total":1.0}},"MDA":{"Migraines":{"raw":1.0,"perc":100.0,"total":1.0}},"Methylone":{"OBE":{"raw":1.0,"perc":100.0,"total":1.0}},"4-Methylmethcathinone":{"Sleep Deprivation":{"raw":1.0,"perc":100.0,"total":1.0}},"Cannabinoid Receptor Agonists":{"Police / Customs":{"raw":1.0,"perc":50.0,"total":2.0},"Conferences":{"raw":1.0,"perc":50.0,"total":2.0}},"JWH-018":{"Police / Customs":{"raw":1.0,"perc":100.0,"total":1.0}},"DOC":{"Police / Customs":{"raw":1.0,"perc":100.0,"total":1.0}},"2C-E":{"Yoga / Bodywork":{"raw":1.0,"perc":100.0,"total":1.0}},"5-MeO-DALT":{"Sleep Deprivation":{"raw":1.0,"perc":100.0,"total":1.0}},"Cocaine":{"Police / Customs":{"raw":1.0,"perc":100.0,"total":1.0}},"Heroin":{"Police / Customs":{"raw":1.0,"perc":100.0,"total":1.0}},"Ibogaine":{"Dreams":{"raw":1.0,"perc":100.0,"total":1.0}},"Tabernanthe iboga":{"Dreams":{"raw":1.0,"perc":50.0,"total":2.0},"Meditation":{"raw":1.0,"perc":50.0,"total":2.0}},"Methoxphenidine":{"OBE":{"raw":1.0,"perc":100.0,"total":1.0}},"25C-NBOMe":{"Police / Customs":{"raw":1.0,"perc":100.0,"total":1.0}},"NBOMe Series":{"Police / Customs":{"raw":1.0,"perc":100.0,"total":1.0}}},"Rave / Dance Event":{"MDMA":{"Ritual":{"raw":1.0,"perc":16.666666666666664,"total":6.0},"Guiding":{"raw":1.0,"perc":16.666666666666664,"total":6.0},"Police / Customs":{"raw":2.0,"perc":33.333333333333329,"total":6.0},"Meditation":{"raw":2.0,"perc":33.333333333333329,"total":6.0}},"Salvia divinorum":{"Ritual":{"raw":1.0,"perc":100.0,"total":1.0}},"Stimulants":{"Ritual":{"raw":1.0,"perc":16.666666666666664,"total":6.0},"Guiding":{"raw":1.0,"perc":16.666666666666664,"total":6.0},"Police / Customs":{"raw":2.0,"perc":33.333333333333329,"total":6.0},"Meditation":{"raw":2.0,"perc":33.333333333333329,"total":6.0}},"LSD":{"Police / Customs":{"raw":3.0,"perc":75.0,"total":4.0},"Guiding":{"raw":1.0,"perc":25.0,"total":4.0}},"Mushrooms":{"Guiding":{"raw":1.0,"perc":100.0,"total":1.0}},"DXM":{"Police / Customs":{"raw":1.0,"perc":100.0,"total":1.0}},"Nitrous Oxide":{"OBE":{"raw":1.0,"perc":100.0,"total":1.0}},"2C-I":{"Dreams":{"raw":1.0,"perc":100.0,"total":1.0}},"Mescaline":{"Police / Customs":{"raw":1.0,"perc":100.0,"total":1.0}},"Methamphetamine":{"Police / Customs":{"raw":1.0,"perc":100.0,"total":1.0}}},"School":{"DXM":{"Police / Customs":{"raw":1.0,"perc":50.0,"total":2.0},"Drug Testing":{"raw":1.0,"perc":50.0,"total":2.0}},"Nitrous Oxide":{"Police / Customs":{"raw":1.0,"perc":100.0,"total":1.0}},"Hydromorphone":{"Drug Testing":{"raw":1.0,"perc":100.0,"total":1.0}},"Opioids":{"Drug Testing":{"raw":2.0,"perc":100.0,"total":2.0}},"Pharms - Oxycodone":{"Drug Testing":{"raw":1.0,"perc":100.0,"total":1.0}}},"Hospital":{"DXM":{"Endogenous":{"raw":1.0,"perc":9.0909090909090917,"total":11.0},"Drug Testing":{"raw":10.0,"perc":90.9090909090909,"total":11.0}},"Melatonin":{"Dreams":{"raw":1.0,"perc":100.0,"total":1.0}},"5-MeO-DiPT":{"Police / Customs":{"raw":1.0,"perc":100.0,"total":1.0}},"Hydromorphone":{"Dreams":{"raw":1.0,"perc":50.0,"total":2.0},"Drug Testing":{"raw":1.0,"perc":50.0,"total":2.0}},"Opioids":{"Dreams":{"raw":1.0,"perc":50.0,"total":2.0},"Drug Testing":{"raw":1.0,"perc":50.0,"total":2.0}},"Heroin":{"Police / Customs":{"raw":1.0,"perc":100.0,"total":1.0}},"Opiates":{"Police / Customs":{"raw":1.0,"perc":100.0,"total":1.0}},"Cannabis":{"Drug Testing":{"raw":1.0,"perc":100.0,"total":1.0}},"Cocaine":{"Drug Testing":{"raw":1.0,"perc":100.0,"total":1.0}},"DMAE":{"Sleep Deprivation":{"raw":1.0,"perc":100.0,"total":1.0}},"GHB":{"Sleep Deprivation":{"raw":1.0,"perc":100.0,"total":1.0}},"Vinpocetine":{"Sleep Deprivation":{"raw":1.0,"perc":100.0,"total":1.0}},"Pharms - Zolpidem":{"Police / Customs":{"raw":1.0,"perc":100.0,"total":1.0}},"Nitrous Oxide":{"Meditation":{"raw":1.0,"perc":100.0,"total":1.0}},"Amphetamines":{"Drug Testing":{"raw":1.0,"perc":100.0,"total":1.0}},"Stimulants":{"Drug Testing":{"raw":1.0,"perc":100.0,"total":1.0}},"Datura":{"Police / Customs":{"raw":2.0,"perc":100.0,"total":2.0}},"Diphenhydramine":{"Drug Testing":{"raw":1.0,"perc":50.0,"total":2.0},"Police / Customs":{"raw":1.0,"perc":50.0,"total":2.0}},"Alcohol":{"Fasting":{"raw":1.0,"perc":100.0,"total":1.0}},"2C-E":{"Police / Customs":{"raw":1.0,"perc":100.0,"total":1.0}},"Phenethylamine":{"Police / Customs":{"raw":2.0,"perc":100.0,"total":2.0}},"Carbogen":{"Breathing":{"raw":1.0,"perc":100.0,"total":1.0}},"Brugmansia":{"Police / Customs":{"raw":1.0,"perc":100.0,"total":1.0}},"2C-P":{"Police / Customs":{"raw":1.0,"perc":100.0,"total":1.0}}},"Not Applicable":{"DXM":{"Drug Testing":{"raw":35.0,"perc":100.0,"total":35.0}},"Opiates":{"Drug Testing":{"raw":5.0,"perc":83.333333333333343,"total":6.0},"Police / Customs":{"raw":1.0,"perc":16.666666666666664,"total":6.0}},"Cocaine":{"Drug Testing":{"raw":3.0,"perc":100.0,"total":3.0}},"Salvia divinorum":{"Police / Customs":{"raw":1.0,"perc":16.666666666666664,"total":6.0},"Dreams":{"raw":4.0,"perc":66.666666666666657,"total":6.0},"OBE":{"raw":1.0,"perc":16.666666666666664,"total":6.0}},"Methamphetamine":{"Police / Customs":{"raw":1.0,"perc":100.0,"total":1.0}},"Adrafinil":{"Drug Testing":{"raw":1.0,"perc":100.0,"total":1.0}},"Morphine":{"Drug Testing":{"raw":1.0,"perc":100.0,"total":1.0}},"Heroin":{"Police / Customs":{"raw":1.0,"perc":100.0,"total":1.0}},"Mushrooms":{"Migraines":{"raw":1.0,"perc":50.0,"total":2.0},"Yoga / Bodywork":{"raw":1.0,"perc":50.0,"total":2.0}},"Cannabis":{"Drug Testing":{"raw":20.0,"perc":90.9090909090909,"total":22.0},"Dreams":{"raw":1.0,"perc":4.5454545454545459,"total":22.0},"Yoga / Bodywork":{"raw":1.0,"perc":4.5454545454545459,"total":22.0}},"Pharms - Venlafaxine":{"Endogenous":{"raw":1.0,"perc":50.0,"total":2.0},"Drug Testing":{"raw":1.0,"perc":50.0,"total":2.0}},"Ginkgo biloba":{"Migraines":{"raw":1.0,"perc":100.0,"total":1.0}},"2C-I":{"Drug Testing":{"raw":2.0,"perc":100.0,"total":2.0}},"5-MeO-DiPT":{"Drug Testing":{"raw":1.0,"perc":100.0,"total":1.0}},"Ayahuasca":{"Dreams":{"raw":1.0,"perc":100.0,"total":1.0}},"Methadone":{"Drug Testing":{"raw":1.0,"perc":100.0,"total":1.0}},"Opioids":{"Drug Testing":{"raw":4.0,"perc":100.0,"total":4.0}},"Pharms - Oxycodone":{"Drug Testing":{"raw":4.0,"perc":100.0,"total":4.0}},"Pharms - Paroxetine":{"Dreams":{"raw":1.0,"perc":100.0,"total":1.0}},"SSRIs":{"Dreams":{"raw":1.0,"perc":100.0,"total":1.0}},"Amphetamines":{"Drug Testing":{"raw":1.0,"perc":25.0,"total":4.0},"Sleep Deprivation":{"raw":3.0,"perc":75.0,"total":4.0}},"Stimulants":{"Drug Testing":{"raw":1.0,"perc":33.333333333333329,"total":3.0},"Sleep Deprivation":{"raw":2.0,"perc":66.666666666666657,"total":3.0}},"Various":{"Drug Testing":{"raw":2.0,"perc":100.0,"total":2.0}},"Kratom":{"Police / Customs":{"raw":1.0,"perc":100.0,"total":1.0}},"Hydrocodone":{"Drug Testing":{"raw":1.0,"perc":100.0,"total":1.0}},"Caffeine":{"Migraines":{"raw":1.0,"perc":100.0,"total":1.0}},"Pharmaceuticals":{"Migraines":{"raw":1.0,"perc":33.333333333333329,"total":3.0},"Endogenous":{"raw":1.0,"perc":33.333333333333329,"total":3.0},"Dreams":{"raw":1.0,"perc":33.333333333333329,"total":3.0}},"Melatonin":{"Dreams":{"raw":1.0,"perc":100.0,"total":1.0}},"2C-B":{"Drug Testing":{"raw":1.0,"perc":100.0,"total":1.0}},"Phenethylamine":{"Drug Testing":{"raw":1.0,"perc":100.0,"total":1.0}},"Tryptophan":{"Sleep Deprivation":{"raw":1.0,"perc":100.0,"total":1.0}},"Pharms - Buprenorphine":{"Dreams":{"raw":1.0,"perc":100.0,"total":1.0}},"Pharms - Zolpidem":{"Drug Testing":{"raw":2.0,"perc":100.0,"total":2.0}},"Benzodiazepines":{"Drug Testing":{"raw":2.0,"perc":66.666666666666657,"total":3.0},"Endogenous":{"raw":1.0,"perc":33.333333333333329,"total":3.0}},"Pharms - Diazepam":{"Drug Testing":{"raw":1.0,"perc":50.0,"total":2.0},"Endogenous":{"raw":1.0,"perc":50.0,"total":2.0}},"Naltrexone":{"Dreams":{"raw":1.0,"perc":100.0,"total":1.0}},"Pharms - Buspirone":{"Drug Testing":{"raw":1.0,"perc":100.0,"total":1.0}},"Banisteriopsis caapi":{"Police / Customs":{"raw":1.0,"perc":100.0,"total":1.0}},"Harmala Alkaloids":{"Police / Customs":{"raw":1.0,"perc":100.0,"total":1.0}},"Psychotria viridis":{"Police / Customs":{"raw":1.0,"perc":100.0,"total":1.0}},"Pharms - Phenytoin":{"Endogenous":{"raw":1.0,"perc":100.0,"total":1.0}},"Diphenhydramine":{"Drug Testing":{"raw":1.0,"perc":100.0,"total":1.0}},"Pharms - Clonazepam":{"Endogenous":{"raw":1.0,"perc":100.0,"total":1.0}},"4-AcO-DMT":{"Police / Customs":{"raw":1.0,"perc":100.0,"total":1.0}},"Lisdexamfetamine":{"Sleep Deprivation":{"raw":1.0,"perc":100.0,"total":1.0}},"H.B. Woodrose":{"Migraines":{"raw":1.0,"perc":100.0,"total":1.0}},"Morning Glory":{"Migraines":{"raw":1.0,"perc":100.0,"total":1.0}},"Turbina corymbosa":{"Migraines":{"raw":1.0,"perc":100.0,"total":1.0}},"Silene capensis":{"Dreams":{"raw":1.0,"perc":100.0,"total":1.0}},"LSD":{"Migraines":{"raw":2.0,"perc":66.666666666666657,"total":3.0},"Yoga / Bodywork":{"raw":1.0,"perc":33.333333333333329,"total":3.0}},"Mugwort":{"Dreams":{"raw":1.0,"perc":100.0,"total":1.0}}},"Large Group (10+)":{"MDMA":{"OBE":{"raw":1.0,"perc":100.0,"total":1.0}},"Nitrous Oxide":{"OBE":{"raw":1.0,"perc":100.0,"total":1.0}},"Stimulants":{"OBE":{"raw":1.0,"perc":100.0,"total":1.0}},"Mushrooms":{"Police / Customs":{"raw":1.0,"perc":100.0,"total":1.0}},"H.B. Woodrose":{"Sleep Deprivation":{"raw":1.0,"perc":100.0,"total":1.0}},"4-AcO-MiPT":{"Breathing":{"raw":1.0,"perc":100.0,"total":1.0}},"Cannabis":{"OBE":{"raw":1.0,"perc":100.0,"total":1.0}},"Carbogen":{"Breathing":{"raw":1.0,"perc":100.0,"total":1.0}}},"Group Ceremony":{"LSD":{"Meditation":{"raw":2.0,"perc":100.0,"total":2.0}},"Peyote":{"Ritual":{"raw":1.0,"perc":50.0,"total":2.0},"Sweating":{"raw":1.0,"perc":50.0,"total":2.0}},"Ayahuasca":{"Ritual":{"raw":9.0,"perc":90.0,"total":10.0},"Meditation":{"raw":1.0,"perc":10.0,"total":10.0}},"Cacti":{"Meditation":{"raw":1.0,"perc":33.333333333333329,"total":3.0},"Ritual":{"raw":1.0,"perc":33.333333333333329,"total":3.0},"Yoga / Bodywork":{"raw":1.0,"perc":33.333333333333329,"total":3.0}},"Banisteriopsis caapi":{"Ritual":{"raw":7.0,"perc":100.0,"total":7.0}},"Harmala Alkaloids":{"Ritual":{"raw":7.0,"perc":100.0,"total":7.0}},"Psychotria viridis":{"Ritual":{"raw":7.0,"perc":100.0,"total":7.0}}},"Club / Bar":{"LSD":{"Police / Customs":{"raw":1.0,"perc":100.0,"total":1.0}}},"Military":{"Opioids":{"Drug Testing":{"raw":1.0,"perc":100.0,"total":1.0}},"Pharms - Oxycodone":{"Drug Testing":{"raw":1.0,"perc":100.0,"total":1.0}}}}