{"Small Group (2-9)":{"Medium":{"First Times":{"raw":1624.0,"perc":21.5470346291628,"total":7537.0},"General":{"raw":1811.0,"perc":24.028127902348416,"total":7537.0},"Music Discussion":{"raw":211.0,"perc":2.7995223563752156,"total":7537.0},"Nature / Outdoors":{"raw":283.0,"perc":3.7548096059440095,"total":7537.0},"Health Problems":{"raw":200.0,"perc":2.65357569324665,"total":7537.0},"Multi-Day Experience":{"raw":46.0,"perc":0.61032240944672955,"total":7537.0},"Mystical Experiences":{"raw":210.0,"perc":2.7862544779089822,"total":7537.0},"Glowing Experiences":{"raw":876.0,"perc":11.622661536420328,"total":7537.0},"Depression":{"raw":45.0,"perc":0.59705453098049621,"total":7537.0},"Sex Discussion":{"raw":196.0,"perc":2.600504179381717,"total":7537.0},"Retrospective / Summary":{"raw":220.0,"perc":2.9189332625713149,"total":7537.0},"Preparation / Recipes":{"raw":126.0,"perc":1.6717526867453893,"total":7537.0},"Entities / Beings":{"raw":153.0,"perc":2.0299854053336874,"total":7537.0},"Difficult Experiences":{"raw":458.0,"perc":6.0766883375348284,"total":7537.0},"Cultivation / Synthesis":{"raw":3.0,"perc":0.039803635398699751,"total":7537.0},"Overdose":{"raw":58.0,"perc":0.76953695104152842,"total":7537.0},"What Was in That?":{"raw":36.0,"perc":0.47764362478439693,"total":7537.0},"Bad Trips":{"raw":108.0,"perc":1.4329308743531908,"total":7537.0},"Guides / Sitters":{"raw":112.0,"perc":1.4860023882181239,"total":7537.0},"Post Trip Problems":{"raw":71.0,"perc":0.94201937110256062,"total":7537.0},"Health Benefits":{"raw":54.0,"perc":0.71646543717659539,"total":7537.0},"Families":{"raw":52.0,"perc":0.68992968024412893,"total":7537.0},"Relationships":{"raw":197.0,"perc":2.61377205784795,"total":7537.0},"HPPD / Lasting Visuals":{"raw":20.0,"perc":0.265357569324665,"total":7537.0},"Second Hand Report":{"raw":45.0,"perc":0.59705453098049621,"total":7537.0},"Poetry":{"raw":7.0,"perc":0.092875149263632745,"total":7537.0},"Hangover / Days After":{"raw":205.0,"perc":2.7199150855778162,"total":7537.0},"Pregnancy / Baby":{"raw":1.0,"perc":0.013267878466233248,"total":7537.0},"Personal Preparation":{"raw":35.0,"perc":0.4643757463181637,"total":7537.0},"Loss of Magic":{"raw":7.0,"perc":0.092875149263632745,"total":7537.0},"Medical Use":{"raw":13.0,"perc":0.17248242006103223,"total":7537.0},"Therapeutic Intent or Outcome":{"raw":50.0,"perc":0.66339392331166247,"total":7537.0},"Performance Enhancement":{"raw":4.0,"perc":0.053071513864932994,"total":7537.0}},"Strong":{"General":{"raw":998.0,"perc":16.958368734069669,"total":5885.0},"First Times":{"raw":885.0,"perc":15.03823279524214,"total":5885.0},"Difficult Experiences":{"raw":846.0,"perc":14.375531011045029,"total":5885.0},"Nature / Outdoors":{"raw":116.0,"perc":1.9711129991503824,"total":5885.0},"Post Trip Problems":{"raw":99.0,"perc":1.6822429906542056,"total":5885.0},"Glowing Experiences":{"raw":523.0,"perc":8.8870008496176727,"total":5885.0},"Mystical Experiences":{"raw":344.0,"perc":5.84536958368734,"total":5885.0},"Health Problems":{"raw":201.0,"perc":3.4154630416312655,"total":5885.0},"Retrospective / Summary":{"raw":97.0,"perc":1.6482582837723025,"total":5885.0},"Bad Trips":{"raw":307.0,"perc":5.2166525063721325,"total":5885.0},"Preparation / Recipes":{"raw":50.0,"perc":0.84961767204757865,"total":5885.0},"Overdose":{"raw":115.0,"perc":1.9541206457094309,"total":5885.0},"Entities / Beings":{"raw":283.0,"perc":4.8088360237892944,"total":5885.0},"What Was in That?":{"raw":49.0,"perc":0.832625318606627,"total":5885.0},"Sex Discussion":{"raw":69.0,"perc":1.1724723874256584,"total":5885.0},"Music Discussion":{"raw":127.0,"perc":2.1580288870008495,"total":5885.0},"Families":{"raw":39.0,"perc":0.66270178419711134,"total":5885.0},"Second Hand Report":{"raw":41.0,"perc":0.69668649107901448,"total":5885.0},"Hangover / Days After":{"raw":178.0,"perc":3.02463891248938,"total":5885.0},"Guides / Sitters":{"raw":155.0,"perc":2.6338147833474936,"total":5885.0},"Multi-Day Experience":{"raw":54.0,"perc":0.91758708581138482,"total":5885.0},"Relationships":{"raw":136.0,"perc":2.3109600679694138,"total":5885.0},"Loss of Magic":{"raw":1.0,"perc":0.016992353440951572,"total":5885.0},"Depression":{"raw":42.0,"perc":0.713678844519966,"total":5885.0},"Personal Preparation":{"raw":28.0,"perc":0.47578589634664403,"total":5885.0},"Health Benefits":{"raw":18.0,"perc":0.30586236193712829,"total":5885.0},"Poetry":{"raw":7.0,"perc":0.11894647408666101,"total":5885.0},"HPPD / Lasting Visuals":{"raw":19.0,"perc":0.32285471537807986,"total":5885.0},"Pregnancy / Baby":{"raw":3.0,"perc":0.05097706032285472,"total":5885.0},"Therapeutic Intent or Outcome":{"raw":49.0,"perc":0.832625318606627,"total":5885.0},"Medical Use":{"raw":5.0,"perc":0.084961767204757857,"total":5885.0},"Video":{"raw":1.0,"perc":0.016992353440951572,"total":5885.0}},"Extreme":{"Bad Trips":{"raw":157.0,"perc":11.002102312543798,"total":1427.0},"Guides / Sitters":{"raw":59.0,"perc":4.1345480028030828,"total":1427.0},"Health Problems":{"raw":128.0,"perc":8.9698668535388926,"total":1427.0},"Overdose":{"raw":131.0,"perc":9.18009810791871,"total":1427.0},"General":{"raw":102.0,"perc":7.1478626489138053,"total":1427.0},"Mystical Experiences":{"raw":77.0,"perc":5.39593552908199,"total":1427.0},"First Times":{"raw":123.0,"perc":8.61948142957253,"total":1427.0},"Difficult Experiences":{"raw":226.0,"perc":15.837421163279608,"total":1427.0},"Glowing Experiences":{"raw":34.0,"perc":2.3826208829712687,"total":1427.0},"Entities / Beings":{"raw":95.0,"perc":6.657323055360898,"total":1427.0},"Post Trip Problems":{"raw":69.0,"perc":4.8353188507358089,"total":1427.0},"Multi-Day Experience":{"raw":16.0,"perc":1.1212333566923616,"total":1427.0},"Depression":{"raw":11.0,"perc":0.77084793272599861,"total":1427.0},"Second Hand Report":{"raw":33.0,"perc":2.3125437981779959,"total":1427.0},"Music Discussion":{"raw":14.0,"perc":0.98107918710581643,"total":1427.0},"What Was in That?":{"raw":13.0,"perc":0.91100210231254386,"total":1427.0},"Retrospective / Summary":{"raw":14.0,"perc":0.98107918710581643,"total":1427.0},"Sex Discussion":{"raw":8.0,"perc":0.56061667834618079,"total":1427.0},"Personal Preparation":{"raw":3.0,"perc":0.21023125437981782,"total":1427.0},"Relationships":{"raw":22.0,"perc":1.5416958654519972,"total":1427.0},"Hangover / Days After":{"raw":43.0,"perc":3.0133146461107216,"total":1427.0},"Nature / Outdoors":{"raw":11.0,"perc":0.77084793272599861,"total":1427.0},"HPPD / Lasting Visuals":{"raw":12.0,"perc":0.84092501751927129,"total":1427.0},"Preparation / Recipes":{"raw":7.0,"perc":0.49053959355290822,"total":1427.0},"Families":{"raw":8.0,"perc":0.56061667834618079,"total":1427.0},"Therapeutic Intent or Outcome":{"raw":8.0,"perc":0.56061667834618079,"total":1427.0},"Poetry":{"raw":2.0,"perc":0.1401541695865452,"total":1427.0},"Performance Enhancement":{"raw":1.0,"perc":0.0700770847932726,"total":1427.0}},"No Effect":{"General":{"raw":23.0,"perc":45.098039215686278,"total":51.0},"Preparation / Recipes":{"raw":1.0,"perc":1.9607843137254901,"total":51.0},"Overdose":{"raw":1.0,"perc":1.9607843137254901,"total":51.0},"Hangover / Days After":{"raw":1.0,"perc":1.9607843137254901,"total":51.0},"First Times":{"raw":15.0,"perc":29.411764705882355,"total":51.0},"What Was in That?":{"raw":4.0,"perc":7.8431372549019605,"total":51.0},"Families":{"raw":1.0,"perc":1.9607843137254901,"total":51.0},"Personal Preparation":{"raw":1.0,"perc":1.9607843137254901,"total":51.0},"Retrospective / Summary":{"raw":3.0,"perc":5.88235294117647,"total":51.0},"Guides / Sitters":{"raw":1.0,"perc":1.9607843137254901,"total":51.0}}},"Unknown Context":{"Medium":{"General":{"raw":528.0,"perc":29.546726357022944,"total":1787.0},"First Times":{"raw":124.0,"perc":6.93900391717963,"total":1787.0},"Retrospective / Summary":{"raw":281.0,"perc":15.724678231673195,"total":1787.0},"Preparation / Recipes":{"raw":98.0,"perc":5.4840514829322888,"total":1787.0},"Nature / Outdoors":{"raw":4.0,"perc":0.22383883603805263,"total":1787.0},"Mystical Experiences":{"raw":28.0,"perc":1.566871852266368,"total":1787.0},"Difficult Experiences":{"raw":54.0,"perc":3.02182428651371,"total":1787.0},"Entities / Beings":{"raw":20.0,"perc":1.119194180190263,"total":1787.0},"Health Problems":{"raw":153.0,"perc":8.561835478455512,"total":1787.0},"Glowing Experiences":{"raw":96.0,"perc":5.3721320649132629,"total":1787.0},"Post Trip Problems":{"raw":63.0,"perc":3.5254616675993287,"total":1787.0},"Depression":{"raw":34.0,"perc":1.9026301063234472,"total":1787.0},"Bad Trips":{"raw":17.0,"perc":0.9513150531617236,"total":1787.0},"Overdose":{"raw":13.0,"perc":0.72747621712367094,"total":1787.0},"Cultivation / Synthesis":{"raw":7.0,"perc":0.391717963066592,"total":1787.0},"Health Benefits":{"raw":54.0,"perc":3.02182428651371,"total":1787.0},"Sex Discussion":{"raw":13.0,"perc":0.72747621712367094,"total":1787.0},"What Was in That?":{"raw":10.0,"perc":0.55959709009513148,"total":1787.0},"Guides / Sitters":{"raw":3.0,"perc":0.16787912702853947,"total":1787.0},"Loss of Magic":{"raw":11.0,"perc":0.61555679910464467,"total":1787.0},"Poetry":{"raw":20.0,"perc":1.119194180190263,"total":1787.0},"Hangover / Days After":{"raw":41.0,"perc":2.2943480693900389,"total":1787.0},"HPPD / Lasting Visuals":{"raw":13.0,"perc":0.72747621712367094,"total":1787.0},"Families":{"raw":2.0,"perc":0.11191941801902631,"total":1787.0},"Second Hand Report":{"raw":13.0,"perc":0.72747621712367094,"total":1787.0},"Personal Preparation":{"raw":5.0,"perc":0.27979854504756574,"total":1787.0},"Medical Use":{"raw":30.0,"perc":1.6787912702853944,"total":1787.0},"Multi-Day Experience":{"raw":9.0,"perc":0.5036373810856184,"total":1787.0},"Relationships":{"raw":5.0,"perc":0.27979854504756574,"total":1787.0},"Music Discussion":{"raw":8.0,"perc":0.44767767207610526,"total":1787.0},"Therapeutic Intent or Outcome":{"raw":23.0,"perc":1.2870733072188025,"total":1787.0},"Performance Enhancement":{"raw":7.0,"perc":0.391717963066592,"total":1787.0}},"No Effect":{"General":{"raw":66.0,"perc":59.45945945945946,"total":111.0},"Preparation / Recipes":{"raw":10.0,"perc":9.00900900900901,"total":111.0},"What Was in That?":{"raw":1.0,"perc":0.90090090090090091,"total":111.0},"First Times":{"raw":12.0,"perc":10.810810810810811,"total":111.0},"Post Trip Problems":{"raw":2.0,"perc":1.8018018018018018,"total":111.0},"Health Problems":{"raw":5.0,"perc":4.5045045045045047,"total":111.0},"Cultivation / Synthesis":{"raw":1.0,"perc":0.90090090090090091,"total":111.0},"Retrospective / Summary":{"raw":7.0,"perc":6.3063063063063058,"total":111.0},"Medical Use":{"raw":5.0,"perc":4.5045045045045047,"total":111.0},"Personal Preparation":{"raw":1.0,"perc":0.90090090090090091,"total":111.0},"Multi-Day Experience":{"raw":1.0,"perc":0.90090090090090091,"total":111.0}},"Strong":{"Difficult Experiences":{"raw":62.0,"perc":12.627291242362526,"total":491.0},"Health Problems":{"raw":37.0,"perc":7.5356415478615073,"total":491.0},"Post Trip Problems":{"raw":17.0,"perc":3.4623217922606928,"total":491.0},"Mystical Experiences":{"raw":25.0,"perc":5.0916496945010188,"total":491.0},"General":{"raw":113.0,"perc":23.014256619144604,"total":491.0},"What Was in That?":{"raw":7.0,"perc":1.4256619144602851,"total":491.0},"Retrospective / Summary":{"raw":42.0,"perc":8.55397148676171,"total":491.0},"Entities / Beings":{"raw":16.0,"perc":3.2586558044806515,"total":491.0},"First Times":{"raw":39.0,"perc":7.9429735234215881,"total":491.0},"Bad Trips":{"raw":21.0,"perc":4.2769857433808554,"total":491.0},"Preparation / Recipes":{"raw":9.0,"perc":1.8329938900203666,"total":491.0},"Glowing Experiences":{"raw":26.0,"perc":5.2953156822810588,"total":491.0},"Overdose":{"raw":21.0,"perc":4.2769857433808554,"total":491.0},"Depression":{"raw":2.0,"perc":0.40733197556008144,"total":491.0},"Cultivation / Synthesis":{"raw":1.0,"perc":0.20366598778004072,"total":491.0},"Personal Preparation":{"raw":2.0,"perc":0.40733197556008144,"total":491.0},"Hangover / Days After":{"raw":16.0,"perc":3.2586558044806515,"total":491.0},"Second Hand Report":{"raw":4.0,"perc":0.81466395112016288,"total":491.0},"Multi-Day Experience":{"raw":7.0,"perc":1.4256619144602851,"total":491.0},"HPPD / Lasting Visuals":{"raw":5.0,"perc":1.0183299389002036,"total":491.0},"Health Benefits":{"raw":2.0,"perc":0.40733197556008144,"total":491.0},"Music Discussion":{"raw":2.0,"perc":0.40733197556008144,"total":491.0},"Poetry":{"raw":2.0,"perc":0.40733197556008144,"total":491.0},"Loss of Magic":{"raw":3.0,"perc":0.61099796334012213,"total":491.0},"Medical Use":{"raw":3.0,"perc":0.61099796334012213,"total":491.0},"Therapeutic Intent or Outcome":{"raw":3.0,"perc":0.61099796334012213,"total":491.0},"Performance Enhancement":{"raw":1.0,"perc":0.20366598778004072,"total":491.0},"Relationships":{"raw":1.0,"perc":0.20366598778004072,"total":491.0},"Sex Discussion":{"raw":1.0,"perc":0.20366598778004072,"total":491.0},"Guides / Sitters":{"raw":1.0,"perc":0.20366598778004072,"total":491.0}},"Extreme":{"Difficult Experiences":{"raw":14.0,"perc":12.727272727272727,"total":110.0},"Mystical Experiences":{"raw":3.0,"perc":2.7272727272727271,"total":110.0},"Overdose":{"raw":16.0,"perc":14.545454545454545,"total":110.0},"Bad Trips":{"raw":10.0,"perc":9.0909090909090917,"total":110.0},"Health Problems":{"raw":30.0,"perc":27.27272727272727,"total":110.0},"Retrospective / Summary":{"raw":2.0,"perc":1.8181818181818181,"total":110.0},"Post Trip Problems":{"raw":13.0,"perc":11.818181818181818,"total":110.0},"Second Hand Report":{"raw":9.0,"perc":8.1818181818181817,"total":110.0},"What Was in That?":{"raw":1.0,"perc":0.90909090909090906,"total":110.0},"Entities / Beings":{"raw":1.0,"perc":0.90909090909090906,"total":110.0},"Glowing Experiences":{"raw":1.0,"perc":0.90909090909090906,"total":110.0},"Hangover / Days After":{"raw":4.0,"perc":3.6363636363636362,"total":110.0},"Multi-Day Experience":{"raw":4.0,"perc":3.6363636363636362,"total":110.0},"General":{"raw":2.0,"perc":1.8181818181818181,"total":110.0}}},"Festival / Lg. Crowd":{"Strong":{"General":{"raw":48.0,"perc":20.960698689956331,"total":229.0},"First Times":{"raw":23.0,"perc":10.043668122270741,"total":229.0},"Difficult Experiences":{"raw":34.0,"perc":14.847161572052403,"total":229.0},"Health Problems":{"raw":8.0,"perc":3.4934497816593884,"total":229.0},"Mystical Experiences":{"raw":20.0,"perc":8.73362445414847,"total":229.0},"Overdose":{"raw":6.0,"perc":2.6200873362445414,"total":229.0},"Retrospective / Summary":{"raw":6.0,"perc":2.6200873362445414,"total":229.0},"Post Trip Problems":{"raw":2.0,"perc":0.87336244541484709,"total":229.0},"Music Discussion":{"raw":12.0,"perc":5.2401746724890828,"total":229.0},"What Was in That?":{"raw":6.0,"perc":2.6200873362445414,"total":229.0},"Bad Trips":{"raw":7.0,"perc":3.0567685589519651,"total":229.0},"Glowing Experiences":{"raw":21.0,"perc":9.1703056768558966,"total":229.0},"Nature / Outdoors":{"raw":7.0,"perc":3.0567685589519651,"total":229.0},"Entities / Beings":{"raw":7.0,"perc":3.0567685589519651,"total":229.0},"Guides / Sitters":{"raw":1.0,"perc":0.43668122270742354,"total":229.0},"Multi-Day Experience":{"raw":5.0,"perc":2.1834061135371177,"total":229.0},"Relationships":{"raw":2.0,"perc":0.87336244541484709,"total":229.0},"Health Benefits":{"raw":1.0,"perc":0.43668122270742354,"total":229.0},"Depression":{"raw":2.0,"perc":0.87336244541484709,"total":229.0},"Hangover / Days After":{"raw":4.0,"perc":1.7467248908296942,"total":229.0},"Loss of Magic":{"raw":1.0,"perc":0.43668122270742354,"total":229.0},"Therapeutic Intent or Outcome":{"raw":2.0,"perc":0.87336244541484709,"total":229.0},"Preparation / Recipes":{"raw":1.0,"perc":0.43668122270742354,"total":229.0},"HPPD / Lasting Visuals":{"raw":1.0,"perc":0.43668122270742354,"total":229.0},"Cultivation / Synthesis":{"raw":1.0,"perc":0.43668122270742354,"total":229.0},"Sex Discussion":{"raw":1.0,"perc":0.43668122270742354,"total":229.0}},"Medium":{"First Times":{"raw":63.0,"perc":18.367346938775512,"total":343.0},"General":{"raw":85.0,"perc":24.781341107871722,"total":343.0},"Glowing Experiences":{"raw":68.0,"perc":19.825072886297377,"total":343.0},"Difficult Experiences":{"raw":23.0,"perc":6.7055393586005829,"total":343.0},"Music Discussion":{"raw":22.0,"perc":6.41399416909621,"total":343.0},"Mystical Experiences":{"raw":13.0,"perc":3.7900874635568513,"total":343.0},"Multi-Day Experience":{"raw":8.0,"perc":2.3323615160349855,"total":343.0},"Bad Trips":{"raw":3.0,"perc":0.87463556851311952,"total":343.0},"Preparation / Recipes":{"raw":4.0,"perc":1.1661807580174928,"total":343.0},"Nature / Outdoors":{"raw":11.0,"perc":3.2069970845481048,"total":343.0},"Guides / Sitters":{"raw":1.0,"perc":0.29154518950437319,"total":343.0},"Health Problems":{"raw":6.0,"perc":1.749271137026239,"total":343.0},"Health Benefits":{"raw":1.0,"perc":0.29154518950437319,"total":343.0},"Sex Discussion":{"raw":5.0,"perc":1.4577259475218658,"total":343.0},"Hangover / Days After":{"raw":5.0,"perc":1.4577259475218658,"total":343.0},"Second Hand Report":{"raw":3.0,"perc":0.87463556851311952,"total":343.0},"Relationships":{"raw":7.0,"perc":2.0408163265306123,"total":343.0},"Retrospective / Summary":{"raw":5.0,"perc":1.4577259475218658,"total":343.0},"What Was in That?":{"raw":1.0,"perc":0.29154518950437319,"total":343.0},"Personal Preparation":{"raw":3.0,"perc":0.87463556851311952,"total":343.0},"Post Trip Problems":{"raw":2.0,"perc":0.58309037900874638,"total":343.0},"Families":{"raw":1.0,"perc":0.29154518950437319,"total":343.0},"Therapeutic Intent or Outcome":{"raw":2.0,"perc":0.58309037900874638,"total":343.0},"Entities / Beings":{"raw":1.0,"perc":0.29154518950437319,"total":343.0}},"Extreme":{"Entities / Beings":{"raw":2.0,"perc":5.4054054054054053,"total":37.0},"General":{"raw":3.0,"perc":8.1081081081081088,"total":37.0},"First Times":{"raw":3.0,"perc":8.1081081081081088,"total":37.0},"Bad Trips":{"raw":3.0,"perc":8.1081081081081088,"total":37.0},"Glowing Experiences":{"raw":2.0,"perc":5.4054054054054053,"total":37.0},"Music Discussion":{"raw":2.0,"perc":5.4054054054054053,"total":37.0},"Difficult Experiences":{"raw":7.0,"perc":18.918918918918919,"total":37.0},"Guides / Sitters":{"raw":3.0,"perc":8.1081081081081088,"total":37.0},"Relationships":{"raw":2.0,"perc":5.4054054054054053,"total":37.0},"Health Problems":{"raw":2.0,"perc":5.4054054054054053,"total":37.0},"Second Hand Report":{"raw":1.0,"perc":2.7027027027027026,"total":37.0},"Mystical Experiences":{"raw":3.0,"perc":8.1081081081081088,"total":37.0},"Multi-Day Experience":{"raw":1.0,"perc":2.7027027027027026,"total":37.0},"Hangover / Days After":{"raw":3.0,"perc":8.1081081081081088,"total":37.0}},"No Effect":{"Glowing Experiences":{"raw":1.0,"perc":50.0,"total":2.0},"General":{"raw":1.0,"perc":50.0,"total":2.0}}},"Rave / Dance Event":{"Medium":{"First Times":{"raw":52.0,"perc":16.1993769470405,"total":321.0},"Glowing Experiences":{"raw":62.0,"perc":19.314641744548286,"total":321.0},"Health Problems":{"raw":10.0,"perc":3.1152647975077881,"total":321.0},"Post Trip Problems":{"raw":17.0,"perc":5.29595015576324,"total":321.0},"General":{"raw":50.0,"perc":15.57632398753894,"total":321.0},"What Was in That?":{"raw":9.0,"perc":2.8037383177570092,"total":321.0},"Bad Trips":{"raw":9.0,"perc":2.8037383177570092,"total":321.0},"Second Hand Report":{"raw":2.0,"perc":0.62305295950155759,"total":321.0},"Difficult Experiences":{"raw":25.0,"perc":7.78816199376947,"total":321.0},"Depression":{"raw":5.0,"perc":1.557632398753894,"total":321.0},"Entities / Beings":{"raw":2.0,"perc":0.62305295950155759,"total":321.0},"Retrospective / Summary":{"raw":14.0,"perc":4.361370716510903,"total":321.0},"Sex Discussion":{"raw":3.0,"perc":0.93457943925233633,"total":321.0},"HPPD / Lasting Visuals":{"raw":1.0,"perc":0.3115264797507788,"total":321.0},"Mystical Experiences":{"raw":7.0,"perc":2.1806853582554515,"total":321.0},"Music Discussion":{"raw":7.0,"perc":2.1806853582554515,"total":321.0},"Poetry":{"raw":2.0,"perc":0.62305295950155759,"total":321.0},"Hangover / Days After":{"raw":14.0,"perc":4.361370716510903,"total":321.0},"Relationships":{"raw":11.0,"perc":3.4267912772585665,"total":321.0},"Guides / Sitters":{"raw":1.0,"perc":0.3115264797507788,"total":321.0},"Loss of Magic":{"raw":6.0,"perc":1.8691588785046727,"total":321.0},"Nature / Outdoors":{"raw":6.0,"perc":1.8691588785046727,"total":321.0},"Multi-Day Experience":{"raw":2.0,"perc":0.62305295950155759,"total":321.0},"Preparation / Recipes":{"raw":2.0,"perc":0.62305295950155759,"total":321.0},"Overdose":{"raw":1.0,"perc":0.3115264797507788,"total":321.0},"Health Benefits":{"raw":1.0,"perc":0.3115264797507788,"total":321.0}},"Strong":{"First Times":{"raw":32.0,"perc":16.410256410256409,"total":195.0},"Glowing Experiences":{"raw":31.0,"perc":15.897435897435896,"total":195.0},"Difficult Experiences":{"raw":24.0,"perc":12.307692307692308,"total":195.0},"Music Discussion":{"raw":7.0,"perc":3.5897435897435894,"total":195.0},"Health Problems":{"raw":12.0,"perc":6.1538461538461542,"total":195.0},"Bad Trips":{"raw":9.0,"perc":4.6153846153846159,"total":195.0},"Post Trip Problems":{"raw":6.0,"perc":3.0769230769230771,"total":195.0},"Multi-Day Experience":{"raw":3.0,"perc":1.5384615384615385,"total":195.0},"What Was in That?":{"raw":4.0,"perc":2.0512820512820511,"total":195.0},"Overdose":{"raw":7.0,"perc":3.5897435897435894,"total":195.0},"Nature / Outdoors":{"raw":4.0,"perc":2.0512820512820511,"total":195.0},"Sex Discussion":{"raw":2.0,"perc":1.0256410256410255,"total":195.0},"General":{"raw":21.0,"perc":10.76923076923077,"total":195.0},"Families":{"raw":1.0,"perc":0.51282051282051277,"total":195.0},"Mystical Experiences":{"raw":3.0,"perc":1.5384615384615385,"total":195.0},"Hangover / Days After":{"raw":7.0,"perc":3.5897435897435894,"total":195.0},"Retrospective / Summary":{"raw":4.0,"perc":2.0512820512820511,"total":195.0},"Health Benefits":{"raw":1.0,"perc":0.51282051282051277,"total":195.0},"Personal Preparation":{"raw":1.0,"perc":0.51282051282051277,"total":195.0},"Guides / Sitters":{"raw":2.0,"perc":1.0256410256410255,"total":195.0},"Relationships":{"raw":5.0,"perc":2.5641025641025639,"total":195.0},"Second Hand Report":{"raw":2.0,"perc":1.0256410256410255,"total":195.0},"Loss of Magic":{"raw":1.0,"perc":0.51282051282051277,"total":195.0},"Depression":{"raw":2.0,"perc":1.0256410256410255,"total":195.0},"Entities / Beings":{"raw":1.0,"perc":0.51282051282051277,"total":195.0},"Therapeutic Intent or Outcome":{"raw":3.0,"perc":1.5384615384615385,"total":195.0}},"Extreme":{"First Times":{"raw":2.0,"perc":6.25,"total":32.0},"Bad Trips":{"raw":4.0,"perc":12.5,"total":32.0},"Difficult Experiences":{"raw":4.0,"perc":12.5,"total":32.0},"Second Hand Report":{"raw":3.0,"perc":9.375,"total":32.0},"Mystical Experiences":{"raw":1.0,"perc":3.125,"total":32.0},"Post Trip Problems":{"raw":3.0,"perc":9.375,"total":32.0},"General":{"raw":1.0,"perc":3.125,"total":32.0},"Overdose":{"raw":5.0,"perc":15.625,"total":32.0},"Health Problems":{"raw":5.0,"perc":15.625,"total":32.0},"Entities / Beings":{"raw":1.0,"perc":3.125,"total":32.0},"Music Discussion":{"raw":1.0,"perc":3.125,"total":32.0},"Hangover / Days After":{"raw":1.0,"perc":3.125,"total":32.0},"Glowing Experiences":{"raw":1.0,"perc":3.125,"total":32.0}}},"Alone":{"Medium":{"General":{"raw":1635.0,"perc":26.86493591850148,"total":6086.0},"Nature / Outdoors":{"raw":92.0,"perc":1.511666118961551,"total":6086.0},"Retrospective / Summary":{"raw":300.0,"perc":4.9293460400920139,"total":6086.0},"Glowing Experiences":{"raw":577.0,"perc":9.4807755504436422,"total":6086.0},"Mystical Experiences":{"raw":160.0,"perc":2.6289845547157409,"total":6086.0},"First Times":{"raw":1173.0,"perc":19.273743016759777,"total":6086.0},"Entities / Beings":{"raw":195.0,"perc":3.2040749260598091,"total":6086.0},"Health Problems":{"raw":185.0,"perc":3.0397633913900757,"total":6086.0},"Music Discussion":{"raw":216.0,"perc":3.5491291488662506,"total":6086.0},"Bad Trips":{"raw":80.0,"perc":1.3144922773578704,"total":6086.0},"Sex Discussion":{"raw":82.0,"perc":1.3473545842918173,"total":6086.0},"Post Trip Problems":{"raw":53.0,"perc":0.87085113374958922,"total":6086.0},"Difficult Experiences":{"raw":334.0,"perc":5.4880052579691094,"total":6086.0},"Overdose":{"raw":40.0,"perc":0.65724613867893522,"total":6086.0},"Preparation / Recipes":{"raw":190.0,"perc":3.1219191587249426,"total":6086.0},"What Was in That?":{"raw":17.0,"perc":0.27932960893854747,"total":6086.0},"Depression":{"raw":71.0,"perc":1.16661189615511,"total":6086.0},"Health Benefits":{"raw":89.0,"perc":1.4623726585606309,"total":6086.0},"Multi-Day Experience":{"raw":55.0,"perc":0.90371344068353587,"total":6086.0},"Guides / Sitters":{"raw":9.0,"perc":0.14788038120276042,"total":6086.0},"Hangover / Days After":{"raw":206.0,"perc":3.3848176141965163,"total":6086.0},"Families":{"raw":13.0,"perc":0.21360499507065397,"total":6086.0},"Loss of Magic":{"raw":3.0,"perc":0.049293460400920149,"total":6086.0},"Personal Preparation":{"raw":46.0,"perc":0.7558330594807755,"total":6086.0},"Poetry":{"raw":9.0,"perc":0.14788038120276042,"total":6086.0},"Medical Use":{"raw":67.0,"perc":1.1008872822872167,"total":6086.0},"Cultivation / Synthesis":{"raw":5.0,"perc":0.0821557673348669,"total":6086.0},"HPPD / Lasting Visuals":{"raw":21.0,"perc":0.34505422280644105,"total":6086.0},"Second Hand Report":{"raw":3.0,"perc":0.049293460400920149,"total":6086.0},"Relationships":{"raw":43.0,"perc":0.70653959907985542,"total":6086.0},"Therapeutic Intent or Outcome":{"raw":98.0,"perc":1.6102530397633912,"total":6086.0},"Performance Enhancement":{"raw":18.0,"perc":0.29576076240552085,"total":6086.0},"Video":{"raw":1.0,"perc":0.016431153466973384,"total":6086.0}},"Strong":{"First Times":{"raw":493.0,"perc":12.686567164179104,"total":3886.0},"General":{"raw":710.0,"perc":18.27071538857437,"total":3886.0},"Mystical Experiences":{"raw":254.0,"perc":6.5362840967575915,"total":3886.0},"Health Problems":{"raw":127.0,"perc":3.2681420483787957,"total":3886.0},"Overdose":{"raw":100.0,"perc":2.5733401955738548,"total":3886.0},"Bad Trips":{"raw":155.0,"perc":3.9886773031394749,"total":3886.0},"Music Discussion":{"raw":97.0,"perc":2.4961399897066392,"total":3886.0},"Difficult Experiences":{"raw":522.0,"perc":13.432835820895523,"total":3886.0},"Glowing Experiences":{"raw":304.0,"perc":7.8229541945445193,"total":3886.0},"Retrospective / Summary":{"raw":117.0,"perc":3.01080802882141,"total":3886.0},"Nature / Outdoors":{"raw":56.0,"perc":1.4410705095213587,"total":3886.0},"Post Trip Problems":{"raw":49.0,"perc":1.2609366958311889,"total":3886.0},"Multi-Day Experience":{"raw":55.0,"perc":1.41533710756562,"total":3886.0},"Entities / Beings":{"raw":324.0,"perc":8.3376222336592889,"total":3886.0},"Guides / Sitters":{"raw":9.0,"perc":0.23160061760164694,"total":3886.0},"Depression":{"raw":41.0,"perc":1.0550694801852805,"total":3886.0},"Preparation / Recipes":{"raw":56.0,"perc":1.4410705095213587,"total":3886.0},"Sex Discussion":{"raw":37.0,"perc":0.95213587236232622,"total":3886.0},"Families":{"raw":18.0,"perc":0.46320123520329387,"total":3886.0},"Health Benefits":{"raw":31.0,"perc":0.797735460627895,"total":3886.0},"Hangover / Days After":{"raw":155.0,"perc":3.9886773031394749,"total":3886.0},"What Was in That?":{"raw":9.0,"perc":0.23160061760164694,"total":3886.0},"Personal Preparation":{"raw":29.0,"perc":0.74626865671641784,"total":3886.0},"Relationships":{"raw":30.0,"perc":0.77200205867215643,"total":3886.0},"HPPD / Lasting Visuals":{"raw":14.0,"perc":0.36026762738033968,"total":3886.0},"Medical Use":{"raw":21.0,"perc":0.54040144107050958,"total":3886.0},"Poetry":{"raw":6.0,"perc":0.15440041173443131,"total":3886.0},"Loss of Magic":{"raw":2.0,"perc":0.0514668039114771,"total":3886.0},"Therapeutic Intent or Outcome":{"raw":60.0,"perc":1.5440041173443129,"total":3886.0},"Performance Enhancement":{"raw":5.0,"perc":0.12866700977869275,"total":3886.0}},"No Effect":{"Retrospective / Summary":{"raw":11.0,"perc":8.73015873015873,"total":126.0},"Preparation / Recipes":{"raw":12.0,"perc":9.5238095238095237,"total":126.0},"General":{"raw":53.0,"perc":42.063492063492063,"total":126.0},"Post Trip Problems":{"raw":1.0,"perc":0.79365079365079361,"total":126.0},"Health Problems":{"raw":3.0,"perc":2.3809523809523809,"total":126.0},"First Times":{"raw":31.0,"perc":24.6031746031746,"total":126.0},"Cultivation / Synthesis":{"raw":2.0,"perc":1.5873015873015872,"total":126.0},"Second Hand Report":{"raw":1.0,"perc":0.79365079365079361,"total":126.0},"Difficult Experiences":{"raw":3.0,"perc":2.3809523809523809,"total":126.0},"Medical Use":{"raw":3.0,"perc":2.3809523809523809,"total":126.0},"Nature / Outdoors":{"raw":2.0,"perc":1.5873015873015872,"total":126.0},"Therapeutic Intent or Outcome":{"raw":2.0,"perc":1.5873015873015872,"total":126.0},"Multi-Day Experience":{"raw":1.0,"perc":0.79365079365079361,"total":126.0},"What Was in That?":{"raw":1.0,"perc":0.79365079365079361,"total":126.0}},"Extreme":{"General":{"raw":64.0,"perc":7.511737089201878,"total":852.0},"Preparation / Recipes":{"raw":8.0,"perc":0.93896713615023475,"total":852.0},"Difficult Experiences":{"raw":119.0,"perc":13.96713615023474,"total":852.0},"Health Problems":{"raw":83.0,"perc":9.7417840375586859,"total":852.0},"Overdose":{"raw":96.0,"perc":11.267605633802818,"total":852.0},"Retrospective / Summary":{"raw":23.0,"perc":2.699530516431925,"total":852.0},"Mystical Experiences":{"raw":53.0,"perc":6.220657276995305,"total":852.0},"Entities / Beings":{"raw":62.0,"perc":7.276995305164319,"total":852.0},"Bad Trips":{"raw":86.0,"perc":10.093896713615024,"total":852.0},"Glowing Experiences":{"raw":27.0,"perc":3.169014084507042,"total":852.0},"Multi-Day Experience":{"raw":20.0,"perc":2.3474178403755865,"total":852.0},"Families":{"raw":9.0,"perc":1.056338028169014,"total":852.0},"Nature / Outdoors":{"raw":2.0,"perc":0.23474178403755869,"total":852.0},"What Was in That?":{"raw":2.0,"perc":0.23474178403755869,"total":852.0},"Depression":{"raw":10.0,"perc":1.1737089201877933,"total":852.0},"Post Trip Problems":{"raw":40.0,"perc":4.6948356807511731,"total":852.0},"First Times":{"raw":51.0,"perc":5.9859154929577461,"total":852.0},"Music Discussion":{"raw":11.0,"perc":1.2910798122065728,"total":852.0},"HPPD / Lasting Visuals":{"raw":8.0,"perc":0.93896713615023475,"total":852.0},"Hangover / Days After":{"raw":39.0,"perc":4.5774647887323949,"total":852.0},"Second Hand Report":{"raw":8.0,"perc":0.93896713615023475,"total":852.0},"Guides / Sitters":{"raw":2.0,"perc":0.23474178403755869,"total":852.0},"Relationships":{"raw":9.0,"perc":1.056338028169014,"total":852.0},"Personal Preparation":{"raw":4.0,"perc":0.46948356807511737,"total":852.0},"Health Benefits":{"raw":2.0,"perc":0.23474178403755869,"total":852.0},"Therapeutic Intent or Outcome":{"raw":9.0,"perc":1.056338028169014,"total":852.0},"Sex Discussion":{"raw":1.0,"perc":0.11737089201877934,"total":852.0},"Pregnancy / Baby":{"raw":1.0,"perc":0.11737089201877934,"total":852.0},"Medical Use":{"raw":3.0,"perc":0.35211267605633806,"total":852.0}}},"Large Group (10+)":{"Medium":{"First Times":{"raw":94.0,"perc":22.434367541766107,"total":419.0},"General":{"raw":110.0,"perc":26.252983293556088,"total":419.0},"Sex Discussion":{"raw":2.0,"perc":0.47732696897374705,"total":419.0},"Post Trip Problems":{"raw":7.0,"perc":1.6706443914081146,"total":419.0},"Bad Trips":{"raw":10.0,"perc":2.3866348448687349,"total":419.0},"Health Problems":{"raw":13.0,"perc":3.1026252983293556,"total":419.0},"Difficult Experiences":{"raw":29.0,"perc":6.9212410501193311,"total":419.0},"Glowing Experiences":{"raw":43.0,"perc":10.262529832935559,"total":419.0},"Music Discussion":{"raw":13.0,"perc":3.1026252983293556,"total":419.0},"Retrospective / Summary":{"raw":13.0,"perc":3.1026252983293556,"total":419.0},"Preparation / Recipes":{"raw":3.0,"perc":0.71599045346062051,"total":419.0},"Guides / Sitters":{"raw":4.0,"perc":0.95465393794749409,"total":419.0},"Health Benefits":{"raw":3.0,"perc":0.71599045346062051,"total":419.0},"Nature / Outdoors":{"raw":5.0,"perc":1.1933174224343674,"total":419.0},"Overdose":{"raw":3.0,"perc":0.71599045346062051,"total":419.0},"Second Hand Report":{"raw":4.0,"perc":0.95465393794749409,"total":419.0},"What Was in That?":{"raw":1.0,"perc":0.23866348448687352,"total":419.0},"Multi-Day Experience":{"raw":4.0,"perc":0.95465393794749409,"total":419.0},"Depression":{"raw":2.0,"perc":0.47732696897374705,"total":419.0},"Hangover / Days After":{"raw":24.0,"perc":5.7279236276849641,"total":419.0},"Relationships":{"raw":13.0,"perc":3.1026252983293556,"total":419.0},"Entities / Beings":{"raw":3.0,"perc":0.71599045346062051,"total":419.0},"HPPD / Lasting Visuals":{"raw":1.0,"perc":0.23866348448687352,"total":419.0},"Mystical Experiences":{"raw":6.0,"perc":1.431980906921241,"total":419.0},"Families":{"raw":2.0,"perc":0.47732696897374705,"total":419.0},"Personal Preparation":{"raw":3.0,"perc":0.71599045346062051,"total":419.0},"Medical Use":{"raw":1.0,"perc":0.23866348448687352,"total":419.0},"Loss of Magic":{"raw":1.0,"perc":0.23866348448687352,"total":419.0},"Performance Enhancement":{"raw":1.0,"perc":0.23866348448687352,"total":419.0},"Therapeutic Intent or Outcome":{"raw":1.0,"perc":0.23866348448687352,"total":419.0}},"Strong":{"First Times":{"raw":37.0,"perc":11.821086261980831,"total":313.0},"Difficult Experiences":{"raw":36.0,"perc":11.501597444089457,"total":313.0},"Health Problems":{"raw":17.0,"perc":5.4313099041533546,"total":313.0},"Overdose":{"raw":11.0,"perc":3.5143769968051117,"total":313.0},"General":{"raw":57.0,"perc":18.210862619808307,"total":313.0},"Post Trip Problems":{"raw":4.0,"perc":1.2779552715654952,"total":313.0},"Mystical Experiences":{"raw":19.0,"perc":6.0702875399361016,"total":313.0},"Multi-Day Experience":{"raw":3.0,"perc":0.95846645367412142,"total":313.0},"Bad Trips":{"raw":16.0,"perc":5.1118210862619806,"total":313.0},"HPPD / Lasting Visuals":{"raw":2.0,"perc":0.63897763578274758,"total":313.0},"Depression":{"raw":5.0,"perc":1.5974440894568689,"total":313.0},"What Was in That?":{"raw":3.0,"perc":0.95846645367412142,"total":313.0},"Music Discussion":{"raw":14.0,"perc":4.4728434504792327,"total":313.0},"Glowing Experiences":{"raw":26.0,"perc":8.30670926517572,"total":313.0},"Health Benefits":{"raw":3.0,"perc":0.95846645367412142,"total":313.0},"Nature / Outdoors":{"raw":4.0,"perc":1.2779552715654952,"total":313.0},"Preparation / Recipes":{"raw":1.0,"perc":0.31948881789137379,"total":313.0},"Sex Discussion":{"raw":3.0,"perc":0.95846645367412142,"total":313.0},"Personal Preparation":{"raw":1.0,"perc":0.31948881789137379,"total":313.0},"Guides / Sitters":{"raw":7.0,"perc":2.2364217252396164,"total":313.0},"Entities / Beings":{"raw":11.0,"perc":3.5143769968051117,"total":313.0},"Families":{"raw":2.0,"perc":0.63897763578274758,"total":313.0},"Hangover / Days After":{"raw":15.0,"perc":4.7923322683706067,"total":313.0},"Relationships":{"raw":8.0,"perc":2.5559105431309903,"total":313.0},"Retrospective / Summary":{"raw":3.0,"perc":0.95846645367412142,"total":313.0},"Second Hand Report":{"raw":3.0,"perc":0.95846645367412142,"total":313.0},"Therapeutic Intent or Outcome":{"raw":2.0,"perc":0.63897763578274758,"total":313.0}},"No Effect":{"First Times":{"raw":2.0,"perc":100.0,"total":2.0}},"Extreme":{"Bad Trips":{"raw":9.0,"perc":16.363636363636363,"total":55.0},"Second Hand Report":{"raw":3.0,"perc":5.4545454545454541,"total":55.0},"Post Trip Problems":{"raw":5.0,"perc":9.0909090909090917,"total":55.0},"Health Problems":{"raw":8.0,"perc":14.545454545454545,"total":55.0},"Guides / Sitters":{"raw":2.0,"perc":3.6363636363636362,"total":55.0},"General":{"raw":4.0,"perc":7.2727272727272725,"total":55.0},"Mystical Experiences":{"raw":2.0,"perc":3.6363636363636362,"total":55.0},"Difficult Experiences":{"raw":8.0,"perc":14.545454545454545,"total":55.0},"Overdose":{"raw":5.0,"perc":9.0909090909090917,"total":55.0},"Hangover / Days After":{"raw":2.0,"perc":3.6363636363636362,"total":55.0},"First Times":{"raw":2.0,"perc":3.6363636363636362,"total":55.0},"Music Discussion":{"raw":2.0,"perc":3.6363636363636362,"total":55.0},"Retrospective / Summary":{"raw":1.0,"perc":1.8181818181818181,"total":55.0},"Relationships":{"raw":1.0,"perc":1.8181818181818181,"total":55.0},"Sex Discussion":{"raw":1.0,"perc":1.8181818181818181,"total":55.0}}},"Various":{"Medium":{"Retrospective / Summary":{"raw":750.0,"perc":21.073335206518685,"total":3559.0},"Health Problems":{"raw":213.0,"perc":5.9848271986513071,"total":3559.0},"Difficult Experiences":{"raw":200.0,"perc":5.6195560550716488,"total":3559.0},"Overdose":{"raw":35.0,"perc":0.98342230963753863,"total":3559.0},"General":{"raw":558.0,"perc":15.6785613936499,"total":3559.0},"Post Trip Problems":{"raw":114.0,"perc":3.20314695139084,"total":3559.0},"Multi-Day Experience":{"raw":73.0,"perc":2.0511379601011521,"total":3559.0},"Sex Discussion":{"raw":85.0,"perc":2.3883113234054507,"total":3559.0},"First Times":{"raw":359.0,"perc":10.08710311885361,"total":3559.0},"Mystical Experiences":{"raw":39.0,"perc":1.0958134307389715,"total":3559.0},"Bad Trips":{"raw":48.0,"perc":1.3486934532171959,"total":3559.0},"What Was in That?":{"raw":26.0,"perc":0.73054228715931435,"total":3559.0},"Nature / Outdoors":{"raw":65.0,"perc":1.8263557178982859,"total":3559.0},"Glowing Experiences":{"raw":255.0,"perc":7.164933970216353,"total":3559.0},"Music Discussion":{"raw":96.0,"perc":2.6973869064343918,"total":3559.0},"Hangover / Days After":{"raw":108.0,"perc":3.0345602697386909,"total":3559.0},"Preparation / Recipes":{"raw":51.0,"perc":1.4329867940432706,"total":3559.0},"Depression":{"raw":102.0,"perc":2.8659735880865411,"total":3559.0},"Cultivation / Synthesis":{"raw":4.0,"perc":0.112391121101433,"total":3559.0},"Entities / Beings":{"raw":38.0,"perc":1.0677156504636134,"total":3559.0},"Loss of Magic":{"raw":31.0,"perc":0.87103118853610573,"total":3559.0},"Families":{"raw":19.0,"perc":0.53385782523180669,"total":3559.0},"Guides / Sitters":{"raw":12.0,"perc":0.337173363304299,"total":3559.0},"Health Benefits":{"raw":62.0,"perc":1.7420623770722115,"total":3559.0},"HPPD / Lasting Visuals":{"raw":21.0,"perc":0.5900533857825232,"total":3559.0},"Second Hand Report":{"raw":12.0,"perc":0.337173363304299,"total":3559.0},"Pregnancy / Baby":{"raw":2.0,"perc":0.0561955605507165,"total":3559.0},"Relationships":{"raw":47.0,"perc":1.3205956729418376,"total":3559.0},"Personal Preparation":{"raw":14.0,"perc":0.39336892385501543,"total":3559.0},"Medical Use":{"raw":63.0,"perc":1.7701601573475694,"total":3559.0},"Poetry":{"raw":4.0,"perc":0.112391121101433,"total":3559.0},"Therapeutic Intent or Outcome":{"raw":36.0,"perc":1.0115200899128969,"total":3559.0},"Performance Enhancement":{"raw":17.0,"perc":0.47766226468109019,"total":3559.0}},"Strong":{"General":{"raw":234.0,"perc":13.740458015267176,"total":1703.0},"First Times":{"raw":153.0,"perc":8.9841456253669989,"total":1703.0},"Retrospective / Summary":{"raw":156.0,"perc":9.16030534351145,"total":1703.0},"Difficult Experiences":{"raw":230.0,"perc":13.505578391074573,"total":1703.0},"What Was in That?":{"raw":17.0,"perc":0.99823840281855547,"total":1703.0},"Depression":{"raw":37.0,"perc":2.1726365237815619,"total":1703.0},"Health Problems":{"raw":107.0,"perc":6.2830299471520838,"total":1703.0},"Overdose":{"raw":61.0,"perc":3.5819142689371697,"total":1703.0},"Glowing Experiences":{"raw":84.0,"perc":4.9324721080446272,"total":1703.0},"Sex Discussion":{"raw":19.0,"perc":1.1156782149148563,"total":1703.0},"Bad Trips":{"raw":85.0,"perc":4.9911920140927775,"total":1703.0},"Post Trip Problems":{"raw":58.0,"perc":3.4057545507927189,"total":1703.0},"Mystical Experiences":{"raw":45.0,"perc":2.6423957721667644,"total":1703.0},"Preparation / Recipes":{"raw":13.0,"perc":0.76335877862595414,"total":1703.0},"Nature / Outdoors":{"raw":36.0,"perc":2.1139166177334117,"total":1703.0},"Health Benefits":{"raw":12.0,"perc":0.70463887257780389,"total":1703.0},"Multi-Day Experience":{"raw":59.0,"perc":3.4644744568408692,"total":1703.0},"Entities / Beings":{"raw":45.0,"perc":2.6423957721667644,"total":1703.0},"Hangover / Days After":{"raw":100.0,"perc":5.871990604815033,"total":1703.0},"Music Discussion":{"raw":40.0,"perc":2.3487962419260127,"total":1703.0},"Relationships":{"raw":31.0,"perc":1.8203170874926602,"total":1703.0},"Loss of Magic":{"raw":3.0,"perc":0.17615971814445097,"total":1703.0},"Families":{"raw":11.0,"perc":0.64591896652965353,"total":1703.0},"HPPD / Lasting Visuals":{"raw":15.0,"perc":0.88079859072225475,"total":1703.0},"Personal Preparation":{"raw":6.0,"perc":0.35231943628890194,"total":1703.0},"Guides / Sitters":{"raw":16.0,"perc":0.93951849677040511,"total":1703.0},"Second Hand Report":{"raw":2.0,"perc":0.11743981209630064,"total":1703.0},"Medical Use":{"raw":18.0,"perc":1.0569583088667058,"total":1703.0},"Performance Enhancement":{"raw":2.0,"perc":0.11743981209630064,"total":1703.0},"Poetry":{"raw":3.0,"perc":0.17615971814445097,"total":1703.0},"Therapeutic Intent or Outcome":{"raw":5.0,"perc":0.29359953024075158,"total":1703.0}},"Extreme":{"First Times":{"raw":30.0,"perc":5.9523809523809517,"total":504.0},"Difficult Experiences":{"raw":56.0,"perc":11.111111111111111,"total":504.0},"Health Problems":{"raw":67.0,"perc":13.293650793650794,"total":504.0},"Overdose":{"raw":55.0,"perc":10.912698412698413,"total":504.0},"Post Trip Problems":{"raw":31.0,"perc":6.15079365079365,"total":504.0},"Bad Trips":{"raw":39.0,"perc":7.7380952380952381,"total":504.0},"General":{"raw":27.0,"perc":5.3571428571428568,"total":504.0},"Retrospective / Summary":{"raw":24.0,"perc":4.7619047619047619,"total":504.0},"Glowing Experiences":{"raw":7.0,"perc":1.3888888888888888,"total":504.0},"Mystical Experiences":{"raw":13.0,"perc":2.5793650793650791,"total":504.0},"Music Discussion":{"raw":5.0,"perc":0.992063492063492,"total":504.0},"Multi-Day Experience":{"raw":31.0,"perc":6.15079365079365,"total":504.0},"Preparation / Recipes":{"raw":4.0,"perc":0.79365079365079361,"total":504.0},"Entities / Beings":{"raw":14.0,"perc":2.7777777777777777,"total":504.0},"Hangover / Days After":{"raw":22.0,"perc":4.3650793650793647,"total":504.0},"Sex Discussion":{"raw":6.0,"perc":1.1904761904761905,"total":504.0},"Health Benefits":{"raw":3.0,"perc":0.59523809523809523,"total":504.0},"Therapeutic Intent or Outcome":{"raw":4.0,"perc":0.79365079365079361,"total":504.0},"Nature / Outdoors":{"raw":5.0,"perc":0.992063492063492,"total":504.0},"Relationships":{"raw":14.0,"perc":2.7777777777777777,"total":504.0},"Depression":{"raw":11.0,"perc":2.1825396825396823,"total":504.0},"Poetry":{"raw":1.0,"perc":0.1984126984126984,"total":504.0},"Families":{"raw":8.0,"perc":1.5873015873015872,"total":504.0},"Pregnancy / Baby":{"raw":3.0,"perc":0.59523809523809523,"total":504.0},"Second Hand Report":{"raw":3.0,"perc":0.59523809523809523,"total":504.0},"What Was in That?":{"raw":2.0,"perc":0.3968253968253968,"total":504.0},"Guides / Sitters":{"raw":4.0,"perc":0.79365079365079361,"total":504.0},"Medical Use":{"raw":7.0,"perc":1.3888888888888888,"total":504.0},"HPPD / Lasting Visuals":{"raw":5.0,"perc":0.992063492063492,"total":504.0},"Performance Enhancement":{"raw":1.0,"perc":0.1984126984126984,"total":504.0},"Cultivation / Synthesis":{"raw":1.0,"perc":0.1984126984126984,"total":504.0},"Loss of Magic":{"raw":1.0,"perc":0.1984126984126984,"total":504.0}},"No Effect":{"General":{"raw":7.0,"perc":41.17647058823529,"total":17.0},"Retrospective / Summary":{"raw":5.0,"perc":29.411764705882355,"total":17.0},"Difficult Experiences":{"raw":1.0,"perc":5.88235294117647,"total":17.0},"Health Problems":{"raw":1.0,"perc":5.88235294117647,"total":17.0},"What Was in That?":{"raw":1.0,"perc":5.88235294117647,"total":17.0},"Second Hand Report":{"raw":1.0,"perc":5.88235294117647,"total":17.0},"First Times":{"raw":1.0,"perc":5.88235294117647,"total":17.0}}},"Not Applicable":{"Medium":{"Retrospective / Summary":{"raw":609.0,"perc":29.448742746615086,"total":2068.0},"Preparation / Recipes":{"raw":104.0,"perc":5.029013539651837,"total":2068.0},"Health Problems":{"raw":154.0,"perc":7.4468085106382977,"total":2068.0},"Poetry":{"raw":18.0,"perc":0.87040618955512572,"total":2068.0},"Second Hand Report":{"raw":14.0,"perc":0.67698259187620891,"total":2068.0},"Cultivation / Synthesis":{"raw":8.0,"perc":0.38684719535783368,"total":2068.0},"Post Trip Problems":{"raw":50.0,"perc":2.4177949709864603,"total":2068.0},"General":{"raw":247.0,"perc":11.943907156673115,"total":2068.0},"Bad Trips":{"raw":6.0,"perc":0.29013539651837528,"total":2068.0},"Depression":{"raw":83.0,"perc":4.0135396518375241,"total":2068.0},"Difficult Experiences":{"raw":35.0,"perc":1.6924564796905222,"total":2068.0},"Health Benefits":{"raw":161.0,"perc":7.7852998065764023,"total":2068.0},"Sex Discussion":{"raw":27.0,"perc":1.3056092843326885,"total":2068.0},"Glowing Experiences":{"raw":39.0,"perc":1.8858800773694391,"total":2068.0},"First Times":{"raw":30.0,"perc":1.4506769825918762,"total":2068.0},"Families":{"raw":14.0,"perc":0.67698259187620891,"total":2068.0},"Entities / Beings":{"raw":9.0,"perc":0.43520309477756286,"total":2068.0},"HPPD / Lasting Visuals":{"raw":20.0,"perc":0.96711798839458418,"total":2068.0},"Relationships":{"raw":24.0,"perc":1.1605415860735011,"total":2068.0},"Medical Use":{"raw":183.0,"perc":8.8491295938104457,"total":2068.0},"Overdose":{"raw":6.0,"perc":0.29013539651837528,"total":2068.0},"Loss of Magic":{"raw":13.0,"perc":0.62862669245647962,"total":2068.0},"Hangover / Days After":{"raw":65.0,"perc":3.1431334622823983,"total":2068.0},"Music Discussion":{"raw":12.0,"perc":0.58027079303675055,"total":2068.0},"Multi-Day Experience":{"raw":54.0,"perc":2.611218568665377,"total":2068.0},"Nature / Outdoors":{"raw":7.0,"perc":0.33849129593810445,"total":2068.0},"Mystical Experiences":{"raw":12.0,"perc":0.58027079303675055,"total":2068.0},"Guides / Sitters":{"raw":1.0,"perc":0.048355899419729211,"total":2068.0},"Performance Enhancement":{"raw":17.0,"perc":0.82205029013539643,"total":2068.0},"Therapeutic Intent or Outcome":{"raw":43.0,"perc":2.0793036750483558,"total":2068.0},"Pregnancy / Baby":{"raw":2.0,"perc":0.096711798839458421,"total":2068.0},"What Was in That?":{"raw":1.0,"perc":0.048355899419729211,"total":2068.0}},"Strong":{"Retrospective / Summary":{"raw":129.0,"perc":24.618320610687022,"total":524.0},"Health Problems":{"raw":70.0,"perc":13.358778625954198,"total":524.0},"Post Trip Problems":{"raw":43.0,"perc":8.2061068702290072,"total":524.0},"Difficult Experiences":{"raw":25.0,"perc":4.770992366412214,"total":524.0},"Hangover / Days After":{"raw":35.0,"perc":6.6793893129770989,"total":524.0},"Families":{"raw":6.0,"perc":1.1450381679389312,"total":524.0},"First Times":{"raw":8.0,"perc":1.5267175572519083,"total":524.0},"Bad Trips":{"raw":13.0,"perc":2.4809160305343512,"total":524.0},"Overdose":{"raw":6.0,"perc":1.1450381679389312,"total":524.0},"Multi-Day Experience":{"raw":26.0,"perc":4.9618320610687023,"total":524.0},"Sex Discussion":{"raw":10.0,"perc":1.9083969465648856,"total":524.0},"Entities / Beings":{"raw":8.0,"perc":1.5267175572519083,"total":524.0},"Medical Use":{"raw":29.0,"perc":5.5343511450381682,"total":524.0},"Second Hand Report":{"raw":6.0,"perc":1.1450381679389312,"total":524.0},"Depression":{"raw":36.0,"perc":6.8702290076335881,"total":524.0},"Glowing Experiences":{"raw":11.0,"perc":2.0992366412213741,"total":524.0},"General":{"raw":13.0,"perc":2.4809160305343512,"total":524.0},"Relationships":{"raw":16.0,"perc":3.0534351145038165,"total":524.0},"Guides / Sitters":{"raw":2.0,"perc":0.38167938931297707,"total":524.0},"Health Benefits":{"raw":7.0,"perc":1.3358778625954197,"total":524.0},"Personal Preparation":{"raw":1.0,"perc":0.19083969465648853,"total":524.0},"Mystical Experiences":{"raw":7.0,"perc":1.3358778625954197,"total":524.0},"What Was in That?":{"raw":1.0,"perc":0.19083969465648853,"total":524.0},"Loss of Magic":{"raw":2.0,"perc":0.38167938931297707,"total":524.0},"HPPD / Lasting Visuals":{"raw":4.0,"perc":0.76335877862595414,"total":524.0},"Poetry":{"raw":1.0,"perc":0.19083969465648853,"total":524.0},"Music Discussion":{"raw":2.0,"perc":0.38167938931297707,"total":524.0},"Therapeutic Intent or Outcome":{"raw":3.0,"perc":0.5725190839694656,"total":524.0},"Performance Enhancement":{"raw":2.0,"perc":0.38167938931297707,"total":524.0},"Preparation / Recipes":{"raw":1.0,"perc":0.19083969465648853,"total":524.0},"Cultivation / Synthesis":{"raw":1.0,"perc":0.19083969465648853,"total":524.0}},"No Effect":{"Preparation / Recipes":{"raw":7.0,"perc":7.8651685393258424,"total":89.0},"General":{"raw":45.0,"perc":50.561797752808992,"total":89.0},"Second Hand Report":{"raw":8.0,"perc":8.98876404494382,"total":89.0},"Depression":{"raw":1.0,"perc":1.1235955056179776,"total":89.0},"Retrospective / Summary":{"raw":10.0,"perc":11.235955056179774,"total":89.0},"Personal Preparation":{"raw":1.0,"perc":1.1235955056179776,"total":89.0},"Relationships":{"raw":1.0,"perc":1.1235955056179776,"total":89.0},"Families":{"raw":2.0,"perc":2.2471910112359552,"total":89.0},"Medical Use":{"raw":3.0,"perc":3.3707865168539324,"total":89.0},"Health Problems":{"raw":3.0,"perc":3.3707865168539324,"total":89.0},"Cultivation / Synthesis":{"raw":1.0,"perc":1.1235955056179776,"total":89.0},"Health Benefits":{"raw":3.0,"perc":3.3707865168539324,"total":89.0},"Multi-Day Experience":{"raw":3.0,"perc":3.3707865168539324,"total":89.0},"Performance Enhancement":{"raw":1.0,"perc":1.1235955056179776,"total":89.0}},"Extreme":{"Retrospective / Summary":{"raw":16.0,"perc":11.267605633802818,"total":142.0},"Difficult Experiences":{"raw":5.0,"perc":3.5211267605633805,"total":142.0},"Bad Trips":{"raw":4.0,"perc":2.8169014084507045,"total":142.0},"Entities / Beings":{"raw":3.0,"perc":2.112676056338028,"total":142.0},"Personal Preparation":{"raw":1.0,"perc":0.70422535211267612,"total":142.0},"Poetry":{"raw":1.0,"perc":0.70422535211267612,"total":142.0},"Health Problems":{"raw":27.0,"perc":19.014084507042252,"total":142.0},"Multi-Day Experience":{"raw":8.0,"perc":5.6338028169014089,"total":142.0},"Overdose":{"raw":3.0,"perc":2.112676056338028,"total":142.0},"Post Trip Problems":{"raw":21.0,"perc":14.788732394366196,"total":142.0},"General":{"raw":4.0,"perc":2.8169014084507045,"total":142.0},"Families":{"raw":5.0,"perc":3.5211267605633805,"total":142.0},"Second Hand Report":{"raw":9.0,"perc":6.3380281690140841,"total":142.0},"Loss of Magic":{"raw":1.0,"perc":0.70422535211267612,"total":142.0},"Depression":{"raw":8.0,"perc":5.6338028169014089,"total":142.0},"Relationships":{"raw":4.0,"perc":2.8169014084507045,"total":142.0},"Hangover / Days After":{"raw":9.0,"perc":6.3380281690140841,"total":142.0},"HPPD / Lasting Visuals":{"raw":4.0,"perc":2.8169014084507045,"total":142.0},"Medical Use":{"raw":6.0,"perc":4.225352112676056,"total":142.0},"Mystical Experiences":{"raw":1.0,"perc":0.70422535211267612,"total":142.0},"First Times":{"raw":1.0,"perc":0.70422535211267612,"total":142.0},"Music Discussion":{"raw":1.0,"perc":0.70422535211267612,"total":142.0}}},"Club / Bar":{"Strong":{"General":{"raw":28.0,"perc":21.705426356589147,"total":129.0},"Glowing Experiences":{"raw":15.0,"perc":11.627906976744185,"total":129.0},"Health Problems":{"raw":6.0,"perc":4.6511627906976747,"total":129.0},"First Times":{"raw":17.0,"perc":13.178294573643413,"total":129.0},"Overdose":{"raw":5.0,"perc":3.8759689922480618,"total":129.0},"Bad Trips":{"raw":2.0,"perc":1.5503875968992249,"total":129.0},"Post Trip Problems":{"raw":5.0,"perc":3.8759689922480618,"total":129.0},"Music Discussion":{"raw":7.0,"perc":5.4263565891472867,"total":129.0},"Difficult Experiences":{"raw":15.0,"perc":11.627906976744185,"total":129.0},"Hangover / Days After":{"raw":10.0,"perc":7.7519379844961236,"total":129.0},"Retrospective / Summary":{"raw":3.0,"perc":2.3255813953488373,"total":129.0},"Guides / Sitters":{"raw":1.0,"perc":0.77519379844961245,"total":129.0},"Second Hand Report":{"raw":1.0,"perc":0.77519379844961245,"total":129.0},"Entities / Beings":{"raw":2.0,"perc":1.5503875968992249,"total":129.0},"What Was in That?":{"raw":5.0,"perc":3.8759689922480618,"total":129.0},"Personal Preparation":{"raw":1.0,"perc":0.77519379844961245,"total":129.0},"Depression":{"raw":2.0,"perc":1.5503875968992249,"total":129.0},"Relationships":{"raw":2.0,"perc":1.5503875968992249,"total":129.0},"Families":{"raw":1.0,"perc":0.77519379844961245,"total":129.0},"Sex Discussion":{"raw":1.0,"perc":0.77519379844961245,"total":129.0}},"Medium":{"General":{"raw":62.0,"perc":22.878228782287824,"total":271.0},"First Times":{"raw":45.0,"perc":16.605166051660518,"total":271.0},"Retrospective / Summary":{"raw":23.0,"perc":8.4870848708487081,"total":271.0},"Glowing Experiences":{"raw":30.0,"perc":11.07011070110701,"total":271.0},"Sex Discussion":{"raw":4.0,"perc":1.4760147601476015,"total":271.0},"Difficult Experiences":{"raw":18.0,"perc":6.6420664206642073,"total":271.0},"Post Trip Problems":{"raw":7.0,"perc":2.5830258302583027,"total":271.0},"Health Problems":{"raw":15.0,"perc":5.5350553505535052,"total":271.0},"What Was in That?":{"raw":8.0,"perc":2.9520295202952029,"total":271.0},"Health Benefits":{"raw":1.0,"perc":0.36900369003690037,"total":271.0},"Bad Trips":{"raw":4.0,"perc":1.4760147601476015,"total":271.0},"Mystical Experiences":{"raw":4.0,"perc":1.4760147601476015,"total":271.0},"Depression":{"raw":3.0,"perc":1.107011070110701,"total":271.0},"Preparation / Recipes":{"raw":1.0,"perc":0.36900369003690037,"total":271.0},"Multi-Day Experience":{"raw":2.0,"perc":0.73800738007380073,"total":271.0},"Loss of Magic":{"raw":3.0,"perc":1.107011070110701,"total":271.0},"Music Discussion":{"raw":10.0,"perc":3.6900369003690034,"total":271.0},"Second Hand Report":{"raw":2.0,"perc":0.73800738007380073,"total":271.0},"Hangover / Days After":{"raw":11.0,"perc":4.0590405904059041,"total":271.0},"Overdose":{"raw":3.0,"perc":1.107011070110701,"total":271.0},"Relationships":{"raw":8.0,"perc":2.9520295202952029,"total":271.0},"Entities / Beings":{"raw":1.0,"perc":0.36900369003690037,"total":271.0},"Families":{"raw":2.0,"perc":0.73800738007380073,"total":271.0},"Nature / Outdoors":{"raw":2.0,"perc":0.73800738007380073,"total":271.0},"Personal Preparation":{"raw":1.0,"perc":0.36900369003690037,"total":271.0},"Therapeutic Intent or Outcome":{"raw":1.0,"perc":0.36900369003690037,"total":271.0}},"Extreme":{"Health Problems":{"raw":6.0,"perc":31.578947368421051,"total":19.0},"Post Trip Problems":{"raw":2.0,"perc":10.526315789473683,"total":19.0},"Bad Trips":{"raw":1.0,"perc":5.2631578947368416,"total":19.0},"Overdose":{"raw":5.0,"perc":26.315789473684209,"total":19.0},"Difficult Experiences":{"raw":1.0,"perc":5.2631578947368416,"total":19.0},"Relationships":{"raw":1.0,"perc":5.2631578947368416,"total":19.0},"First Times":{"raw":1.0,"perc":5.2631578947368416,"total":19.0},"Hangover / Days After":{"raw":1.0,"perc":5.2631578947368416,"total":19.0},"Retrospective / Summary":{"raw":1.0,"perc":5.2631578947368416,"total":19.0}},"No Effect":{"First Times":{"raw":1.0,"perc":50.0,"total":2.0},"General":{"raw":1.0,"perc":50.0,"total":2.0}}},"Group Ceremony":{"Medium":{"General":{"raw":15.0,"perc":15.306122448979592,"total":98.0},"Mystical Experiences":{"raw":15.0,"perc":15.306122448979592,"total":98.0},"Retrospective / Summary":{"raw":3.0,"perc":3.0612244897959182,"total":98.0},"Glowing Experiences":{"raw":10.0,"perc":10.204081632653061,"total":98.0},"Families":{"raw":1.0,"perc":1.0204081632653061,"total":98.0},"Guides / Sitters":{"raw":10.0,"perc":10.204081632653061,"total":98.0},"First Times":{"raw":8.0,"perc":8.16326530612245,"total":98.0},"Entities / Beings":{"raw":10.0,"perc":10.204081632653061,"total":98.0},"Hangover / Days After":{"raw":2.0,"perc":2.0408163265306123,"total":98.0},"Music Discussion":{"raw":2.0,"perc":2.0408163265306123,"total":98.0},"Second Hand Report":{"raw":1.0,"perc":1.0204081632653061,"total":98.0},"Multi-Day Experience":{"raw":2.0,"perc":2.0408163265306123,"total":98.0},"Nature / Outdoors":{"raw":1.0,"perc":1.0204081632653061,"total":98.0},"Difficult Experiences":{"raw":3.0,"perc":3.0612244897959182,"total":98.0},"Post Trip Problems":{"raw":1.0,"perc":1.0204081632653061,"total":98.0},"Personal Preparation":{"raw":1.0,"perc":1.0204081632653061,"total":98.0},"Sex Discussion":{"raw":1.0,"perc":1.0204081632653061,"total":98.0},"Therapeutic Intent or Outcome":{"raw":10.0,"perc":10.204081632653061,"total":98.0},"Relationships":{"raw":1.0,"perc":1.0204081632653061,"total":98.0},"Health Benefits":{"raw":1.0,"perc":1.0204081632653061,"total":98.0}},"Strong":{"General":{"raw":18.0,"perc":12.5,"total":144.0},"Mystical Experiences":{"raw":17.0,"perc":11.805555555555555,"total":144.0},"Difficult Experiences":{"raw":9.0,"perc":6.25,"total":144.0},"Health Benefits":{"raw":3.0,"perc":2.083333333333333,"total":144.0},"Entities / Beings":{"raw":16.0,"perc":11.111111111111111,"total":144.0},"First Times":{"raw":15.0,"perc":10.416666666666668,"total":144.0},"Retrospective / Summary":{"raw":3.0,"perc":2.083333333333333,"total":144.0},"Depression":{"raw":3.0,"perc":2.083333333333333,"total":144.0},"Nature / Outdoors":{"raw":6.0,"perc":4.1666666666666661,"total":144.0},"Relationships":{"raw":2.0,"perc":1.3888888888888888,"total":144.0},"Glowing Experiences":{"raw":10.0,"perc":6.9444444444444446,"total":144.0},"Multi-Day Experience":{"raw":5.0,"perc":3.4722222222222223,"total":144.0},"Preparation / Recipes":{"raw":1.0,"perc":0.69444444444444442,"total":144.0},"Guides / Sitters":{"raw":15.0,"perc":10.416666666666668,"total":144.0},"HPPD / Lasting Visuals":{"raw":1.0,"perc":0.69444444444444442,"total":144.0},"Therapeutic Intent or Outcome":{"raw":9.0,"perc":6.25,"total":144.0},"Personal Preparation":{"raw":3.0,"perc":2.083333333333333,"total":144.0},"Health Problems":{"raw":1.0,"perc":0.69444444444444442,"total":144.0},"Post Trip Problems":{"raw":2.0,"perc":1.3888888888888888,"total":144.0},"Hangover / Days After":{"raw":3.0,"perc":2.083333333333333,"total":144.0},"Sex Discussion":{"raw":1.0,"perc":0.69444444444444442,"total":144.0},"Music Discussion":{"raw":1.0,"perc":0.69444444444444442,"total":144.0}},"No Effect":{"General":{"raw":1.0,"perc":100.0,"total":1.0}},"Extreme":{"Difficult Experiences":{"raw":4.0,"perc":17.391304347826086,"total":23.0},"Bad Trips":{"raw":1.0,"perc":4.3478260869565215,"total":23.0},"Depression":{"raw":1.0,"perc":4.3478260869565215,"total":23.0},"Hangover / Days After":{"raw":1.0,"perc":4.3478260869565215,"total":23.0},"Entities / Beings":{"raw":2.0,"perc":8.695652173913043,"total":23.0},"Sex Discussion":{"raw":1.0,"perc":4.3478260869565215,"total":23.0},"Health Problems":{"raw":1.0,"perc":4.3478260869565215,"total":23.0},"Therapeutic Intent or Outcome":{"raw":2.0,"perc":8.695652173913043,"total":23.0},"Post Trip Problems":{"raw":1.0,"perc":4.3478260869565215,"total":23.0},"Mystical Experiences":{"raw":2.0,"perc":8.695652173913043,"total":23.0},"General":{"raw":1.0,"perc":4.3478260869565215,"total":23.0},"Glowing Experiences":{"raw":1.0,"perc":4.3478260869565215,"total":23.0},"Personal Preparation":{"raw":1.0,"perc":4.3478260869565215,"total":23.0},"Guides / Sitters":{"raw":1.0,"perc":4.3478260869565215,"total":23.0},"Music Discussion":{"raw":1.0,"perc":4.3478260869565215,"total":23.0},"Nature / Outdoors":{"raw":1.0,"perc":4.3478260869565215,"total":23.0},"Second Hand Report":{"raw":1.0,"perc":4.3478260869565215,"total":23.0}}},"School":{"Medium":{"First Times":{"raw":36.0,"perc":16.589861751152075,"total":217.0},"General":{"raw":65.0,"perc":29.953917050691242,"total":217.0},"Bad Trips":{"raw":3.0,"perc":1.3824884792626728,"total":217.0},"Glowing Experiences":{"raw":21.0,"perc":9.67741935483871,"total":217.0},"Retrospective / Summary":{"raw":26.0,"perc":11.981566820276496,"total":217.0},"Health Problems":{"raw":5.0,"perc":2.3041474654377883,"total":217.0},"Preparation / Recipes":{"raw":1.0,"perc":0.46082949308755761,"total":217.0},"Health Benefits":{"raw":3.0,"perc":1.3824884792626728,"total":217.0},"Difficult Experiences":{"raw":11.0,"perc":5.0691244239631335,"total":217.0},"What Was in That?":{"raw":1.0,"perc":0.46082949308755761,"total":217.0},"Medical Use":{"raw":6.0,"perc":2.7649769585253456,"total":217.0},"Relationships":{"raw":2.0,"perc":0.92165898617511521,"total":217.0},"Overdose":{"raw":5.0,"perc":2.3041474654377883,"total":217.0},"Hangover / Days After":{"raw":9.0,"perc":4.1474654377880187,"total":217.0},"Depression":{"raw":4.0,"perc":1.8433179723502304,"total":217.0},"Post Trip Problems":{"raw":3.0,"perc":1.3824884792626728,"total":217.0},"Music Discussion":{"raw":2.0,"perc":0.92165898617511521,"total":217.0},"Multi-Day Experience":{"raw":4.0,"perc":1.8433179723502304,"total":217.0},"Performance Enhancement":{"raw":7.0,"perc":3.225806451612903,"total":217.0},"Entities / Beings":{"raw":1.0,"perc":0.46082949308755761,"total":217.0},"Sex Discussion":{"raw":1.0,"perc":0.46082949308755761,"total":217.0},"Therapeutic Intent or Outcome":{"raw":1.0,"perc":0.46082949308755761,"total":217.0}},"Strong":{"Difficult Experiences":{"raw":18.0,"perc":14.173228346456693,"total":127.0},"Bad Trips":{"raw":9.0,"perc":7.0866141732283463,"total":127.0},"Health Problems":{"raw":13.0,"perc":10.236220472440944,"total":127.0},"Overdose":{"raw":10.0,"perc":7.8740157480314963,"total":127.0},"First Times":{"raw":15.0,"perc":11.811023622047244,"total":127.0},"General":{"raw":18.0,"perc":14.173228346456693,"total":127.0},"Second Hand Report":{"raw":1.0,"perc":0.78740157480314954,"total":127.0},"Relationships":{"raw":1.0,"perc":0.78740157480314954,"total":127.0},"Mystical Experiences":{"raw":3.0,"perc":2.3622047244094486,"total":127.0},"Post Trip Problems":{"raw":3.0,"perc":2.3622047244094486,"total":127.0},"Glowing Experiences":{"raw":8.0,"perc":6.2992125984251963,"total":127.0},"Depression":{"raw":1.0,"perc":0.78740157480314954,"total":127.0},"Hangover / Days After":{"raw":7.0,"perc":5.5118110236220472,"total":127.0},"Health Benefits":{"raw":1.0,"perc":0.78740157480314954,"total":127.0},"Medical Use":{"raw":3.0,"perc":2.3622047244094486,"total":127.0},"Preparation / Recipes":{"raw":2.0,"perc":1.5748031496062991,"total":127.0},"Multi-Day Experience":{"raw":5.0,"perc":3.9370078740157481,"total":127.0},"Retrospective / Summary":{"raw":3.0,"perc":2.3622047244094486,"total":127.0},"What Was in That?":{"raw":1.0,"perc":0.78740157480314954,"total":127.0},"Entities / Beings":{"raw":2.0,"perc":1.5748031496062991,"total":127.0},"Performance Enhancement":{"raw":2.0,"perc":1.5748031496062991,"total":127.0},"Therapeutic Intent or Outcome":{"raw":1.0,"perc":0.78740157480314954,"total":127.0}},"Extreme":{"Difficult Experiences":{"raw":6.0,"perc":13.333333333333334,"total":45.0},"Overdose":{"raw":12.0,"perc":26.666666666666668,"total":45.0},"Hangover / Days After":{"raw":2.0,"perc":4.4444444444444446,"total":45.0},"Bad Trips":{"raw":3.0,"perc":6.666666666666667,"total":45.0},"Health Problems":{"raw":8.0,"perc":17.777777777777779,"total":45.0},"Post Trip Problems":{"raw":3.0,"perc":6.666666666666667,"total":45.0},"Second Hand Report":{"raw":1.0,"perc":2.2222222222222223,"total":45.0},"First Times":{"raw":4.0,"perc":8.88888888888889,"total":45.0},"Families":{"raw":1.0,"perc":2.2222222222222223,"total":45.0},"Multi-Day Experience":{"raw":1.0,"perc":2.2222222222222223,"total":45.0},"General":{"raw":1.0,"perc":2.2222222222222223,"total":45.0},"Medical Use":{"raw":1.0,"perc":2.2222222222222223,"total":45.0},"Depression":{"raw":1.0,"perc":2.2222222222222223,"total":45.0},"Performance Enhancement":{"raw":1.0,"perc":2.2222222222222223,"total":45.0}},"No Effect":{"General":{"raw":2.0,"perc":50.0,"total":4.0},"Post Trip Problems":{"raw":1.0,"perc":25.0,"total":4.0},"First Times":{"raw":1.0,"perc":25.0,"total":4.0}}},"Hospital":{"Medium":{"First Times":{"raw":10.0,"perc":6.5789473684210522,"total":152.0},"General":{"raw":20.0,"perc":13.157894736842104,"total":152.0},"Retrospective / Summary":{"raw":12.0,"perc":7.8947368421052628,"total":152.0},"Health Problems":{"raw":19.0,"perc":12.5,"total":152.0},"Overdose":{"raw":12.0,"perc":7.8947368421052628,"total":152.0},"Post Trip Problems":{"raw":5.0,"perc":3.2894736842105261,"total":152.0},"Difficult Experiences":{"raw":11.0,"perc":7.2368421052631584,"total":152.0},"Bad Trips":{"raw":8.0,"perc":5.2631578947368416,"total":152.0},"Depression":{"raw":4.0,"perc":2.6315789473684208,"total":152.0},"Glowing Experiences":{"raw":5.0,"perc":3.2894736842105261,"total":152.0},"Health Benefits":{"raw":5.0,"perc":3.2894736842105261,"total":152.0},"Second Hand Report":{"raw":3.0,"perc":1.9736842105263157,"total":152.0},"Families":{"raw":2.0,"perc":1.3157894736842104,"total":152.0},"Medical Use":{"raw":19.0,"perc":12.5,"total":152.0},"Multi-Day Experience":{"raw":5.0,"perc":3.2894736842105261,"total":152.0},"Hangover / Days After":{"raw":5.0,"perc":3.2894736842105261,"total":152.0},"Entities / Beings":{"raw":1.0,"perc":0.6578947368421052,"total":152.0},"Therapeutic Intent or Outcome":{"raw":6.0,"perc":3.9473684210526314,"total":152.0}},"Strong":{"Health Problems":{"raw":19.0,"perc":11.585365853658537,"total":164.0},"First Times":{"raw":11.0,"perc":6.7073170731707323,"total":164.0},"Overdose":{"raw":6.0,"perc":3.6585365853658534,"total":164.0},"Difficult Experiences":{"raw":15.0,"perc":9.1463414634146343,"total":164.0},"Bad Trips":{"raw":12.0,"perc":7.3170731707317067,"total":164.0},"Post Trip Problems":{"raw":11.0,"perc":6.7073170731707323,"total":164.0},"Families":{"raw":4.0,"perc":2.4390243902439024,"total":164.0},"Second Hand Report":{"raw":4.0,"perc":2.4390243902439024,"total":164.0},"Health Benefits":{"raw":5.0,"perc":3.0487804878048781,"total":164.0},"General":{"raw":16.0,"perc":9.75609756097561,"total":164.0},"Mystical Experiences":{"raw":2.0,"perc":1.2195121951219512,"total":164.0},"Entities / Beings":{"raw":2.0,"perc":1.2195121951219512,"total":164.0},"Retrospective / Summary":{"raw":3.0,"perc":1.8292682926829267,"total":164.0},"Medical Use":{"raw":27.0,"perc":16.463414634146343,"total":164.0},"Depression":{"raw":5.0,"perc":3.0487804878048781,"total":164.0},"Hangover / Days After":{"raw":7.0,"perc":4.2682926829268295,"total":164.0},"Preparation / Recipes":{"raw":1.0,"perc":0.6097560975609756,"total":164.0},"HPPD / Lasting Visuals":{"raw":1.0,"perc":0.6097560975609756,"total":164.0},"Sex Discussion":{"raw":1.0,"perc":0.6097560975609756,"total":164.0},"Multi-Day Experience":{"raw":3.0,"perc":1.8292682926829267,"total":164.0},"Glowing Experiences":{"raw":4.0,"perc":2.4390243902439024,"total":164.0},"What Was in That?":{"raw":1.0,"perc":0.6097560975609756,"total":164.0},"Therapeutic Intent or Outcome":{"raw":3.0,"perc":1.8292682926829267,"total":164.0},"Guides / Sitters":{"raw":1.0,"perc":0.6097560975609756,"total":164.0}},"Extreme":{"First Times":{"raw":14.0,"perc":5.2830188679245289,"total":265.0},"Difficult Experiences":{"raw":35.0,"perc":13.20754716981132,"total":265.0},"Bad Trips":{"raw":24.0,"perc":9.0566037735849054,"total":265.0},"Health Problems":{"raw":46.0,"perc":17.358490566037734,"total":265.0},"Post Trip Problems":{"raw":18.0,"perc":6.7924528301886795,"total":265.0},"Overdose":{"raw":49.0,"perc":18.490566037735849,"total":265.0},"General":{"raw":13.0,"perc":4.9056603773584913,"total":265.0},"Retrospective / Summary":{"raw":5.0,"perc":1.8867924528301887,"total":265.0},"HPPD / Lasting Visuals":{"raw":1.0,"perc":0.37735849056603776,"total":265.0},"Depression":{"raw":2.0,"perc":0.75471698113207553,"total":265.0},"Glowing Experiences":{"raw":2.0,"perc":0.75471698113207553,"total":265.0},"Multi-Day Experience":{"raw":8.0,"perc":3.0188679245283021,"total":265.0},"Second Hand Report":{"raw":14.0,"perc":5.2830188679245289,"total":265.0},"Hangover / Days After":{"raw":7.0,"perc":2.6415094339622645,"total":265.0},"Health Benefits":{"raw":2.0,"perc":0.75471698113207553,"total":265.0},"Families":{"raw":6.0,"perc":2.2641509433962264,"total":265.0},"Entities / Beings":{"raw":7.0,"perc":2.6415094339622645,"total":265.0},"Preparation / Recipes":{"raw":1.0,"perc":0.37735849056603776,"total":265.0},"Mystical Experiences":{"raw":2.0,"perc":0.75471698113207553,"total":265.0},"Medical Use":{"raw":5.0,"perc":1.8867924528301887,"total":265.0},"What Was in That?":{"raw":2.0,"perc":0.75471698113207553,"total":265.0},"Personal Preparation":{"raw":1.0,"perc":0.37735849056603776,"total":265.0},"Therapeutic Intent or Outcome":{"raw":1.0,"perc":0.37735849056603776,"total":265.0}},"No Effect":{"Medical Use":{"raw":3.0,"perc":37.5,"total":8.0},"General":{"raw":3.0,"perc":37.5,"total":8.0},"Post Trip Problems":{"raw":1.0,"perc":12.5,"total":8.0},"Retrospective / Summary":{"raw":1.0,"perc":12.5,"total":8.0}}},"Public Space (Museum, Park, etc)":{"Medium":{"Difficult Experiences":{"raw":3.0,"perc":9.375,"total":32.0},"General":{"raw":7.0,"perc":21.875,"total":32.0},"Glowing Experiences":{"raw":5.0,"perc":15.625,"total":32.0},"Performance Enhancement":{"raw":1.0,"perc":3.125,"total":32.0},"First Times":{"raw":6.0,"perc":18.75,"total":32.0},"Nature / Outdoors":{"raw":5.0,"perc":15.625,"total":32.0},"Retrospective / Summary":{"raw":1.0,"perc":3.125,"total":32.0},"Health Benefits":{"raw":1.0,"perc":3.125,"total":32.0},"Medical Use":{"raw":1.0,"perc":3.125,"total":32.0},"Second Hand Report":{"raw":1.0,"perc":3.125,"total":32.0},"Hangover / Days After":{"raw":1.0,"perc":3.125,"total":32.0}},"Strong":{"First Times":{"raw":3.0,"perc":27.27272727272727,"total":11.0},"Entities / Beings":{"raw":1.0,"perc":9.0909090909090917,"total":11.0},"Hangover / Days After":{"raw":1.0,"perc":9.0909090909090917,"total":11.0},"General":{"raw":3.0,"perc":27.27272727272727,"total":11.0},"Music Discussion":{"raw":1.0,"perc":9.0909090909090917,"total":11.0},"Glowing Experiences":{"raw":1.0,"perc":9.0909090909090917,"total":11.0},"Nature / Outdoors":{"raw":1.0,"perc":9.0909090909090917,"total":11.0}},"No Effect":{"Preparation / Recipes":{"raw":1.0,"perc":100.0,"total":1.0}}},"Large Party":{"Strong":{"Difficult Experiences":{"raw":2.0,"perc":40.0,"total":5.0},"Retrospective / Summary":{"raw":1.0,"perc":20.0,"total":5.0},"Depression":{"raw":1.0,"perc":20.0,"total":5.0},"Mystical Experiences":{"raw":1.0,"perc":20.0,"total":5.0}},"Medium":{"Retrospective / Summary":{"raw":1.0,"perc":33.333333333333329,"total":3.0},"Difficult Experiences":{"raw":1.0,"perc":33.333333333333329,"total":3.0},"Glowing Experiences":{"raw":1.0,"perc":33.333333333333329,"total":3.0}}},"Military":{"Strong":{"General":{"raw":2.0,"perc":33.333333333333329,"total":6.0},"Health Problems":{"raw":1.0,"perc":16.666666666666664,"total":6.0},"Difficult Experiences":{"raw":1.0,"perc":16.666666666666664,"total":6.0},"Second Hand Report":{"raw":1.0,"perc":16.666666666666664,"total":6.0},"Hangover / Days After":{"raw":1.0,"perc":16.666666666666664,"total":6.0}},"Medium":{"First Times":{"raw":1.0,"perc":6.25,"total":16.0},"Personal Preparation":{"raw":1.0,"perc":6.25,"total":16.0},"Relationships":{"raw":1.0,"perc":6.25,"total":16.0},"General":{"raw":3.0,"perc":18.75,"total":16.0},"Entities / Beings":{"raw":1.0,"perc":6.25,"total":16.0},"Retrospective / Summary":{"raw":5.0,"perc":31.25,"total":16.0},"Health Problems":{"raw":2.0,"perc":12.5,"total":16.0},"Hangover / Days After":{"raw":1.0,"perc":6.25,"total":16.0},"Therapeutic Intent or Outcome":{"raw":1.0,"perc":6.25,"total":16.0}}},"Workplace":{"Medium":{"Difficult Experiences":{"raw":1.0,"perc":3.7037037037037033,"total":27.0},"Retrospective / Summary":{"raw":3.0,"perc":11.111111111111111,"total":27.0},"Health Benefits":{"raw":2.0,"perc":7.4074074074074066,"total":27.0},"Medical Use":{"raw":3.0,"perc":11.111111111111111,"total":27.0},"General":{"raw":3.0,"perc":11.111111111111111,"total":27.0},"Therapeutic Intent or Outcome":{"raw":1.0,"perc":3.7037037037037033,"total":27.0},"Performance Enhancement":{"raw":3.0,"perc":11.111111111111111,"total":27.0},"Hangover / Days After":{"raw":3.0,"perc":11.111111111111111,"total":27.0},"First Times":{"raw":4.0,"perc":14.814814814814813,"total":27.0},"Health Problems":{"raw":1.0,"perc":3.7037037037037033,"total":27.0},"Glowing Experiences":{"raw":2.0,"perc":7.4074074074074066,"total":27.0},"Multi-Day Experience":{"raw":1.0,"perc":3.7037037037037033,"total":27.0}},"Strong":{"Difficult Experiences":{"raw":2.0,"perc":20.0,"total":10.0},"Bad Trips":{"raw":2.0,"perc":20.0,"total":10.0},"Health Problems":{"raw":2.0,"perc":20.0,"total":10.0},"General":{"raw":1.0,"perc":10.0,"total":10.0},"First Times":{"raw":3.0,"perc":30.0,"total":10.0}},"Extreme":{"General":{"raw":1.0,"perc":50.0,"total":2.0},"Retrospective / Summary":{"raw":1.0,"perc":50.0,"total":2.0}}}}