{"Festival / Lg. Crowd":{"Drug Testing":{"Morning Glory":{"raw":1.0,"perc":33.333333333333329,"total":3.0},"Cacti":{"raw":1.0,"perc":33.333333333333329,"total":3.0},"Mescaline":{"raw":1.0,"perc":33.333333333333329,"total":3.0}},"Ritual":{"2C-B":{"raw":1.0,"perc":14.285714285714285,"total":7.0},"MDMA":{"raw":1.0,"perc":14.285714285714285,"total":7.0},"Phenethylamine":{"raw":1.0,"perc":14.285714285714285,"total":7.0},"Stimulants":{"raw":1.0,"perc":14.285714285714285,"total":7.0},"Tryptophan":{"raw":1.0,"perc":14.285714285714285,"total":7.0},"Cacti":{"raw":1.0,"perc":14.285714285714285,"total":7.0},"Cannabis":{"raw":1.0,"perc":14.285714285714285,"total":7.0}},"Police / Customs":{"2C-B":{"raw":1.0,"perc":25.0,"total":4.0},"Phenethylamine":{"raw":1.0,"perc":25.0,"total":4.0},"LSD":{"raw":2.0,"perc":50.0,"total":4.0}},"Sleep Deprivation":{"Benzodiazepines":{"raw":1.0,"perc":33.333333333333329,"total":3.0},"LSD":{"raw":1.0,"perc":33.333333333333329,"total":3.0},"Pharms - Diazepam":{"raw":1.0,"perc":33.333333333333329,"total":3.0}},"Yoga / Bodywork":{"MDMA":{"raw":1.0,"perc":50.0,"total":2.0},"Stimulants":{"raw":1.0,"perc":50.0,"total":2.0}}},"Various":{"Sleep Deprivation":{"Various":{"raw":23.0,"perc":43.39622641509434,"total":53.0},"Yohimbe":{"raw":1.0,"perc":1.8867924528301887,"total":53.0},"Caffeine":{"raw":3.0,"perc":5.6603773584905666,"total":53.0},"Ephedrine":{"raw":2.0,"perc":3.7735849056603774,"total":53.0},"Ginseng":{"raw":1.0,"perc":1.8867924528301887,"total":53.0},"Pharms - Cyclobenzaprine":{"raw":1.0,"perc":1.8867924528301887,"total":53.0},"AMT":{"raw":2.0,"perc":3.7735849056603774,"total":53.0},"Methamphetamine":{"raw":2.0,"perc":3.7735849056603774,"total":53.0},"Modafinil":{"raw":2.0,"perc":3.7735849056603774,"total":53.0},"Amphetamines":{"raw":3.0,"perc":5.6603773584905666,"total":53.0},"Stimulants":{"raw":4.0,"perc":7.5471698113207548,"total":53.0},"Pharms - Benzphetamine":{"raw":1.0,"perc":1.8867924528301887,"total":53.0},"Cannabis":{"raw":1.0,"perc":1.8867924528301887,"total":53.0},"MDMA":{"raw":1.0,"perc":1.8867924528301887,"total":53.0},"Pharms - Propylhexedrine":{"raw":1.0,"perc":1.8867924528301887,"total":53.0},"DOB":{"raw":1.0,"perc":1.8867924528301887,"total":53.0},"2C-B":{"raw":1.0,"perc":1.8867924528301887,"total":53.0},"Phenethylamine":{"raw":1.0,"perc":1.8867924528301887,"total":53.0},"MDPV":{"raw":1.0,"perc":1.8867924528301887,"total":53.0},"Methylone":{"raw":1.0,"perc":1.8867924528301887,"total":53.0}},"Police / Customs":{"Various":{"raw":27.0,"perc":41.53846153846154,"total":65.0},"Salvia divinorum":{"raw":1.0,"perc":1.5384615384615385,"total":65.0},"Diphenhydramine":{"raw":1.0,"perc":1.5384615384615385,"total":65.0},"Inhalants":{"raw":1.0,"perc":1.5384615384615385,"total":65.0},"Datura":{"raw":2.0,"perc":3.0769230769230771,"total":65.0},"MDMA":{"raw":2.0,"perc":3.0769230769230771,"total":65.0},"Stimulants":{"raw":2.0,"perc":3.0769230769230771,"total":65.0},"Alcohol":{"raw":5.0,"perc":7.6923076923076925,"total":65.0},"Cocaine":{"raw":1.0,"perc":1.5384615384615385,"total":65.0},"Dimenhydrinate":{"raw":1.0,"perc":1.5384615384615385,"total":65.0},"Mushrooms":{"raw":4.0,"perc":6.1538461538461542,"total":65.0},"Heroin":{"raw":1.0,"perc":1.5384615384615385,"total":65.0},"Opiates":{"raw":1.0,"perc":1.5384615384615385,"total":65.0},"Methamphetamine":{"raw":1.0,"perc":1.5384615384615385,"total":65.0},"Opioids":{"raw":1.0,"perc":1.5384615384615385,"total":65.0},"Pharms - Oxycodone":{"raw":1.0,"perc":1.5384615384615385,"total":65.0},"Benzodiazepines":{"raw":1.0,"perc":1.5384615384615385,"total":65.0},"Pharmaceuticals":{"raw":1.0,"perc":1.5384615384615385,"total":65.0},"Pharms - Alprazolam":{"raw":1.0,"perc":1.5384615384615385,"total":65.0},"Pharms - Zolpidem":{"raw":1.0,"perc":1.5384615384615385,"total":65.0},"LSD":{"raw":3.0,"perc":4.6153846153846159,"total":65.0},"5-MeO-DMT":{"raw":1.0,"perc":1.5384615384615385,"total":65.0},"Cannabis":{"raw":1.0,"perc":1.5384615384615385,"total":65.0},"2C-E":{"raw":1.0,"perc":1.5384615384615385,"total":65.0},"Phenethylamine":{"raw":1.0,"perc":1.5384615384615385,"total":65.0},"Brugmansia":{"raw":1.0,"perc":1.5384615384615385,"total":65.0},"Coca":{"raw":1.0,"perc":1.5384615384615385,"total":65.0}},"Endogenous":{"MDMA":{"raw":1.0,"perc":25.0,"total":4.0},"Stimulants":{"raw":1.0,"perc":25.0,"total":4.0},"Various":{"raw":2.0,"perc":50.0,"total":4.0}},"Yoga / Bodywork":{"Various":{"raw":3.0,"perc":60.0,"total":5.0},"LSD":{"raw":1.0,"perc":20.0,"total":5.0},"Morning Glory":{"raw":1.0,"perc":20.0,"total":5.0}},"Ritual":{"DPT":{"raw":1.0,"perc":16.666666666666664,"total":6.0},"Various":{"raw":4.0,"perc":66.666666666666657,"total":6.0},"Salvia divinorum":{"raw":1.0,"perc":16.666666666666664,"total":6.0}},"Meditation":{"Mushrooms":{"raw":2.0,"perc":5.88235294117647,"total":34.0},"Various":{"raw":15.0,"perc":44.117647058823529,"total":34.0},"Morning Glory":{"raw":2.0,"perc":5.88235294117647,"total":34.0},"LSD":{"raw":3.0,"perc":8.8235294117647065,"total":34.0},"5-MeO-DMT":{"raw":1.0,"perc":2.9411764705882351,"total":34.0},"DXM":{"raw":1.0,"perc":2.9411764705882351,"total":34.0},"Cacti":{"raw":1.0,"perc":2.9411764705882351,"total":34.0},"Cannabis":{"raw":2.0,"perc":5.88235294117647,"total":34.0},"Mescaline":{"raw":1.0,"perc":2.9411764705882351,"total":34.0},"Pharms - Venlafaxine":{"raw":1.0,"perc":2.9411764705882351,"total":34.0},"Lotus/Lily":{"raw":1.0,"perc":2.9411764705882351,"total":34.0},"4-HO-DET":{"raw":1.0,"perc":2.9411764705882351,"total":34.0},"Pharms - Clonidine":{"raw":1.0,"perc":2.9411764705882351,"total":34.0},"Opioids":{"raw":1.0,"perc":2.9411764705882351,"total":34.0},"Pharms - Oxycodone":{"raw":1.0,"perc":2.9411764705882351,"total":34.0}},"Fasting":{"Various":{"raw":7.0,"perc":70.0,"total":10.0},"Caffeine":{"raw":2.0,"perc":20.0,"total":10.0},"Tobacco":{"raw":1.0,"perc":10.0,"total":10.0}},"Migraines":{"4-AcO-DET":{"raw":1.0,"perc":12.5,"total":8.0},"5-MeO-DiPT":{"raw":1.0,"perc":12.5,"total":8.0},"MDMA":{"raw":1.0,"perc":12.5,"total":8.0},"Stimulants":{"raw":1.0,"perc":12.5,"total":8.0},"Various":{"raw":2.0,"perc":25.0,"total":8.0},"Cannabis":{"raw":1.0,"perc":12.5,"total":8.0},"LSD":{"raw":1.0,"perc":12.5,"total":8.0}},"OBE":{"MDMA":{"raw":1.0,"perc":11.111111111111111,"total":9.0},"PMA":{"raw":1.0,"perc":11.111111111111111,"total":9.0},"Stimulants":{"raw":1.0,"perc":11.111111111111111,"total":9.0},"Various":{"raw":3.0,"perc":33.333333333333329,"total":9.0},"Cannabis":{"raw":1.0,"perc":11.111111111111111,"total":9.0},"Pharms - Escitalopram":{"raw":1.0,"perc":11.111111111111111,"total":9.0},"Mushrooms":{"raw":1.0,"perc":11.111111111111111,"total":9.0}},"Mindfulness":{"Various":{"raw":3.0,"perc":42.857142857142854,"total":7.0},"DMT":{"raw":1.0,"perc":14.285714285714285,"total":7.0},"Banisteriopsis caapi":{"raw":1.0,"perc":14.285714285714285,"total":7.0},"Harmala Alkaloids":{"raw":1.0,"perc":14.285714285714285,"total":7.0},"Mushrooms":{"raw":1.0,"perc":14.285714285714285,"total":7.0}},"Dreams":{"Pharms - Tramadol":{"raw":1.0,"perc":7.6923076923076925,"total":13.0},"Various":{"raw":7.0,"perc":53.846153846153847,"total":13.0},"DMAE":{"raw":2.0,"perc":15.384615384615385,"total":13.0},"Morning Glory":{"raw":1.0,"perc":7.6923076923076925,"total":13.0},"Pharms - Promethazine":{"raw":1.0,"perc":7.6923076923076925,"total":13.0},"Heimia salicifolia":{"raw":1.0,"perc":7.6923076923076925,"total":13.0}},"Devices":{"Various":{"raw":1.0,"perc":100.0,"total":1.0}},"Devices - Mind Machine":{"Various":{"raw":1.0,"perc":100.0,"total":1.0}},"Conferences":{"Mushrooms":{"raw":1.0,"perc":50.0,"total":2.0},"Various":{"raw":1.0,"perc":50.0,"total":2.0}},"Drug Testing":{"Various":{"raw":5.0,"perc":45.454545454545453,"total":11.0},"DXM":{"raw":2.0,"perc":18.181818181818183,"total":11.0},"Vitamins - Niacin":{"raw":1.0,"perc":9.0909090909090917,"total":11.0},"Alcohol":{"raw":1.0,"perc":9.0909090909090917,"total":11.0},"Opioids":{"raw":1.0,"perc":9.0909090909090917,"total":11.0},"Pharms - Oxycodone":{"raw":1.0,"perc":9.0909090909090917,"total":11.0}},"Music":{"Cannabis":{"raw":1.0,"perc":25.0,"total":4.0},"MDMA":{"raw":1.0,"perc":25.0,"total":4.0},"Stimulants":{"raw":1.0,"perc":25.0,"total":4.0},"Various":{"raw":1.0,"perc":25.0,"total":4.0}},"Nitrogen Narcosis":{"Mushrooms":{"raw":1.0,"perc":33.333333333333329,"total":3.0},"Salvia divinorum":{"raw":1.0,"perc":33.333333333333329,"total":3.0},"Various":{"raw":1.0,"perc":33.333333333333329,"total":3.0}},"Humor":{"Mushrooms":{"raw":2.0,"perc":50.0,"total":4.0},"Various":{"raw":2.0,"perc":50.0,"total":4.0}}},"Alone":{"OBE":{"LSD":{"raw":3.0,"perc":10.344827586206897,"total":29.0},"Datura":{"raw":1.0,"perc":3.4482758620689653,"total":29.0},"Kava":{"raw":1.0,"perc":3.4482758620689653,"total":29.0},"Valerian":{"raw":1.0,"perc":3.4482758620689653,"total":29.0},"Vitamin B-6":{"raw":1.0,"perc":3.4482758620689653,"total":29.0},"DXM":{"raw":2.0,"perc":6.8965517241379306,"total":29.0},"Cannabis":{"raw":2.0,"perc":6.8965517241379306,"total":29.0},"Lotus/Lily":{"raw":1.0,"perc":3.4482758620689653,"total":29.0},"Codeine":{"raw":1.0,"perc":3.4482758620689653,"total":29.0},"Opiates":{"raw":1.0,"perc":3.4482758620689653,"total":29.0},"Nitrous Oxide":{"raw":1.0,"perc":3.4482758620689653,"total":29.0},"Salvia divinorum":{"raw":4.0,"perc":13.793103448275861,"total":29.0},"Stipa robusta":{"raw":1.0,"perc":3.4482758620689653,"total":29.0},"Mushrooms":{"raw":1.0,"perc":3.4482758620689653,"total":29.0},"2C-I":{"raw":1.0,"perc":3.4482758620689653,"total":29.0},"2C-B":{"raw":1.0,"perc":3.4482758620689653,"total":29.0},"Ketamine":{"raw":1.0,"perc":3.4482758620689653,"total":29.0},"NMDA Antagonists":{"raw":1.0,"perc":3.4482758620689653,"total":29.0},"Phenethylamine":{"raw":1.0,"perc":3.4482758620689653,"total":29.0},"Modafinil":{"raw":1.0,"perc":3.4482758620689653,"total":29.0},"25I-NBOMe":{"raw":1.0,"perc":3.4482758620689653,"total":29.0},"NBOMe Series":{"raw":1.0,"perc":3.4482758620689653,"total":29.0}},"Dreams":{"DPT":{"raw":1.0,"perc":0.38759689922480622,"total":258.0},"Pharmaceuticals":{"raw":3.0,"perc":1.1627906976744187,"total":258.0},"Calea zacatechichi":{"raw":42.0,"perc":16.279069767441861,"total":258.0},"Nutmeg":{"raw":3.0,"perc":1.1627906976744187,"total":258.0},"Melatonin":{"raw":40.0,"perc":15.503875968992247,"total":258.0},"Kava":{"raw":3.0,"perc":1.1627906976744187,"total":258.0},"Diphenhydramine":{"raw":4.0,"perc":1.5503875968992249,"total":258.0},"St. John's Wort":{"raw":1.0,"perc":0.38759689922480622,"total":258.0},"Valerian":{"raw":17.0,"perc":6.5891472868217065,"total":258.0},"Vitamin B-6":{"raw":13.0,"perc":5.0387596899224807,"total":258.0},"Nicotine":{"raw":2.0,"perc":0.77519379844961245,"total":258.0},"Tobacco":{"raw":3.0,"perc":1.1627906976744187,"total":258.0},"Caffeine":{"raw":2.0,"perc":0.77519379844961245,"total":258.0},"Hydrocodone":{"raw":3.0,"perc":1.1627906976744187,"total":258.0},"Opioids":{"raw":4.0,"perc":1.5503875968992249,"total":258.0},"Piracetam":{"raw":1.0,"perc":0.38759689922480622,"total":258.0},"Lactuca spp.":{"raw":2.0,"perc":0.77519379844961245,"total":258.0},"Morning Glory":{"raw":1.0,"perc":0.38759689922480622,"total":258.0},"Yohimbe":{"raw":1.0,"perc":0.38759689922480622,"total":258.0},"5-MeO-DiPT":{"raw":1.0,"perc":0.38759689922480622,"total":258.0},"Alcohol":{"raw":2.0,"perc":0.77519379844961245,"total":258.0},"DXM":{"raw":2.0,"perc":0.77519379844961245,"total":258.0},"Mugwort":{"raw":11.0,"perc":4.2635658914728678,"total":258.0},"Damiana":{"raw":2.0,"perc":0.77519379844961245,"total":258.0},"Datura":{"raw":2.0,"perc":0.77519379844961245,"total":258.0},"Opiates":{"raw":2.0,"perc":0.77519379844961245,"total":258.0},"Poppies - Opium":{"raw":1.0,"perc":0.38759689922480622,"total":258.0},"Pharms - Paroxetine":{"raw":2.0,"perc":0.77519379844961245,"total":258.0},"SSRIs":{"raw":2.0,"perc":0.77519379844961245,"total":258.0},"Heimia salicifolia":{"raw":2.0,"perc":0.77519379844961245,"total":258.0},"Mandrake":{"raw":1.0,"perc":0.38759689922480622,"total":258.0},"DMT":{"raw":1.0,"perc":0.38759689922480622,"total":258.0},"Pharms - Zaleplon":{"raw":1.0,"perc":0.38759689922480622,"total":258.0},"5-MeO-DMT":{"raw":2.0,"perc":0.77519379844961245,"total":258.0},"Catnip":{"raw":2.0,"perc":0.77519379844961245,"total":258.0},"Tryptophan":{"raw":6.0,"perc":2.3255813953488373,"total":258.0},"Pharms - Amitriptyline":{"raw":1.0,"perc":0.38759689922480622,"total":258.0},"DMAE":{"raw":1.0,"perc":0.38759689922480622,"total":258.0},"Pharms - Mefloquine":{"raw":1.0,"perc":0.38759689922480622,"total":258.0},"Hops":{"raw":2.0,"perc":0.77519379844961245,"total":258.0},"Skullcap":{"raw":1.0,"perc":0.38759689922480622,"total":258.0},"Pharms - Venlafaxine":{"raw":3.0,"perc":1.1627906976744187,"total":258.0},"Coleus":{"raw":4.0,"perc":1.5503875968992249,"total":258.0},"MDMA":{"raw":1.0,"perc":0.38759689922480622,"total":258.0},"Stimulants":{"raw":1.0,"perc":0.38759689922480622,"total":258.0},"Pharms - Atomoxetine":{"raw":1.0,"perc":0.38759689922480622,"total":258.0},"Hydromorphone":{"raw":1.0,"perc":0.38759689922480622,"total":258.0},"Calamus":{"raw":1.0,"perc":0.38759689922480622,"total":258.0},"Pharms - Mirtazapine":{"raw":5.0,"perc":1.9379844961240309,"total":258.0},"Voacanga africana":{"raw":1.0,"perc":0.38759689922480622,"total":258.0},"Pharms - Phenytoin":{"raw":1.0,"perc":0.38759689922480622,"total":258.0},"Pharms - Zopiclone":{"raw":2.0,"perc":0.77519379844961245,"total":258.0},"Sceletium tortuosum":{"raw":1.0,"perc":0.38759689922480622,"total":258.0},"Cannabis":{"raw":2.0,"perc":0.77519379844961245,"total":258.0},"Salvia divinorum":{"raw":1.0,"perc":0.38759689922480622,"total":258.0},"Wormwood":{"raw":2.0,"perc":0.77519379844961245,"total":258.0},"Pharms - Escitalopram":{"raw":1.0,"perc":0.38759689922480622,"total":258.0},"Pharms - Fluoxetine":{"raw":1.0,"perc":0.38759689922480622,"total":258.0},"Harmala Alkaloids":{"raw":3.0,"perc":1.1627906976744187,"total":258.0},"Passion Flower":{"raw":3.0,"perc":1.1627906976744187,"total":258.0},"Codeine":{"raw":1.0,"perc":0.38759689922480622,"total":258.0},"DOM":{"raw":1.0,"perc":0.38759689922480622,"total":258.0},"Ginkgo biloba":{"raw":1.0,"perc":0.38759689922480622,"total":258.0},"4-HO-DiPT":{"raw":1.0,"perc":0.38759689922480622,"total":258.0},"Leonotis leonurus":{"raw":1.0,"perc":0.38759689922480622,"total":258.0},"Amanitas":{"raw":1.0,"perc":0.38759689922480622,"total":258.0},"Mushrooms":{"raw":2.0,"perc":0.77519379844961245,"total":258.0},"Benzodiazepines":{"raw":1.0,"perc":0.38759689922480622,"total":258.0},"Pharms - Alprazolam":{"raw":1.0,"perc":0.38759689922480622,"total":258.0},"Cheese - Blue":{"raw":2.0,"perc":0.77519379844961245,"total":258.0},"Silene capensis":{"raw":12.0,"perc":4.6511627906976747,"total":258.0},"AMT":{"raw":1.0,"perc":0.38759689922480622,"total":258.0},"Vitamins - Choline":{"raw":1.0,"perc":0.38759689922480622,"total":258.0},"Kratom":{"raw":1.0,"perc":0.38759689922480622,"total":258.0},"Entada rheedii":{"raw":1.0,"perc":0.38759689922480622,"total":258.0},"Prazosin":{"raw":1.0,"perc":0.38759689922480622,"total":258.0}},"Drug Testing":{"DXM":{"raw":6.0,"perc":40.0,"total":15.0},"PCP":{"raw":1.0,"perc":6.666666666666667,"total":15.0},"Cannabis":{"raw":1.0,"perc":6.666666666666667,"total":15.0},"Pseudoephedrine":{"raw":1.0,"perc":6.666666666666667,"total":15.0},"Cocaine":{"raw":1.0,"perc":6.666666666666667,"total":15.0},"MDPV":{"raw":1.0,"perc":6.666666666666667,"total":15.0},"Opiates":{"raw":1.0,"perc":6.666666666666667,"total":15.0},"Poppies - Opium":{"raw":1.0,"perc":6.666666666666667,"total":15.0},"AB-FUBINACA":{"raw":1.0,"perc":6.666666666666667,"total":15.0},"Products - Spice and Synthetic Cannabinoids":{"raw":1.0,"perc":6.666666666666667,"total":15.0}},"Police / Customs":{"Cannabis":{"raw":3.0,"perc":12.5,"total":24.0},"AMT":{"raw":1.0,"perc":4.1666666666666661,"total":24.0},"Alcohol":{"raw":1.0,"perc":4.1666666666666661,"total":24.0},"Datura":{"raw":1.0,"perc":4.1666666666666661,"total":24.0},"LSD":{"raw":2.0,"perc":8.3333333333333321,"total":24.0},"Pharmaceuticals":{"raw":2.0,"perc":8.3333333333333321,"total":24.0},"Pharms - Lithium":{"raw":1.0,"perc":4.1666666666666661,"total":24.0},"5-MeO-DMT":{"raw":1.0,"perc":4.1666666666666661,"total":24.0},"Benzodiazepines":{"raw":1.0,"perc":4.1666666666666661,"total":24.0},"Pharms - Alprazolam":{"raw":1.0,"perc":4.1666666666666661,"total":24.0},"Pharms - Diazepam":{"raw":1.0,"perc":4.1666666666666661,"total":24.0},"Brugmansia":{"raw":2.0,"perc":8.3333333333333321,"total":24.0},"Scopolamine":{"raw":1.0,"perc":4.1666666666666661,"total":24.0},"Pharms - Zolpidem":{"raw":1.0,"perc":4.1666666666666661,"total":24.0},"Harmala Alkaloids":{"raw":1.0,"perc":4.1666666666666661,"total":24.0},"Mushrooms":{"raw":1.0,"perc":4.1666666666666661,"total":24.0},"Syrian Rue":{"raw":1.0,"perc":4.1666666666666661,"total":24.0},"2C-D":{"raw":1.0,"perc":4.1666666666666661,"total":24.0},"Phenethylamine":{"raw":1.0,"perc":4.1666666666666661,"total":24.0}},"Sleep Deprivation":{"Pharms - Benzphetamine":{"raw":1.0,"perc":3.4482758620689653,"total":29.0},"Pharmaceuticals":{"raw":1.0,"perc":3.4482758620689653,"total":29.0},"Pharms - Sertraline":{"raw":1.0,"perc":3.4482758620689653,"total":29.0},"SSRIs":{"raw":1.0,"perc":3.4482758620689653,"total":29.0},"Pharms - Corticosteroid":{"raw":1.0,"perc":3.4482758620689653,"total":29.0},"Pharms - Prednisone":{"raw":1.0,"perc":3.4482758620689653,"total":29.0},"2C-I":{"raw":1.0,"perc":3.4482758620689653,"total":29.0},"Catnip":{"raw":1.0,"perc":3.4482758620689653,"total":29.0},"Cannabis":{"raw":3.0,"perc":10.344827586206897,"total":29.0},"Amphetamines":{"raw":4.0,"perc":13.793103448275861,"total":29.0},"Stimulants":{"raw":4.0,"perc":13.793103448275861,"total":29.0},"Caffeine":{"raw":1.0,"perc":3.4482758620689653,"total":29.0},"Nicotine":{"raw":1.0,"perc":3.4482758620689653,"total":29.0},"Tobacco":{"raw":1.0,"perc":3.4482758620689653,"total":29.0},"Piperazines":{"raw":1.0,"perc":3.4482758620689653,"total":29.0},"DXM":{"raw":1.0,"perc":3.4482758620689653,"total":29.0},"Melatonin":{"raw":1.0,"perc":3.4482758620689653,"total":29.0},"Modafinil":{"raw":1.0,"perc":3.4482758620689653,"total":29.0},"Pharms - Methylphenidate":{"raw":1.0,"perc":3.4482758620689653,"total":29.0},"Products - Bath Salts, Plant Food, etc":{"raw":1.0,"perc":3.4482758620689653,"total":29.0},"3F-Phenmetrazine":{"raw":1.0,"perc":3.4482758620689653,"total":29.0}},"Floatation Tank":{"Morning Glory":{"raw":1.0,"perc":25.0,"total":4.0},"Unknown":{"raw":1.0,"perc":25.0,"total":4.0},"2C-E":{"raw":1.0,"perc":25.0,"total":4.0},"Phenethylamine":{"raw":1.0,"perc":25.0,"total":4.0}},"Ritual":{"Salvia divinorum":{"raw":1.0,"perc":11.111111111111111,"total":9.0},"Harmala Alkaloids":{"raw":2.0,"perc":22.222222222222221,"total":9.0},"Psychotria viridis":{"raw":1.0,"perc":11.111111111111111,"total":9.0},"Syrian Rue":{"raw":2.0,"perc":22.222222222222221,"total":9.0},"Cannabis":{"raw":1.0,"perc":11.111111111111111,"total":9.0},"LSA":{"raw":1.0,"perc":11.111111111111111,"total":9.0},"Anadenanthera spp.":{"raw":1.0,"perc":11.111111111111111,"total":9.0}},"Yoga / Bodywork":{"LSD":{"raw":3.0,"perc":15.789473684210526,"total":19.0},"MDMA":{"raw":1.0,"perc":5.2631578947368416,"total":19.0},"Stimulants":{"raw":1.0,"perc":5.2631578947368416,"total":19.0},"Ayahuasca":{"raw":2.0,"perc":10.526315789473683,"total":19.0},"Cacti":{"raw":1.0,"perc":5.2631578947368416,"total":19.0},"Salvia divinorum":{"raw":1.0,"perc":5.2631578947368416,"total":19.0},"Harmala Alkaloids":{"raw":1.0,"perc":5.2631578947368416,"total":19.0},"LSA":{"raw":1.0,"perc":5.2631578947368416,"total":19.0},"Syrian Rue":{"raw":1.0,"perc":5.2631578947368416,"total":19.0},"Mimosa spp.":{"raw":1.0,"perc":5.2631578947368416,"total":19.0},"Moclobemide":{"raw":1.0,"perc":5.2631578947368416,"total":19.0},"Yerba Mate":{"raw":1.0,"perc":5.2631578947368416,"total":19.0},"Mushrooms":{"raw":2.0,"perc":10.526315789473683,"total":19.0},"DPT":{"raw":1.0,"perc":5.2631578947368416,"total":19.0},"5-MeO-DiPT":{"raw":1.0,"perc":5.2631578947368416,"total":19.0}},"Meditation":{"Caffeine":{"raw":3.0,"perc":4.0540540540540544,"total":74.0},"Ephedrine":{"raw":1.0,"perc":1.3513513513513513,"total":74.0},"4-AcO-DET":{"raw":1.0,"perc":1.3513513513513513,"total":74.0},"AMT":{"raw":1.0,"perc":1.3513513513513513,"total":74.0},"Calea zacatechichi":{"raw":3.0,"perc":4.0540540540540544,"total":74.0},"Nitrous Oxide":{"raw":2.0,"perc":2.7027027027027026,"total":74.0},"Unknown":{"raw":1.0,"perc":1.3513513513513513,"total":74.0},"Cacti":{"raw":1.0,"perc":1.3513513513513513,"total":74.0},"Cannabis":{"raw":5.0,"perc":6.756756756756757,"total":74.0},"LSD":{"raw":1.0,"perc":1.3513513513513513,"total":74.0},"Morning Glory":{"raw":2.0,"perc":2.7027027027027026,"total":74.0},"Mushrooms":{"raw":3.0,"perc":4.0540540540540544,"total":74.0},"Opiates":{"raw":2.0,"perc":2.7027027027027026,"total":74.0},"Opium":{"raw":1.0,"perc":1.3513513513513513,"total":74.0},"Capsicum spp.":{"raw":1.0,"perc":1.3513513513513513,"total":74.0},"Hops":{"raw":1.0,"perc":1.3513513513513513,"total":74.0},"Kava":{"raw":1.0,"perc":1.3513513513513513,"total":74.0},"Lecithin":{"raw":1.0,"perc":1.3513513513513513,"total":74.0},"Opioids":{"raw":1.0,"perc":1.3513513513513513,"total":74.0},"Pharms - Oxycodone":{"raw":1.0,"perc":1.3513513513513513,"total":74.0},"Skullcap":{"raw":1.0,"perc":1.3513513513513513,"total":74.0},"Valerian":{"raw":1.0,"perc":1.3513513513513513,"total":74.0},"Harmala Alkaloids":{"raw":3.0,"perc":4.0540540540540544,"total":74.0},"Syrian Rue":{"raw":2.0,"perc":2.7027027027027026,"total":74.0},"Kratom":{"raw":2.0,"perc":2.7027027027027026,"total":74.0},"Salvia divinorum":{"raw":6.0,"perc":8.1081081081081088,"total":74.0},"Methamphetamine":{"raw":1.0,"perc":1.3513513513513513,"total":74.0},"Yerba Mate":{"raw":1.0,"perc":1.3513513513513513,"total":74.0},"Amanitas":{"raw":1.0,"perc":1.3513513513513513,"total":74.0},"2C-E":{"raw":1.0,"perc":1.3513513513513513,"total":74.0},"Phenethylamine":{"raw":1.0,"perc":1.3513513513513513,"total":74.0},"Damiana":{"raw":2.0,"perc":2.7027027027027026,"total":74.0},"Mugwort":{"raw":2.0,"perc":2.7027027027027026,"total":74.0},"2C-T-2":{"raw":1.0,"perc":1.3513513513513513,"total":74.0},"Amphetamines":{"raw":1.0,"perc":1.3513513513513513,"total":74.0},"Stimulants":{"raw":3.0,"perc":4.0540540540540544,"total":74.0},"Leonotis leonurus":{"raw":1.0,"perc":1.3513513513513513,"total":74.0},"Passion Flower":{"raw":1.0,"perc":1.3513513513513513,"total":74.0},"DOC":{"raw":1.0,"perc":1.3513513513513513,"total":74.0},"Piperazines":{"raw":1.0,"perc":1.3513513513513513,"total":74.0},"Pharms - Zaleplon":{"raw":1.0,"perc":1.3513513513513513,"total":74.0},"MDMA":{"raw":2.0,"perc":2.7027027027027026,"total":74.0},"DOI":{"raw":1.0,"perc":1.3513513513513513,"total":74.0},"2C-I":{"raw":2.0,"perc":2.7027027027027026,"total":74.0},"Ketamine":{"raw":1.0,"perc":1.3513513513513513,"total":74.0},"NMDA Antagonists":{"raw":1.0,"perc":1.3513513513513513,"total":74.0}},"Breathing":{"GBL":{"raw":1.0,"perc":10.0,"total":10.0},"Amphetamines":{"raw":1.0,"perc":10.0,"total":10.0},"Stimulants":{"raw":1.0,"perc":10.0,"total":10.0},"5-MeO-DMT":{"raw":1.0,"perc":10.0,"total":10.0},"Carbogen":{"raw":1.0,"perc":10.0,"total":10.0},"Cannabis":{"raw":1.0,"perc":10.0,"total":10.0},"DMT":{"raw":1.0,"perc":10.0,"total":10.0},"DPT":{"raw":1.0,"perc":10.0,"total":10.0},"Methylone":{"raw":1.0,"perc":10.0,"total":10.0},"Oxygen":{"raw":1.0,"perc":10.0,"total":10.0}},"Devices":{"Mushrooms":{"raw":2.0,"perc":7.6923076923076925,"total":26.0},"DXM":{"raw":3.0,"perc":11.538461538461538,"total":26.0},"Caffeine":{"raw":1.0,"perc":3.8461538461538463,"total":26.0},"Cannabis":{"raw":2.0,"perc":7.6923076923076925,"total":26.0},"Hydrocodone":{"raw":1.0,"perc":3.8461538461538463,"total":26.0},"Opioids":{"raw":1.0,"perc":3.8461538461538463,"total":26.0},"Pharms - Quetiapine":{"raw":1.0,"perc":3.8461538461538463,"total":26.0},"H.B. Woodrose":{"raw":1.0,"perc":3.8461538461538463,"total":26.0},"GHB":{"raw":1.0,"perc":3.8461538461538463,"total":26.0},"Morning Glory":{"raw":1.0,"perc":3.8461538461538463,"total":26.0},"Absinthe":{"raw":1.0,"perc":3.8461538461538463,"total":26.0},"Kava":{"raw":1.0,"perc":3.8461538461538463,"total":26.0},"Nitrous Oxide":{"raw":3.0,"perc":11.538461538461538,"total":26.0},"Salvia divinorum":{"raw":4.0,"perc":15.384615384615385,"total":26.0},"Calea zacatechichi":{"raw":1.0,"perc":3.8461538461538463,"total":26.0},"LSD":{"raw":1.0,"perc":3.8461538461538463,"total":26.0},"Nutmeg":{"raw":1.0,"perc":3.8461538461538463,"total":26.0}},"Devices - Mind Machine":{"DXM":{"raw":3.0,"perc":13.636363636363635,"total":22.0},"Mushrooms":{"raw":1.0,"perc":4.5454545454545459,"total":22.0},"Caffeine":{"raw":1.0,"perc":4.5454545454545459,"total":22.0},"Cannabis":{"raw":2.0,"perc":9.0909090909090917,"total":22.0},"Hydrocodone":{"raw":1.0,"perc":4.5454545454545459,"total":22.0},"Opioids":{"raw":1.0,"perc":4.5454545454545459,"total":22.0},"Pharms - Quetiapine":{"raw":1.0,"perc":4.5454545454545459,"total":22.0},"H.B. Woodrose":{"raw":1.0,"perc":4.5454545454545459,"total":22.0},"GHB":{"raw":1.0,"perc":4.5454545454545459,"total":22.0},"Absinthe":{"raw":1.0,"perc":4.5454545454545459,"total":22.0},"Kava":{"raw":1.0,"perc":4.5454545454545459,"total":22.0},"Nitrous Oxide":{"raw":3.0,"perc":13.636363636363635,"total":22.0},"Calea zacatechichi":{"raw":1.0,"perc":4.5454545454545459,"total":22.0},"Salvia divinorum":{"raw":2.0,"perc":9.0909090909090917,"total":22.0},"LSD":{"raw":1.0,"perc":4.5454545454545459,"total":22.0},"Nutmeg":{"raw":1.0,"perc":4.5454545454545459,"total":22.0}},"Fasting":{"Salvia divinorum":{"raw":4.0,"perc":36.363636363636367,"total":11.0},"Mushrooms":{"raw":2.0,"perc":18.181818181818183,"total":11.0},"Morning Glory":{"raw":1.0,"perc":9.0909090909090917,"total":11.0},"Nutmeg":{"raw":1.0,"perc":9.0909090909090917,"total":11.0},"Cacti":{"raw":1.0,"perc":9.0909090909090917,"total":11.0},"Cannabis":{"raw":1.0,"perc":9.0909090909090917,"total":11.0},"DOM":{"raw":1.0,"perc":9.0909090909090917,"total":11.0}},"Hyperventilation":{"Amphetamines":{"raw":1.0,"perc":25.0,"total":4.0},"Stimulants":{"raw":1.0,"perc":25.0,"total":4.0},"Carbogen":{"raw":1.0,"perc":25.0,"total":4.0},"Oxygen":{"raw":1.0,"perc":25.0,"total":4.0}},"Chanting":{"Mushrooms":{"raw":1.0,"perc":50.0,"total":2.0},"MDAI":{"raw":1.0,"perc":50.0,"total":2.0}},"Conferences":{"Ketamine":{"raw":1.0,"perc":14.285714285714285,"total":7.0},"NMDA Antagonists":{"raw":1.0,"perc":14.285714285714285,"total":7.0},"Codeine":{"raw":1.0,"perc":14.285714285714285,"total":7.0},"Opiates":{"raw":1.0,"perc":14.285714285714285,"total":7.0},"Chamomile":{"raw":1.0,"perc":14.285714285714285,"total":7.0},"Harmala Alkaloids":{"raw":1.0,"perc":14.285714285714285,"total":7.0},"Passion Flower":{"raw":1.0,"perc":14.285714285714285,"total":7.0}},"Endogenous":{"Salvia divinorum":{"raw":2.0,"perc":66.666666666666657,"total":3.0},"Pharms - Aripiprazole":{"raw":1.0,"perc":33.333333333333329,"total":3.0}},"Migraines":{"Salvia divinorum":{"raw":1.0,"perc":20.0,"total":5.0},"Mushrooms":{"raw":1.0,"perc":20.0,"total":5.0},"Alcohol":{"raw":1.0,"perc":20.0,"total":5.0},"Harmala Alkaloids":{"raw":1.0,"perc":20.0,"total":5.0},"Syrian Rue":{"raw":1.0,"perc":20.0,"total":5.0}},"Mindfulness":{"LSD":{"raw":1.0,"perc":25.0,"total":4.0},"Ketamine":{"raw":1.0,"perc":25.0,"total":4.0},"NMDA Antagonists":{"raw":1.0,"perc":25.0,"total":4.0},"4-AcO-DMT":{"raw":1.0,"perc":25.0,"total":4.0}},"Music":{"Acetaminophen":{"raw":1.0,"perc":25.0,"total":4.0},"Caffeine":{"raw":1.0,"perc":25.0,"total":4.0},"2C-B":{"raw":1.0,"perc":25.0,"total":4.0},"Phenethylamine":{"raw":1.0,"perc":25.0,"total":4.0}},"Sweating":{"Amanitas":{"raw":1.0,"perc":33.333333333333329,"total":3.0},"Harmala Alkaloids":{"raw":1.0,"perc":33.333333333333329,"total":3.0},"Passion Flower":{"raw":1.0,"perc":33.333333333333329,"total":3.0}},"Humor":{"Cheese - Blue":{"raw":1.0,"perc":100.0,"total":1.0}},"Sound (non-music)":{"4-MeO-PCP":{"raw":1.0,"perc":100.0,"total":1.0}}},"Unknown Context":{"Drug Testing":{"Opiates":{"raw":1.0,"perc":5.88235294117647,"total":17.0},"Poppies - Opium":{"raw":1.0,"perc":5.88235294117647,"total":17.0},"Piperazines":{"raw":1.0,"perc":5.88235294117647,"total":17.0},"DXM":{"raw":8.0,"perc":47.058823529411761,"total":17.0},"Chlorpheniramine Maleate":{"raw":1.0,"perc":5.88235294117647,"total":17.0},"Cannabis":{"raw":2.0,"perc":11.76470588235294,"total":17.0},"Cocaine":{"raw":1.0,"perc":5.88235294117647,"total":17.0},"2C-E":{"raw":1.0,"perc":5.88235294117647,"total":17.0},"Phenethylamine":{"raw":1.0,"perc":5.88235294117647,"total":17.0}},"Migraines":{"MDMA":{"raw":3.0,"perc":18.75,"total":16.0},"Stimulants":{"raw":3.0,"perc":18.75,"total":16.0},"2C-T-7":{"raw":1.0,"perc":6.25,"total":16.0},"Morning Glory":{"raw":1.0,"perc":6.25,"total":16.0},"Mushrooms":{"raw":5.0,"perc":31.25,"total":16.0},"Phenethylamine":{"raw":1.0,"perc":6.25,"total":16.0},"Pharms - Carisoprodol":{"raw":1.0,"perc":6.25,"total":16.0},"Pharms - Olanzapine":{"raw":1.0,"perc":6.25,"total":16.0}},"Dreams":{"MDMA":{"raw":2.0,"perc":22.222222222222221,"total":9.0},"Stimulants":{"raw":2.0,"perc":22.222222222222221,"total":9.0},"Banisteriopsis caapi":{"raw":1.0,"perc":11.111111111111111,"total":9.0},"Harmala Alkaloids":{"raw":1.0,"perc":11.111111111111111,"total":9.0},"Mimosa spp.":{"raw":1.0,"perc":11.111111111111111,"total":9.0},"Heimia salicifolia":{"raw":1.0,"perc":11.111111111111111,"total":9.0},"Pharms - Butorphanol":{"raw":1.0,"perc":11.111111111111111,"total":9.0}},"Devices":{"2C-I":{"raw":1.0,"perc":100.0,"total":1.0}},"Devices - Mind Machine":{"2C-I":{"raw":1.0,"perc":100.0,"total":1.0}},"Police / Customs":{"2C-T-7":{"raw":1.0,"perc":50.0,"total":2.0},"Phenethylamine":{"raw":1.0,"perc":50.0,"total":2.0}},"Sleep Deprivation":{"2C-G-N":{"raw":1.0,"perc":25.0,"total":4.0},"Phenethylamine":{"raw":1.0,"perc":25.0,"total":4.0},"4-Methylmethcathinone":{"raw":2.0,"perc":50.0,"total":4.0}},"Endogenous":{"DXM":{"raw":2.0,"perc":100.0,"total":2.0}},"Yoga / Bodywork":{"MDMA":{"raw":1.0,"perc":50.0,"total":2.0},"Stimulants":{"raw":1.0,"perc":50.0,"total":2.0}},"Meditation":{"MDMA":{"raw":1.0,"perc":50.0,"total":2.0},"Stimulants":{"raw":1.0,"perc":50.0,"total":2.0}}},"Small Group (2-9)":{"Ritual":{"Cannabis":{"raw":1.0,"perc":9.0909090909090917,"total":11.0},"MDMA":{"raw":1.0,"perc":9.0909090909090917,"total":11.0},"Pharmaceuticals":{"raw":1.0,"perc":9.0909090909090917,"total":11.0},"Pharms - Sildenafil":{"raw":1.0,"perc":9.0909090909090917,"total":11.0},"Stimulants":{"raw":1.0,"perc":9.0909090909090917,"total":11.0},"5-MeO-DMT":{"raw":1.0,"perc":9.0909090909090917,"total":11.0},"H.B. Woodrose":{"raw":1.0,"perc":9.0909090909090917,"total":11.0},"Amanitas":{"raw":1.0,"perc":9.0909090909090917,"total":11.0},"Mushrooms":{"raw":2.0,"perc":18.181818181818183,"total":11.0},"Morning Glory":{"raw":1.0,"perc":9.0909090909090917,"total":11.0}},"Endogenous":{"LSD":{"raw":1.0,"perc":14.285714285714285,"total":7.0},"Cannabis":{"raw":3.0,"perc":42.857142857142854,"total":7.0},"Opiates":{"raw":1.0,"perc":14.285714285714285,"total":7.0},"Opioids":{"raw":1.0,"perc":14.285714285714285,"total":7.0},"Pharms - Oxycodone":{"raw":1.0,"perc":14.285714285714285,"total":7.0}},"Police / Customs":{"Mushrooms":{"raw":14.0,"perc":17.283950617283949,"total":81.0},"Cannabis":{"raw":11.0,"perc":13.580246913580247,"total":81.0},"Datura":{"raw":4.0,"perc":4.9382716049382713,"total":81.0},"LSD":{"raw":8.0,"perc":9.8765432098765427,"total":81.0},"Methamphetamine":{"raw":1.0,"perc":1.2345679012345678,"total":81.0},"Alcohol":{"raw":3.0,"perc":3.7037037037037033,"total":81.0},"Ketamine":{"raw":1.0,"perc":1.2345679012345678,"total":81.0},"NMDA Antagonists":{"raw":1.0,"perc":1.2345679012345678,"total":81.0},"Opiates":{"raw":2.0,"perc":2.4691358024691357,"total":81.0},"Opium":{"raw":1.0,"perc":1.2345679012345678,"total":81.0},"Dimenhydrinate":{"raw":2.0,"perc":2.4691358024691357,"total":81.0},"Lactuca spp.":{"raw":1.0,"perc":1.2345679012345678,"total":81.0},"Banisteriopsis caapi":{"raw":1.0,"perc":1.2345679012345678,"total":81.0},"Harmala Alkaloids":{"raw":1.0,"perc":1.2345679012345678,"total":81.0},"Benzodiazepines":{"raw":2.0,"perc":2.4691358024691357,"total":81.0},"Pharmaceuticals":{"raw":3.0,"perc":3.7037037037037033,"total":81.0},"Pharms - Alprazolam":{"raw":2.0,"perc":2.4691358024691357,"total":81.0},"MDMA":{"raw":2.0,"perc":2.4691358024691357,"total":81.0},"Stimulants":{"raw":2.0,"perc":2.4691358024691357,"total":81.0},"AMT":{"raw":3.0,"perc":3.7037037037037033,"total":81.0},"Diphenhydramine":{"raw":1.0,"perc":1.2345679012345678,"total":81.0},"5-MeO-DMT":{"raw":1.0,"perc":1.2345679012345678,"total":81.0},"Chlorpheniramine Maleate":{"raw":1.0,"perc":1.2345679012345678,"total":81.0},"DXM":{"raw":1.0,"perc":1.2345679012345678,"total":81.0},"Brugmansia":{"raw":2.0,"perc":2.4691358024691357,"total":81.0},"2C-B":{"raw":1.0,"perc":1.2345679012345678,"total":81.0},"Phenethylamine":{"raw":1.0,"perc":1.2345679012345678,"total":81.0},"Pharms - Clonazepam":{"raw":1.0,"perc":1.2345679012345678,"total":81.0},"Cannabinoid Receptor Agonists":{"raw":1.0,"perc":1.2345679012345678,"total":81.0},"JWH-018":{"raw":1.0,"perc":1.2345679012345678,"total":81.0},"DOC":{"raw":1.0,"perc":1.2345679012345678,"total":81.0},"Cocaine":{"raw":1.0,"perc":1.2345679012345678,"total":81.0},"Heroin":{"raw":1.0,"perc":1.2345679012345678,"total":81.0},"25C-NBOMe":{"raw":1.0,"perc":1.2345679012345678,"total":81.0},"NBOMe Series":{"raw":1.0,"perc":1.2345679012345678,"total":81.0}},"Sleep Deprivation":{"Methamphetamine":{"raw":1.0,"perc":4.5454545454545459,"total":22.0},"Mushrooms":{"raw":1.0,"perc":4.5454545454545459,"total":22.0},"Amphetamines":{"raw":2.0,"perc":9.0909090909090917,"total":22.0},"MDMA":{"raw":2.0,"perc":9.0909090909090917,"total":22.0},"Stimulants":{"raw":3.0,"perc":13.636363636363635,"total":22.0},"Cannabis":{"raw":3.0,"perc":13.636363636363635,"total":22.0},"LSD":{"raw":2.0,"perc":9.0909090909090917,"total":22.0},"Pharmaceuticals":{"raw":1.0,"perc":4.5454545454545459,"total":22.0},"Pharms - Lorazepam":{"raw":1.0,"perc":4.5454545454545459,"total":22.0},"Modafinil":{"raw":1.0,"perc":4.5454545454545459,"total":22.0},"Tobacco":{"raw":1.0,"perc":4.5454545454545459,"total":22.0},"LSA":{"raw":1.0,"perc":4.5454545454545459,"total":22.0},"Amanitas":{"raw":1.0,"perc":4.5454545454545459,"total":22.0},"4-Methylmethcathinone":{"raw":1.0,"perc":4.5454545454545459,"total":22.0},"5-MeO-DALT":{"raw":1.0,"perc":4.5454545454545459,"total":22.0}},"Dreams":{"Datura":{"raw":2.0,"perc":6.4516129032258061,"total":31.0},"Salvia divinorum":{"raw":2.0,"perc":6.4516129032258061,"total":31.0},"5-MeO-DiPT":{"raw":1.0,"perc":3.225806451612903,"total":31.0},"Melatonin":{"raw":3.0,"perc":9.67741935483871,"total":31.0},"Valerian":{"raw":3.0,"perc":9.67741935483871,"total":31.0},"Vitamin B-6":{"raw":1.0,"perc":3.225806451612903,"total":31.0},"2C-I":{"raw":1.0,"perc":3.225806451612903,"total":31.0},"Calea zacatechichi":{"raw":3.0,"perc":9.67741935483871,"total":31.0},"Coleus":{"raw":1.0,"perc":3.225806451612903,"total":31.0},"Harmala Alkaloids":{"raw":3.0,"perc":9.67741935483871,"total":31.0},"Passion Flower":{"raw":2.0,"perc":6.4516129032258061,"total":31.0},"Alcohol":{"raw":1.0,"perc":3.225806451612903,"total":31.0},"Brugmansia":{"raw":1.0,"perc":3.225806451612903,"total":31.0},"Mugwort":{"raw":1.0,"perc":3.225806451612903,"total":31.0},"Kava":{"raw":1.0,"perc":3.225806451612903,"total":31.0},"Banisteriopsis caapi":{"raw":1.0,"perc":3.225806451612903,"total":31.0},"DMT":{"raw":1.0,"perc":3.225806451612903,"total":31.0},"LSD":{"raw":1.0,"perc":3.225806451612903,"total":31.0},"Ibogaine":{"raw":1.0,"perc":3.225806451612903,"total":31.0},"Tabernanthe iboga":{"raw":1.0,"perc":3.225806451612903,"total":31.0}},"OBE":{"Salvia divinorum":{"raw":8.0,"perc":19.512195121951219,"total":41.0},"2C-B":{"raw":1.0,"perc":2.4390243902439024,"total":41.0},"Phenethylamine":{"raw":1.0,"perc":2.4390243902439024,"total":41.0},"Cannabis":{"raw":5.0,"perc":12.195121951219512,"total":41.0},"Anadenanthera spp.":{"raw":1.0,"perc":2.4390243902439024,"total":41.0},"5-MeO-DiPT":{"raw":1.0,"perc":2.4390243902439024,"total":41.0},"Nitrous Oxide":{"raw":2.0,"perc":4.8780487804878048,"total":41.0},"Mushrooms":{"raw":5.0,"perc":12.195121951219512,"total":41.0},"Ketamine":{"raw":1.0,"perc":2.4390243902439024,"total":41.0},"NMDA Antagonists":{"raw":1.0,"perc":2.4390243902439024,"total":41.0},"Mescaline":{"raw":1.0,"perc":2.4390243902439024,"total":41.0},"Inhalants":{"raw":1.0,"perc":2.4390243902439024,"total":41.0},"DXM":{"raw":1.0,"perc":2.4390243902439024,"total":41.0},"4-AcO-DiPT":{"raw":1.0,"perc":2.4390243902439024,"total":41.0},"2C-T-2":{"raw":1.0,"perc":2.4390243902439024,"total":41.0},"DET":{"raw":1.0,"perc":2.4390243902439024,"total":41.0},"LSD":{"raw":1.0,"perc":2.4390243902439024,"total":41.0},"MDMA":{"raw":1.0,"perc":2.4390243902439024,"total":41.0},"Stimulants":{"raw":2.0,"perc":4.8780487804878048,"total":41.0},"Pharms - Amitriptyline":{"raw":1.0,"perc":2.4390243902439024,"total":41.0},"Amphetamines":{"raw":1.0,"perc":2.4390243902439024,"total":41.0},"2C-I":{"raw":1.0,"perc":2.4390243902439024,"total":41.0},"Methylone":{"raw":1.0,"perc":2.4390243902439024,"total":41.0},"Methoxphenidine":{"raw":1.0,"perc":2.4390243902439024,"total":41.0}},"Yoga / Bodywork":{"LSD":{"raw":4.0,"perc":21.052631578947366,"total":19.0},"Ayahuasca":{"raw":1.0,"perc":5.2631578947368416,"total":19.0},"MDMA":{"raw":3.0,"perc":15.789473684210526,"total":19.0},"Stimulants":{"raw":3.0,"perc":15.789473684210526,"total":19.0},"Mushrooms":{"raw":3.0,"perc":15.789473684210526,"total":19.0},"LSA":{"raw":1.0,"perc":5.2631578947368416,"total":19.0},"Salvia divinorum":{"raw":1.0,"perc":5.2631578947368416,"total":19.0},"Yohimbe":{"raw":1.0,"perc":5.2631578947368416,"total":19.0},"2C-E":{"raw":1.0,"perc":5.2631578947368416,"total":19.0},"Phenethylamine":{"raw":1.0,"perc":5.2631578947368416,"total":19.0}},"Meditation":{"Cannabis":{"raw":4.0,"perc":12.121212121212121,"total":33.0},"MDMA":{"raw":2.0,"perc":6.0606060606060606,"total":33.0},"Nitrous Oxide":{"raw":1.0,"perc":3.0303030303030303,"total":33.0},"Stimulants":{"raw":2.0,"perc":6.0606060606060606,"total":33.0},"Alcohol":{"raw":1.0,"perc":3.0303030303030303,"total":33.0},"Thujone":{"raw":1.0,"perc":3.0303030303030303,"total":33.0},"Nutmeg":{"raw":1.0,"perc":3.0303030303030303,"total":33.0},"Amanitas":{"raw":1.0,"perc":3.0303030303030303,"total":33.0},"Calea zacatechichi":{"raw":1.0,"perc":3.0303030303030303,"total":33.0},"Lobelia spp.":{"raw":1.0,"perc":3.0303030303030303,"total":33.0},"5-MeO-DMT":{"raw":1.0,"perc":3.0303030303030303,"total":33.0},"Mushrooms":{"raw":1.0,"perc":3.0303030303030303,"total":33.0},"Salvia divinorum":{"raw":3.0,"perc":9.0909090909090917,"total":33.0},"LSD":{"raw":3.0,"perc":9.0909090909090917,"total":33.0},"Ayahuasca":{"raw":1.0,"perc":3.0303030303030303,"total":33.0},"Piperazines":{"raw":1.0,"perc":3.0303030303030303,"total":33.0},"Piperazines - pFPP":{"raw":1.0,"perc":3.0303030303030303,"total":33.0},"DPT":{"raw":1.0,"perc":3.0303030303030303,"total":33.0},"DMT":{"raw":1.0,"perc":3.0303030303030303,"total":33.0},"2C-B":{"raw":2.0,"perc":6.0606060606060606,"total":33.0},"Phenethylamine":{"raw":2.0,"perc":6.0606060606060606,"total":33.0},"Tabernanthe iboga":{"raw":1.0,"perc":3.0303030303030303,"total":33.0}},"Drug Testing":{"Mushrooms":{"raw":1.0,"perc":20.0,"total":5.0},"DXM":{"raw":3.0,"perc":60.0,"total":5.0},"Cannabis":{"raw":1.0,"perc":20.0,"total":5.0}},"Migraines":{"Mushrooms":{"raw":1.0,"perc":16.666666666666664,"total":6.0},"MDMA":{"raw":1.0,"perc":16.666666666666664,"total":6.0},"Stimulants":{"raw":1.0,"perc":16.666666666666664,"total":6.0},"Pharms - Fentanyl":{"raw":1.0,"perc":16.666666666666664,"total":6.0},"MDA":{"raw":1.0,"perc":16.666666666666664,"total":6.0},"Piperazines":{"raw":1.0,"perc":16.666666666666664,"total":6.0}},"Guiding":{"LSD":{"raw":1.0,"perc":50.0,"total":2.0},"Mushrooms":{"raw":1.0,"perc":50.0,"total":2.0}},"Devices":{"LSD":{"raw":2.0,"perc":28.571428571428569,"total":7.0},"MDMA":{"raw":2.0,"perc":28.571428571428569,"total":7.0},"Stimulants":{"raw":2.0,"perc":28.571428571428569,"total":7.0},"Salvia divinorum":{"raw":1.0,"perc":14.285714285714285,"total":7.0}},"Devices - Mind Machine":{"LSD":{"raw":1.0,"perc":33.333333333333329,"total":3.0},"MDMA":{"raw":1.0,"perc":33.333333333333329,"total":3.0},"Stimulants":{"raw":1.0,"perc":33.333333333333329,"total":3.0}},"Humor":{"Mushrooms":{"raw":1.0,"perc":25.0,"total":4.0},"Hydrocodone":{"raw":1.0,"perc":25.0,"total":4.0},"Opioids":{"raw":1.0,"perc":25.0,"total":4.0},"Unknown":{"raw":1.0,"perc":25.0,"total":4.0}},"Mindfulness":{"Cannabis":{"raw":1.0,"perc":50.0,"total":2.0},"Salvia divinorum":{"raw":1.0,"perc":50.0,"total":2.0}},"Breathing":{"Carbogen":{"raw":3.0,"perc":42.857142857142854,"total":7.0},"Acacia":{"raw":1.0,"perc":14.285714285714285,"total":7.0},"DMT":{"raw":1.0,"perc":14.285714285714285,"total":7.0},"Nitrous Oxide":{"raw":1.0,"perc":14.285714285714285,"total":7.0},"LSD":{"raw":1.0,"perc":14.285714285714285,"total":7.0}},"Hyperventilation":{"Acacia":{"raw":1.0,"perc":33.333333333333329,"total":3.0},"DMT":{"raw":1.0,"perc":33.333333333333329,"total":3.0},"Nitrous Oxide":{"raw":1.0,"perc":33.333333333333329,"total":3.0}},"Fasting":{"DXM":{"raw":1.0,"perc":100.0,"total":1.0}},"Music":{"LSD":{"raw":1.0,"perc":100.0,"total":1.0}},"Conferences":{"Cannabinoid Receptor Agonists":{"raw":1.0,"perc":100.0,"total":1.0}}},"Rave / Dance Event":{"Ritual":{"MDMA":{"raw":1.0,"perc":33.333333333333329,"total":3.0},"Salvia divinorum":{"raw":1.0,"perc":33.333333333333329,"total":3.0},"Stimulants":{"raw":1.0,"perc":33.333333333333329,"total":3.0}},"Police / Customs":{"LSD":{"raw":3.0,"perc":30.0,"total":10.0},"DXM":{"raw":1.0,"perc":10.0,"total":10.0},"MDMA":{"raw":2.0,"perc":20.0,"total":10.0},"Stimulants":{"raw":2.0,"perc":20.0,"total":10.0},"Mescaline":{"raw":1.0,"perc":10.0,"total":10.0},"Methamphetamine":{"raw":1.0,"perc":10.0,"total":10.0}},"Guiding":{"LSD":{"raw":1.0,"perc":25.0,"total":4.0},"MDMA":{"raw":1.0,"perc":25.0,"total":4.0},"Mushrooms":{"raw":1.0,"perc":25.0,"total":4.0},"Stimulants":{"raw":1.0,"perc":25.0,"total":4.0}},"OBE":{"Nitrous Oxide":{"raw":1.0,"perc":100.0,"total":1.0}},"Meditation":{"MDMA":{"raw":2.0,"perc":50.0,"total":4.0},"Stimulants":{"raw":2.0,"perc":50.0,"total":4.0}},"Dreams":{"2C-I":{"raw":1.0,"perc":100.0,"total":1.0}}},"School":{"Police / Customs":{"DXM":{"raw":1.0,"perc":50.0,"total":2.0},"Nitrous Oxide":{"raw":1.0,"perc":50.0,"total":2.0}},"Drug Testing":{"DXM":{"raw":1.0,"perc":20.0,"total":5.0},"Hydromorphone":{"raw":1.0,"perc":20.0,"total":5.0},"Opioids":{"raw":2.0,"perc":40.0,"total":5.0},"Pharms - Oxycodone":{"raw":1.0,"perc":20.0,"total":5.0}}},"Hospital":{"Endogenous":{"DXM":{"raw":1.0,"perc":100.0,"total":1.0}},"Dreams":{"Melatonin":{"raw":1.0,"perc":33.333333333333329,"total":3.0},"Hydromorphone":{"raw":1.0,"perc":33.333333333333329,"total":3.0},"Opioids":{"raw":1.0,"perc":33.333333333333329,"total":3.0}},"Drug Testing":{"DXM":{"raw":10.0,"perc":58.82352941176471,"total":17.0},"Cannabis":{"raw":1.0,"perc":5.88235294117647,"total":17.0},"Cocaine":{"raw":1.0,"perc":5.88235294117647,"total":17.0},"Amphetamines":{"raw":1.0,"perc":5.88235294117647,"total":17.0},"Hydromorphone":{"raw":1.0,"perc":5.88235294117647,"total":17.0},"Opioids":{"raw":1.0,"perc":5.88235294117647,"total":17.0},"Stimulants":{"raw":1.0,"perc":5.88235294117647,"total":17.0},"Diphenhydramine":{"raw":1.0,"perc":5.88235294117647,"total":17.0}},"Police / Customs":{"5-MeO-DiPT":{"raw":1.0,"perc":8.3333333333333321,"total":12.0},"Heroin":{"raw":1.0,"perc":8.3333333333333321,"total":12.0},"Opiates":{"raw":1.0,"perc":8.3333333333333321,"total":12.0},"Pharms - Zolpidem":{"raw":1.0,"perc":8.3333333333333321,"total":12.0},"Datura":{"raw":2.0,"perc":16.666666666666664,"total":12.0},"Diphenhydramine":{"raw":1.0,"perc":8.3333333333333321,"total":12.0},"2C-E":{"raw":1.0,"perc":8.3333333333333321,"total":12.0},"Phenethylamine":{"raw":2.0,"perc":16.666666666666664,"total":12.0},"Brugmansia":{"raw":1.0,"perc":8.3333333333333321,"total":12.0},"2C-P":{"raw":1.0,"perc":8.3333333333333321,"total":12.0}},"Sleep Deprivation":{"DMAE":{"raw":1.0,"perc":33.333333333333329,"total":3.0},"GHB":{"raw":1.0,"perc":33.333333333333329,"total":3.0},"Vinpocetine":{"raw":1.0,"perc":33.333333333333329,"total":3.0}},"Meditation":{"Nitrous Oxide":{"raw":1.0,"perc":100.0,"total":1.0}},"Fasting":{"Alcohol":{"raw":1.0,"perc":100.0,"total":1.0}},"Breathing":{"Carbogen":{"raw":1.0,"perc":100.0,"total":1.0}}},"Not Applicable":{"Drug Testing":{"DXM":{"raw":35.0,"perc":38.04347826086957,"total":92.0},"Opiates":{"raw":5.0,"perc":5.4347826086956523,"total":92.0},"Cocaine":{"raw":3.0,"perc":3.2608695652173911,"total":92.0},"Adrafinil":{"raw":1.0,"perc":1.0869565217391304,"total":92.0},"Morphine":{"raw":1.0,"perc":1.0869565217391304,"total":92.0},"Cannabis":{"raw":20.0,"perc":21.739130434782609,"total":92.0},"2C-I":{"raw":2.0,"perc":2.1739130434782608,"total":92.0},"5-MeO-DiPT":{"raw":1.0,"perc":1.0869565217391304,"total":92.0},"Methadone":{"raw":1.0,"perc":1.0869565217391304,"total":92.0},"Opioids":{"raw":4.0,"perc":4.3478260869565215,"total":92.0},"Pharms - Oxycodone":{"raw":4.0,"perc":4.3478260869565215,"total":92.0},"Amphetamines":{"raw":1.0,"perc":1.0869565217391304,"total":92.0},"Stimulants":{"raw":1.0,"perc":1.0869565217391304,"total":92.0},"Various":{"raw":2.0,"perc":2.1739130434782608,"total":92.0},"Hydrocodone":{"raw":1.0,"perc":1.0869565217391304,"total":92.0},"2C-B":{"raw":1.0,"perc":1.0869565217391304,"total":92.0},"Phenethylamine":{"raw":1.0,"perc":1.0869565217391304,"total":92.0},"Pharms - Zolpidem":{"raw":2.0,"perc":2.1739130434782608,"total":92.0},"Benzodiazepines":{"raw":2.0,"perc":2.1739130434782608,"total":92.0},"Pharms - Diazepam":{"raw":1.0,"perc":1.0869565217391304,"total":92.0},"Pharms - Buspirone":{"raw":1.0,"perc":1.0869565217391304,"total":92.0},"Pharms - Venlafaxine":{"raw":1.0,"perc":1.0869565217391304,"total":92.0},"Diphenhydramine":{"raw":1.0,"perc":1.0869565217391304,"total":92.0}},"Police / Customs":{"Salvia divinorum":{"raw":1.0,"perc":11.111111111111111,"total":9.0},"Methamphetamine":{"raw":1.0,"perc":11.111111111111111,"total":9.0},"Heroin":{"raw":1.0,"perc":11.111111111111111,"total":9.0},"Opiates":{"raw":1.0,"perc":11.111111111111111,"total":9.0},"Kratom":{"raw":1.0,"perc":11.111111111111111,"total":9.0},"Banisteriopsis caapi":{"raw":1.0,"perc":11.111111111111111,"total":9.0},"Harmala Alkaloids":{"raw":1.0,"perc":11.111111111111111,"total":9.0},"Psychotria viridis":{"raw":1.0,"perc":11.111111111111111,"total":9.0},"4-AcO-DMT":{"raw":1.0,"perc":11.111111111111111,"total":9.0}},"Migraines":{"Mushrooms":{"raw":1.0,"perc":11.111111111111111,"total":9.0},"Ginkgo biloba":{"raw":1.0,"perc":11.111111111111111,"total":9.0},"Caffeine":{"raw":1.0,"perc":11.111111111111111,"total":9.0},"Pharmaceuticals":{"raw":1.0,"perc":11.111111111111111,"total":9.0},"H.B. Woodrose":{"raw":1.0,"perc":11.111111111111111,"total":9.0},"Morning Glory":{"raw":1.0,"perc":11.111111111111111,"total":9.0},"Turbina corymbosa":{"raw":1.0,"perc":11.111111111111111,"total":9.0},"LSD":{"raw":2.0,"perc":22.222222222222221,"total":9.0}},"Endogenous":{"Pharms - Venlafaxine":{"raw":1.0,"perc":16.666666666666664,"total":6.0},"Pharms - Phenytoin":{"raw":1.0,"perc":16.666666666666664,"total":6.0},"Benzodiazepines":{"raw":1.0,"perc":16.666666666666664,"total":6.0},"Pharmaceuticals":{"raw":1.0,"perc":16.666666666666664,"total":6.0},"Pharms - Clonazepam":{"raw":1.0,"perc":16.666666666666664,"total":6.0},"Pharms - Diazepam":{"raw":1.0,"perc":16.666666666666664,"total":6.0}},"Dreams":{"Ayahuasca":{"raw":1.0,"perc":7.1428571428571423,"total":14.0},"Salvia divinorum":{"raw":4.0,"perc":28.571428571428569,"total":14.0},"Pharms - Paroxetine":{"raw":1.0,"perc":7.1428571428571423,"total":14.0},"SSRIs":{"raw":1.0,"perc":7.1428571428571423,"total":14.0},"Melatonin":{"raw":1.0,"perc":7.1428571428571423,"total":14.0},"Pharms - Buprenorphine":{"raw":1.0,"perc":7.1428571428571423,"total":14.0},"Naltrexone":{"raw":1.0,"perc":7.1428571428571423,"total":14.0},"Cannabis":{"raw":1.0,"perc":7.1428571428571423,"total":14.0},"Silene capensis":{"raw":1.0,"perc":7.1428571428571423,"total":14.0},"Mugwort":{"raw":1.0,"perc":7.1428571428571423,"total":14.0},"Pharmaceuticals":{"raw":1.0,"perc":7.1428571428571423,"total":14.0}},"OBE":{"Salvia divinorum":{"raw":1.0,"perc":100.0,"total":1.0}},"Sleep Deprivation":{"Amphetamines":{"raw":3.0,"perc":42.857142857142854,"total":7.0},"Stimulants":{"raw":2.0,"perc":28.571428571428569,"total":7.0},"Tryptophan":{"raw":1.0,"perc":14.285714285714285,"total":7.0},"Lisdexamfetamine":{"raw":1.0,"perc":14.285714285714285,"total":7.0}},"Yoga / Bodywork":{"Cannabis":{"raw":1.0,"perc":33.333333333333329,"total":3.0},"LSD":{"raw":1.0,"perc":33.333333333333329,"total":3.0},"Mushrooms":{"raw":1.0,"perc":33.333333333333329,"total":3.0}}},"Large Group (10+)":{"OBE":{"MDMA":{"raw":1.0,"perc":25.0,"total":4.0},"Nitrous Oxide":{"raw":1.0,"perc":25.0,"total":4.0},"Stimulants":{"raw":1.0,"perc":25.0,"total":4.0},"Cannabis":{"raw":1.0,"perc":25.0,"total":4.0}},"Police / Customs":{"Mushrooms":{"raw":1.0,"perc":100.0,"total":1.0}},"Sleep Deprivation":{"H.B. Woodrose":{"raw":1.0,"perc":100.0,"total":1.0}},"Breathing":{"4-AcO-MiPT":{"raw":1.0,"perc":50.0,"total":2.0},"Carbogen":{"raw":1.0,"perc":50.0,"total":2.0}}},"Group Ceremony":{"Meditation":{"LSD":{"raw":2.0,"perc":50.0,"total":4.0},"Cacti":{"raw":1.0,"perc":25.0,"total":4.0},"Ayahuasca":{"raw":1.0,"perc":25.0,"total":4.0}},"Ritual":{"Peyote":{"raw":1.0,"perc":3.125,"total":32.0},"Ayahuasca":{"raw":9.0,"perc":28.125,"total":32.0},"Cacti":{"raw":1.0,"perc":3.125,"total":32.0},"Banisteriopsis caapi":{"raw":7.0,"perc":21.875,"total":32.0},"Harmala Alkaloids":{"raw":7.0,"perc":21.875,"total":32.0},"Psychotria viridis":{"raw":7.0,"perc":21.875,"total":32.0}},"Sweating":{"Peyote":{"raw":1.0,"perc":100.0,"total":1.0}},"Yoga / Bodywork":{"Cacti":{"raw":1.0,"perc":100.0,"total":1.0}}},"Club / Bar":{"Police / Customs":{"LSD":{"raw":1.0,"perc":100.0,"total":1.0}}},"Military":{"Drug Testing":{"Opioids":{"raw":1.0,"perc":50.0,"total":2.0},"Pharms - Oxycodone":{"raw":1.0,"perc":50.0,"total":2.0}}}}