{"Festival / Lg. Crowd":{"Strong":{"Drug Testing":{"raw":1.0,"perc":20.0,"total":5.0},"Police / Customs":{"raw":2.0,"perc":40.0,"total":5.0},"Conferences":{"raw":2.0,"perc":40.0,"total":5.0}},"Medium":{"Ritual":{"raw":2.0,"perc":16.666666666666664,"total":12.0},"Conferences":{"raw":8.0,"perc":66.666666666666657,"total":12.0},"Drug Testing":{"raw":1.0,"perc":8.3333333333333321,"total":12.0},"Yoga / Bodywork":{"raw":1.0,"perc":8.3333333333333321,"total":12.0}},"No Effect":{"Conferences":{"raw":2.0,"perc":100.0,"total":2.0}},"Extreme":{"Sleep Deprivation":{"raw":1.0,"perc":50.0,"total":2.0},"Police / Customs":{"raw":1.0,"perc":50.0,"total":2.0}}},"Various":{"Strong":{"Sleep Deprivation":{"raw":10.0,"perc":31.25,"total":32.0},"Police / Customs":{"raw":9.0,"perc":28.125,"total":32.0},"Ritual":{"raw":1.0,"perc":3.125,"total":32.0},"Meditation":{"raw":7.0,"perc":21.875,"total":32.0},"Dreams":{"raw":1.0,"perc":3.125,"total":32.0},"Drug Testing":{"raw":2.0,"perc":6.25,"total":32.0},"Nitrogen Narcosis":{"raw":1.0,"perc":3.125,"total":32.0},"Mindfulness":{"raw":1.0,"perc":3.125,"total":32.0}},"Medium":{"Sleep Deprivation":{"raw":7.0,"perc":15.217391304347828,"total":46.0},"Endogenous":{"raw":2.0,"perc":4.3478260869565215,"total":46.0},"Police / Customs":{"raw":12.0,"perc":26.086956521739129,"total":46.0},"Yoga / Bodywork":{"raw":3.0,"perc":6.5217391304347823,"total":46.0},"Fasting":{"raw":2.0,"perc":4.3478260869565215,"total":46.0},"Migraines":{"raw":2.0,"perc":4.3478260869565215,"total":46.0},"OBE":{"raw":1.0,"perc":2.1739130434782608,"total":46.0},"Mindfulness":{"raw":2.0,"perc":4.3478260869565215,"total":46.0},"Meditation":{"raw":6.0,"perc":13.043478260869565,"total":46.0},"Dreams":{"raw":4.0,"perc":8.695652173913043,"total":46.0},"Devices":{"raw":1.0,"perc":2.1739130434782608,"total":46.0},"Devices - Mind Machine":{"raw":1.0,"perc":2.1739130434782608,"total":46.0},"Drug Testing":{"raw":2.0,"perc":4.3478260869565215,"total":46.0},"Humor":{"raw":1.0,"perc":2.1739130434782608,"total":46.0}},"Extreme":{"Police / Customs":{"raw":4.0,"perc":33.333333333333329,"total":12.0},"Sleep Deprivation":{"raw":2.0,"perc":16.666666666666664,"total":12.0},"Conferences":{"raw":1.0,"perc":8.3333333333333321,"total":12.0},"OBE":{"raw":2.0,"perc":16.666666666666664,"total":12.0},"Music":{"raw":1.0,"perc":8.3333333333333321,"total":12.0},"Humor":{"raw":1.0,"perc":8.3333333333333321,"total":12.0},"Meditation":{"raw":1.0,"perc":8.3333333333333321,"total":12.0}}},"Alone":{"Strong":{"Dreams":{"raw":26.0,"perc":26.804123711340207,"total":97.0},"Sleep Deprivation":{"raw":7.0,"perc":7.216494845360824,"total":97.0},"Ritual":{"raw":2.0,"perc":2.0618556701030926,"total":97.0},"Yoga / Bodywork":{"raw":5.0,"perc":5.1546391752577314,"total":97.0},"Breathing":{"raw":6.0,"perc":6.1855670103092786,"total":97.0},"Hyperventilation":{"raw":2.0,"perc":2.0618556701030926,"total":97.0},"Drug Testing":{"raw":2.0,"perc":2.0618556701030926,"total":97.0},"Meditation":{"raw":11.0,"perc":11.340206185567011,"total":97.0},"Devices":{"raw":5.0,"perc":5.1546391752577314,"total":97.0},"Devices - Mind Machine":{"raw":4.0,"perc":4.1237113402061851,"total":97.0},"OBE":{"raw":11.0,"perc":11.340206185567011,"total":97.0},"Fasting":{"raw":4.0,"perc":4.1237113402061851,"total":97.0},"Police / Customs":{"raw":3.0,"perc":3.0927835051546393,"total":97.0},"Chanting":{"raw":1.0,"perc":1.0309278350515463,"total":97.0},"Floatation Tank":{"raw":1.0,"perc":1.0309278350515463,"total":97.0},"Conferences":{"raw":1.0,"perc":1.0309278350515463,"total":97.0},"Migraines":{"raw":2.0,"perc":2.0618556701030926,"total":97.0},"Endogenous":{"raw":2.0,"perc":2.0618556701030926,"total":97.0},"Sweating":{"raw":1.0,"perc":1.0309278350515463,"total":97.0},"Mindfulness":{"raw":1.0,"perc":1.0309278350515463,"total":97.0}},"Medium":{"Endogenous":{"raw":5.0,"perc":2.73224043715847,"total":183.0},"Meditation":{"raw":27.0,"perc":14.754098360655737,"total":183.0},"OBE":{"raw":6.0,"perc":3.278688524590164,"total":183.0},"Drug Testing":{"raw":5.0,"perc":2.73224043715847,"total":183.0},"Police / Customs":{"raw":5.0,"perc":2.73224043715847,"total":183.0},"Dreams":{"raw":72.0,"perc":39.344262295081968,"total":183.0},"Ritual":{"raw":3.0,"perc":1.639344262295082,"total":183.0},"Sleep Deprivation":{"raw":10.0,"perc":5.46448087431694,"total":183.0},"Floatation Tank":{"raw":4.0,"perc":2.1857923497267762,"total":183.0},"Devices":{"raw":10.0,"perc":5.46448087431694,"total":183.0},"Devices - Mind Machine":{"raw":7.0,"perc":3.8251366120218582,"total":183.0},"Fasting":{"raw":6.0,"perc":3.278688524590164,"total":183.0},"Breathing":{"raw":5.0,"perc":2.73224043715847,"total":183.0},"Hyperventilation":{"raw":2.0,"perc":1.0928961748633881,"total":183.0},"Yoga / Bodywork":{"raw":7.0,"perc":3.8251366120218582,"total":183.0},"Conferences":{"raw":1.0,"perc":0.546448087431694,"total":183.0},"Nitrogen Narcosis":{"raw":1.0,"perc":0.546448087431694,"total":183.0},"Migraines":{"raw":1.0,"perc":0.546448087431694,"total":183.0},"Mindfulness":{"raw":1.0,"perc":0.546448087431694,"total":183.0},"Music":{"raw":3.0,"perc":1.639344262295082,"total":183.0},"Sweating":{"raw":1.0,"perc":0.546448087431694,"total":183.0},"Chanting":{"raw":1.0,"perc":0.546448087431694,"total":183.0}},"Extreme":{"OBE":{"raw":3.0,"perc":18.75,"total":16.0},"Dreams":{"raw":2.0,"perc":12.5,"total":16.0},"Devices":{"raw":1.0,"perc":6.25,"total":16.0},"Police / Customs":{"raw":6.0,"perc":37.5,"total":16.0},"Endogenous":{"raw":1.0,"perc":6.25,"total":16.0},"Sleep Deprivation":{"raw":1.0,"perc":6.25,"total":16.0},"Mindfulness":{"raw":1.0,"perc":6.25,"total":16.0},"Sound (non-music)":{"raw":1.0,"perc":6.25,"total":16.0}},"No Effect":{"Drug Testing":{"raw":4.0,"perc":40.0,"total":10.0},"Yoga / Bodywork":{"raw":1.0,"perc":10.0,"total":10.0},"Dreams":{"raw":5.0,"perc":50.0,"total":10.0}}},"Unknown Context":{"Medium":{"Drug Testing":{"raw":10.0,"perc":35.714285714285715,"total":28.0},"Migraines":{"raw":6.0,"perc":21.428571428571427,"total":28.0},"Fasting":{"raw":1.0,"perc":3.5714285714285712,"total":28.0},"Dreams":{"raw":3.0,"perc":10.714285714285714,"total":28.0},"Breathing":{"raw":1.0,"perc":3.5714285714285712,"total":28.0},"Hyperventilation":{"raw":1.0,"perc":3.5714285714285712,"total":28.0},"Meditation":{"raw":3.0,"perc":10.714285714285714,"total":28.0},"Endogenous":{"raw":1.0,"perc":3.5714285714285712,"total":28.0},"Sleep Deprivation":{"raw":2.0,"perc":7.1428571428571423,"total":28.0}},"No Effect":{"Drug Testing":{"raw":2.0,"perc":33.333333333333329,"total":6.0},"Police / Customs":{"raw":1.0,"perc":16.666666666666664,"total":6.0},"Dreams":{"raw":1.0,"perc":16.666666666666664,"total":6.0},"Devices":{"raw":1.0,"perc":16.666666666666664,"total":6.0},"Devices - Magnetic":{"raw":1.0,"perc":16.666666666666664,"total":6.0}},"Strong":{"Dreams":{"raw":1.0,"perc":25.0,"total":4.0},"Endogenous":{"raw":1.0,"perc":25.0,"total":4.0},"Sleep Deprivation":{"raw":1.0,"perc":25.0,"total":4.0},"Yoga / Bodywork":{"raw":1.0,"perc":25.0,"total":4.0}},"Extreme":{"Police / Customs":{"raw":1.0,"perc":50.0,"total":2.0},"Endogenous":{"raw":1.0,"perc":50.0,"total":2.0}}},"Large Group (10+)":{"Medium":{"Police / Customs":{"raw":3.0,"perc":50.0,"total":6.0},"Sleep Deprivation":{"raw":2.0,"perc":33.333333333333329,"total":6.0},"Meditation":{"raw":1.0,"perc":16.666666666666664,"total":6.0}},"Strong":{"OBE":{"raw":1.0,"perc":33.333333333333329,"total":3.0},"Breathing":{"raw":1.0,"perc":33.333333333333329,"total":3.0},"Meditation":{"raw":1.0,"perc":33.333333333333329,"total":3.0}},"Extreme":{"OBE":{"raw":1.0,"perc":50.0,"total":2.0},"Breathing":{"raw":1.0,"perc":50.0,"total":2.0}}},"Small Group (2-9)":{"Medium":{"Ritual":{"raw":3.0,"perc":3.3333333333333335,"total":90.0},"Breathing":{"raw":4.0,"perc":4.4444444444444446,"total":90.0},"Hyperventilation":{"raw":2.0,"perc":2.2222222222222223,"total":90.0},"Police / Customs":{"raw":27.0,"perc":30.0,"total":90.0},"Guiding":{"raw":3.0,"perc":3.3333333333333335,"total":90.0},"Nitrogen Narcosis":{"raw":1.0,"perc":1.1111111111111112,"total":90.0},"OBE":{"raw":10.0,"perc":11.111111111111111,"total":90.0},"Yoga / Bodywork":{"raw":8.0,"perc":8.88888888888889,"total":90.0},"Sleep Deprivation":{"raw":6.0,"perc":6.666666666666667,"total":90.0},"Dreams":{"raw":5.0,"perc":5.5555555555555554,"total":90.0},"Migraines":{"raw":1.0,"perc":1.1111111111111112,"total":90.0},"Meditation":{"raw":7.0,"perc":7.7777777777777777,"total":90.0},"Sweating":{"raw":2.0,"perc":2.2222222222222223,"total":90.0},"Devices":{"raw":4.0,"perc":4.4444444444444446,"total":90.0},"Devices - Mind Machine":{"raw":3.0,"perc":3.3333333333333335,"total":90.0},"Drug Testing":{"raw":3.0,"perc":3.3333333333333335,"total":90.0},"Mindfulness":{"raw":1.0,"perc":1.1111111111111112,"total":90.0}},"Strong":{"Sleep Deprivation":{"raw":6.0,"perc":8.9552238805970141,"total":67.0},"Police / Customs":{"raw":14.0,"perc":20.8955223880597,"total":67.0},"Meditation":{"raw":6.0,"perc":8.9552238805970141,"total":67.0},"OBE":{"raw":12.0,"perc":17.910447761194028,"total":67.0},"Ritual":{"raw":4.0,"perc":5.9701492537313428,"total":67.0},"Yoga / Bodywork":{"raw":6.0,"perc":8.9552238805970141,"total":67.0},"Endogenous":{"raw":3.0,"perc":4.4776119402985071,"total":67.0},"Dreams":{"raw":3.0,"perc":4.4776119402985071,"total":67.0},"Migraines":{"raw":3.0,"perc":4.4776119402985071,"total":67.0},"Devices":{"raw":1.0,"perc":1.4925373134328357,"total":67.0},"Humor":{"raw":2.0,"perc":2.9850746268656714,"total":67.0},"Breathing":{"raw":3.0,"perc":4.4776119402985071,"total":67.0},"Hyperventilation":{"raw":1.0,"perc":1.4925373134328357,"total":67.0},"Fasting":{"raw":1.0,"perc":1.4925373134328357,"total":67.0},"Music":{"raw":1.0,"perc":1.4925373134328357,"total":67.0},"Conferences":{"raw":1.0,"perc":1.4925373134328357,"total":67.0}},"Extreme":{"Police / Customs":{"raw":12.0,"perc":48.0,"total":25.0},"Drug Testing":{"raw":2.0,"perc":8.0,"total":25.0},"Sleep Deprivation":{"raw":3.0,"perc":12.0,"total":25.0},"OBE":{"raw":5.0,"perc":20.0,"total":25.0},"Meditation":{"raw":1.0,"perc":4.0,"total":25.0},"Mindfulness":{"raw":1.0,"perc":4.0,"total":25.0},"Dreams":{"raw":1.0,"perc":4.0,"total":25.0}},"No Effect":{"Police / Customs":{"raw":2.0,"perc":100.0,"total":2.0}}},"Rave / Dance Event":{"Strong":{"Ritual":{"raw":1.0,"perc":50.0,"total":2.0},"OBE":{"raw":1.0,"perc":50.0,"total":2.0}},"Medium":{"Police / Customs":{"raw":3.0,"perc":50.0,"total":6.0},"Meditation":{"raw":2.0,"perc":33.333333333333329,"total":6.0},"Dreams":{"raw":1.0,"perc":16.666666666666664,"total":6.0}},"Extreme":{"Police / Customs":{"raw":1.0,"perc":100.0,"total":1.0}}},"School":{"Medium":{"Police / Customs":{"raw":3.0,"perc":50.0,"total":6.0},"OBE":{"raw":1.0,"perc":16.666666666666664,"total":6.0},"Drug Testing":{"raw":2.0,"perc":33.333333333333329,"total":6.0}},"Extreme":{"Drug Testing":{"raw":1.0,"perc":100.0,"total":1.0}},"No Effect":{"Drug Testing":{"raw":1.0,"perc":100.0,"total":1.0}}},"Hospital":{"Extreme":{"Endogenous":{"raw":1.0,"perc":12.5,"total":8.0},"Police / Customs":{"raw":4.0,"perc":50.0,"total":8.0},"Meditation":{"raw":1.0,"perc":12.5,"total":8.0},"Fasting":{"raw":1.0,"perc":12.5,"total":8.0},"Drug Testing":{"raw":1.0,"perc":12.5,"total":8.0}},"Medium":{"Drug Testing":{"raw":4.0,"perc":44.444444444444443,"total":9.0},"Dreams":{"raw":1.0,"perc":11.111111111111111,"total":9.0},"Police / Customs":{"raw":3.0,"perc":33.333333333333329,"total":9.0},"Breathing":{"raw":1.0,"perc":11.111111111111111,"total":9.0}},"Strong":{"Drug Testing":{"raw":2.0,"perc":40.0,"total":5.0},"Sleep Deprivation":{"raw":1.0,"perc":20.0,"total":5.0},"Police / Customs":{"raw":2.0,"perc":40.0,"total":5.0}},"No Effect":{"Drug Testing":{"raw":3.0,"perc":100.0,"total":3.0}}},"Not Applicable":{"No Effect":{"Drug Testing":{"raw":24.0,"perc":85.714285714285708,"total":28.0},"Police / Customs":{"raw":4.0,"perc":14.285714285714285,"total":28.0}},"Medium":{"Drug Testing":{"raw":56.0,"perc":63.636363636363633,"total":88.0},"Endogenous":{"raw":5.0,"perc":5.6818181818181817,"total":88.0},"Police / Customs":{"raw":2.0,"perc":2.2727272727272729,"total":88.0},"Meditation":{"raw":2.0,"perc":2.2727272727272729,"total":88.0},"Migraines":{"raw":4.0,"perc":4.5454545454545459,"total":88.0},"Dreams":{"raw":8.0,"perc":9.0909090909090917,"total":88.0},"Breathing":{"raw":2.0,"perc":2.2727272727272729,"total":88.0},"Hyperventilation":{"raw":1.0,"perc":1.1363636363636365,"total":88.0},"Mindfulness":{"raw":1.0,"perc":1.1363636363636365,"total":88.0},"Fasting":{"raw":3.0,"perc":3.4090909090909087,"total":88.0},"OBE":{"raw":1.0,"perc":1.1363636363636365,"total":88.0},"Sleep Deprivation":{"raw":1.0,"perc":1.1363636363636365,"total":88.0},"Yoga / Bodywork":{"raw":1.0,"perc":1.1363636363636365,"total":88.0},"Devices":{"raw":1.0,"perc":1.1363636363636365,"total":88.0}},"Extreme":{"Police / Customs":{"raw":1.0,"perc":100.0,"total":1.0}},"Strong":{"Devices":{"raw":1.0,"perc":20.0,"total":5.0},"Devices - Mind Machine":{"raw":1.0,"perc":20.0,"total":5.0},"Migraines":{"raw":1.0,"perc":20.0,"total":5.0},"Sleep Deprivation":{"raw":2.0,"perc":40.0,"total":5.0}}},"Group Ceremony":{"Medium":{"Breathing":{"raw":1.0,"perc":7.1428571428571423,"total":14.0},"Hyperventilation":{"raw":1.0,"perc":7.1428571428571423,"total":14.0},"Meditation":{"raw":3.0,"perc":21.428571428571427,"total":14.0},"Ritual":{"raw":8.0,"perc":57.142857142857139,"total":14.0},"Sweating":{"raw":1.0,"perc":7.1428571428571423,"total":14.0}},"Strong":{"Ritual":{"raw":4.0,"perc":50.0,"total":8.0},"Sweating":{"raw":2.0,"perc":25.0,"total":8.0},"Meditation":{"raw":1.0,"perc":12.5,"total":8.0},"Yoga / Bodywork":{"raw":1.0,"perc":12.5,"total":8.0}}},"Club / Bar":{"Medium":{"Police / Customs":{"raw":1.0,"perc":100.0,"total":1.0}}},"Military":{"Medium":{"Drug Testing":{"raw":1.0,"perc":100.0,"total":1.0}}}}