{"Small Group (2-9)":{"First Times":{"raw":2905.0,"perc":18.444444444444443,"total":15750.0},"General":{"raw":3229.0,"perc":20.5015873015873,"total":15750.0},"Difficult Experiences":{"raw":1559.0,"perc":9.8984126984126988,"total":15750.0},"Nature / Outdoors":{"raw":421.0,"perc":2.6730158730158728,"total":15750.0},"Music Discussion":{"raw":361.0,"perc":2.2920634920634919,"total":15750.0},"Post Trip Problems":{"raw":244.0,"perc":1.5492063492063493,"total":15750.0},"Glowing Experiences":{"raw":1474.0,"perc":9.35873015873016,"total":15750.0},"Mystical Experiences":{"raw":632.0,"perc":4.0126984126984127,"total":15750.0},"Health Problems":{"raw":544.0,"perc":3.4539682539682537,"total":15750.0},"Multi-Day Experience":{"raw":117.0,"perc":0.74285714285714288,"total":15750.0},"Retrospective / Summary":{"raw":378.0,"perc":2.4,"total":15750.0},"Bad Trips":{"raw":572.0,"perc":3.6317460317460317,"total":15750.0},"Depression":{"raw":101.0,"perc":0.64126984126984121,"total":15750.0},"Sex Discussion":{"raw":302.0,"perc":1.9174603174603173,"total":15750.0},"Preparation / Recipes":{"raw":223.0,"perc":1.4158730158730159,"total":15750.0},"Entities / Beings":{"raw":538.0,"perc":3.4158730158730157,"total":15750.0},"Guides / Sitters":{"raw":330.0,"perc":2.0952380952380953,"total":15750.0},"Cultivation / Synthesis":{"raw":3.0,"perc":0.019047619047619049,"total":15750.0},"Overdose":{"raw":308.0,"perc":1.9555555555555555,"total":15750.0},"What Was in That?":{"raw":107.0,"perc":0.67936507936507939,"total":15750.0},"Families":{"raw":103.0,"perc":0.653968253968254,"total":15750.0},"Health Benefits":{"raw":76.0,"perc":0.48253968253968255,"total":15750.0},"Relationships":{"raw":358.0,"perc":2.2730158730158729,"total":15750.0},"Second Hand Report":{"raw":128.0,"perc":0.8126984126984127,"total":15750.0},"HPPD / Lasting Visuals":{"raw":53.0,"perc":0.33650793650793653,"total":15750.0},"Hangover / Days After":{"raw":444.0,"perc":2.8190476190476188,"total":15750.0},"Poetry":{"raw":16.0,"perc":0.10158730158730159,"total":15750.0},"Pregnancy / Baby":{"raw":4.0,"perc":0.025396825396825397,"total":15750.0},"Personal Preparation":{"raw":70.0,"perc":0.44444444444444442,"total":15750.0},"Loss of Magic":{"raw":9.0,"perc":0.057142857142857148,"total":15750.0},"Medical Use":{"raw":21.0,"perc":0.13333333333333333,"total":15750.0},"Therapeutic Intent or Outcome":{"raw":112.0,"perc":0.71111111111111114,"total":15750.0},"Performance Enhancement":{"raw":7.0,"perc":0.044444444444444446,"total":15750.0},"Video":{"raw":1.0,"perc":0.0063492063492063492,"total":15750.0}},"Unknown Context":{"General":{"raw":948.0,"perc":31.495016611295679,"total":3010.0},"First Times":{"raw":235.0,"perc":7.8073089700996672,"total":3010.0},"Health Problems":{"raw":252.0,"perc":8.3720930232558146,"total":3010.0},"Retrospective / Summary":{"raw":388.0,"perc":12.890365448504983,"total":3010.0},"Preparation / Recipes":{"raw":164.0,"perc":5.4485049833887045,"total":3010.0},"Nature / Outdoors":{"raw":5.0,"perc":0.16611295681063123,"total":3010.0},"Mystical Experiences":{"raw":56.0,"perc":1.8604651162790697,"total":3010.0},"Difficult Experiences":{"raw":136.0,"perc":4.51827242524917,"total":3010.0},"Entities / Beings":{"raw":38.0,"perc":1.2624584717607974,"total":3010.0},"Post Trip Problems":{"raw":100.0,"perc":3.322259136212625,"total":3010.0},"Glowing Experiences":{"raw":134.0,"perc":4.4518272425249164,"total":3010.0},"Depression":{"raw":38.0,"perc":1.2624584717607974,"total":3010.0},"Bad Trips":{"raw":49.0,"perc":1.6279069767441861,"total":3010.0},"Overdose":{"raw":50.0,"perc":1.6611295681063125,"total":3010.0},"What Was in That?":{"raw":25.0,"perc":0.83056478405315626,"total":3010.0},"Sex Discussion":{"raw":24.0,"perc":0.79734219269102979,"total":3010.0},"Cultivation / Synthesis":{"raw":9.0,"perc":0.29900332225913623,"total":3010.0},"Health Benefits":{"raw":72.0,"perc":2.39202657807309,"total":3010.0},"Guides / Sitters":{"raw":4.0,"perc":0.132890365448505,"total":3010.0},"Loss of Magic":{"raw":15.0,"perc":0.49833887043189368,"total":3010.0},"Second Hand Report":{"raw":27.0,"perc":0.89700996677740863,"total":3010.0},"Poetry":{"raw":24.0,"perc":0.79734219269102979,"total":3010.0},"Hangover / Days After":{"raw":65.0,"perc":2.1594684385382057,"total":3010.0},"HPPD / Lasting Visuals":{"raw":18.0,"perc":0.59800664451827246,"total":3010.0},"Families":{"raw":2.0,"perc":0.0664451827242525,"total":3010.0},"Personal Preparation":{"raw":8.0,"perc":0.26578073089701,"total":3010.0},"Medical Use":{"raw":45.0,"perc":1.4950166112956811,"total":3010.0},"Multi-Day Experience":{"raw":21.0,"perc":0.69767441860465118,"total":3010.0},"Music Discussion":{"raw":12.0,"perc":0.3986710963455149,"total":3010.0},"Relationships":{"raw":6.0,"perc":0.19933554817275745,"total":3010.0},"Therapeutic Intent or Outcome":{"raw":31.0,"perc":1.0299003322259137,"total":3010.0},"Performance Enhancement":{"raw":9.0,"perc":0.29900332225913623,"total":3010.0}},"Festival / Lg. Crowd":{"General":{"raw":145.0,"perc":22.762951334379906,"total":637.0},"First Times":{"raw":96.0,"perc":15.070643642072213,"total":637.0},"Nature / Outdoors":{"raw":19.0,"perc":2.9827315541601256,"total":637.0},"Difficult Experiences":{"raw":64.0,"perc":10.047095761381476,"total":637.0},"Health Problems":{"raw":16.0,"perc":2.5117739403453689,"total":637.0},"Mystical Experiences":{"raw":36.0,"perc":5.6514913657770807,"total":637.0},"Glowing Experiences":{"raw":94.0,"perc":14.756671899529042,"total":637.0},"Entities / Beings":{"raw":10.0,"perc":1.5698587127158554,"total":637.0},"Music Discussion":{"raw":37.0,"perc":5.8084772370486659,"total":637.0},"Multi-Day Experience":{"raw":15.0,"perc":2.3547880690737837,"total":637.0},"Overdose":{"raw":6.0,"perc":0.9419152276295133,"total":637.0},"Bad Trips":{"raw":15.0,"perc":2.3547880690737837,"total":637.0},"Retrospective / Summary":{"raw":12.0,"perc":1.8838304552590266,"total":637.0},"Post Trip Problems":{"raw":4.0,"perc":0.62794348508634223,"total":637.0},"Preparation / Recipes":{"raw":6.0,"perc":0.9419152276295133,"total":637.0},"What Was in That?":{"raw":7.0,"perc":1.098901098901099,"total":637.0},"Guides / Sitters":{"raw":5.0,"perc":0.78492935635792771,"total":637.0},"Health Benefits":{"raw":3.0,"perc":0.47095761381475665,"total":637.0},"Relationships":{"raw":11.0,"perc":1.7268445839874409,"total":637.0},"Sex Discussion":{"raw":6.0,"perc":0.9419152276295133,"total":637.0},"Hangover / Days After":{"raw":12.0,"perc":1.8838304552590266,"total":637.0},"Second Hand Report":{"raw":4.0,"perc":0.62794348508634223,"total":637.0},"Personal Preparation":{"raw":3.0,"perc":0.47095761381475665,"total":637.0},"Depression":{"raw":2.0,"perc":0.31397174254317112,"total":637.0},"Medical Use":{"raw":1.0,"perc":0.15698587127158556,"total":637.0},"Families":{"raw":1.0,"perc":0.15698587127158556,"total":637.0},"Therapeutic Intent or Outcome":{"raw":4.0,"perc":0.62794348508634223,"total":637.0},"Loss of Magic":{"raw":1.0,"perc":0.15698587127158556,"total":637.0},"HPPD / Lasting Visuals":{"raw":1.0,"perc":0.15698587127158556,"total":637.0},"Cultivation / Synthesis":{"raw":1.0,"perc":0.15698587127158556,"total":637.0}},"Rave / Dance Event":{"First Times":{"raw":90.0,"perc":15.6794425087108,"total":574.0},"Glowing Experiences":{"raw":96.0,"perc":16.724738675958189,"total":574.0},"Health Problems":{"raw":28.0,"perc":4.8780487804878048,"total":574.0},"Post Trip Problems":{"raw":28.0,"perc":4.8780487804878048,"total":574.0},"Bad Trips":{"raw":22.0,"perc":3.8327526132404177,"total":574.0},"General":{"raw":79.0,"perc":13.763066202090593,"total":574.0},"What Was in That?":{"raw":14.0,"perc":2.4390243902439024,"total":574.0},"Second Hand Report":{"raw":7.0,"perc":1.2195121951219512,"total":574.0},"Difficult Experiences":{"raw":54.0,"perc":9.40766550522648,"total":574.0},"Depression":{"raw":7.0,"perc":1.2195121951219512,"total":574.0},"Entities / Beings":{"raw":4.0,"perc":0.69686411149825789,"total":574.0},"Music Discussion":{"raw":15.0,"perc":2.6132404181184667,"total":574.0},"Retrospective / Summary":{"raw":21.0,"perc":3.6585365853658534,"total":574.0},"Sex Discussion":{"raw":5.0,"perc":0.87108013937282225,"total":574.0},"Multi-Day Experience":{"raw":5.0,"perc":0.87108013937282225,"total":574.0},"Overdose":{"raw":13.0,"perc":2.264808362369338,"total":574.0},"HPPD / Lasting Visuals":{"raw":2.0,"perc":0.34843205574912894,"total":574.0},"Mystical Experiences":{"raw":12.0,"perc":2.0905923344947737,"total":574.0},"Health Benefits":{"raw":3.0,"perc":0.52264808362369342,"total":574.0},"Nature / Outdoors":{"raw":10.0,"perc":1.7421602787456445,"total":574.0},"Families":{"raw":1.0,"perc":0.17421602787456447,"total":574.0},"Poetry":{"raw":2.0,"perc":0.34843205574912894,"total":574.0},"Hangover / Days After":{"raw":22.0,"perc":3.8327526132404177,"total":574.0},"Relationships":{"raw":16.0,"perc":2.7874564459930316,"total":574.0},"Guides / Sitters":{"raw":4.0,"perc":0.69686411149825789,"total":574.0},"Loss of Magic":{"raw":8.0,"perc":1.3937282229965158,"total":574.0},"Personal Preparation":{"raw":1.0,"perc":0.17421602787456447,"total":574.0},"Preparation / Recipes":{"raw":2.0,"perc":0.34843205574912894,"total":574.0},"Therapeutic Intent or Outcome":{"raw":3.0,"perc":0.52264808362369342,"total":574.0}},"Alone":{"General":{"raw":3021.0,"perc":23.853138570864587,"total":12665.0},"Nature / Outdoors":{"raw":165.0,"perc":1.3028030003947888,"total":12665.0},"First Times":{"raw":2130.0,"perc":16.818002368732728,"total":12665.0},"Retrospective / Summary":{"raw":613.0,"perc":4.84011054086064,"total":12665.0},"Mystical Experiences":{"raw":475.0,"perc":3.7504934859849981,"total":12665.0},"Glowing Experiences":{"raw":999.0,"perc":7.8878799842084488,"total":12665.0},"Health Problems":{"raw":443.0,"perc":3.4978286616660088,"total":12665.0},"Overdose":{"raw":237.0,"perc":1.8712988551125149,"total":12665.0},"Preparation / Recipes":{"raw":367.0,"perc":2.897749703908409,"total":12665.0},"Bad Trips":{"raw":327.0,"perc":2.5819186735096724,"total":12665.0},"Entities / Beings":{"raw":593.0,"perc":4.6821950256612714,"total":12665.0},"Music Discussion":{"raw":346.0,"perc":2.7319384129490722,"total":12665.0},"Difficult Experiences":{"raw":1036.0,"perc":8.18002368732728,"total":12665.0},"Sex Discussion":{"raw":137.0,"perc":1.0817212791156732,"total":12665.0},"Post Trip Problems":{"raw":152.0,"perc":1.2001579155151993,"total":12665.0},"Multi-Day Experience":{"raw":136.0,"perc":1.0738255033557047,"total":12665.0},"Guides / Sitters":{"raw":21.0,"perc":0.16581129095933678,"total":12665.0},"What Was in That?":{"raw":34.0,"perc":0.26845637583892618,"total":12665.0},"Depression":{"raw":149.0,"perc":1.1764705882352942,"total":12665.0},"Health Benefits":{"raw":191.0,"perc":1.5080931701539675,"total":12665.0},"Families":{"raw":41.0,"perc":0.32372680615870508,"total":12665.0},"Hangover / Days After":{"raw":431.0,"perc":3.4030793525463876,"total":12665.0},"Personal Preparation":{"raw":81.0,"perc":0.63955783655744181,"total":12665.0},"Loss of Magic":{"raw":7.0,"perc":0.055270430319778914,"total":12665.0},"Cultivation / Synthesis":{"raw":9.0,"perc":0.071061981839715752,"total":12665.0},"HPPD / Lasting Visuals":{"raw":44.0,"perc":0.34741413343861033,"total":12665.0},"Poetry":{"raw":16.0,"perc":0.12633241215949467,"total":12665.0},"Relationships":{"raw":84.0,"perc":0.66324516383734711,"total":12665.0},"Medical Use":{"raw":149.0,"perc":1.1764705882352942,"total":12665.0},"Second Hand Report":{"raw":13.0,"perc":0.10264508487958941,"total":12665.0},"Therapeutic Intent or Outcome":{"raw":185.0,"perc":1.4607185155941571,"total":12665.0},"Performance Enhancement":{"raw":31.0,"perc":0.24476904855902093,"total":12665.0},"Pregnancy / Baby":{"raw":1.0,"perc":0.007895775759968417,"total":12665.0},"Video":{"raw":1.0,"perc":0.007895775759968417,"total":12665.0}},"Club / Bar":{"First Times":{"raw":68.0,"perc":15.454545454545453,"total":440.0},"General":{"raw":101.0,"perc":22.954545454545457,"total":440.0},"Retrospective / Summary":{"raw":29.0,"perc":6.59090909090909,"total":440.0},"Glowing Experiences":{"raw":47.0,"perc":10.681818181818182,"total":440.0},"Sex Discussion":{"raw":5.0,"perc":1.1363636363636365,"total":440.0},"Difficult Experiences":{"raw":34.0,"perc":7.7272727272727266,"total":440.0},"Post Trip Problems":{"raw":14.0,"perc":3.1818181818181817,"total":440.0},"Health Problems":{"raw":27.0,"perc":6.1363636363636367,"total":440.0},"What Was in That?":{"raw":13.0,"perc":2.9545454545454546,"total":440.0},"Overdose":{"raw":13.0,"perc":2.9545454545454546,"total":440.0},"Health Benefits":{"raw":2.0,"perc":0.45454545454545453,"total":440.0},"Bad Trips":{"raw":7.0,"perc":1.5909090909090908,"total":440.0},"Mystical Experiences":{"raw":4.0,"perc":0.90909090909090906,"total":440.0},"Depression":{"raw":5.0,"perc":1.1363636363636365,"total":440.0},"Preparation / Recipes":{"raw":1.0,"perc":0.22727272727272727,"total":440.0},"Multi-Day Experience":{"raw":2.0,"perc":0.45454545454545453,"total":440.0},"Music Discussion":{"raw":17.0,"perc":3.8636363636363633,"total":440.0},"Loss of Magic":{"raw":3.0,"perc":0.68181818181818177,"total":440.0},"Hangover / Days After":{"raw":22.0,"perc":5.0,"total":440.0},"Second Hand Report":{"raw":3.0,"perc":0.68181818181818177,"total":440.0},"Guides / Sitters":{"raw":1.0,"perc":0.22727272727272727,"total":440.0},"Relationships":{"raw":11.0,"perc":2.5,"total":440.0},"Entities / Beings":{"raw":3.0,"perc":0.68181818181818177,"total":440.0},"Families":{"raw":3.0,"perc":0.68181818181818177,"total":440.0},"Personal Preparation":{"raw":2.0,"perc":0.45454545454545453,"total":440.0},"Nature / Outdoors":{"raw":2.0,"perc":0.45454545454545453,"total":440.0},"Therapeutic Intent or Outcome":{"raw":1.0,"perc":0.22727272727272727,"total":440.0}},"Large Group (10+)":{"First Times":{"raw":143.0,"perc":17.125748502994011,"total":835.0},"General":{"raw":189.0,"perc":22.634730538922156,"total":835.0},"Sex Discussion":{"raw":6.0,"perc":0.718562874251497,"total":835.0},"Post Trip Problems":{"raw":16.0,"perc":1.9161676646706587,"total":835.0},"Bad Trips":{"raw":35.0,"perc":4.1916167664670656,"total":835.0},"Health Problems":{"raw":44.0,"perc":5.2694610778443112,"total":835.0},"Difficult Experiences":{"raw":76.0,"perc":9.10179640718563,"total":835.0},"Retrospective / Summary":{"raw":20.0,"perc":2.3952095808383236,"total":835.0},"Overdose":{"raw":19.0,"perc":2.2754491017964074,"total":835.0},"Glowing Experiences":{"raw":70.0,"perc":8.3832335329341312,"total":835.0},"Music Discussion":{"raw":30.0,"perc":3.5928143712574849,"total":835.0},"Preparation / Recipes":{"raw":4.0,"perc":0.47904191616766467,"total":835.0},"Guides / Sitters":{"raw":13.0,"perc":1.5568862275449102,"total":835.0},"Mystical Experiences":{"raw":27.0,"perc":3.2335329341317367,"total":835.0},"Multi-Day Experience":{"raw":7.0,"perc":0.83832335329341312,"total":835.0},"Health Benefits":{"raw":7.0,"perc":0.83832335329341312,"total":835.0},"Nature / Outdoors":{"raw":9.0,"perc":1.0778443113772456,"total":835.0},"Second Hand Report":{"raw":10.0,"perc":1.1976047904191618,"total":835.0},"What Was in That?":{"raw":4.0,"perc":0.47904191616766467,"total":835.0},"HPPD / Lasting Visuals":{"raw":3.0,"perc":0.3592814371257485,"total":835.0},"Depression":{"raw":8.0,"perc":0.95808383233532934,"total":835.0},"Personal Preparation":{"raw":4.0,"perc":0.47904191616766467,"total":835.0},"Entities / Beings":{"raw":14.0,"perc":1.6766467065868262,"total":835.0},"Families":{"raw":4.0,"perc":0.47904191616766467,"total":835.0},"Hangover / Days After":{"raw":44.0,"perc":5.2694610778443112,"total":835.0},"Relationships":{"raw":23.0,"perc":2.7544910179640718,"total":835.0},"Medical Use":{"raw":1.0,"perc":0.11976047904191617,"total":835.0},"Loss of Magic":{"raw":1.0,"perc":0.11976047904191617,"total":835.0},"Therapeutic Intent or Outcome":{"raw":3.0,"perc":0.3592814371257485,"total":835.0},"Performance Enhancement":{"raw":1.0,"perc":0.11976047904191617,"total":835.0}},"Various":{"Retrospective / Summary":{"raw":1133.0,"perc":17.733604632962905,"total":6389.0},"Health Problems":{"raw":420.0,"perc":6.5737987165440606,"total":6389.0},"General":{"raw":935.0,"perc":14.634528095163562,"total":6389.0},"Difficult Experiences":{"raw":496.0,"perc":7.7633432462044141,"total":6389.0},"Overdose":{"raw":153.0,"perc":2.3947409610267649,"total":6389.0},"Post Trip Problems":{"raw":212.0,"perc":3.3182031616841448,"total":6389.0},"Multi-Day Experience":{"raw":170.0,"perc":2.6608232900297386,"total":6389.0},"First Times":{"raw":589.0,"perc":9.21897010486774,"total":6389.0},"Sex Discussion":{"raw":123.0,"perc":1.9251839098450463,"total":6389.0},"What Was in That?":{"raw":49.0,"perc":0.766943183596807,"total":6389.0},"Mystical Experiences":{"raw":99.0,"perc":1.5495382688996713,"total":6389.0},"Depression":{"raw":177.0,"perc":2.7703866019721395,"total":6389.0},"Glowing Experiences":{"raw":365.0,"perc":5.7129441227109092,"total":6389.0},"Bad Trips":{"raw":173.0,"perc":2.7077789951479105,"total":6389.0},"Nature / Outdoors":{"raw":109.0,"perc":1.7060572859602441,"total":6389.0},"Music Discussion":{"raw":143.0,"perc":2.2382219439661921,"total":6389.0},"Hangover / Days After":{"raw":240.0,"perc":3.7564564094537483,"total":6389.0},"Preparation / Recipes":{"raw":85.0,"perc":1.3304116450148693,"total":6389.0},"Cultivation / Synthesis":{"raw":5.0,"perc":0.078259508530286431,"total":6389.0},"Entities / Beings":{"raw":98.0,"perc":1.533886367193614,"total":6389.0},"Loss of Magic":{"raw":36.0,"perc":0.56346846141806228,"total":6389.0},"Families":{"raw":40.0,"perc":0.62607606824229145,"total":6389.0},"Second Hand Report":{"raw":20.0,"perc":0.31303803412114573,"total":6389.0},"Guides / Sitters":{"raw":32.0,"perc":0.50086085459383312,"total":6389.0},"Health Benefits":{"raw":109.0,"perc":1.7060572859602441,"total":6389.0},"HPPD / Lasting Visuals":{"raw":43.0,"perc":0.67303177336046327,"total":6389.0},"Pregnancy / Baby":{"raw":5.0,"perc":0.078259508530286431,"total":6389.0},"Relationships":{"raw":98.0,"perc":1.533886367193614,"total":6389.0},"Personal Preparation":{"raw":23.0,"perc":0.3599937392393176,"total":6389.0},"Therapeutic Intent or Outcome":{"raw":51.0,"perc":0.79824698700892172,"total":6389.0},"Medical Use":{"raw":125.0,"perc":1.9564877132571608,"total":6389.0},"Poetry":{"raw":8.0,"perc":0.12521521364845828,"total":6389.0},"Performance Enhancement":{"raw":25.0,"perc":0.39129754265143213,"total":6389.0}},"Not Applicable":{"Retrospective / Summary":{"raw":991.0,"perc":27.566063977746868,"total":3595.0},"Preparation / Recipes":{"raw":148.0,"perc":4.11682892906815,"total":3595.0},"Health Benefits":{"raw":247.0,"perc":6.8706536856745482,"total":3595.0},"Depression":{"raw":167.0,"perc":4.6453407510431157,"total":3595.0},"Health Problems":{"raw":303.0,"perc":8.42837273991655,"total":3595.0},"Poetry":{"raw":22.0,"perc":0.611961057023644,"total":3595.0},"Second Hand Report":{"raw":41.0,"perc":1.1404728789986092,"total":3595.0},"Cultivation / Synthesis":{"raw":15.0,"perc":0.41724617524339358,"total":3595.0},"Post Trip Problems":{"raw":130.0,"perc":3.6161335187760781,"total":3595.0},"General":{"raw":384.0,"perc":10.681502086230877,"total":3595.0},"Bad Trips":{"raw":25.0,"perc":0.69541029207232274,"total":3595.0},"Difficult Experiences":{"raw":68.0,"perc":1.8915159944367175,"total":3595.0},"Sex Discussion":{"raw":58.0,"perc":1.6133518776077886,"total":3595.0},"Glowing Experiences":{"raw":64.0,"perc":1.7802503477051461,"total":3595.0},"First Times":{"raw":43.0,"perc":1.1961057023643951,"total":3595.0},"Families":{"raw":31.0,"perc":0.86230876216968011,"total":3595.0},"Entities / Beings":{"raw":25.0,"perc":0.69541029207232274,"total":3595.0},"HPPD / Lasting Visuals":{"raw":35.0,"perc":0.97357440890125169,"total":3595.0},"Hangover / Days After":{"raw":140.0,"perc":3.8942976356050067,"total":3595.0},"Relationships":{"raw":61.0,"perc":1.6968011126564673,"total":3595.0},"What Was in That?":{"raw":3.0,"perc":0.083449235048678724,"total":3595.0},"Medical Use":{"raw":291.0,"perc":8.0945757997218362,"total":3595.0},"Overdose":{"raw":17.0,"perc":0.47287899860917937,"total":3595.0},"Loss of Magic":{"raw":19.0,"perc":0.52851182197496527,"total":3595.0},"Multi-Day Experience":{"raw":120.0,"perc":3.3379694019471486,"total":3595.0},"Mystical Experiences":{"raw":24.0,"perc":0.66759388038942979,"total":3595.0},"Personal Preparation":{"raw":3.0,"perc":0.083449235048678724,"total":3595.0},"Music Discussion":{"raw":19.0,"perc":0.52851182197496527,"total":3595.0},"Nature / Outdoors":{"raw":8.0,"perc":0.22253129346314326,"total":3595.0},"Guides / Sitters":{"raw":3.0,"perc":0.083449235048678724,"total":3595.0},"Performance Enhancement":{"raw":31.0,"perc":0.86230876216968011,"total":3595.0},"Therapeutic Intent or Outcome":{"raw":56.0,"perc":1.5577190542420027,"total":3595.0},"Pregnancy / Baby":{"raw":3.0,"perc":0.083449235048678724,"total":3595.0}},"Group Ceremony":{"General":{"raw":35.0,"perc":13.011152416356877,"total":269.0},"Mystical Experiences":{"raw":34.0,"perc":12.639405204460965,"total":269.0},"Retrospective / Summary":{"raw":6.0,"perc":2.2304832713754648,"total":269.0},"Glowing Experiences":{"raw":21.0,"perc":7.8066914498141262,"total":269.0},"Families":{"raw":1.0,"perc":0.37174721189591076,"total":269.0},"Guides / Sitters":{"raw":26.0,"perc":9.66542750929368,"total":269.0},"First Times":{"raw":23.0,"perc":8.5501858736059475,"total":269.0},"Difficult Experiences":{"raw":16.0,"perc":5.9479553903345721,"total":269.0},"Bad Trips":{"raw":1.0,"perc":0.37174721189591076,"total":269.0},"Depression":{"raw":4.0,"perc":1.486988847583643,"total":269.0},"Hangover / Days After":{"raw":6.0,"perc":2.2304832713754648,"total":269.0},"Health Benefits":{"raw":4.0,"perc":1.486988847583643,"total":269.0},"Entities / Beings":{"raw":28.0,"perc":10.408921933085502,"total":269.0},"Nature / Outdoors":{"raw":8.0,"perc":2.9739776951672861,"total":269.0},"Relationships":{"raw":3.0,"perc":1.1152416356877324,"total":269.0},"Multi-Day Experience":{"raw":7.0,"perc":2.6022304832713754,"total":269.0},"Music Discussion":{"raw":4.0,"perc":1.486988847583643,"total":269.0},"Medical Use":{"raw":1.0,"perc":0.37174721189591076,"total":269.0},"Preparation / Recipes":{"raw":2.0,"perc":0.74349442379182151,"total":269.0},"HPPD / Lasting Visuals":{"raw":1.0,"perc":0.37174721189591076,"total":269.0},"Second Hand Report":{"raw":2.0,"perc":0.74349442379182151,"total":269.0},"Post Trip Problems":{"raw":4.0,"perc":1.486988847583643,"total":269.0},"Personal Preparation":{"raw":6.0,"perc":2.2304832713754648,"total":269.0},"Sex Discussion":{"raw":3.0,"perc":1.1152416356877324,"total":269.0},"Therapeutic Intent or Outcome":{"raw":21.0,"perc":7.8066914498141262,"total":269.0},"Health Problems":{"raw":2.0,"perc":0.74349442379182151,"total":269.0}},"School":{"First Times":{"raw":71.0,"perc":15.673289183222957,"total":453.0},"Difficult Experiences":{"raw":38.0,"perc":8.3885209713024285,"total":453.0},"Bad Trips":{"raw":15.0,"perc":3.3112582781456954,"total":453.0},"Health Problems":{"raw":28.0,"perc":6.1810154525386318,"total":453.0},"Overdose":{"raw":27.0,"perc":5.9602649006622519,"total":453.0},"General":{"raw":104.0,"perc":22.958057395143488,"total":453.0},"Glowing Experiences":{"raw":33.0,"perc":7.28476821192053,"total":453.0},"Retrospective / Summary":{"raw":32.0,"perc":7.06401766004415,"total":453.0},"Preparation / Recipes":{"raw":3.0,"perc":0.66225165562913912,"total":453.0},"Health Benefits":{"raw":9.0,"perc":1.9867549668874174,"total":453.0},"Hangover / Days After":{"raw":21.0,"perc":4.6357615894039732,"total":453.0},"What Was in That?":{"raw":2.0,"perc":0.44150110375275936,"total":453.0},"Medical Use":{"raw":13.0,"perc":2.869757174392936,"total":453.0},"Relationships":{"raw":3.0,"perc":0.66225165562913912,"total":453.0},"Second Hand Report":{"raw":2.0,"perc":0.44150110375275936,"total":453.0},"Mystical Experiences":{"raw":3.0,"perc":0.66225165562913912,"total":453.0},"Post Trip Problems":{"raw":10.0,"perc":2.2075055187637971,"total":453.0},"Depression":{"raw":8.0,"perc":1.7660044150110374,"total":453.0},"Families":{"raw":1.0,"perc":0.22075055187637968,"total":453.0},"Multi-Day Experience":{"raw":10.0,"perc":2.2075055187637971,"total":453.0},"Music Discussion":{"raw":2.0,"perc":0.44150110375275936,"total":453.0},"Performance Enhancement":{"raw":12.0,"perc":2.6490066225165565,"total":453.0},"Entities / Beings":{"raw":3.0,"perc":0.66225165562913912,"total":453.0},"Therapeutic Intent or Outcome":{"raw":2.0,"perc":0.44150110375275936,"total":453.0},"Sex Discussion":{"raw":1.0,"perc":0.22075055187637968,"total":453.0}},"Hospital":{"First Times":{"raw":36.0,"perc":5.9504132231404956,"total":605.0},"General":{"raw":56.0,"perc":9.2561983471074374,"total":605.0},"Retrospective / Summary":{"raw":22.0,"perc":3.6363636363636362,"total":605.0},"Health Problems":{"raw":86.0,"perc":14.214876033057852,"total":605.0},"Overdose":{"raw":67.0,"perc":11.074380165289256,"total":605.0},"Post Trip Problems":{"raw":36.0,"perc":5.9504132231404956,"total":605.0},"Difficult Experiences":{"raw":61.0,"perc":10.082644628099173,"total":605.0},"Bad Trips":{"raw":44.0,"perc":7.2727272727272725,"total":605.0},"HPPD / Lasting Visuals":{"raw":2.0,"perc":0.33057851239669422,"total":605.0},"Depression":{"raw":11.0,"perc":1.8181818181818181,"total":605.0},"Families":{"raw":12.0,"perc":1.9834710743801653,"total":605.0},"Second Hand Report":{"raw":22.0,"perc":3.6363636363636362,"total":605.0},"Health Benefits":{"raw":13.0,"perc":2.1487603305785123,"total":605.0},"Medical Use":{"raw":58.0,"perc":9.5867768595041323,"total":605.0},"Mystical Experiences":{"raw":4.0,"perc":0.66115702479338845,"total":605.0},"Entities / Beings":{"raw":10.0,"perc":1.6528925619834711,"total":605.0},"Glowing Experiences":{"raw":11.0,"perc":1.8181818181818181,"total":605.0},"Multi-Day Experience":{"raw":17.0,"perc":2.8099173553719008,"total":605.0},"Hangover / Days After":{"raw":19.0,"perc":3.1404958677685952,"total":605.0},"Preparation / Recipes":{"raw":2.0,"perc":0.33057851239669422,"total":605.0},"Sex Discussion":{"raw":1.0,"perc":0.16528925619834711,"total":605.0},"What Was in That?":{"raw":3.0,"perc":0.49586776859504134,"total":605.0},"Therapeutic Intent or Outcome":{"raw":10.0,"perc":1.6528925619834711,"total":605.0},"Personal Preparation":{"raw":1.0,"perc":0.16528925619834711,"total":605.0},"Guides / Sitters":{"raw":1.0,"perc":0.16528925619834711,"total":605.0}},"Public Space (Museum, Park, etc)":{"Difficult Experiences":{"raw":3.0,"perc":6.666666666666667,"total":45.0},"General":{"raw":11.0,"perc":24.444444444444443,"total":45.0},"Glowing Experiences":{"raw":6.0,"perc":13.333333333333334,"total":45.0},"Performance Enhancement":{"raw":1.0,"perc":2.2222222222222223,"total":45.0},"First Times":{"raw":9.0,"perc":20.0,"total":45.0},"Entities / Beings":{"raw":1.0,"perc":2.2222222222222223,"total":45.0},"Hangover / Days After":{"raw":2.0,"perc":4.4444444444444446,"total":45.0},"Nature / Outdoors":{"raw":6.0,"perc":13.333333333333334,"total":45.0},"Music Discussion":{"raw":1.0,"perc":2.2222222222222223,"total":45.0},"Preparation / Recipes":{"raw":1.0,"perc":2.2222222222222223,"total":45.0},"Retrospective / Summary":{"raw":1.0,"perc":2.2222222222222223,"total":45.0},"Health Benefits":{"raw":1.0,"perc":2.2222222222222223,"total":45.0},"Medical Use":{"raw":1.0,"perc":2.2222222222222223,"total":45.0},"Second Hand Report":{"raw":1.0,"perc":2.2222222222222223,"total":45.0}},"Large Party":{"Difficult Experiences":{"raw":3.0,"perc":37.5,"total":8.0},"Retrospective / Summary":{"raw":2.0,"perc":25.0,"total":8.0},"Glowing Experiences":{"raw":1.0,"perc":12.5,"total":8.0},"Depression":{"raw":1.0,"perc":12.5,"total":8.0},"Mystical Experiences":{"raw":1.0,"perc":12.5,"total":8.0}},"Military":{"General":{"raw":5.0,"perc":21.739130434782609,"total":23.0},"Health Problems":{"raw":3.0,"perc":13.043478260869565,"total":23.0},"Difficult Experiences":{"raw":1.0,"perc":4.3478260869565215,"total":23.0},"Second Hand Report":{"raw":1.0,"perc":4.3478260869565215,"total":23.0},"Hangover / Days After":{"raw":2.0,"perc":8.695652173913043,"total":23.0},"First Times":{"raw":2.0,"perc":8.695652173913043,"total":23.0},"Personal Preparation":{"raw":1.0,"perc":4.3478260869565215,"total":23.0},"Relationships":{"raw":1.0,"perc":4.3478260869565215,"total":23.0},"Entities / Beings":{"raw":1.0,"perc":4.3478260869565215,"total":23.0},"Retrospective / Summary":{"raw":5.0,"perc":21.739130434782609,"total":23.0},"Therapeutic Intent or Outcome":{"raw":1.0,"perc":4.3478260869565215,"total":23.0}},"Workplace":{"General":{"raw":7.0,"perc":16.279069767441861,"total":43.0},"Difficult Experiences":{"raw":3.0,"perc":6.9767441860465116,"total":43.0},"Bad Trips":{"raw":2.0,"perc":4.6511627906976747,"total":43.0},"Health Problems":{"raw":3.0,"perc":6.9767441860465116,"total":43.0},"Retrospective / Summary":{"raw":5.0,"perc":11.627906976744185,"total":43.0},"Health Benefits":{"raw":2.0,"perc":4.6511627906976747,"total":43.0},"Medical Use":{"raw":3.0,"perc":6.9767441860465116,"total":43.0},"Therapeutic Intent or Outcome":{"raw":1.0,"perc":2.3255813953488373,"total":43.0},"Performance Enhancement":{"raw":3.0,"perc":6.9767441860465116,"total":43.0},"First Times":{"raw":8.0,"perc":18.6046511627907,"total":43.0},"Hangover / Days After":{"raw":3.0,"perc":6.9767441860465116,"total":43.0},"Glowing Experiences":{"raw":2.0,"perc":4.6511627906976747,"total":43.0},"Multi-Day Experience":{"raw":1.0,"perc":2.3255813953488373,"total":43.0}}}