{"Festival / Lg. Crowd":{"Drug Testing":{"Strong":{"raw":1.0,"perc":50.0,"total":2.0},"Medium":{"raw":1.0,"perc":50.0,"total":2.0}},"Ritual":{"Medium":{"raw":2.0,"perc":100.0,"total":2.0}},"Police / Customs":{"Strong":{"raw":2.0,"perc":66.666666666666657,"total":3.0},"Extreme":{"raw":1.0,"perc":33.333333333333329,"total":3.0}},"Conferences":{"Medium":{"raw":8.0,"perc":66.666666666666657,"total":12.0},"No Effect":{"raw":2.0,"perc":16.666666666666664,"total":12.0},"Strong":{"raw":2.0,"perc":16.666666666666664,"total":12.0}},"Sleep Deprivation":{"Extreme":{"raw":1.0,"perc":100.0,"total":1.0}},"Yoga / Bodywork":{"Medium":{"raw":1.0,"perc":100.0,"total":1.0}}},"Various":{"Sleep Deprivation":{"Strong":{"raw":10.0,"perc":52.631578947368418,"total":19.0},"Medium":{"raw":7.0,"perc":36.84210526315789,"total":19.0},"Extreme":{"raw":2.0,"perc":10.526315789473683,"total":19.0}},"Police / Customs":{"Strong":{"raw":9.0,"perc":36.0,"total":25.0},"Medium":{"raw":12.0,"perc":48.0,"total":25.0},"Extreme":{"raw":4.0,"perc":16.0,"total":25.0}},"Endogenous":{"Medium":{"raw":2.0,"perc":100.0,"total":2.0}},"Yoga / Bodywork":{"Medium":{"raw":3.0,"perc":100.0,"total":3.0}},"Ritual":{"Strong":{"raw":1.0,"perc":100.0,"total":1.0}},"Meditation":{"Strong":{"raw":7.0,"perc":50.0,"total":14.0},"Medium":{"raw":6.0,"perc":42.857142857142854,"total":14.0},"Extreme":{"raw":1.0,"perc":7.1428571428571423,"total":14.0}},"Fasting":{"Medium":{"raw":2.0,"perc":100.0,"total":2.0}},"Migraines":{"Medium":{"raw":2.0,"perc":100.0,"total":2.0}},"OBE":{"Medium":{"raw":1.0,"perc":33.333333333333329,"total":3.0},"Extreme":{"raw":2.0,"perc":66.666666666666657,"total":3.0}},"Mindfulness":{"Medium":{"raw":2.0,"perc":66.666666666666657,"total":3.0},"Strong":{"raw":1.0,"perc":33.333333333333329,"total":3.0}},"Dreams":{"Medium":{"raw":4.0,"perc":80.0,"total":5.0},"Strong":{"raw":1.0,"perc":20.0,"total":5.0}},"Devices":{"Medium":{"raw":1.0,"perc":100.0,"total":1.0}},"Devices - Mind Machine":{"Medium":{"raw":1.0,"perc":100.0,"total":1.0}},"Conferences":{"Extreme":{"raw":1.0,"perc":100.0,"total":1.0}},"Drug Testing":{"Medium":{"raw":2.0,"perc":50.0,"total":4.0},"Strong":{"raw":2.0,"perc":50.0,"total":4.0}},"Music":{"Extreme":{"raw":1.0,"perc":100.0,"total":1.0}},"Nitrogen Narcosis":{"Strong":{"raw":1.0,"perc":100.0,"total":1.0}},"Humor":{"Extreme":{"raw":1.0,"perc":50.0,"total":2.0},"Medium":{"raw":1.0,"perc":50.0,"total":2.0}}},"Alone":{"Dreams":{"Strong":{"raw":26.0,"perc":24.761904761904763,"total":105.0},"Medium":{"raw":72.0,"perc":68.571428571428569,"total":105.0},"Extreme":{"raw":2.0,"perc":1.9047619047619049,"total":105.0},"No Effect":{"raw":5.0,"perc":4.7619047619047619,"total":105.0}},"Endogenous":{"Medium":{"raw":5.0,"perc":62.5,"total":8.0},"Extreme":{"raw":1.0,"perc":12.5,"total":8.0},"Strong":{"raw":2.0,"perc":25.0,"total":8.0}},"Meditation":{"Medium":{"raw":27.0,"perc":71.05263157894737,"total":38.0},"Strong":{"raw":11.0,"perc":28.947368421052634,"total":38.0}},"OBE":{"Medium":{"raw":6.0,"perc":30.0,"total":20.0},"Extreme":{"raw":3.0,"perc":15.0,"total":20.0},"Strong":{"raw":11.0,"perc":55.000000000000007,"total":20.0}},"Drug Testing":{"Medium":{"raw":5.0,"perc":45.454545454545453,"total":11.0},"No Effect":{"raw":4.0,"perc":36.363636363636367,"total":11.0},"Strong":{"raw":2.0,"perc":18.181818181818183,"total":11.0}},"Police / Customs":{"Medium":{"raw":5.0,"perc":35.714285714285715,"total":14.0},"Extreme":{"raw":6.0,"perc":42.857142857142854,"total":14.0},"Strong":{"raw":3.0,"perc":21.428571428571427,"total":14.0}},"Sleep Deprivation":{"Strong":{"raw":7.0,"perc":38.888888888888893,"total":18.0},"Medium":{"raw":10.0,"perc":55.555555555555557,"total":18.0},"Extreme":{"raw":1.0,"perc":5.5555555555555554,"total":18.0}},"Ritual":{"Medium":{"raw":3.0,"perc":60.0,"total":5.0},"Strong":{"raw":2.0,"perc":40.0,"total":5.0}},"Yoga / Bodywork":{"Strong":{"raw":5.0,"perc":38.461538461538467,"total":13.0},"No Effect":{"raw":1.0,"perc":7.6923076923076925,"total":13.0},"Medium":{"raw":7.0,"perc":53.846153846153847,"total":13.0}},"Breathing":{"Strong":{"raw":6.0,"perc":54.54545454545454,"total":11.0},"Medium":{"raw":5.0,"perc":45.454545454545453,"total":11.0}},"Hyperventilation":{"Strong":{"raw":2.0,"perc":50.0,"total":4.0},"Medium":{"raw":2.0,"perc":50.0,"total":4.0}},"Floatation Tank":{"Medium":{"raw":4.0,"perc":80.0,"total":5.0},"Strong":{"raw":1.0,"perc":20.0,"total":5.0}},"Devices":{"Extreme":{"raw":1.0,"perc":6.25,"total":16.0},"Strong":{"raw":5.0,"perc":31.25,"total":16.0},"Medium":{"raw":10.0,"perc":62.5,"total":16.0}},"Devices - Mind Machine":{"Strong":{"raw":4.0,"perc":36.363636363636367,"total":11.0},"Medium":{"raw":7.0,"perc":63.636363636363633,"total":11.0}},"Fasting":{"Strong":{"raw":4.0,"perc":40.0,"total":10.0},"Medium":{"raw":6.0,"perc":60.0,"total":10.0}},"Chanting":{"Strong":{"raw":1.0,"perc":50.0,"total":2.0},"Medium":{"raw":1.0,"perc":50.0,"total":2.0}},"Conferences":{"Medium":{"raw":1.0,"perc":50.0,"total":2.0},"Strong":{"raw":1.0,"perc":50.0,"total":2.0}},"Nitrogen Narcosis":{"Medium":{"raw":1.0,"perc":100.0,"total":1.0}},"Migraines":{"Medium":{"raw":1.0,"perc":33.333333333333329,"total":3.0},"Strong":{"raw":2.0,"perc":66.666666666666657,"total":3.0}},"Mindfulness":{"Medium":{"raw":1.0,"perc":33.333333333333329,"total":3.0},"Extreme":{"raw":1.0,"perc":33.333333333333329,"total":3.0},"Strong":{"raw":1.0,"perc":33.333333333333329,"total":3.0}},"Music":{"Medium":{"raw":3.0,"perc":100.0,"total":3.0}},"Sweating":{"Medium":{"raw":1.0,"perc":50.0,"total":2.0},"Strong":{"raw":1.0,"perc":50.0,"total":2.0}},"Sound (non-music)":{"Extreme":{"raw":1.0,"perc":100.0,"total":1.0}}},"Unknown Context":{"Drug Testing":{"Medium":{"raw":10.0,"perc":83.333333333333343,"total":12.0},"No Effect":{"raw":2.0,"perc":16.666666666666664,"total":12.0}},"Migraines":{"Medium":{"raw":6.0,"perc":100.0,"total":6.0}},"Fasting":{"Medium":{"raw":1.0,"perc":100.0,"total":1.0}},"Dreams":{"Medium":{"raw":3.0,"perc":60.0,"total":5.0},"No Effect":{"raw":1.0,"perc":20.0,"total":5.0},"Strong":{"raw":1.0,"perc":20.0,"total":5.0}},"Police / Customs":{"No Effect":{"raw":1.0,"perc":50.0,"total":2.0},"Extreme":{"raw":1.0,"perc":50.0,"total":2.0}},"Breathing":{"Medium":{"raw":1.0,"perc":100.0,"total":1.0}},"Hyperventilation":{"Medium":{"raw":1.0,"perc":100.0,"total":1.0}},"Meditation":{"Medium":{"raw":3.0,"perc":100.0,"total":3.0}},"Devices":{"No Effect":{"raw":1.0,"perc":100.0,"total":1.0}},"Devices - Magnetic":{"No Effect":{"raw":1.0,"perc":100.0,"total":1.0}},"Endogenous":{"Strong":{"raw":1.0,"perc":33.333333333333329,"total":3.0},"Medium":{"raw":1.0,"perc":33.333333333333329,"total":3.0},"Extreme":{"raw":1.0,"perc":33.333333333333329,"total":3.0}},"Sleep Deprivation":{"Strong":{"raw":1.0,"perc":33.333333333333329,"total":3.0},"Medium":{"raw":2.0,"perc":66.666666666666657,"total":3.0}},"Yoga / Bodywork":{"Strong":{"raw":1.0,"perc":100.0,"total":1.0}}},"Large Group (10+)":{"Police / Customs":{"Medium":{"raw":3.0,"perc":100.0,"total":3.0}},"OBE":{"Strong":{"raw":1.0,"perc":50.0,"total":2.0},"Extreme":{"raw":1.0,"perc":50.0,"total":2.0}},"Sleep Deprivation":{"Medium":{"raw":2.0,"perc":100.0,"total":2.0}},"Breathing":{"Strong":{"raw":1.0,"perc":50.0,"total":2.0},"Extreme":{"raw":1.0,"perc":50.0,"total":2.0}},"Meditation":{"Medium":{"raw":1.0,"perc":50.0,"total":2.0},"Strong":{"raw":1.0,"perc":50.0,"total":2.0}}},"Small Group (2-9)":{"Ritual":{"Medium":{"raw":3.0,"perc":42.857142857142854,"total":7.0},"Strong":{"raw":4.0,"perc":57.142857142857139,"total":7.0}},"Breathing":{"Medium":{"raw":4.0,"perc":57.142857142857139,"total":7.0},"Strong":{"raw":3.0,"perc":42.857142857142854,"total":7.0}},"Hyperventilation":{"Medium":{"raw":2.0,"perc":66.666666666666657,"total":3.0},"Strong":{"raw":1.0,"perc":33.333333333333329,"total":3.0}},"Police / Customs":{"Medium":{"raw":27.0,"perc":49.090909090909093,"total":55.0},"Strong":{"raw":14.0,"perc":25.454545454545453,"total":55.0},"Extreme":{"raw":12.0,"perc":21.818181818181817,"total":55.0},"No Effect":{"raw":2.0,"perc":3.6363636363636362,"total":55.0}},"Guiding":{"Medium":{"raw":3.0,"perc":100.0,"total":3.0}},"Nitrogen Narcosis":{"Medium":{"raw":1.0,"perc":100.0,"total":1.0}},"Sleep Deprivation":{"Strong":{"raw":6.0,"perc":40.0,"total":15.0},"Medium":{"raw":6.0,"perc":40.0,"total":15.0},"Extreme":{"raw":3.0,"perc":20.0,"total":15.0}},"OBE":{"Medium":{"raw":10.0,"perc":37.037037037037038,"total":27.0},"Strong":{"raw":12.0,"perc":44.444444444444443,"total":27.0},"Extreme":{"raw":5.0,"perc":18.518518518518519,"total":27.0}},"Yoga / Bodywork":{"Medium":{"raw":8.0,"perc":57.142857142857139,"total":14.0},"Strong":{"raw":6.0,"perc":42.857142857142854,"total":14.0}},"Meditation":{"Strong":{"raw":6.0,"perc":42.857142857142854,"total":14.0},"Medium":{"raw":7.0,"perc":50.0,"total":14.0},"Extreme":{"raw":1.0,"perc":7.1428571428571423,"total":14.0}},"Drug Testing":{"Extreme":{"raw":2.0,"perc":40.0,"total":5.0},"Medium":{"raw":3.0,"perc":60.0,"total":5.0}},"Dreams":{"Medium":{"raw":5.0,"perc":55.555555555555557,"total":9.0},"Strong":{"raw":3.0,"perc":33.333333333333329,"total":9.0},"Extreme":{"raw":1.0,"perc":11.111111111111111,"total":9.0}},"Migraines":{"Medium":{"raw":1.0,"perc":25.0,"total":4.0},"Strong":{"raw":3.0,"perc":75.0,"total":4.0}},"Endogenous":{"Strong":{"raw":3.0,"perc":100.0,"total":3.0}},"Sweating":{"Medium":{"raw":2.0,"perc":100.0,"total":2.0}},"Devices":{"Medium":{"raw":4.0,"perc":80.0,"total":5.0},"Strong":{"raw":1.0,"perc":20.0,"total":5.0}},"Devices - Mind Machine":{"Medium":{"raw":3.0,"perc":100.0,"total":3.0}},"Humor":{"Strong":{"raw":2.0,"perc":100.0,"total":2.0}},"Mindfulness":{"Extreme":{"raw":1.0,"perc":50.0,"total":2.0},"Medium":{"raw":1.0,"perc":50.0,"total":2.0}},"Fasting":{"Strong":{"raw":1.0,"perc":100.0,"total":1.0}},"Music":{"Strong":{"raw":1.0,"perc":100.0,"total":1.0}},"Conferences":{"Strong":{"raw":1.0,"perc":100.0,"total":1.0}}},"Rave / Dance Event":{"Ritual":{"Strong":{"raw":1.0,"perc":100.0,"total":1.0}},"Police / Customs":{"Medium":{"raw":3.0,"perc":75.0,"total":4.0},"Extreme":{"raw":1.0,"perc":25.0,"total":4.0}},"OBE":{"Strong":{"raw":1.0,"perc":100.0,"total":1.0}},"Meditation":{"Medium":{"raw":2.0,"perc":100.0,"total":2.0}},"Dreams":{"Medium":{"raw":1.0,"perc":100.0,"total":1.0}}},"School":{"Police / Customs":{"Medium":{"raw":3.0,"perc":100.0,"total":3.0}},"Drug Testing":{"Extreme":{"raw":1.0,"perc":25.0,"total":4.0},"No Effect":{"raw":1.0,"perc":25.0,"total":4.0},"Medium":{"raw":2.0,"perc":50.0,"total":4.0}},"OBE":{"Medium":{"raw":1.0,"perc":100.0,"total":1.0}}},"Hospital":{"Endogenous":{"Extreme":{"raw":1.0,"perc":100.0,"total":1.0}},"Drug Testing":{"Medium":{"raw":4.0,"perc":40.0,"total":10.0},"Strong":{"raw":2.0,"perc":20.0,"total":10.0},"No Effect":{"raw":3.0,"perc":30.0,"total":10.0},"Extreme":{"raw":1.0,"perc":10.0,"total":10.0}},"Police / Customs":{"Extreme":{"raw":4.0,"perc":44.444444444444443,"total":9.0},"Medium":{"raw":3.0,"perc":33.333333333333329,"total":9.0},"Strong":{"raw":2.0,"perc":22.222222222222221,"total":9.0}},"Dreams":{"Medium":{"raw":1.0,"perc":100.0,"total":1.0}},"Sleep Deprivation":{"Strong":{"raw":1.0,"perc":100.0,"total":1.0}},"Meditation":{"Extreme":{"raw":1.0,"perc":100.0,"total":1.0}},"Fasting":{"Extreme":{"raw":1.0,"perc":100.0,"total":1.0}},"Breathing":{"Medium":{"raw":1.0,"perc":100.0,"total":1.0}}},"Not Applicable":{"Drug Testing":{"No Effect":{"raw":24.0,"perc":30.0,"total":80.0},"Medium":{"raw":56.0,"perc":70.0,"total":80.0}},"Police / Customs":{"No Effect":{"raw":4.0,"perc":57.142857142857139,"total":7.0},"Extreme":{"raw":1.0,"perc":14.285714285714285,"total":7.0},"Medium":{"raw":2.0,"perc":28.571428571428569,"total":7.0}},"Endogenous":{"Medium":{"raw":5.0,"perc":100.0,"total":5.0}},"Meditation":{"Medium":{"raw":2.0,"perc":100.0,"total":2.0}},"Migraines":{"Medium":{"raw":4.0,"perc":80.0,"total":5.0},"Strong":{"raw":1.0,"perc":20.0,"total":5.0}},"Dreams":{"Medium":{"raw":8.0,"perc":100.0,"total":8.0}},"Breathing":{"Medium":{"raw":2.0,"perc":100.0,"total":2.0}},"Hyperventilation":{"Medium":{"raw":1.0,"perc":100.0,"total":1.0}},"Devices":{"Strong":{"raw":1.0,"perc":50.0,"total":2.0},"Medium":{"raw":1.0,"perc":50.0,"total":2.0}},"Devices - Mind Machine":{"Strong":{"raw":1.0,"perc":100.0,"total":1.0}},"Mindfulness":{"Medium":{"raw":1.0,"perc":100.0,"total":1.0}},"Fasting":{"Medium":{"raw":3.0,"perc":100.0,"total":3.0}},"OBE":{"Medium":{"raw":1.0,"perc":100.0,"total":1.0}},"Sleep Deprivation":{"Medium":{"raw":1.0,"perc":33.333333333333329,"total":3.0},"Strong":{"raw":2.0,"perc":66.666666666666657,"total":3.0}},"Yoga / Bodywork":{"Medium":{"raw":1.0,"perc":100.0,"total":1.0}}},"Group Ceremony":{"Breathing":{"Medium":{"raw":1.0,"perc":100.0,"total":1.0}},"Hyperventilation":{"Medium":{"raw":1.0,"perc":100.0,"total":1.0}},"Ritual":{"Strong":{"raw":4.0,"perc":33.333333333333329,"total":12.0},"Medium":{"raw":8.0,"perc":66.666666666666657,"total":12.0}},"Sweating":{"Strong":{"raw":2.0,"perc":66.666666666666657,"total":3.0},"Medium":{"raw":1.0,"perc":33.333333333333329,"total":3.0}},"Meditation":{"Medium":{"raw":3.0,"perc":75.0,"total":4.0},"Strong":{"raw":1.0,"perc":25.0,"total":4.0}},"Yoga / Bodywork":{"Strong":{"raw":1.0,"perc":100.0,"total":1.0}}},"Club / Bar":{"Police / Customs":{"Medium":{"raw":1.0,"perc":100.0,"total":1.0}}},"Military":{"Drug Testing":{"Medium":{"raw":1.0,"perc":100.0,"total":1.0}}}}