{"Small Group (2-9)":{"First Times":{"Not-Specified":{"raw":116.0,"perc":4.00137978613315,"total":2899.0},"Male":{"raw":2309.0,"perc":79.648154536046917,"total":2899.0},"Female":{"raw":474.0,"perc":16.35046567781994,"total":2899.0}},"General":{"Male":{"raw":2598.0,"perc":80.633147113594035,"total":3222.0},"Not-Specified":{"raw":246.0,"perc":7.6350093109869652,"total":3222.0},"Female":{"raw":378.0,"perc":11.731843575418994,"total":3222.0}},"Difficult Experiences":{"Not-Specified":{"raw":77.0,"perc":4.97737556561086,"total":1547.0},"Male":{"raw":1187.0,"perc":76.729153199741447,"total":1547.0},"Female":{"raw":283.0,"perc":18.293471234647704,"total":1547.0}},"Nature / Outdoors":{"Not-Specified":{"raw":17.0,"perc":4.0476190476190474,"total":420.0},"Male":{"raw":355.0,"perc":84.523809523809518,"total":420.0},"Female":{"raw":48.0,"perc":11.428571428571429,"total":420.0}},"Music Discussion":{"Male":{"raw":321.0,"perc":89.415041782729816,"total":359.0},"Female":{"raw":35.0,"perc":9.7493036211699167,"total":359.0},"Not-Specified":{"raw":3.0,"perc":0.83565459610027859,"total":359.0}},"Post Trip Problems":{"Not-Specified":{"raw":8.0,"perc":3.3057851239669422,"total":242.0},"Female":{"raw":58.0,"perc":23.966942148760332,"total":242.0},"Male":{"raw":176.0,"perc":72.727272727272734,"total":242.0}},"Glowing Experiences":{"Male":{"raw":1188.0,"perc":80.761386811692731,"total":1471.0},"Not-Specified":{"raw":57.0,"perc":3.8749150237933376,"total":1471.0},"Female":{"raw":226.0,"perc":15.363698164513936,"total":1471.0}},"Mystical Experiences":{"Male":{"raw":528.0,"perc":83.80952380952381,"total":630.0},"Not-Specified":{"raw":26.0,"perc":4.1269841269841265,"total":630.0},"Female":{"raw":76.0,"perc":12.063492063492063,"total":630.0}},"Health Problems":{"Male":{"raw":381.0,"perc":70.555555555555557,"total":540.0},"Female":{"raw":129.0,"perc":23.888888888888889,"total":540.0},"Not-Specified":{"raw":30.0,"perc":5.5555555555555554,"total":540.0}},"Multi-Day Experience":{"Not-Specified":{"raw":5.0,"perc":4.2735042735042734,"total":117.0},"Male":{"raw":94.0,"perc":80.341880341880341,"total":117.0},"Female":{"raw":18.0,"perc":15.384615384615385,"total":117.0}},"Retrospective / Summary":{"Not-Specified":{"raw":29.0,"perc":7.6719576719576716,"total":378.0},"Female":{"raw":65.0,"perc":17.195767195767196,"total":378.0},"Male":{"raw":284.0,"perc":75.132275132275126,"total":378.0}},"Bad Trips":{"Not-Specified":{"raw":27.0,"perc":4.7619047619047619,"total":567.0},"Male":{"raw":414.0,"perc":73.015873015873012,"total":567.0},"Female":{"raw":126.0,"perc":22.222222222222221,"total":567.0}},"Depression":{"Not-Specified":{"raw":3.0,"perc":2.9702970297029703,"total":101.0},"Female":{"raw":23.0,"perc":22.772277227722775,"total":101.0},"Male":{"raw":75.0,"perc":74.257425742574256,"total":101.0}},"Sex Discussion":{"Not-Specified":{"raw":14.0,"perc":4.6357615894039732,"total":302.0},"Male":{"raw":206.0,"perc":68.211920529801333,"total":302.0},"Female":{"raw":82.0,"perc":27.1523178807947,"total":302.0}},"Preparation / Recipes":{"Not-Specified":{"raw":16.0,"perc":7.1748878923766819,"total":223.0},"Male":{"raw":185.0,"perc":82.959641255605376,"total":223.0},"Female":{"raw":22.0,"perc":9.8654708520179373,"total":223.0}},"Entities / Beings":{"Not-Specified":{"raw":27.0,"perc":5.0656660412757972,"total":533.0},"Male":{"raw":447.0,"perc":83.864915572232647,"total":533.0},"Female":{"raw":59.0,"perc":11.069418386491558,"total":533.0}},"Guides / Sitters":{"Male":{"raw":259.0,"perc":78.484848484848484,"total":330.0},"Not-Specified":{"raw":11.0,"perc":3.3333333333333335,"total":330.0},"Female":{"raw":60.0,"perc":18.181818181818183,"total":330.0}},"Cultivation / Synthesis":{"Not-Specified":{"raw":1.0,"perc":33.333333333333329,"total":3.0},"Male":{"raw":2.0,"perc":66.666666666666657,"total":3.0}},"Overdose":{"Male":{"raw":229.0,"perc":77.104377104377107,"total":297.0},"Female":{"raw":54.0,"perc":18.181818181818183,"total":297.0},"Not-Specified":{"raw":14.0,"perc":4.7138047138047137,"total":297.0}},"What Was in That?":{"Not-Specified":{"raw":11.0,"perc":10.377358490566039,"total":106.0},"Male":{"raw":73.0,"perc":68.867924528301884,"total":106.0},"Female":{"raw":22.0,"perc":20.754716981132077,"total":106.0}},"Families":{"Male":{"raw":79.0,"perc":76.699029126213588,"total":103.0},"Not-Specified":{"raw":9.0,"perc":8.7378640776699026,"total":103.0},"Female":{"raw":15.0,"perc":14.563106796116504,"total":103.0}},"Health Benefits":{"Female":{"raw":12.0,"perc":15.789473684210526,"total":76.0},"Male":{"raw":62.0,"perc":81.578947368421055,"total":76.0},"Not-Specified":{"raw":2.0,"perc":2.6315789473684208,"total":76.0}},"Relationships":{"Male":{"raw":266.0,"perc":74.30167597765363,"total":358.0},"Female":{"raw":87.0,"perc":24.30167597765363,"total":358.0},"Not-Specified":{"raw":5.0,"perc":1.3966480446927374,"total":358.0}},"Second Hand Report":{"Male":{"raw":86.0,"perc":67.1875,"total":128.0},"Female":{"raw":33.0,"perc":25.78125,"total":128.0},"Not-Specified":{"raw":9.0,"perc":7.03125,"total":128.0}},"HPPD / Lasting Visuals":{"Male":{"raw":46.0,"perc":90.196078431372555,"total":51.0},"Female":{"raw":5.0,"perc":9.8039215686274517,"total":51.0}},"Hangover / Days After":{"Male":{"raw":347.0,"perc":78.684807256235828,"total":441.0},"Not-Specified":{"raw":8.0,"perc":1.8140589569160999,"total":441.0},"Female":{"raw":86.0,"perc":19.501133786848072,"total":441.0}},"Poetry":{"Not-Specified":{"raw":3.0,"perc":18.75,"total":16.0},"Male":{"raw":12.0,"perc":75.0,"total":16.0},"Female":{"raw":1.0,"perc":6.25,"total":16.0}},"Pregnancy / Baby":{"Female":{"raw":3.0,"perc":75.0,"total":4.0},"Male":{"raw":1.0,"perc":25.0,"total":4.0}},"Personal Preparation":{"Male":{"raw":59.0,"perc":84.285714285714292,"total":70.0},"Female":{"raw":10.0,"perc":14.285714285714285,"total":70.0},"Not-Specified":{"raw":1.0,"perc":1.4285714285714286,"total":70.0}},"Loss of Magic":{"Male":{"raw":6.0,"perc":66.666666666666657,"total":9.0},"Female":{"raw":3.0,"perc":33.333333333333329,"total":9.0}},"Medical Use":{"Female":{"raw":6.0,"perc":28.571428571428569,"total":21.0},"Male":{"raw":14.0,"perc":66.666666666666657,"total":21.0},"Not-Specified":{"raw":1.0,"perc":4.7619047619047619,"total":21.0}},"Therapeutic Intent or Outcome":{"Male":{"raw":88.0,"perc":79.27927927927928,"total":111.0},"Female":{"raw":19.0,"perc":17.117117117117118,"total":111.0},"Not-Specified":{"raw":4.0,"perc":3.6036036036036037,"total":111.0}},"Performance Enhancement":{"Male":{"raw":7.0,"perc":100.0,"total":7.0}},"Video":{"Male":{"raw":1.0,"perc":100.0,"total":1.0}}},"Unknown Context":{"General":{"Not-Specified":{"raw":128.0,"perc":13.502109704641349,"total":948.0},"Male":{"raw":749.0,"perc":79.0084388185654,"total":948.0},"Female":{"raw":71.0,"perc":7.4894514767932492,"total":948.0}},"First Times":{"Not-Specified":{"raw":20.0,"perc":8.51063829787234,"total":235.0},"Male":{"raw":186.0,"perc":79.148936170212764,"total":235.0},"Female":{"raw":29.0,"perc":12.340425531914894,"total":235.0}},"Health Problems":{"Male":{"raw":180.0,"perc":71.713147410358573,"total":251.0},"Not-Specified":{"raw":29.0,"perc":11.553784860557768,"total":251.0},"Female":{"raw":42.0,"perc":16.733067729083665,"total":251.0}},"Retrospective / Summary":{"Male":{"raw":275.0,"perc":70.876288659793815,"total":388.0},"Not-Specified":{"raw":69.0,"perc":17.783505154639176,"total":388.0},"Female":{"raw":44.0,"perc":11.340206185567011,"total":388.0}},"Preparation / Recipes":{"Not-Specified":{"raw":26.0,"perc":15.853658536585366,"total":164.0},"Male":{"raw":133.0,"perc":81.097560975609767,"total":164.0},"Female":{"raw":5.0,"perc":3.0487804878048781,"total":164.0}},"Nature / Outdoors":{"Not-Specified":{"raw":2.0,"perc":40.0,"total":5.0},"Male":{"raw":2.0,"perc":40.0,"total":5.0},"Female":{"raw":1.0,"perc":20.0,"total":5.0}},"Mystical Experiences":{"Not-Specified":{"raw":8.0,"perc":14.285714285714285,"total":56.0},"Male":{"raw":38.0,"perc":67.857142857142861,"total":56.0},"Female":{"raw":10.0,"perc":17.857142857142858,"total":56.0}},"Difficult Experiences":{"Not-Specified":{"raw":14.0,"perc":10.294117647058822,"total":136.0},"Male":{"raw":100.0,"perc":73.529411764705884,"total":136.0},"Female":{"raw":22.0,"perc":16.176470588235293,"total":136.0}},"Entities / Beings":{"Not-Specified":{"raw":9.0,"perc":23.684210526315788,"total":38.0},"Male":{"raw":28.0,"perc":73.68421052631578,"total":38.0},"Female":{"raw":1.0,"perc":2.6315789473684208,"total":38.0}},"Post Trip Problems":{"Not-Specified":{"raw":8.0,"perc":8.0808080808080813,"total":99.0},"Male":{"raw":77.0,"perc":77.777777777777786,"total":99.0},"Female":{"raw":14.0,"perc":14.14141414141414,"total":99.0}},"Glowing Experiences":{"Male":{"raw":107.0,"perc":79.8507462686567,"total":134.0},"Not-Specified":{"raw":10.0,"perc":7.4626865671641784,"total":134.0},"Female":{"raw":17.0,"perc":12.686567164179104,"total":134.0}},"Depression":{"Not-Specified":{"raw":2.0,"perc":5.2631578947368416,"total":38.0},"Male":{"raw":26.0,"perc":68.421052631578945,"total":38.0},"Female":{"raw":10.0,"perc":26.315789473684209,"total":38.0}},"Bad Trips":{"Male":{"raw":32.0,"perc":69.565217391304344,"total":46.0},"Not-Specified":{"raw":7.0,"perc":15.217391304347828,"total":46.0},"Female":{"raw":7.0,"perc":15.217391304347828,"total":46.0}},"Overdose":{"Female":{"raw":10.0,"perc":20.408163265306122,"total":49.0},"Not-Specified":{"raw":5.0,"perc":10.204081632653061,"total":49.0},"Male":{"raw":34.0,"perc":69.387755102040813,"total":49.0}},"What Was in That?":{"Not-Specified":{"raw":3.0,"perc":12.0,"total":25.0},"Male":{"raw":19.0,"perc":76.0,"total":25.0},"Female":{"raw":3.0,"perc":12.0,"total":25.0}},"Sex Discussion":{"Male":{"raw":21.0,"perc":87.5,"total":24.0},"Not-Specified":{"raw":1.0,"perc":4.1666666666666661,"total":24.0},"Female":{"raw":2.0,"perc":8.3333333333333321,"total":24.0}},"Cultivation / Synthesis":{"Not-Specified":{"raw":4.0,"perc":44.444444444444443,"total":9.0},"Male":{"raw":4.0,"perc":44.444444444444443,"total":9.0},"Female":{"raw":1.0,"perc":11.111111111111111,"total":9.0}},"Health Benefits":{"Male":{"raw":58.0,"perc":80.555555555555557,"total":72.0},"Female":{"raw":6.0,"perc":8.3333333333333321,"total":72.0},"Not-Specified":{"raw":8.0,"perc":11.111111111111111,"total":72.0}},"Guides / Sitters":{"Male":{"raw":3.0,"perc":75.0,"total":4.0},"Not-Specified":{"raw":1.0,"perc":25.0,"total":4.0}},"Loss of Magic":{"Female":{"raw":4.0,"perc":26.666666666666668,"total":15.0},"Male":{"raw":11.0,"perc":73.333333333333329,"total":15.0}},"Second Hand Report":{"Male":{"raw":14.0,"perc":53.846153846153847,"total":26.0},"Not-Specified":{"raw":4.0,"perc":15.384615384615385,"total":26.0},"Female":{"raw":8.0,"perc":30.76923076923077,"total":26.0}},"Poetry":{"Male":{"raw":17.0,"perc":70.833333333333343,"total":24.0},"Female":{"raw":5.0,"perc":20.833333333333336,"total":24.0},"Not-Specified":{"raw":2.0,"perc":8.3333333333333321,"total":24.0}},"Hangover / Days After":{"Male":{"raw":50.0,"perc":78.125,"total":64.0},"Female":{"raw":12.0,"perc":18.75,"total":64.0},"Not-Specified":{"raw":2.0,"perc":3.125,"total":64.0}},"HPPD / Lasting Visuals":{"Male":{"raw":14.0,"perc":77.777777777777786,"total":18.0},"Not-Specified":{"raw":1.0,"perc":5.5555555555555554,"total":18.0},"Female":{"raw":3.0,"perc":16.666666666666664,"total":18.0}},"Families":{"Male":{"raw":1.0,"perc":50.0,"total":2.0},"Female":{"raw":1.0,"perc":50.0,"total":2.0}},"Personal Preparation":{"Male":{"raw":8.0,"perc":100.0,"total":8.0}},"Medical Use":{"Male":{"raw":34.0,"perc":75.555555555555557,"total":45.0},"Not-Specified":{"raw":2.0,"perc":4.4444444444444446,"total":45.0},"Female":{"raw":9.0,"perc":20.0,"total":45.0}},"Multi-Day Experience":{"Male":{"raw":18.0,"perc":90.0,"total":20.0},"Not-Specified":{"raw":2.0,"perc":10.0,"total":20.0}},"Music Discussion":{"Male":{"raw":10.0,"perc":83.333333333333343,"total":12.0},"Female":{"raw":2.0,"perc":16.666666666666664,"total":12.0}},"Relationships":{"Male":{"raw":1.0,"perc":16.666666666666664,"total":6.0},"Not-Specified":{"raw":1.0,"perc":16.666666666666664,"total":6.0},"Female":{"raw":4.0,"perc":66.666666666666657,"total":6.0}},"Therapeutic Intent or Outcome":{"Male":{"raw":25.0,"perc":80.645161290322577,"total":31.0},"Female":{"raw":5.0,"perc":16.129032258064516,"total":31.0},"Not-Specified":{"raw":1.0,"perc":3.225806451612903,"total":31.0}},"Performance Enhancement":{"Male":{"raw":9.0,"perc":100.0,"total":9.0}}},"Festival / Lg. Crowd":{"General":{"Not-Specified":{"raw":20.0,"perc":13.793103448275861,"total":145.0},"Male":{"raw":109.0,"perc":75.172413793103445,"total":145.0},"Female":{"raw":16.0,"perc":11.03448275862069,"total":145.0}},"First Times":{"Not-Specified":{"raw":8.0,"perc":8.51063829787234,"total":94.0},"Male":{"raw":73.0,"perc":77.6595744680851,"total":94.0},"Female":{"raw":13.0,"perc":13.829787234042554,"total":94.0}},"Nature / Outdoors":{"Not-Specified":{"raw":1.0,"perc":5.2631578947368416,"total":19.0},"Male":{"raw":17.0,"perc":89.473684210526315,"total":19.0},"Female":{"raw":1.0,"perc":5.2631578947368416,"total":19.0}},"Difficult Experiences":{"Male":{"raw":44.0,"perc":69.841269841269835,"total":63.0},"Not-Specified":{"raw":4.0,"perc":6.3492063492063489,"total":63.0},"Female":{"raw":15.0,"perc":23.809523809523807,"total":63.0}},"Health Problems":{"Not-Specified":{"raw":1.0,"perc":6.25,"total":16.0},"Male":{"raw":8.0,"perc":50.0,"total":16.0},"Female":{"raw":7.0,"perc":43.75,"total":16.0}},"Mystical Experiences":{"Not-Specified":{"raw":3.0,"perc":8.3333333333333321,"total":36.0},"Female":{"raw":5.0,"perc":13.888888888888889,"total":36.0},"Male":{"raw":28.0,"perc":77.777777777777786,"total":36.0}},"Glowing Experiences":{"Not-Specified":{"raw":4.0,"perc":4.3010752688172049,"total":93.0},"Male":{"raw":76.0,"perc":81.72043010752688,"total":93.0},"Female":{"raw":13.0,"perc":13.978494623655912,"total":93.0}},"Entities / Beings":{"Not-Specified":{"raw":2.0,"perc":20.0,"total":10.0},"Male":{"raw":7.0,"perc":70.0,"total":10.0},"Female":{"raw":1.0,"perc":10.0,"total":10.0}},"Music Discussion":{"Male":{"raw":31.0,"perc":83.78378378378379,"total":37.0},"Not-Specified":{"raw":1.0,"perc":2.7027027027027026,"total":37.0},"Female":{"raw":5.0,"perc":13.513513513513514,"total":37.0}},"Multi-Day Experience":{"Male":{"raw":12.0,"perc":80.0,"total":15.0},"Female":{"raw":3.0,"perc":20.0,"total":15.0}},"Overdose":{"Female":{"raw":2.0,"perc":33.333333333333329,"total":6.0},"Male":{"raw":4.0,"perc":66.666666666666657,"total":6.0}},"Bad Trips":{"Male":{"raw":13.0,"perc":86.666666666666671,"total":15.0},"Female":{"raw":2.0,"perc":13.333333333333334,"total":15.0}},"Retrospective / Summary":{"Male":{"raw":10.0,"perc":83.333333333333343,"total":12.0},"Female":{"raw":1.0,"perc":8.3333333333333321,"total":12.0},"Not-Specified":{"raw":1.0,"perc":8.3333333333333321,"total":12.0}},"Post Trip Problems":{"Male":{"raw":3.0,"perc":75.0,"total":4.0},"Not-Specified":{"raw":1.0,"perc":25.0,"total":4.0}},"Preparation / Recipes":{"Male":{"raw":5.0,"perc":83.333333333333343,"total":6.0},"Female":{"raw":1.0,"perc":16.666666666666664,"total":6.0}},"What Was in That?":{"Male":{"raw":7.0,"perc":100.0,"total":7.0}},"Guides / Sitters":{"Male":{"raw":3.0,"perc":60.0,"total":5.0},"Female":{"raw":2.0,"perc":40.0,"total":5.0}},"Health Benefits":{"Not-Specified":{"raw":1.0,"perc":33.333333333333329,"total":3.0},"Male":{"raw":1.0,"perc":33.333333333333329,"total":3.0},"Female":{"raw":1.0,"perc":33.333333333333329,"total":3.0}},"Relationships":{"Male":{"raw":10.0,"perc":90.9090909090909,"total":11.0},"Female":{"raw":1.0,"perc":9.0909090909090917,"total":11.0}},"Sex Discussion":{"Male":{"raw":6.0,"perc":100.0,"total":6.0}},"Hangover / Days After":{"Male":{"raw":7.0,"perc":63.636363636363633,"total":11.0},"Female":{"raw":4.0,"perc":36.363636363636367,"total":11.0}},"Second Hand Report":{"Male":{"raw":2.0,"perc":50.0,"total":4.0},"Female":{"raw":2.0,"perc":50.0,"total":4.0}},"Personal Preparation":{"Male":{"raw":3.0,"perc":100.0,"total":3.0}},"Depression":{"Male":{"raw":1.0,"perc":50.0,"total":2.0},"Female":{"raw":1.0,"perc":50.0,"total":2.0}},"Medical Use":{"Female":{"raw":1.0,"perc":100.0,"total":1.0}},"Families":{"Male":{"raw":1.0,"perc":100.0,"total":1.0}},"Therapeutic Intent or Outcome":{"Male":{"raw":4.0,"perc":100.0,"total":4.0}},"Loss of Magic":{"Male":{"raw":1.0,"perc":100.0,"total":1.0}},"HPPD / Lasting Visuals":{"Male":{"raw":1.0,"perc":100.0,"total":1.0}},"Cultivation / Synthesis":{"Male":{"raw":1.0,"perc":100.0,"total":1.0}}},"Rave / Dance Event":{"First Times":{"Not-Specified":{"raw":9.0,"perc":10.0,"total":90.0},"Female":{"raw":34.0,"perc":37.777777777777779,"total":90.0},"Male":{"raw":47.0,"perc":52.222222222222229,"total":90.0}},"Glowing Experiences":{"Not-Specified":{"raw":6.0,"perc":6.25,"total":96.0},"Female":{"raw":23.0,"perc":23.958333333333336,"total":96.0},"Male":{"raw":67.0,"perc":69.791666666666657,"total":96.0}},"Health Problems":{"Female":{"raw":12.0,"perc":44.444444444444443,"total":27.0},"Not-Specified":{"raw":1.0,"perc":3.7037037037037033,"total":27.0},"Male":{"raw":14.0,"perc":51.851851851851848,"total":27.0}},"Post Trip Problems":{"Female":{"raw":15.0,"perc":53.571428571428569,"total":28.0},"Not-Specified":{"raw":1.0,"perc":3.5714285714285712,"total":28.0},"Male":{"raw":12.0,"perc":42.857142857142854,"total":28.0}},"Bad Trips":{"Female":{"raw":13.0,"perc":59.090909090909093,"total":22.0},"Not-Specified":{"raw":3.0,"perc":13.636363636363635,"total":22.0},"Male":{"raw":6.0,"perc":27.27272727272727,"total":22.0}},"General":{"Not-Specified":{"raw":5.0,"perc":6.3291139240506329,"total":79.0},"Male":{"raw":63.0,"perc":79.74683544303798,"total":79.0},"Female":{"raw":11.0,"perc":13.924050632911392,"total":79.0}},"What Was in That?":{"Not-Specified":{"raw":1.0,"perc":7.1428571428571423,"total":14.0},"Male":{"raw":4.0,"perc":28.571428571428569,"total":14.0},"Female":{"raw":9.0,"perc":64.285714285714292,"total":14.0}},"Second Hand Report":{"Female":{"raw":3.0,"perc":42.857142857142854,"total":7.0},"Male":{"raw":4.0,"perc":57.142857142857139,"total":7.0}},"Difficult Experiences":{"Not-Specified":{"raw":7.0,"perc":12.962962962962962,"total":54.0},"Female":{"raw":20.0,"perc":37.037037037037038,"total":54.0},"Male":{"raw":27.0,"perc":50.0,"total":54.0}},"Depression":{"Not-Specified":{"raw":1.0,"perc":14.285714285714285,"total":7.0},"Female":{"raw":4.0,"perc":57.142857142857139,"total":7.0},"Male":{"raw":2.0,"perc":28.571428571428569,"total":7.0}},"Entities / Beings":{"Not-Specified":{"raw":1.0,"perc":25.0,"total":4.0},"Male":{"raw":3.0,"perc":75.0,"total":4.0}},"Music Discussion":{"Not-Specified":{"raw":2.0,"perc":13.333333333333334,"total":15.0},"Male":{"raw":12.0,"perc":80.0,"total":15.0},"Female":{"raw":1.0,"perc":6.666666666666667,"total":15.0}},"Retrospective / Summary":{"Not-Specified":{"raw":3.0,"perc":14.285714285714285,"total":21.0},"Male":{"raw":12.0,"perc":57.142857142857139,"total":21.0},"Female":{"raw":6.0,"perc":28.571428571428569,"total":21.0}},"Sex Discussion":{"Male":{"raw":3.0,"perc":60.0,"total":5.0},"Female":{"raw":2.0,"perc":40.0,"total":5.0}},"Multi-Day Experience":{"Female":{"raw":2.0,"perc":40.0,"total":5.0},"Male":{"raw":3.0,"perc":60.0,"total":5.0}},"Overdose":{"Not-Specified":{"raw":1.0,"perc":8.3333333333333321,"total":12.0},"Male":{"raw":7.0,"perc":58.333333333333336,"total":12.0},"Female":{"raw":4.0,"perc":33.333333333333329,"total":12.0}},"HPPD / Lasting Visuals":{"Not-Specified":{"raw":1.0,"perc":50.0,"total":2.0},"Male":{"raw":1.0,"perc":50.0,"total":2.0}},"Mystical Experiences":{"Male":{"raw":8.0,"perc":66.666666666666657,"total":12.0},"Female":{"raw":3.0,"perc":25.0,"total":12.0},"Not-Specified":{"raw":1.0,"perc":8.3333333333333321,"total":12.0}},"Health Benefits":{"Male":{"raw":2.0,"perc":66.666666666666657,"total":3.0},"Female":{"raw":1.0,"perc":33.333333333333329,"total":3.0}},"Nature / Outdoors":{"Female":{"raw":5.0,"perc":50.0,"total":10.0},"Male":{"raw":5.0,"perc":50.0,"total":10.0}},"Families":{"Female":{"raw":1.0,"perc":100.0,"total":1.0}},"Poetry":{"Male":{"raw":1.0,"perc":50.0,"total":2.0},"Not-Specified":{"raw":1.0,"perc":50.0,"total":2.0}},"Hangover / Days After":{"Male":{"raw":13.0,"perc":59.090909090909093,"total":22.0},"Female":{"raw":9.0,"perc":40.909090909090914,"total":22.0}},"Relationships":{"Female":{"raw":6.0,"perc":37.5,"total":16.0},"Male":{"raw":9.0,"perc":56.25,"total":16.0},"Not-Specified":{"raw":1.0,"perc":6.25,"total":16.0}},"Guides / Sitters":{"Male":{"raw":2.0,"perc":50.0,"total":4.0},"Female":{"raw":2.0,"perc":50.0,"total":4.0}},"Loss of Magic":{"Female":{"raw":2.0,"perc":25.0,"total":8.0},"Male":{"raw":5.0,"perc":62.5,"total":8.0},"Not-Specified":{"raw":1.0,"perc":12.5,"total":8.0}},"Personal Preparation":{"Female":{"raw":1.0,"perc":100.0,"total":1.0}},"Preparation / Recipes":{"Male":{"raw":1.0,"perc":50.0,"total":2.0},"Not-Specified":{"raw":1.0,"perc":50.0,"total":2.0}},"Therapeutic Intent or Outcome":{"Female":{"raw":1.0,"perc":33.333333333333329,"total":3.0},"Male":{"raw":2.0,"perc":66.666666666666657,"total":3.0}}},"Alone":{"General":{"Male":{"raw":2593.0,"perc":86.031851360318512,"total":3014.0},"Not-Specified":{"raw":186.0,"perc":6.1712010617120105,"total":3014.0},"Female":{"raw":235.0,"perc":7.7969475779694761,"total":3014.0}},"Nature / Outdoors":{"Male":{"raw":145.0,"perc":87.878787878787875,"total":165.0},"Not-Specified":{"raw":7.0,"perc":4.2424242424242431,"total":165.0},"Female":{"raw":13.0,"perc":7.878787878787878,"total":165.0}},"First Times":{"Male":{"raw":1869.0,"perc":87.828947368421055,"total":2128.0},"Not-Specified":{"raw":92.0,"perc":4.3233082706766917,"total":2128.0},"Female":{"raw":167.0,"perc":7.8477443609022561,"total":2128.0}},"Retrospective / Summary":{"Male":{"raw":533.0,"perc":86.949429037520389,"total":613.0},"Not-Specified":{"raw":23.0,"perc":3.7520391517128875,"total":613.0},"Female":{"raw":57.0,"perc":9.29853181076672,"total":613.0}},"Mystical Experiences":{"Male":{"raw":426.0,"perc":90.2542372881356,"total":472.0},"Not-Specified":{"raw":24.0,"perc":5.0847457627118651,"total":472.0},"Female":{"raw":22.0,"perc":4.6610169491525424,"total":472.0}},"Glowing Experiences":{"Male":{"raw":884.0,"perc":88.844221105527637,"total":995.0},"Not-Specified":{"raw":30.0,"perc":3.0150753768844218,"total":995.0},"Female":{"raw":81.0,"perc":8.140703517587939,"total":995.0}},"Health Problems":{"Male":{"raw":360.0,"perc":82.004555808656036,"total":439.0},"Not-Specified":{"raw":27.0,"perc":6.1503416856492032,"total":439.0},"Female":{"raw":52.0,"perc":11.845102505694761,"total":439.0}},"Overdose":{"Male":{"raw":170.0,"perc":76.576576576576571,"total":222.0},"Not-Specified":{"raw":19.0,"perc":8.5585585585585591,"total":222.0},"Female":{"raw":33.0,"perc":14.864864864864865,"total":222.0}},"Preparation / Recipes":{"Male":{"raw":322.0,"perc":88.219178082191789,"total":365.0},"Not-Specified":{"raw":23.0,"perc":6.3013698630136989,"total":365.0},"Female":{"raw":20.0,"perc":5.47945205479452,"total":365.0}},"Bad Trips":{"Not-Specified":{"raw":24.0,"perc":7.523510971786834,"total":319.0},"Male":{"raw":254.0,"perc":79.62382445141067,"total":319.0},"Female":{"raw":41.0,"perc":12.852664576802509,"total":319.0}},"Entities / Beings":{"Not-Specified":{"raw":26.0,"perc":4.4142614601018675,"total":589.0},"Male":{"raw":536.0,"perc":91.00169779286928,"total":589.0},"Female":{"raw":27.0,"perc":4.5840407470288627,"total":589.0}},"Music Discussion":{"Not-Specified":{"raw":13.0,"perc":3.7900874635568513,"total":343.0},"Male":{"raw":296.0,"perc":86.29737609329446,"total":343.0},"Female":{"raw":34.0,"perc":9.9125364431486886,"total":343.0}},"Difficult Experiences":{"Not-Specified":{"raw":40.0,"perc":3.894839337877313,"total":1027.0},"Male":{"raw":892.0,"perc":86.854917234664072,"total":1027.0},"Female":{"raw":95.0,"perc":9.2502434274586172,"total":1027.0}},"Sex Discussion":{"Male":{"raw":119.0,"perc":86.861313868613138,"total":137.0},"Not-Specified":{"raw":4.0,"perc":2.9197080291970803,"total":137.0},"Female":{"raw":14.0,"perc":10.218978102189782,"total":137.0}},"Post Trip Problems":{"Male":{"raw":124.0,"perc":82.666666666666671,"total":150.0},"Not-Specified":{"raw":7.0,"perc":4.666666666666667,"total":150.0},"Female":{"raw":19.0,"perc":12.666666666666668,"total":150.0}},"Multi-Day Experience":{"Not-Specified":{"raw":9.0,"perc":6.666666666666667,"total":135.0},"Male":{"raw":113.0,"perc":83.7037037037037,"total":135.0},"Female":{"raw":13.0,"perc":9.62962962962963,"total":135.0}},"Guides / Sitters":{"Male":{"raw":16.0,"perc":76.19047619047619,"total":21.0},"Female":{"raw":3.0,"perc":14.285714285714285,"total":21.0},"Not-Specified":{"raw":2.0,"perc":9.5238095238095237,"total":21.0}},"What Was in That?":{"Male":{"raw":29.0,"perc":85.294117647058826,"total":34.0},"Female":{"raw":5.0,"perc":14.705882352941178,"total":34.0}},"Depression":{"Female":{"raw":21.0,"perc":14.093959731543624,"total":149.0},"Male":{"raw":126.0,"perc":84.56375838926175,"total":149.0},"Not-Specified":{"raw":2.0,"perc":1.3422818791946309,"total":149.0}},"Health Benefits":{"Male":{"raw":158.0,"perc":82.722513089005233,"total":191.0},"Female":{"raw":27.0,"perc":14.136125654450263,"total":191.0},"Not-Specified":{"raw":6.0,"perc":3.1413612565445024,"total":191.0}},"Families":{"Male":{"raw":39.0,"perc":95.1219512195122,"total":41.0},"Female":{"raw":2.0,"perc":4.8780487804878048,"total":41.0}},"Hangover / Days After":{"Male":{"raw":358.0,"perc":83.644859813084111,"total":428.0},"Female":{"raw":58.0,"perc":13.551401869158877,"total":428.0},"Not-Specified":{"raw":12.0,"perc":2.8037383177570092,"total":428.0}},"Personal Preparation":{"Male":{"raw":71.0,"perc":87.654320987654316,"total":81.0},"Female":{"raw":8.0,"perc":9.8765432098765427,"total":81.0},"Not-Specified":{"raw":2.0,"perc":2.4691358024691357,"total":81.0}},"Loss of Magic":{"Male":{"raw":5.0,"perc":71.428571428571431,"total":7.0},"Not-Specified":{"raw":1.0,"perc":14.285714285714285,"total":7.0},"Female":{"raw":1.0,"perc":14.285714285714285,"total":7.0}},"Cultivation / Synthesis":{"Not-Specified":{"raw":2.0,"perc":22.222222222222221,"total":9.0},"Female":{"raw":1.0,"perc":11.111111111111111,"total":9.0},"Male":{"raw":6.0,"perc":66.666666666666657,"total":9.0}},"HPPD / Lasting Visuals":{"Male":{"raw":40.0,"perc":90.9090909090909,"total":44.0},"Female":{"raw":4.0,"perc":9.0909090909090917,"total":44.0}},"Poetry":{"Male":{"raw":14.0,"perc":87.5,"total":16.0},"Not-Specified":{"raw":1.0,"perc":6.25,"total":16.0},"Female":{"raw":1.0,"perc":6.25,"total":16.0}},"Relationships":{"Male":{"raw":76.0,"perc":90.476190476190482,"total":84.0},"Female":{"raw":5.0,"perc":5.9523809523809517,"total":84.0},"Not-Specified":{"raw":3.0,"perc":3.5714285714285712,"total":84.0}},"Medical Use":{"Not-Specified":{"raw":6.0,"perc":4.0540540540540544,"total":148.0},"Male":{"raw":110.0,"perc":74.324324324324323,"total":148.0},"Female":{"raw":32.0,"perc":21.621621621621621,"total":148.0}},"Second Hand Report":{"Male":{"raw":8.0,"perc":61.53846153846154,"total":13.0},"Female":{"raw":4.0,"perc":30.76923076923077,"total":13.0},"Not-Specified":{"raw":1.0,"perc":7.6923076923076925,"total":13.0}},"Therapeutic Intent or Outcome":{"Male":{"raw":154.0,"perc":83.243243243243242,"total":185.0},"Not-Specified":{"raw":7.0,"perc":3.7837837837837842,"total":185.0},"Female":{"raw":24.0,"perc":12.972972972972974,"total":185.0}},"Performance Enhancement":{"Male":{"raw":25.0,"perc":80.645161290322577,"total":31.0},"Female":{"raw":6.0,"perc":19.35483870967742,"total":31.0}},"Pregnancy / Baby":{"Female":{"raw":1.0,"perc":100.0,"total":1.0}},"Video":{"Male":{"raw":1.0,"perc":100.0,"total":1.0}}},"Club / Bar":{"First Times":{"Not-Specified":{"raw":8.0,"perc":11.76470588235294,"total":68.0},"Male":{"raw":47.0,"perc":69.117647058823522,"total":68.0},"Female":{"raw":13.0,"perc":19.117647058823529,"total":68.0}},"General":{"Not-Specified":{"raw":11.0,"perc":10.891089108910892,"total":101.0},"Male":{"raw":81.0,"perc":80.198019801980209,"total":101.0},"Female":{"raw":9.0,"perc":8.91089108910891,"total":101.0}},"Retrospective / Summary":{"Not-Specified":{"raw":4.0,"perc":14.285714285714285,"total":28.0},"Male":{"raw":18.0,"perc":64.285714285714292,"total":28.0},"Female":{"raw":6.0,"perc":21.428571428571427,"total":28.0}},"Glowing Experiences":{"Not-Specified":{"raw":2.0,"perc":4.25531914893617,"total":47.0},"Male":{"raw":37.0,"perc":78.723404255319153,"total":47.0},"Female":{"raw":8.0,"perc":17.021276595744681,"total":47.0}},"Sex Discussion":{"Male":{"raw":2.0,"perc":40.0,"total":5.0},"Female":{"raw":3.0,"perc":60.0,"total":5.0}},"Difficult Experiences":{"Not-Specified":{"raw":3.0,"perc":8.8235294117647065,"total":34.0},"Female":{"raw":10.0,"perc":29.411764705882355,"total":34.0},"Male":{"raw":21.0,"perc":61.764705882352942,"total":34.0}},"Post Trip Problems":{"Not-Specified":{"raw":2.0,"perc":14.285714285714285,"total":14.0},"Male":{"raw":6.0,"perc":42.857142857142854,"total":14.0},"Female":{"raw":6.0,"perc":42.857142857142854,"total":14.0}},"Health Problems":{"Not-Specified":{"raw":2.0,"perc":7.4074074074074066,"total":27.0},"Male":{"raw":17.0,"perc":62.962962962962962,"total":27.0},"Female":{"raw":8.0,"perc":29.629629629629626,"total":27.0}},"What Was in That?":{"Not-Specified":{"raw":2.0,"perc":15.384615384615385,"total":13.0},"Female":{"raw":4.0,"perc":30.76923076923077,"total":13.0},"Male":{"raw":7.0,"perc":53.846153846153847,"total":13.0}},"Overdose":{"Not-Specified":{"raw":2.0,"perc":15.384615384615385,"total":13.0},"Male":{"raw":10.0,"perc":76.923076923076934,"total":13.0},"Female":{"raw":1.0,"perc":7.6923076923076925,"total":13.0}},"Health Benefits":{"Male":{"raw":2.0,"perc":100.0,"total":2.0}},"Bad Trips":{"Female":{"raw":2.0,"perc":28.571428571428569,"total":7.0},"Male":{"raw":5.0,"perc":71.428571428571431,"total":7.0}},"Mystical Experiences":{"Male":{"raw":3.0,"perc":75.0,"total":4.0},"Female":{"raw":1.0,"perc":25.0,"total":4.0}},"Depression":{"Female":{"raw":3.0,"perc":60.0,"total":5.0},"Male":{"raw":2.0,"perc":40.0,"total":5.0}},"Preparation / Recipes":{"Male":{"raw":1.0,"perc":100.0,"total":1.0}},"Multi-Day Experience":{"Male":{"raw":1.0,"perc":50.0,"total":2.0},"Female":{"raw":1.0,"perc":50.0,"total":2.0}},"Music Discussion":{"Female":{"raw":7.0,"perc":41.17647058823529,"total":17.0},"Male":{"raw":10.0,"perc":58.82352941176471,"total":17.0}},"Loss of Magic":{"Female":{"raw":1.0,"perc":33.333333333333329,"total":3.0},"Male":{"raw":2.0,"perc":66.666666666666657,"total":3.0}},"Hangover / Days After":{"Male":{"raw":18.0,"perc":81.818181818181827,"total":22.0},"Female":{"raw":3.0,"perc":13.636363636363635,"total":22.0},"Not-Specified":{"raw":1.0,"perc":4.5454545454545459,"total":22.0}},"Second Hand Report":{"Male":{"raw":3.0,"perc":100.0,"total":3.0}},"Guides / Sitters":{"Male":{"raw":1.0,"perc":100.0,"total":1.0}},"Relationships":{"Female":{"raw":4.0,"perc":36.363636363636367,"total":11.0},"Male":{"raw":7.0,"perc":63.636363636363633,"total":11.0}},"Entities / Beings":{"Male":{"raw":1.0,"perc":33.333333333333329,"total":3.0},"Female":{"raw":1.0,"perc":33.333333333333329,"total":3.0},"Not-Specified":{"raw":1.0,"perc":33.333333333333329,"total":3.0}},"Families":{"Male":{"raw":2.0,"perc":66.666666666666657,"total":3.0},"Female":{"raw":1.0,"perc":33.333333333333329,"total":3.0}},"Personal Preparation":{"Male":{"raw":2.0,"perc":100.0,"total":2.0}},"Nature / Outdoors":{"Male":{"raw":2.0,"perc":100.0,"total":2.0}},"Therapeutic Intent or Outcome":{"Female":{"raw":1.0,"perc":100.0,"total":1.0}}},"Large Group (10+)":{"First Times":{"Not-Specified":{"raw":14.0,"perc":9.79020979020979,"total":143.0},"Female":{"raw":24.0,"perc":16.783216783216783,"total":143.0},"Male":{"raw":105.0,"perc":73.426573426573427,"total":143.0}},"General":{"Not-Specified":{"raw":28.0,"perc":14.814814814814813,"total":189.0},"Female":{"raw":26.0,"perc":13.756613756613756,"total":189.0},"Male":{"raw":135.0,"perc":71.428571428571431,"total":189.0}},"Sex Discussion":{"Female":{"raw":2.0,"perc":33.333333333333329,"total":6.0},"Male":{"raw":4.0,"perc":66.666666666666657,"total":6.0}},"Post Trip Problems":{"Female":{"raw":4.0,"perc":25.0,"total":16.0},"Not-Specified":{"raw":1.0,"perc":6.25,"total":16.0},"Male":{"raw":11.0,"perc":68.75,"total":16.0}},"Bad Trips":{"Female":{"raw":7.0,"perc":20.0,"total":35.0},"Not-Specified":{"raw":5.0,"perc":14.285714285714285,"total":35.0},"Male":{"raw":23.0,"perc":65.714285714285708,"total":35.0}},"Health Problems":{"Female":{"raw":11.0,"perc":25.0,"total":44.0},"Not-Specified":{"raw":5.0,"perc":11.363636363636363,"total":44.0},"Male":{"raw":28.0,"perc":63.636363636363633,"total":44.0}},"Difficult Experiences":{"Not-Specified":{"raw":7.0,"perc":9.2105263157894726,"total":76.0},"Female":{"raw":14.0,"perc":18.421052631578945,"total":76.0},"Male":{"raw":55.0,"perc":72.368421052631575,"total":76.0}},"Retrospective / Summary":{"Not-Specified":{"raw":3.0,"perc":15.0,"total":20.0},"Female":{"raw":3.0,"perc":15.0,"total":20.0},"Male":{"raw":14.0,"perc":70.0,"total":20.0}},"Overdose":{"Not-Specified":{"raw":2.0,"perc":10.526315789473683,"total":19.0},"Female":{"raw":2.0,"perc":10.526315789473683,"total":19.0},"Male":{"raw":15.0,"perc":78.94736842105263,"total":19.0}},"Glowing Experiences":{"Male":{"raw":57.0,"perc":81.428571428571431,"total":70.0},"Not-Specified":{"raw":7.0,"perc":10.0,"total":70.0},"Female":{"raw":6.0,"perc":8.5714285714285712,"total":70.0}},"Music Discussion":{"Not-Specified":{"raw":3.0,"perc":10.0,"total":30.0},"Male":{"raw":24.0,"perc":80.0,"total":30.0},"Female":{"raw":3.0,"perc":10.0,"total":30.0}},"Preparation / Recipes":{"Not-Specified":{"raw":1.0,"perc":25.0,"total":4.0},"Male":{"raw":3.0,"perc":75.0,"total":4.0}},"Guides / Sitters":{"Not-Specified":{"raw":3.0,"perc":23.076923076923077,"total":13.0},"Male":{"raw":7.0,"perc":53.846153846153847,"total":13.0},"Female":{"raw":3.0,"perc":23.076923076923077,"total":13.0}},"Mystical Experiences":{"Male":{"raw":23.0,"perc":85.18518518518519,"total":27.0},"Not-Specified":{"raw":2.0,"perc":7.4074074074074066,"total":27.0},"Female":{"raw":2.0,"perc":7.4074074074074066,"total":27.0}},"Multi-Day Experience":{"Male":{"raw":5.0,"perc":71.428571428571431,"total":7.0},"Female":{"raw":2.0,"perc":28.571428571428569,"total":7.0}},"Health Benefits":{"Male":{"raw":4.0,"perc":57.142857142857139,"total":7.0},"Not-Specified":{"raw":2.0,"perc":28.571428571428569,"total":7.0},"Female":{"raw":1.0,"perc":14.285714285714285,"total":7.0}},"Nature / Outdoors":{"Male":{"raw":8.0,"perc":88.888888888888886,"total":9.0},"Female":{"raw":1.0,"perc":11.111111111111111,"total":9.0}},"Second Hand Report":{"Not-Specified":{"raw":2.0,"perc":20.0,"total":10.0},"Male":{"raw":5.0,"perc":50.0,"total":10.0},"Female":{"raw":3.0,"perc":30.0,"total":10.0}},"What Was in That?":{"Male":{"raw":2.0,"perc":50.0,"total":4.0},"Not-Specified":{"raw":1.0,"perc":25.0,"total":4.0},"Female":{"raw":1.0,"perc":25.0,"total":4.0}},"HPPD / Lasting Visuals":{"Male":{"raw":2.0,"perc":66.666666666666657,"total":3.0},"Female":{"raw":1.0,"perc":33.333333333333329,"total":3.0}},"Depression":{"Male":{"raw":8.0,"perc":100.0,"total":8.0}},"Personal Preparation":{"Male":{"raw":3.0,"perc":75.0,"total":4.0},"Not-Specified":{"raw":1.0,"perc":25.0,"total":4.0}},"Entities / Beings":{"Male":{"raw":11.0,"perc":78.571428571428569,"total":14.0},"Female":{"raw":2.0,"perc":14.285714285714285,"total":14.0},"Not-Specified":{"raw":1.0,"perc":7.1428571428571423,"total":14.0}},"Families":{"Male":{"raw":3.0,"perc":75.0,"total":4.0},"Not-Specified":{"raw":1.0,"perc":25.0,"total":4.0}},"Hangover / Days After":{"Male":{"raw":32.0,"perc":72.727272727272734,"total":44.0},"Female":{"raw":8.0,"perc":18.181818181818183,"total":44.0},"Not-Specified":{"raw":4.0,"perc":9.0909090909090917,"total":44.0}},"Relationships":{"Male":{"raw":15.0,"perc":65.217391304347828,"total":23.0},"Not-Specified":{"raw":3.0,"perc":13.043478260869565,"total":23.0},"Female":{"raw":5.0,"perc":21.739130434782609,"total":23.0}},"Medical Use":{"Not-Specified":{"raw":1.0,"perc":100.0,"total":1.0}},"Loss of Magic":{"Male":{"raw":1.0,"perc":100.0,"total":1.0}},"Therapeutic Intent or Outcome":{"Not-Specified":{"raw":1.0,"perc":33.333333333333329,"total":3.0},"Male":{"raw":2.0,"perc":66.666666666666657,"total":3.0}},"Performance Enhancement":{"Male":{"raw":1.0,"perc":100.0,"total":1.0}}},"Various":{"Retrospective / Summary":{"Not-Specified":{"raw":77.0,"perc":6.7961165048543686,"total":1133.0},"Female":{"raw":179.0,"perc":15.798764342453664,"total":1133.0},"Male":{"raw":877.0,"perc":77.405119152691967,"total":1133.0}},"Health Problems":{"Not-Specified":{"raw":39.0,"perc":9.2857142857142865,"total":420.0},"Female":{"raw":102.0,"perc":24.285714285714285,"total":420.0},"Male":{"raw":279.0,"perc":66.428571428571431,"total":420.0}},"General":{"Not-Specified":{"raw":94.0,"perc":10.07502679528403,"total":933.0},"Male":{"raw":727.0,"perc":77.920685959271168,"total":933.0},"Female":{"raw":112.0,"perc":12.004287245444802,"total":933.0}},"Difficult Experiences":{"Not-Specified":{"raw":34.0,"perc":6.8825910931174086,"total":494.0},"Male":{"raw":377.0,"perc":76.31578947368422,"total":494.0},"Female":{"raw":83.0,"perc":16.801619433198383,"total":494.0}},"Overdose":{"Not-Specified":{"raw":11.0,"perc":7.38255033557047,"total":149.0},"Female":{"raw":31.0,"perc":20.80536912751678,"total":149.0},"Male":{"raw":107.0,"perc":71.812080536912745,"total":149.0}},"Post Trip Problems":{"Not-Specified":{"raw":10.0,"perc":4.716981132075472,"total":212.0},"Male":{"raw":153.0,"perc":72.169811320754718,"total":212.0},"Female":{"raw":49.0,"perc":23.113207547169811,"total":212.0}},"Multi-Day Experience":{"Not-Specified":{"raw":10.0,"perc":5.88235294117647,"total":170.0},"Male":{"raw":144.0,"perc":84.705882352941174,"total":170.0},"Female":{"raw":16.0,"perc":9.4117647058823533,"total":170.0}},"First Times":{"Not-Specified":{"raw":27.0,"perc":4.591836734693878,"total":588.0},"Male":{"raw":478.0,"perc":81.292517006802726,"total":588.0},"Female":{"raw":83.0,"perc":14.1156462585034,"total":588.0}},"Sex Discussion":{"Male":{"raw":95.0,"perc":77.8688524590164,"total":122.0},"Female":{"raw":23.0,"perc":18.852459016393443,"total":122.0},"Not-Specified":{"raw":4.0,"perc":3.278688524590164,"total":122.0}},"What Was in That?":{"Male":{"raw":34.0,"perc":70.833333333333343,"total":48.0},"Female":{"raw":8.0,"perc":16.666666666666664,"total":48.0},"Not-Specified":{"raw":6.0,"perc":12.5,"total":48.0}},"Mystical Experiences":{"Not-Specified":{"raw":6.0,"perc":6.0606060606060606,"total":99.0},"Male":{"raw":83.0,"perc":83.838383838383834,"total":99.0},"Female":{"raw":10.0,"perc":10.1010101010101,"total":99.0}},"Depression":{"Female":{"raw":47.0,"perc":26.55367231638418,"total":177.0},"Not-Specified":{"raw":6.0,"perc":3.3898305084745761,"total":177.0},"Male":{"raw":124.0,"perc":70.056497175141246,"total":177.0}},"Glowing Experiences":{"Female":{"raw":58.0,"perc":15.890410958904111,"total":365.0},"Not-Specified":{"raw":13.0,"perc":3.5616438356164384,"total":365.0},"Male":{"raw":294.0,"perc":80.547945205479451,"total":365.0}},"Bad Trips":{"Not-Specified":{"raw":11.0,"perc":6.395348837209303,"total":172.0},"Male":{"raw":126.0,"perc":73.255813953488371,"total":172.0},"Female":{"raw":35.0,"perc":20.348837209302324,"total":172.0}},"Nature / Outdoors":{"Not-Specified":{"raw":3.0,"perc":2.7522935779816518,"total":109.0},"Male":{"raw":98.0,"perc":89.908256880733944,"total":109.0},"Female":{"raw":8.0,"perc":7.3394495412844041,"total":109.0}},"Music Discussion":{"Not-Specified":{"raw":5.0,"perc":3.4965034965034967,"total":143.0},"Male":{"raw":124.0,"perc":86.7132867132867,"total":143.0},"Female":{"raw":14.0,"perc":9.79020979020979,"total":143.0}},"Hangover / Days After":{"Male":{"raw":189.0,"perc":78.75,"total":240.0},"Not-Specified":{"raw":15.0,"perc":6.25,"total":240.0},"Female":{"raw":36.0,"perc":15.0,"total":240.0}},"Preparation / Recipes":{"Not-Specified":{"raw":11.0,"perc":12.941176470588237,"total":85.0},"Male":{"raw":69.0,"perc":81.17647058823529,"total":85.0},"Female":{"raw":5.0,"perc":5.88235294117647,"total":85.0}},"Cultivation / Synthesis":{"Not-Specified":{"raw":1.0,"perc":20.0,"total":5.0},"Male":{"raw":4.0,"perc":80.0,"total":5.0}},"Entities / Beings":{"Male":{"raw":85.0,"perc":86.734693877551024,"total":98.0},"Female":{"raw":9.0,"perc":9.183673469387756,"total":98.0},"Not-Specified":{"raw":4.0,"perc":4.0816326530612246,"total":98.0}},"Loss of Magic":{"Female":{"raw":12.0,"perc":33.333333333333329,"total":36.0},"Male":{"raw":22.0,"perc":61.111111111111114,"total":36.0},"Not-Specified":{"raw":2.0,"perc":5.5555555555555554,"total":36.0}},"Families":{"Male":{"raw":30.0,"perc":75.0,"total":40.0},"Female":{"raw":9.0,"perc":22.5,"total":40.0},"Not-Specified":{"raw":1.0,"perc":2.5,"total":40.0}},"Second Hand Report":{"Male":{"raw":16.0,"perc":80.0,"total":20.0},"Not-Specified":{"raw":2.0,"perc":10.0,"total":20.0},"Female":{"raw":2.0,"perc":10.0,"total":20.0}},"Guides / Sitters":{"Male":{"raw":24.0,"perc":75.0,"total":32.0},"Female":{"raw":8.0,"perc":25.0,"total":32.0}},"Health Benefits":{"Male":{"raw":85.0,"perc":77.981651376146786,"total":109.0},"Not-Specified":{"raw":5.0,"perc":4.5871559633027523,"total":109.0},"Female":{"raw":19.0,"perc":17.431192660550458,"total":109.0}},"HPPD / Lasting Visuals":{"Male":{"raw":37.0,"perc":86.04651162790698,"total":43.0},"Not-Specified":{"raw":2.0,"perc":4.6511627906976747,"total":43.0},"Female":{"raw":4.0,"perc":9.30232558139535,"total":43.0}},"Pregnancy / Baby":{"Male":{"raw":2.0,"perc":40.0,"total":5.0},"Not-Specified":{"raw":1.0,"perc":20.0,"total":5.0},"Female":{"raw":2.0,"perc":40.0,"total":5.0}},"Relationships":{"Female":{"raw":26.0,"perc":26.530612244897959,"total":98.0},"Male":{"raw":67.0,"perc":68.367346938775512,"total":98.0},"Not-Specified":{"raw":5.0,"perc":5.1020408163265305,"total":98.0}},"Personal Preparation":{"Male":{"raw":16.0,"perc":69.565217391304344,"total":23.0},"Female":{"raw":7.0,"perc":30.434782608695656,"total":23.0}},"Therapeutic Intent or Outcome":{"Not-Specified":{"raw":2.0,"perc":3.9215686274509802,"total":51.0},"Male":{"raw":40.0,"perc":78.431372549019613,"total":51.0},"Female":{"raw":9.0,"perc":17.647058823529413,"total":51.0}},"Medical Use":{"Male":{"raw":100.0,"perc":80.0,"total":125.0},"Female":{"raw":23.0,"perc":18.4,"total":125.0},"Not-Specified":{"raw":2.0,"perc":1.6,"total":125.0}},"Poetry":{"Male":{"raw":4.0,"perc":50.0,"total":8.0},"Female":{"raw":3.0,"perc":37.5,"total":8.0},"Not-Specified":{"raw":1.0,"perc":12.5,"total":8.0}},"Performance Enhancement":{"Male":{"raw":21.0,"perc":84.0,"total":25.0},"Female":{"raw":4.0,"perc":16.0,"total":25.0}}},"Not Applicable":{"Retrospective / Summary":{"Female":{"raw":172.0,"perc":17.356205852674066,"total":991.0},"Male":{"raw":762.0,"perc":76.8920282542886,"total":991.0},"Not-Specified":{"raw":57.0,"perc":5.7517658930373363,"total":991.0}},"Preparation / Recipes":{"Male":{"raw":115.0,"perc":77.7027027027027,"total":148.0},"Not-Specified":{"raw":29.0,"perc":19.594594594594593,"total":148.0},"Female":{"raw":4.0,"perc":2.7027027027027026,"total":148.0}},"Health Benefits":{"Female":{"raw":49.0,"perc":19.838056680161944,"total":247.0},"Male":{"raw":189.0,"perc":76.518218623481786,"total":247.0},"Not-Specified":{"raw":9.0,"perc":3.6437246963562751,"total":247.0}},"Depression":{"Female":{"raw":55.0,"perc":32.934131736526943,"total":167.0},"Male":{"raw":106.0,"perc":63.473053892215567,"total":167.0},"Not-Specified":{"raw":6.0,"perc":3.5928143712574849,"total":167.0}},"Health Problems":{"Male":{"raw":227.0,"perc":75.16556291390728,"total":302.0},"Not-Specified":{"raw":14.0,"perc":4.6357615894039732,"total":302.0},"Female":{"raw":61.0,"perc":20.198675496688743,"total":302.0}},"Poetry":{"Female":{"raw":6.0,"perc":27.27272727272727,"total":22.0},"Male":{"raw":15.0,"perc":68.181818181818173,"total":22.0},"Not-Specified":{"raw":1.0,"perc":4.5454545454545459,"total":22.0}},"Second Hand Report":{"Not-Specified":{"raw":3.0,"perc":7.3170731707317067,"total":41.0},"Female":{"raw":13.0,"perc":31.707317073170731,"total":41.0},"Male":{"raw":25.0,"perc":60.975609756097562,"total":41.0}},"Cultivation / Synthesis":{"Not-Specified":{"raw":3.0,"perc":20.0,"total":15.0},"Male":{"raw":12.0,"perc":80.0,"total":15.0}},"Post Trip Problems":{"Male":{"raw":99.0,"perc":76.744186046511629,"total":129.0},"Female":{"raw":25.0,"perc":19.379844961240313,"total":129.0},"Not-Specified":{"raw":5.0,"perc":3.8759689922480618,"total":129.0}},"General":{"Not-Specified":{"raw":24.0,"perc":6.2663185378590072,"total":383.0},"Male":{"raw":305.0,"perc":79.63446475195822,"total":383.0},"Female":{"raw":54.0,"perc":14.099216710182768,"total":383.0}},"Bad Trips":{"Male":{"raw":19.0,"perc":76.0,"total":25.0},"Female":{"raw":5.0,"perc":20.0,"total":25.0},"Not-Specified":{"raw":1.0,"perc":4.0,"total":25.0}},"Difficult Experiences":{"Female":{"raw":20.0,"perc":29.411764705882355,"total":68.0},"Not-Specified":{"raw":2.0,"perc":2.9411764705882351,"total":68.0},"Male":{"raw":46.0,"perc":67.64705882352942,"total":68.0}},"Sex Discussion":{"Male":{"raw":41.0,"perc":70.6896551724138,"total":58.0},"Not-Specified":{"raw":3.0,"perc":5.1724137931034484,"total":58.0},"Female":{"raw":14.0,"perc":24.137931034482758,"total":58.0}},"Glowing Experiences":{"Female":{"raw":11.0,"perc":17.1875,"total":64.0},"Male":{"raw":51.0,"perc":79.6875,"total":64.0},"Not-Specified":{"raw":2.0,"perc":3.125,"total":64.0}},"First Times":{"Male":{"raw":27.0,"perc":64.285714285714292,"total":42.0},"Female":{"raw":11.0,"perc":26.190476190476193,"total":42.0},"Not-Specified":{"raw":4.0,"perc":9.5238095238095237,"total":42.0}},"Families":{"Female":{"raw":10.0,"perc":32.258064516129032,"total":31.0},"Male":{"raw":19.0,"perc":61.29032258064516,"total":31.0},"Not-Specified":{"raw":2.0,"perc":6.4516129032258061,"total":31.0}},"Entities / Beings":{"Female":{"raw":2.0,"perc":8.0,"total":25.0},"Male":{"raw":22.0,"perc":88.0,"total":25.0},"Not-Specified":{"raw":1.0,"perc":4.0,"total":25.0}},"HPPD / Lasting Visuals":{"Female":{"raw":1.0,"perc":2.9411764705882351,"total":34.0},"Male":{"raw":33.0,"perc":97.058823529411768,"total":34.0}},"Hangover / Days After":{"Male":{"raw":99.0,"perc":71.223021582733821,"total":139.0},"Female":{"raw":33.0,"perc":23.741007194244602,"total":139.0},"Not-Specified":{"raw":7.0,"perc":5.0359712230215825,"total":139.0}},"Relationships":{"Female":{"raw":17.0,"perc":27.868852459016392,"total":61.0},"Male":{"raw":42.0,"perc":68.852459016393439,"total":61.0},"Not-Specified":{"raw":2.0,"perc":3.278688524590164,"total":61.0}},"What Was in That?":{"Not-Specified":{"raw":1.0,"perc":33.333333333333329,"total":3.0},"Male":{"raw":2.0,"perc":66.666666666666657,"total":3.0}},"Medical Use":{"Male":{"raw":196.0,"perc":67.353951890034367,"total":291.0},"Female":{"raw":83.0,"perc":28.522336769759448,"total":291.0},"Not-Specified":{"raw":12.0,"perc":4.1237113402061851,"total":291.0}},"Overdose":{"Male":{"raw":11.0,"perc":64.705882352941174,"total":17.0},"Not-Specified":{"raw":2.0,"perc":11.76470588235294,"total":17.0},"Female":{"raw":4.0,"perc":23.52941176470588,"total":17.0}},"Loss of Magic":{"Female":{"raw":3.0,"perc":15.789473684210526,"total":19.0},"Male":{"raw":14.0,"perc":73.68421052631578,"total":19.0},"Not-Specified":{"raw":2.0,"perc":10.526315789473683,"total":19.0}},"Multi-Day Experience":{"Male":{"raw":98.0,"perc":81.666666666666671,"total":120.0},"Female":{"raw":20.0,"perc":16.666666666666664,"total":120.0},"Not-Specified":{"raw":2.0,"perc":1.6666666666666667,"total":120.0}},"Mystical Experiences":{"Male":{"raw":21.0,"perc":87.5,"total":24.0},"Not-Specified":{"raw":3.0,"perc":12.5,"total":24.0}},"Personal Preparation":{"Male":{"raw":3.0,"perc":100.0,"total":3.0}},"Music Discussion":{"Male":{"raw":14.0,"perc":77.777777777777786,"total":18.0},"Female":{"raw":4.0,"perc":22.222222222222221,"total":18.0}},"Nature / Outdoors":{"Male":{"raw":7.0,"perc":87.5,"total":8.0},"Female":{"raw":1.0,"perc":12.5,"total":8.0}},"Guides / Sitters":{"Male":{"raw":2.0,"perc":66.666666666666657,"total":3.0},"Not-Specified":{"raw":1.0,"perc":33.333333333333329,"total":3.0}},"Performance Enhancement":{"Male":{"raw":23.0,"perc":74.193548387096769,"total":31.0},"Female":{"raw":6.0,"perc":19.35483870967742,"total":31.0},"Not-Specified":{"raw":2.0,"perc":6.4516129032258061,"total":31.0}},"Therapeutic Intent or Outcome":{"Male":{"raw":44.0,"perc":78.571428571428569,"total":56.0},"Female":{"raw":11.0,"perc":19.642857142857142,"total":56.0},"Not-Specified":{"raw":1.0,"perc":1.7857142857142856,"total":56.0}},"Pregnancy / Baby":{"Female":{"raw":3.0,"perc":100.0,"total":3.0}}},"Group Ceremony":{"General":{"Not-Specified":{"raw":1.0,"perc":2.8571428571428572,"total":35.0},"Male":{"raw":23.0,"perc":65.714285714285708,"total":35.0},"Female":{"raw":11.0,"perc":31.428571428571427,"total":35.0}},"Mystical Experiences":{"Not-Specified":{"raw":4.0,"perc":11.76470588235294,"total":34.0},"Male":{"raw":25.0,"perc":73.529411764705884,"total":34.0},"Female":{"raw":5.0,"perc":14.705882352941178,"total":34.0}},"Retrospective / Summary":{"Male":{"raw":5.0,"perc":83.333333333333343,"total":6.0},"Female":{"raw":1.0,"perc":16.666666666666664,"total":6.0}},"Glowing Experiences":{"Male":{"raw":15.0,"perc":71.428571428571431,"total":21.0},"Female":{"raw":5.0,"perc":23.809523809523807,"total":21.0},"Not-Specified":{"raw":1.0,"perc":4.7619047619047619,"total":21.0}},"Families":{"Not-Specified":{"raw":1.0,"perc":100.0,"total":1.0}},"Guides / Sitters":{"Not-Specified":{"raw":3.0,"perc":11.538461538461538,"total":26.0},"Male":{"raw":20.0,"perc":76.923076923076934,"total":26.0},"Female":{"raw":3.0,"perc":11.538461538461538,"total":26.0}},"First Times":{"Female":{"raw":6.0,"perc":26.086956521739129,"total":23.0},"Male":{"raw":15.0,"perc":65.217391304347828,"total":23.0},"Not-Specified":{"raw":2.0,"perc":8.695652173913043,"total":23.0}},"Difficult Experiences":{"Female":{"raw":4.0,"perc":25.0,"total":16.0},"Male":{"raw":11.0,"perc":68.75,"total":16.0},"Not-Specified":{"raw":1.0,"perc":6.25,"total":16.0}},"Bad Trips":{"Female":{"raw":1.0,"perc":100.0,"total":1.0}},"Depression":{"Female":{"raw":2.0,"perc":50.0,"total":4.0},"Male":{"raw":1.0,"perc":25.0,"total":4.0},"Not-Specified":{"raw":1.0,"perc":25.0,"total":4.0}},"Hangover / Days After":{"Female":{"raw":1.0,"perc":16.666666666666664,"total":6.0},"Male":{"raw":4.0,"perc":66.666666666666657,"total":6.0},"Not-Specified":{"raw":1.0,"perc":16.666666666666664,"total":6.0}},"Health Benefits":{"Male":{"raw":4.0,"perc":100.0,"total":4.0}},"Entities / Beings":{"Male":{"raw":22.0,"perc":78.571428571428569,"total":28.0},"Female":{"raw":5.0,"perc":17.857142857142858,"total":28.0},"Not-Specified":{"raw":1.0,"perc":3.5714285714285712,"total":28.0}},"Nature / Outdoors":{"Female":{"raw":3.0,"perc":37.5,"total":8.0},"Male":{"raw":5.0,"perc":62.5,"total":8.0}},"Relationships":{"Female":{"raw":1.0,"perc":33.333333333333329,"total":3.0},"Male":{"raw":2.0,"perc":66.666666666666657,"total":3.0}},"Multi-Day Experience":{"Male":{"raw":3.0,"perc":42.857142857142854,"total":7.0},"Female":{"raw":3.0,"perc":42.857142857142854,"total":7.0},"Not-Specified":{"raw":1.0,"perc":14.285714285714285,"total":7.0}},"Music Discussion":{"Male":{"raw":4.0,"perc":100.0,"total":4.0}},"Medical Use":{"Male":{"raw":1.0,"perc":100.0,"total":1.0}},"Preparation / Recipes":{"Male":{"raw":2.0,"perc":100.0,"total":2.0}},"HPPD / Lasting Visuals":{"Male":{"raw":1.0,"perc":100.0,"total":1.0}},"Second Hand Report":{"Male":{"raw":1.0,"perc":100.0,"total":1.0}},"Post Trip Problems":{"Male":{"raw":3.0,"perc":75.0,"total":4.0},"Not-Specified":{"raw":1.0,"perc":25.0,"total":4.0}},"Personal Preparation":{"Male":{"raw":5.0,"perc":83.333333333333343,"total":6.0},"Female":{"raw":1.0,"perc":16.666666666666664,"total":6.0}},"Sex Discussion":{"Male":{"raw":1.0,"perc":33.333333333333329,"total":3.0},"Not-Specified":{"raw":1.0,"perc":33.333333333333329,"total":3.0},"Female":{"raw":1.0,"perc":33.333333333333329,"total":3.0}},"Therapeutic Intent or Outcome":{"Not-Specified":{"raw":2.0,"perc":10.0,"total":20.0},"Male":{"raw":15.0,"perc":75.0,"total":20.0},"Female":{"raw":3.0,"perc":15.0,"total":20.0}},"Health Problems":{"Male":{"raw":1.0,"perc":50.0,"total":2.0},"Not-Specified":{"raw":1.0,"perc":50.0,"total":2.0}}},"School":{"First Times":{"Female":{"raw":9.0,"perc":12.676056338028168,"total":71.0},"Male":{"raw":60.0,"perc":84.507042253521121,"total":71.0},"Not-Specified":{"raw":2.0,"perc":2.8169014084507045,"total":71.0}},"Difficult Experiences":{"Male":{"raw":33.0,"perc":86.8421052631579,"total":38.0},"Female":{"raw":5.0,"perc":13.157894736842104,"total":38.0}},"Bad Trips":{"Male":{"raw":11.0,"perc":78.571428571428569,"total":14.0},"Female":{"raw":2.0,"perc":14.285714285714285,"total":14.0},"Not-Specified":{"raw":1.0,"perc":7.1428571428571423,"total":14.0}},"Health Problems":{"Male":{"raw":18.0,"perc":64.285714285714292,"total":28.0},"Female":{"raw":10.0,"perc":35.714285714285715,"total":28.0}},"Overdose":{"Male":{"raw":18.0,"perc":69.230769230769226,"total":26.0},"Female":{"raw":8.0,"perc":30.76923076923077,"total":26.0}},"General":{"Male":{"raw":88.0,"perc":84.615384615384613,"total":104.0},"Not-Specified":{"raw":4.0,"perc":3.8461538461538463,"total":104.0},"Female":{"raw":12.0,"perc":11.538461538461538,"total":104.0}},"Glowing Experiences":{"Male":{"raw":26.0,"perc":78.787878787878782,"total":33.0},"Female":{"raw":6.0,"perc":18.181818181818183,"total":33.0},"Not-Specified":{"raw":1.0,"perc":3.0303030303030303,"total":33.0}},"Retrospective / Summary":{"Female":{"raw":4.0,"perc":12.5,"total":32.0},"Male":{"raw":28.0,"perc":87.5,"total":32.0}},"Preparation / Recipes":{"Male":{"raw":3.0,"perc":100.0,"total":3.0}},"Health Benefits":{"Not-Specified":{"raw":1.0,"perc":11.111111111111111,"total":9.0},"Male":{"raw":7.0,"perc":77.777777777777786,"total":9.0},"Female":{"raw":1.0,"perc":11.111111111111111,"total":9.0}},"Hangover / Days After":{"Male":{"raw":16.0,"perc":76.19047619047619,"total":21.0},"Female":{"raw":3.0,"perc":14.285714285714285,"total":21.0},"Not-Specified":{"raw":2.0,"perc":9.5238095238095237,"total":21.0}},"What Was in That?":{"Male":{"raw":2.0,"perc":100.0,"total":2.0}},"Medical Use":{"Male":{"raw":9.0,"perc":69.230769230769226,"total":13.0},"Female":{"raw":4.0,"perc":30.76923076923077,"total":13.0}},"Relationships":{"Male":{"raw":2.0,"perc":66.666666666666657,"total":3.0},"Female":{"raw":1.0,"perc":33.333333333333329,"total":3.0}},"Second Hand Report":{"Male":{"raw":2.0,"perc":100.0,"total":2.0}},"Mystical Experiences":{"Male":{"raw":3.0,"perc":100.0,"total":3.0}},"Post Trip Problems":{"Male":{"raw":9.0,"perc":90.0,"total":10.0},"Female":{"raw":1.0,"perc":10.0,"total":10.0}},"Depression":{"Female":{"raw":1.0,"perc":12.5,"total":8.0},"Male":{"raw":6.0,"perc":75.0,"total":8.0},"Not-Specified":{"raw":1.0,"perc":12.5,"total":8.0}},"Families":{"Male":{"raw":1.0,"perc":100.0,"total":1.0}},"Multi-Day Experience":{"Male":{"raw":7.0,"perc":70.0,"total":10.0},"Female":{"raw":3.0,"perc":30.0,"total":10.0}},"Music Discussion":{"Male":{"raw":2.0,"perc":100.0,"total":2.0}},"Performance Enhancement":{"Male":{"raw":12.0,"perc":100.0,"total":12.0}},"Entities / Beings":{"Male":{"raw":2.0,"perc":66.666666666666657,"total":3.0},"Female":{"raw":1.0,"perc":33.333333333333329,"total":3.0}},"Therapeutic Intent or Outcome":{"Male":{"raw":1.0,"perc":50.0,"total":2.0},"Not-Specified":{"raw":1.0,"perc":50.0,"total":2.0}},"Sex Discussion":{"Male":{"raw":1.0,"perc":100.0,"total":1.0}}},"Hospital":{"First Times":{"Male":{"raw":27.0,"perc":77.142857142857153,"total":35.0},"Female":{"raw":7.0,"perc":20.0,"total":35.0},"Not-Specified":{"raw":1.0,"perc":2.8571428571428572,"total":35.0}},"General":{"Male":{"raw":44.0,"perc":78.571428571428569,"total":56.0},"Female":{"raw":10.0,"perc":17.857142857142858,"total":56.0},"Not-Specified":{"raw":2.0,"perc":3.5714285714285712,"total":56.0}},"Retrospective / Summary":{"Male":{"raw":17.0,"perc":77.272727272727266,"total":22.0},"Female":{"raw":3.0,"perc":13.636363636363635,"total":22.0},"Not-Specified":{"raw":2.0,"perc":9.0909090909090917,"total":22.0}},"Health Problems":{"Male":{"raw":52.0,"perc":60.465116279069761,"total":86.0},"Female":{"raw":30.0,"perc":34.883720930232556,"total":86.0},"Not-Specified":{"raw":4.0,"perc":4.6511627906976747,"total":86.0}},"Overdose":{"Female":{"raw":18.0,"perc":28.125,"total":64.0},"Male":{"raw":44.0,"perc":68.75,"total":64.0},"Not-Specified":{"raw":2.0,"perc":3.125,"total":64.0}},"Post Trip Problems":{"Female":{"raw":7.0,"perc":19.444444444444446,"total":36.0},"Male":{"raw":27.0,"perc":75.0,"total":36.0},"Not-Specified":{"raw":2.0,"perc":5.5555555555555554,"total":36.0}},"Difficult Experiences":{"Male":{"raw":49.0,"perc":81.666666666666671,"total":60.0},"Female":{"raw":11.0,"perc":18.333333333333332,"total":60.0}},"Bad Trips":{"Male":{"raw":33.0,"perc":78.571428571428569,"total":42.0},"Female":{"raw":9.0,"perc":21.428571428571427,"total":42.0}},"HPPD / Lasting Visuals":{"Male":{"raw":2.0,"perc":100.0,"total":2.0}},"Depression":{"Male":{"raw":8.0,"perc":72.727272727272734,"total":11.0},"Female":{"raw":3.0,"perc":27.27272727272727,"total":11.0}},"Families":{"Male":{"raw":7.0,"perc":58.333333333333336,"total":12.0},"Not-Specified":{"raw":1.0,"perc":8.3333333333333321,"total":12.0},"Female":{"raw":4.0,"perc":33.333333333333329,"total":12.0}},"Second Hand Report":{"Male":{"raw":15.0,"perc":68.181818181818173,"total":22.0},"Not-Specified":{"raw":2.0,"perc":9.0909090909090917,"total":22.0},"Female":{"raw":5.0,"perc":22.727272727272727,"total":22.0}},"Health Benefits":{"Male":{"raw":9.0,"perc":69.230769230769226,"total":13.0},"Not-Specified":{"raw":1.0,"perc":7.6923076923076925,"total":13.0},"Female":{"raw":3.0,"perc":23.076923076923077,"total":13.0}},"Medical Use":{"Female":{"raw":16.0,"perc":27.586206896551722,"total":58.0},"Male":{"raw":41.0,"perc":70.6896551724138,"total":58.0},"Not-Specified":{"raw":1.0,"perc":1.7241379310344827,"total":58.0}},"Mystical Experiences":{"Male":{"raw":3.0,"perc":75.0,"total":4.0},"Female":{"raw":1.0,"perc":25.0,"total":4.0}},"Entities / Beings":{"Male":{"raw":8.0,"perc":80.0,"total":10.0},"Female":{"raw":2.0,"perc":20.0,"total":10.0}},"Glowing Experiences":{"Male":{"raw":8.0,"perc":72.727272727272734,"total":11.0},"Not-Specified":{"raw":1.0,"perc":9.0909090909090917,"total":11.0},"Female":{"raw":2.0,"perc":18.181818181818183,"total":11.0}},"Multi-Day Experience":{"Male":{"raw":14.0,"perc":82.35294117647058,"total":17.0},"Female":{"raw":3.0,"perc":17.647058823529413,"total":17.0}},"Hangover / Days After":{"Male":{"raw":11.0,"perc":57.894736842105267,"total":19.0},"Female":{"raw":8.0,"perc":42.105263157894733,"total":19.0}},"Preparation / Recipes":{"Male":{"raw":1.0,"perc":50.0,"total":2.0},"Female":{"raw":1.0,"perc":50.0,"total":2.0}},"Sex Discussion":{"Male":{"raw":1.0,"perc":100.0,"total":1.0}},"What Was in That?":{"Male":{"raw":1.0,"perc":50.0,"total":2.0},"Female":{"raw":1.0,"perc":50.0,"total":2.0}},"Therapeutic Intent or Outcome":{"Female":{"raw":3.0,"perc":30.0,"total":10.0},"Male":{"raw":7.0,"perc":70.0,"total":10.0}},"Personal Preparation":{"Male":{"raw":1.0,"perc":100.0,"total":1.0}},"Guides / Sitters":{"Female":{"raw":1.0,"perc":100.0,"total":1.0}}},"Public Space (Museum, Park, etc)":{"Difficult Experiences":{"Male":{"raw":3.0,"perc":100.0,"total":3.0}},"General":{"Male":{"raw":10.0,"perc":90.9090909090909,"total":11.0},"Female":{"raw":1.0,"perc":9.0909090909090917,"total":11.0}},"Glowing Experiences":{"Male":{"raw":4.0,"perc":66.666666666666657,"total":6.0},"Female":{"raw":2.0,"perc":33.333333333333329,"total":6.0}},"Performance Enhancement":{"Male":{"raw":1.0,"perc":100.0,"total":1.0}},"First Times":{"Male":{"raw":7.0,"perc":77.777777777777786,"total":9.0},"Female":{"raw":1.0,"perc":11.111111111111111,"total":9.0},"Not-Specified":{"raw":1.0,"perc":11.111111111111111,"total":9.0}},"Entities / Beings":{"Male":{"raw":1.0,"perc":100.0,"total":1.0}},"Hangover / Days After":{"Male":{"raw":2.0,"perc":100.0,"total":2.0}},"Nature / Outdoors":{"Male":{"raw":5.0,"perc":83.333333333333343,"total":6.0},"Female":{"raw":1.0,"perc":16.666666666666664,"total":6.0}},"Music Discussion":{"Male":{"raw":1.0,"perc":100.0,"total":1.0}},"Preparation / Recipes":{"Male":{"raw":1.0,"perc":100.0,"total":1.0}},"Retrospective / Summary":{"Male":{"raw":1.0,"perc":100.0,"total":1.0}},"Health Benefits":{"Male":{"raw":1.0,"perc":100.0,"total":1.0}},"Medical Use":{"Male":{"raw":1.0,"perc":100.0,"total":1.0}},"Second Hand Report":{"Male":{"raw":1.0,"perc":100.0,"total":1.0}}},"Large Party":{"Difficult Experiences":{"Female":{"raw":1.0,"perc":33.333333333333329,"total":3.0},"Male":{"raw":2.0,"perc":66.666666666666657,"total":3.0}},"Retrospective / Summary":{"Male":{"raw":2.0,"perc":100.0,"total":2.0}},"Glowing Experiences":{"Male":{"raw":1.0,"perc":100.0,"total":1.0}},"Depression":{"Male":{"raw":1.0,"perc":100.0,"total":1.0}},"Mystical Experiences":{"Male":{"raw":1.0,"perc":100.0,"total":1.0}}},"Military":{"General":{"Male":{"raw":5.0,"perc":100.0,"total":5.0}},"Health Problems":{"Male":{"raw":3.0,"perc":100.0,"total":3.0}},"Difficult Experiences":{"Male":{"raw":1.0,"perc":100.0,"total":1.0}},"Second Hand Report":{"Male":{"raw":1.0,"perc":100.0,"total":1.0}},"Hangover / Days After":{"Male":{"raw":2.0,"perc":100.0,"total":2.0}},"First Times":{"Male":{"raw":2.0,"perc":100.0,"total":2.0}},"Personal Preparation":{"Male":{"raw":1.0,"perc":100.0,"total":1.0}},"Relationships":{"Male":{"raw":1.0,"perc":100.0,"total":1.0}},"Entities / Beings":{"Male":{"raw":1.0,"perc":100.0,"total":1.0}},"Retrospective / Summary":{"Male":{"raw":5.0,"perc":100.0,"total":5.0}},"Therapeutic Intent or Outcome":{"Male":{"raw":1.0,"perc":100.0,"total":1.0}}},"Workplace":{"General":{"Female":{"raw":1.0,"perc":14.285714285714285,"total":7.0},"Male":{"raw":6.0,"perc":85.714285714285708,"total":7.0}},"Difficult Experiences":{"Female":{"raw":2.0,"perc":66.666666666666657,"total":3.0},"Male":{"raw":1.0,"perc":33.333333333333329,"total":3.0}},"Bad Trips":{"Male":{"raw":1.0,"perc":50.0,"total":2.0},"Female":{"raw":1.0,"perc":50.0,"total":2.0}},"Health Problems":{"Male":{"raw":2.0,"perc":66.666666666666657,"total":3.0},"Not-Specified":{"raw":1.0,"perc":33.333333333333329,"total":3.0}},"Retrospective / Summary":{"Male":{"raw":5.0,"perc":100.0,"total":5.0}},"Health Benefits":{"Male":{"raw":2.0,"perc":100.0,"total":2.0}},"Medical Use":{"Male":{"raw":3.0,"perc":100.0,"total":3.0}},"Therapeutic Intent or Outcome":{"Male":{"raw":1.0,"perc":100.0,"total":1.0}},"Performance Enhancement":{"Male":{"raw":3.0,"perc":100.0,"total":3.0}},"First Times":{"Male":{"raw":7.0,"perc":87.5,"total":8.0},"Female":{"raw":1.0,"perc":12.5,"total":8.0}},"Hangover / Days After":{"Male":{"raw":3.0,"perc":100.0,"total":3.0}},"Glowing Experiences":{"Male":{"raw":2.0,"perc":100.0,"total":2.0}},"Multi-Day Experience":{"Male":{"raw":1.0,"perc":100.0,"total":1.0}}}}