{"Morning Glory":{"Not-Specified":{"Drug Testing":{"raw":1.0,"perc":100.0,"total":1.0}},"Male":{"Floatation Tank":{"raw":1.0,"perc":9.0909090909090917,"total":11.0},"Dreams":{"raw":2.0,"perc":18.181818181818183,"total":11.0},"Meditation":{"raw":3.0,"perc":27.27272727272727,"total":11.0},"Migraines":{"raw":2.0,"perc":18.181818181818183,"total":11.0},"Devices":{"raw":1.0,"perc":9.0909090909090917,"total":11.0},"Fasting":{"raw":1.0,"perc":9.0909090909090917,"total":11.0},"Yoga / Bodywork":{"raw":1.0,"perc":9.0909090909090917,"total":11.0}},"Female":{"Ritual":{"raw":1.0,"perc":50.0,"total":2.0},"Meditation":{"raw":1.0,"perc":50.0,"total":2.0}}},"Various":{"Not-Specified":{"Sleep Deprivation":{"raw":2.0,"perc":33.333333333333329,"total":6.0},"OBE":{"raw":1.0,"perc":16.666666666666664,"total":6.0},"Meditation":{"raw":1.0,"perc":16.666666666666664,"total":6.0},"Yoga / Bodywork":{"raw":1.0,"perc":16.666666666666664,"total":6.0},"Dreams":{"raw":1.0,"perc":16.666666666666664,"total":6.0}},"Male":{"Sleep Deprivation":{"raw":18.0,"perc":20.930232558139537,"total":86.0},"Police / Customs":{"raw":22.0,"perc":25.581395348837212,"total":86.0},"Endogenous":{"raw":2.0,"perc":2.3255813953488373,"total":86.0},"Yoga / Bodywork":{"raw":2.0,"perc":2.3255813953488373,"total":86.0},"Ritual":{"raw":3.0,"perc":3.4883720930232558,"total":86.0},"Meditation":{"raw":13.0,"perc":15.11627906976744,"total":86.0},"Fasting":{"raw":5.0,"perc":5.8139534883720927,"total":86.0},"Migraines":{"raw":2.0,"perc":2.3255813953488373,"total":86.0},"Mindfulness":{"raw":1.0,"perc":1.1627906976744187,"total":86.0},"Dreams":{"raw":5.0,"perc":5.8139534883720927,"total":86.0},"Devices":{"raw":1.0,"perc":1.1627906976744187,"total":86.0},"Devices - Mind Machine":{"raw":1.0,"perc":1.1627906976744187,"total":86.0},"Conferences":{"raw":1.0,"perc":1.1627906976744187,"total":86.0},"OBE":{"raw":2.0,"perc":2.3255813953488373,"total":86.0},"Drug Testing":{"raw":4.0,"perc":4.6511627906976747,"total":86.0},"Music":{"raw":1.0,"perc":1.1627906976744187,"total":86.0},"Nitrogen Narcosis":{"raw":1.0,"perc":1.1627906976744187,"total":86.0},"Humor":{"raw":2.0,"perc":2.3255813953488373,"total":86.0}},"Female":{"Police / Customs":{"raw":5.0,"perc":31.25,"total":16.0},"Fasting":{"raw":2.0,"perc":12.5,"total":16.0},"Sleep Deprivation":{"raw":3.0,"perc":18.75,"total":16.0},"Dreams":{"raw":1.0,"perc":6.25,"total":16.0},"Drug Testing":{"raw":1.0,"perc":6.25,"total":16.0},"Ritual":{"raw":1.0,"perc":6.25,"total":16.0},"Meditation":{"raw":1.0,"perc":6.25,"total":16.0},"Mindfulness":{"raw":2.0,"perc":12.5,"total":16.0}}},"LSD":{"Not-Specified":{"OBE":{"raw":1.0,"perc":25.0,"total":4.0},"Meditation":{"raw":1.0,"perc":25.0,"total":4.0},"Yoga / Bodywork":{"raw":1.0,"perc":25.0,"total":4.0},"Migraines":{"raw":1.0,"perc":25.0,"total":4.0}},"Male":{"OBE":{"raw":3.0,"perc":6.3829787234042552,"total":47.0},"Endogenous":{"raw":1.0,"perc":2.1276595744680851,"total":47.0},"Police / Customs":{"raw":18.0,"perc":38.297872340425535,"total":47.0},"Yoga / Bodywork":{"raw":5.0,"perc":10.638297872340425,"total":47.0},"Migraines":{"raw":2.0,"perc":4.25531914893617,"total":47.0},"Meditation":{"raw":8.0,"perc":17.021276595744681,"total":47.0},"Guiding":{"raw":1.0,"perc":2.1276595744680851,"total":47.0},"Sleep Deprivation":{"raw":3.0,"perc":6.3829787234042552,"total":47.0},"Mindfulness":{"raw":1.0,"perc":2.1276595744680851,"total":47.0},"Dreams":{"raw":1.0,"perc":2.1276595744680851,"total":47.0},"Devices":{"raw":1.0,"perc":2.1276595744680851,"total":47.0},"Devices - Mind Machine":{"raw":1.0,"perc":2.1276595744680851,"total":47.0},"Breathing":{"raw":1.0,"perc":2.1276595744680851,"total":47.0},"Music":{"raw":1.0,"perc":2.1276595744680851,"total":47.0}},"Female":{"Yoga / Bodywork":{"raw":3.0,"perc":37.5,"total":8.0},"Guiding":{"raw":1.0,"perc":12.5,"total":8.0},"Devices":{"raw":2.0,"perc":25.0,"total":8.0},"Devices - Mind Machine":{"raw":1.0,"perc":12.5,"total":8.0},"Police / Customs":{"raw":1.0,"perc":12.5,"total":8.0}}},"DPT":{"Male":{"Dreams":{"raw":1.0,"perc":20.0,"total":5.0},"Ritual":{"raw":1.0,"perc":20.0,"total":5.0},"Yoga / Bodywork":{"raw":1.0,"perc":20.0,"total":5.0},"Meditation":{"raw":1.0,"perc":20.0,"total":5.0},"Breathing":{"raw":1.0,"perc":20.0,"total":5.0}}},"Opiates":{"Not-Specified":{"Drug Testing":{"raw":1.0,"perc":100.0,"total":1.0}},"Female":{"Drug Testing":{"raw":4.0,"perc":80.0,"total":5.0},"Conferences":{"raw":1.0,"perc":20.0,"total":5.0}},"Male":{"Police / Customs":{"raw":5.0,"perc":38.461538461538467,"total":13.0},"Meditation":{"raw":2.0,"perc":15.384615384615385,"total":13.0},"Drug Testing":{"raw":2.0,"perc":15.384615384615385,"total":13.0},"Dreams":{"raw":2.0,"perc":15.384615384615385,"total":13.0},"OBE":{"raw":1.0,"perc":7.6923076923076925,"total":13.0},"Endogenous":{"raw":1.0,"perc":7.6923076923076925,"total":13.0}}},"Poppies - Opium":{"Not-Specified":{"Drug Testing":{"raw":1.0,"perc":100.0,"total":1.0}},"Male":{"Dreams":{"raw":1.0,"perc":100.0,"total":1.0}},"Female":{"Drug Testing":{"raw":1.0,"perc":100.0,"total":1.0}}},"Cannabis":{"Male":{"Ritual":{"raw":3.0,"perc":3.8961038961038961,"total":77.0},"Drug Testing":{"raw":19.0,"perc":24.675324675324674,"total":77.0},"Police / Customs":{"raw":15.0,"perc":19.480519480519483,"total":77.0},"Meditation":{"raw":11.0,"perc":14.285714285714285,"total":77.0},"Migraines":{"raw":1.0,"perc":1.2987012987012987,"total":77.0},"OBE":{"raw":6.0,"perc":7.7922077922077921,"total":77.0},"Devices":{"raw":2.0,"perc":2.5974025974025974,"total":77.0},"Devices - Mind Machine":{"raw":2.0,"perc":2.5974025974025974,"total":77.0},"Endogenous":{"raw":3.0,"perc":3.8961038961038961,"total":77.0},"Sleep Deprivation":{"raw":7.0,"perc":9.0909090909090917,"total":77.0},"Dreams":{"raw":3.0,"perc":3.8961038961038961,"total":77.0},"Music":{"raw":1.0,"perc":1.2987012987012987,"total":77.0},"Mindfulness":{"raw":1.0,"perc":1.2987012987012987,"total":77.0},"Breathing":{"raw":1.0,"perc":1.2987012987012987,"total":77.0},"Fasting":{"raw":1.0,"perc":1.2987012987012987,"total":77.0},"Yoga / Bodywork":{"raw":1.0,"perc":1.2987012987012987,"total":77.0}},"Female":{"Drug Testing":{"raw":6.0,"perc":75.0,"total":8.0},"OBE":{"raw":2.0,"perc":25.0,"total":8.0}},"Not-Specified":{"OBE":{"raw":1.0,"perc":100.0,"total":1.0}}},"MDMA":{"Male":{"Ritual":{"raw":2.0,"perc":9.5238095238095237,"total":21.0},"Endogenous":{"raw":1.0,"perc":4.7619047619047619,"total":21.0},"Dreams":{"raw":2.0,"perc":9.5238095238095237,"total":21.0},"Yoga / Bodywork":{"raw":2.0,"perc":9.5238095238095237,"total":21.0},"OBE":{"raw":2.0,"perc":9.5238095238095237,"total":21.0},"Meditation":{"raw":4.0,"perc":19.047619047619047,"total":21.0},"Migraines":{"raw":1.0,"perc":4.7619047619047619,"total":21.0},"Guiding":{"raw":1.0,"perc":4.7619047619047619,"total":21.0},"Sleep Deprivation":{"raw":2.0,"perc":9.5238095238095237,"total":21.0},"Police / Customs":{"raw":3.0,"perc":14.285714285714285,"total":21.0},"Music":{"raw":1.0,"perc":4.7619047619047619,"total":21.0}},"Not-Specified":{"Ritual":{"raw":1.0,"perc":16.666666666666664,"total":6.0},"OBE":{"raw":1.0,"perc":16.666666666666664,"total":6.0},"Migraines":{"raw":1.0,"perc":16.666666666666664,"total":6.0},"Meditation":{"raw":2.0,"perc":33.333333333333329,"total":6.0},"Yoga / Bodywork":{"raw":1.0,"perc":16.666666666666664,"total":6.0}},"Female":{"Migraines":{"raw":3.0,"perc":20.0,"total":15.0},"Police / Customs":{"raw":3.0,"perc":20.0,"total":15.0},"Yoga / Bodywork":{"raw":3.0,"perc":20.0,"total":15.0},"Dreams":{"raw":1.0,"perc":6.666666666666667,"total":15.0},"Devices":{"raw":2.0,"perc":13.333333333333334,"total":15.0},"Devices - Mind Machine":{"raw":1.0,"perc":6.666666666666667,"total":15.0},"Sleep Deprivation":{"raw":1.0,"perc":6.666666666666667,"total":15.0},"Meditation":{"raw":1.0,"perc":6.666666666666667,"total":15.0}}},"Pharmaceuticals":{"Male":{"Ritual":{"raw":1.0,"perc":8.3333333333333321,"total":12.0},"Dreams":{"raw":3.0,"perc":25.0,"total":12.0},"Sleep Deprivation":{"raw":2.0,"perc":16.666666666666664,"total":12.0},"Police / Customs":{"raw":4.0,"perc":33.333333333333329,"total":12.0},"Migraines":{"raw":1.0,"perc":8.3333333333333321,"total":12.0},"Endogenous":{"raw":1.0,"perc":8.3333333333333321,"total":12.0}},"Not-Specified":{"Police / Customs":{"raw":1.0,"perc":50.0,"total":2.0},"Dreams":{"raw":1.0,"perc":50.0,"total":2.0}},"Female":{"Police / Customs":{"raw":1.0,"perc":100.0,"total":1.0}}},"Pharms - Sildenafil":{"Male":{"Ritual":{"raw":1.0,"perc":100.0,"total":1.0}}},"Stimulants":{"Male":{"Ritual":{"raw":2.0,"perc":5.7142857142857144,"total":35.0},"Endogenous":{"raw":1.0,"perc":2.8571428571428572,"total":35.0},"Dreams":{"raw":2.0,"perc":5.7142857142857144,"total":35.0},"Yoga / Bodywork":{"raw":2.0,"perc":5.7142857142857144,"total":35.0},"OBE":{"raw":2.0,"perc":5.7142857142857144,"total":35.0},"Meditation":{"raw":5.0,"perc":14.285714285714285,"total":35.0},"Migraines":{"raw":1.0,"perc":2.8571428571428572,"total":35.0},"Guiding":{"raw":1.0,"perc":2.8571428571428572,"total":35.0},"Sleep Deprivation":{"raw":12.0,"perc":34.285714285714285,"total":35.0},"Breathing":{"raw":1.0,"perc":2.8571428571428572,"total":35.0},"Hyperventilation":{"raw":1.0,"perc":2.8571428571428572,"total":35.0},"Police / Customs":{"raw":3.0,"perc":8.5714285714285712,"total":35.0},"Drug Testing":{"raw":1.0,"perc":2.8571428571428572,"total":35.0},"Music":{"raw":1.0,"perc":2.8571428571428572,"total":35.0}},"Not-Specified":{"Ritual":{"raw":1.0,"perc":14.285714285714285,"total":7.0},"OBE":{"raw":1.0,"perc":14.285714285714285,"total":7.0},"Drug Testing":{"raw":1.0,"perc":14.285714285714285,"total":7.0},"Migraines":{"raw":1.0,"perc":14.285714285714285,"total":7.0},"Meditation":{"raw":2.0,"perc":28.571428571428569,"total":7.0},"Yoga / Bodywork":{"raw":1.0,"perc":14.285714285714285,"total":7.0}},"Female":{"Migraines":{"raw":3.0,"perc":18.75,"total":16.0},"Police / Customs":{"raw":3.0,"perc":18.75,"total":16.0},"Yoga / Bodywork":{"raw":3.0,"perc":18.75,"total":16.0},"Dreams":{"raw":1.0,"perc":6.25,"total":16.0},"Devices":{"raw":2.0,"perc":12.5,"total":16.0},"Devices - Mind Machine":{"raw":1.0,"perc":6.25,"total":16.0},"Sleep Deprivation":{"raw":1.0,"perc":6.25,"total":16.0},"Meditation":{"raw":1.0,"perc":6.25,"total":16.0},"OBE":{"raw":1.0,"perc":6.25,"total":16.0}}},"DXM":{"Male":{"Drug Testing":{"raw":55.0,"perc":74.324324324324323,"total":74.0},"Police / Customs":{"raw":3.0,"perc":4.0540540540540544,"total":74.0},"Endogenous":{"raw":2.0,"perc":2.7027027027027026,"total":74.0},"Dreams":{"raw":2.0,"perc":2.7027027027027026,"total":74.0},"Devices":{"raw":3.0,"perc":4.0540540540540544,"total":74.0},"Devices - Mind Machine":{"raw":3.0,"perc":4.0540540540540544,"total":74.0},"OBE":{"raw":3.0,"perc":4.0540540540540544,"total":74.0},"Meditation":{"raw":1.0,"perc":1.3513513513513513,"total":74.0},"Sleep Deprivation":{"raw":1.0,"perc":1.3513513513513513,"total":74.0},"Fasting":{"raw":1.0,"perc":1.3513513513513513,"total":74.0}},"Female":{"Drug Testing":{"raw":7.0,"perc":87.5,"total":8.0},"Endogenous":{"raw":1.0,"perc":12.5,"total":8.0}},"Not-Specified":{"Drug Testing":{"raw":3.0,"perc":100.0,"total":3.0}}},"PCP":{"Male":{"Drug Testing":{"raw":1.0,"perc":100.0,"total":1.0}}},"Datura":{"Male":{"OBE":{"raw":1.0,"perc":7.1428571428571423,"total":14.0},"Dreams":{"raw":4.0,"perc":28.571428571428569,"total":14.0},"Police / Customs":{"raw":9.0,"perc":64.285714285714292,"total":14.0}}},"2C-B":{"Male":{"Ritual":{"raw":1.0,"perc":11.111111111111111,"total":9.0},"OBE":{"raw":2.0,"perc":22.222222222222221,"total":9.0},"Police / Customs":{"raw":2.0,"perc":22.222222222222221,"total":9.0},"Drug Testing":{"raw":1.0,"perc":11.111111111111111,"total":9.0},"Sleep Deprivation":{"raw":1.0,"perc":11.111111111111111,"total":9.0},"Music":{"raw":1.0,"perc":11.111111111111111,"total":9.0},"Meditation":{"raw":1.0,"perc":11.111111111111111,"total":9.0}},"Female":{"Meditation":{"raw":1.0,"perc":100.0,"total":1.0}}},"Phenethylamine":{"Male":{"Ritual":{"raw":1.0,"perc":5.5555555555555554,"total":18.0},"OBE":{"raw":2.0,"perc":11.111111111111111,"total":18.0},"Migraines":{"raw":1.0,"perc":5.5555555555555554,"total":18.0},"Police / Customs":{"raw":6.0,"perc":33.333333333333329,"total":18.0},"Floatation Tank":{"raw":1.0,"perc":5.5555555555555554,"total":18.0},"Meditation":{"raw":2.0,"perc":11.111111111111111,"total":18.0},"Drug Testing":{"raw":2.0,"perc":11.111111111111111,"total":18.0},"Sleep Deprivation":{"raw":1.0,"perc":5.5555555555555554,"total":18.0},"Music":{"raw":1.0,"perc":5.5555555555555554,"total":18.0},"Yoga / Bodywork":{"raw":1.0,"perc":5.5555555555555554,"total":18.0}},"Not-Specified":{"Sleep Deprivation":{"raw":1.0,"perc":100.0,"total":1.0}},"Female":{"Meditation":{"raw":1.0,"perc":100.0,"total":1.0}}},"Tryptophan":{"Male":{"Ritual":{"raw":1.0,"perc":14.285714285714285,"total":7.0},"Dreams":{"raw":5.0,"perc":71.428571428571431,"total":7.0},"Sleep Deprivation":{"raw":1.0,"perc":14.285714285714285,"total":7.0}},"Female":{"Dreams":{"raw":1.0,"perc":100.0,"total":1.0}}},"Salvia divinorum":{"Not-Specified":{"Ritual":{"raw":1.0,"perc":100.0,"total":1.0}},"Male":{"Police / Customs":{"raw":2.0,"perc":4.25531914893617,"total":47.0},"Ritual":{"raw":2.0,"perc":4.25531914893617,"total":47.0},"OBE":{"raw":13.0,"perc":27.659574468085108,"total":47.0},"Dreams":{"raw":5.0,"perc":10.638297872340425,"total":47.0},"Fasting":{"raw":4.0,"perc":8.51063829787234,"total":47.0},"Meditation":{"raw":7.0,"perc":14.893617021276595,"total":47.0},"Yoga / Bodywork":{"raw":2.0,"perc":4.25531914893617,"total":47.0},"Endogenous":{"raw":2.0,"perc":4.25531914893617,"total":47.0},"Devices":{"raw":5.0,"perc":10.638297872340425,"total":47.0},"Migraines":{"raw":1.0,"perc":2.1276595744680851,"total":47.0},"Nitrogen Narcosis":{"raw":1.0,"perc":2.1276595744680851,"total":47.0},"Mindfulness":{"raw":1.0,"perc":2.1276595744680851,"total":47.0},"Devices - Mind Machine":{"raw":2.0,"perc":4.25531914893617,"total":47.0}},"Female":{"Dreams":{"raw":2.0,"perc":50.0,"total":4.0},"Meditation":{"raw":2.0,"perc":50.0,"total":4.0}}},"Calea zacatechichi":{"Male":{"Dreams":{"raw":42.0,"perc":87.5,"total":48.0},"Meditation":{"raw":4.0,"perc":8.3333333333333321,"total":48.0},"Devices":{"raw":1.0,"perc":2.083333333333333,"total":48.0},"Devices - Mind Machine":{"raw":1.0,"perc":2.083333333333333,"total":48.0}},"Not-Specified":{"Dreams":{"raw":3.0,"perc":100.0,"total":3.0}}},"Pharms - Benzphetamine":{"Male":{"Sleep Deprivation":{"raw":2.0,"perc":100.0,"total":2.0}}},"Mushrooms":{"Male":{"Police / Customs":{"raw":17.0,"perc":30.357142857142854,"total":56.0},"Meditation":{"raw":6.0,"perc":10.714285714285714,"total":56.0},"Migraines":{"raw":5.0,"perc":8.9285714285714288,"total":56.0},"Drug Testing":{"raw":1.0,"perc":1.7857142857142856,"total":56.0},"Devices":{"raw":2.0,"perc":3.5714285714285712,"total":56.0},"Guiding":{"raw":2.0,"perc":3.5714285714285712,"total":56.0},"Sleep Deprivation":{"raw":1.0,"perc":1.7857142857142856,"total":56.0},"Devices - Mind Machine":{"raw":1.0,"perc":1.7857142857142856,"total":56.0},"Yoga / Bodywork":{"raw":4.0,"perc":7.1428571428571423,"total":56.0},"OBE":{"raw":7.0,"perc":12.5,"total":56.0},"Conferences":{"raw":1.0,"perc":1.7857142857142856,"total":56.0},"Chanting":{"raw":1.0,"perc":1.7857142857142856,"total":56.0},"Humor":{"raw":3.0,"perc":5.3571428571428568,"total":56.0},"Nitrogen Narcosis":{"raw":1.0,"perc":1.7857142857142856,"total":56.0},"Fasting":{"raw":1.0,"perc":1.7857142857142856,"total":56.0},"Dreams":{"raw":2.0,"perc":3.5714285714285712,"total":56.0},"Ritual":{"raw":1.0,"perc":1.7857142857142856,"total":56.0}},"Female":{"Police / Customs":{"raw":3.0,"perc":30.0,"total":10.0},"Yoga / Bodywork":{"raw":2.0,"perc":20.0,"total":10.0},"Migraines":{"raw":3.0,"perc":30.0,"total":10.0},"Ritual":{"raw":1.0,"perc":10.0,"total":10.0},"Mindfulness":{"raw":1.0,"perc":10.0,"total":10.0}},"Not-Specified":{"Fasting":{"raw":1.0,"perc":100.0,"total":1.0}}},"Nutmeg":{"Male":{"Dreams":{"raw":3.0,"perc":42.857142857142854,"total":7.0},"Meditation":{"raw":1.0,"perc":14.285714285714285,"total":7.0},"Fasting":{"raw":1.0,"perc":14.285714285714285,"total":7.0},"Devices":{"raw":1.0,"perc":14.285714285714285,"total":7.0},"Devices - Mind Machine":{"raw":1.0,"perc":14.285714285714285,"total":7.0}}},"Yohimbe":{"Male":{"Sleep Deprivation":{"raw":1.0,"perc":50.0,"total":2.0},"Dreams":{"raw":1.0,"perc":50.0,"total":2.0}},"Female":{"Yoga / Bodywork":{"raw":1.0,"perc":100.0,"total":1.0}}},"Piperazines":{"Male":{"Drug Testing":{"raw":1.0,"perc":20.0,"total":5.0},"Meditation":{"raw":2.0,"perc":40.0,"total":5.0},"Sleep Deprivation":{"raw":1.0,"perc":20.0,"total":5.0},"Migraines":{"raw":1.0,"perc":20.0,"total":5.0}}},"Pharms - Sertraline":{"Male":{"Sleep Deprivation":{"raw":1.0,"perc":100.0,"total":1.0}}},"SSRIs":{"Male":{"Sleep Deprivation":{"raw":1.0,"perc":25.0,"total":4.0},"Dreams":{"raw":3.0,"perc":75.0,"total":4.0}}},"Methamphetamine":{"Male":{"Sleep Deprivation":{"raw":3.0,"perc":50.0,"total":6.0},"Police / Customs":{"raw":2.0,"perc":33.333333333333329,"total":6.0},"Meditation":{"raw":1.0,"perc":16.666666666666664,"total":6.0}},"Female":{"Police / Customs":{"raw":2.0,"perc":100.0,"total":2.0}}},"Melatonin":{"Male":{"Dreams":{"raw":40.0,"perc":97.5609756097561,"total":41.0},"Sleep Deprivation":{"raw":1.0,"perc":2.4390243902439024,"total":41.0}},"Female":{"Dreams":{"raw":4.0,"perc":100.0,"total":4.0}},"Not-Specified":{"Dreams":{"raw":1.0,"perc":100.0,"total":1.0}}},"Harmala Alkaloids":{"Male":{"Ritual":{"raw":9.0,"perc":34.615384615384613,"total":26.0},"Police / Customs":{"raw":3.0,"perc":11.538461538461538,"total":26.0},"Dreams":{"raw":7.0,"perc":26.923076923076923,"total":26.0},"Meditation":{"raw":3.0,"perc":11.538461538461538,"total":26.0},"Conferences":{"raw":1.0,"perc":3.8461538461538463,"total":26.0},"Yoga / Bodywork":{"raw":1.0,"perc":3.8461538461538463,"total":26.0},"Sweating":{"raw":1.0,"perc":3.8461538461538463,"total":26.0},"Migraines":{"raw":1.0,"perc":3.8461538461538463,"total":26.0}},"Female":{"Mindfulness":{"raw":1.0,"perc":100.0,"total":1.0}}},"Psychotria viridis":{"Male":{"Ritual":{"raw":8.0,"perc":88.888888888888886,"total":9.0},"Police / Customs":{"raw":1.0,"perc":11.111111111111111,"total":9.0}}},"Syrian Rue":{"Male":{"Ritual":{"raw":2.0,"perc":28.571428571428569,"total":7.0},"Meditation":{"raw":2.0,"perc":28.571428571428569,"total":7.0},"Yoga / Bodywork":{"raw":1.0,"perc":14.285714285714285,"total":7.0},"Police / Customs":{"raw":1.0,"perc":14.285714285714285,"total":7.0},"Migraines":{"raw":1.0,"perc":14.285714285714285,"total":7.0}}},"Kava":{"Male":{"Dreams":{"raw":4.0,"perc":50.0,"total":8.0},"OBE":{"raw":1.0,"perc":12.5,"total":8.0},"Meditation":{"raw":1.0,"perc":12.5,"total":8.0},"Devices":{"raw":1.0,"perc":12.5,"total":8.0},"Devices - Mind Machine":{"raw":1.0,"perc":12.5,"total":8.0}}},"Ayahuasca":{"Female":{"Yoga / Bodywork":{"raw":1.0,"perc":50.0,"total":2.0},"Ritual":{"raw":1.0,"perc":50.0,"total":2.0}},"Male":{"Yoga / Bodywork":{"raw":2.0,"perc":15.384615384615385,"total":13.0},"Dreams":{"raw":1.0,"perc":7.6923076923076925,"total":13.0},"Meditation":{"raw":2.0,"perc":15.384615384615385,"total":13.0},"Ritual":{"raw":8.0,"perc":61.53846153846154,"total":13.0}}},"Diphenhydramine":{"Male":{"Dreams":{"raw":4.0,"perc":57.142857142857139,"total":7.0},"Police / Customs":{"raw":2.0,"perc":28.571428571428569,"total":7.0},"Drug Testing":{"raw":1.0,"perc":14.285714285714285,"total":7.0}},"Female":{"Police / Customs":{"raw":1.0,"perc":50.0,"total":2.0},"Drug Testing":{"raw":1.0,"perc":50.0,"total":2.0}}},"St. John's Wort":{"Male":{"Dreams":{"raw":1.0,"perc":100.0,"total":1.0}}},"Valerian":{"Male":{"Dreams":{"raw":19.0,"perc":90.476190476190482,"total":21.0},"OBE":{"raw":1.0,"perc":4.7619047619047619,"total":21.0},"Meditation":{"raw":1.0,"perc":4.7619047619047619,"total":21.0}},"Female":{"Dreams":{"raw":1.0,"perc":100.0,"total":1.0}}},"Vitamin B-6":{"Male":{"Dreams":{"raw":13.0,"perc":92.857142857142861,"total":14.0},"OBE":{"raw":1.0,"perc":7.1428571428571423,"total":14.0}},"Female":{"Dreams":{"raw":1.0,"perc":100.0,"total":1.0}}},"Caffeine":{"Male":{"Sleep Deprivation":{"raw":2.0,"perc":20.0,"total":10.0},"Devices":{"raw":1.0,"perc":10.0,"total":10.0},"Devices - Mind Machine":{"raw":1.0,"perc":10.0,"total":10.0},"Meditation":{"raw":2.0,"perc":20.0,"total":10.0},"Dreams":{"raw":1.0,"perc":10.0,"total":10.0},"Migraines":{"raw":1.0,"perc":10.0,"total":10.0},"Fasting":{"raw":1.0,"perc":10.0,"total":10.0},"Music":{"raw":1.0,"perc":10.0,"total":10.0}},"Not-Specified":{"Dreams":{"raw":1.0,"perc":100.0,"total":1.0}},"Female":{"Meditation":{"raw":1.0,"perc":25.0,"total":4.0},"Fasting":{"raw":1.0,"perc":25.0,"total":4.0},"Sleep Deprivation":{"raw":2.0,"perc":50.0,"total":4.0}}},"Ephedrine":{"Male":{"Sleep Deprivation":{"raw":2.0,"perc":100.0,"total":2.0}},"Female":{"Meditation":{"raw":1.0,"perc":100.0,"total":1.0}}},"Ginseng":{"Male":{"Sleep Deprivation":{"raw":1.0,"perc":100.0,"total":1.0}}},"Nitrous Oxide":{"Male":{"OBE":{"raw":5.0,"perc":27.777777777777779,"total":18.0},"Meditation":{"raw":4.0,"perc":22.222222222222221,"total":18.0},"Police / Customs":{"raw":1.0,"perc":5.5555555555555554,"total":18.0},"Devices":{"raw":3.0,"perc":16.666666666666664,"total":18.0},"Devices - Mind Machine":{"raw":3.0,"perc":16.666666666666664,"total":18.0},"Breathing":{"raw":1.0,"perc":5.5555555555555554,"total":18.0},"Hyperventilation":{"raw":1.0,"perc":5.5555555555555554,"total":18.0}}},"Nicotine":{"Male":{"Dreams":{"raw":2.0,"perc":66.666666666666657,"total":3.0},"Sleep Deprivation":{"raw":1.0,"perc":33.333333333333329,"total":3.0}}},"Tobacco":{"Male":{"Dreams":{"raw":3.0,"perc":50.0,"total":6.0},"Sleep Deprivation":{"raw":2.0,"perc":33.333333333333329,"total":6.0},"Fasting":{"raw":1.0,"perc":16.666666666666664,"total":6.0}}},"Pharms - Cyclobenzaprine":{"Male":{"Sleep Deprivation":{"raw":1.0,"perc":100.0,"total":1.0}}},"Pseudoephedrine":{"Male":{"Drug Testing":{"raw":1.0,"perc":100.0,"total":1.0}}},"Hydrocodone":{"Female":{"Dreams":{"raw":1.0,"perc":100.0,"total":1.0}},"Male":{"Devices":{"raw":1.0,"perc":16.666666666666664,"total":6.0},"Devices - Mind Machine":{"raw":1.0,"perc":16.666666666666664,"total":6.0},"Dreams":{"raw":2.0,"perc":33.333333333333329,"total":6.0},"Drug Testing":{"raw":1.0,"perc":16.666666666666664,"total":6.0},"Humor":{"raw":1.0,"perc":16.666666666666664,"total":6.0}}},"Opioids":{"Female":{"Dreams":{"raw":1.0,"perc":100.0,"total":1.0}},"Male":{"Meditation":{"raw":2.0,"perc":10.526315789473683,"total":19.0},"Drug Testing":{"raw":8.0,"perc":42.105263157894733,"total":19.0},"Devices":{"raw":1.0,"perc":5.2631578947368416,"total":19.0},"Devices - Mind Machine":{"raw":1.0,"perc":5.2631578947368416,"total":19.0},"Dreams":{"raw":4.0,"perc":21.052631578947366,"total":19.0},"Police / Customs":{"raw":1.0,"perc":5.2631578947368416,"total":19.0},"Endogenous":{"raw":1.0,"perc":5.2631578947368416,"total":19.0},"Humor":{"raw":1.0,"perc":5.2631578947368416,"total":19.0}}},"Piracetam":{"Male":{"Dreams":{"raw":1.0,"perc":100.0,"total":1.0}}},"Cocaine":{"Male":{"Drug Testing":{"raw":6.0,"perc":85.714285714285708,"total":7.0},"Police / Customs":{"raw":1.0,"perc":14.285714285714285,"total":7.0}},"Female":{"Police / Customs":{"raw":1.0,"perc":100.0,"total":1.0}}},"GBL":{"Male":{"Breathing":{"raw":1.0,"perc":100.0,"total":1.0}}},"Lactuca spp.":{"Male":{"Dreams":{"raw":2.0,"perc":66.666666666666657,"total":3.0},"Police / Customs":{"raw":1.0,"perc":33.333333333333329,"total":3.0}}},"Alcohol":{"Male":{"Police / Customs":{"raw":9.0,"perc":56.25,"total":16.0},"Meditation":{"raw":1.0,"perc":6.25,"total":16.0},"Dreams":{"raw":3.0,"perc":18.75,"total":16.0},"Drug Testing":{"raw":1.0,"perc":6.25,"total":16.0},"Fasting":{"raw":1.0,"perc":6.25,"total":16.0},"Migraines":{"raw":1.0,"perc":6.25,"total":16.0}}},"AMT":{"Male":{"Sleep Deprivation":{"raw":2.0,"perc":33.333333333333329,"total":6.0},"Meditation":{"raw":1.0,"perc":16.666666666666664,"total":6.0},"Police / Customs":{"raw":2.0,"perc":33.333333333333329,"total":6.0},"Dreams":{"raw":1.0,"perc":16.666666666666664,"total":6.0}},"Female":{"Police / Customs":{"raw":2.0,"perc":100.0,"total":2.0}}},"4-AcO-DET":{"Male":{"Meditation":{"raw":1.0,"perc":50.0,"total":2.0},"Migraines":{"raw":1.0,"perc":50.0,"total":2.0}}},"Ketamine":{"Male":{"Police / Customs":{"raw":1.0,"perc":16.666666666666664,"total":6.0},"OBE":{"raw":2.0,"perc":33.333333333333329,"total":6.0},"Conferences":{"raw":1.0,"perc":16.666666666666664,"total":6.0},"Mindfulness":{"raw":1.0,"perc":16.666666666666664,"total":6.0},"Meditation":{"raw":1.0,"perc":16.666666666666664,"total":6.0}}},"NMDA Antagonists":{"Male":{"Police / Customs":{"raw":1.0,"perc":16.666666666666664,"total":6.0},"OBE":{"raw":2.0,"perc":33.333333333333329,"total":6.0},"Conferences":{"raw":1.0,"perc":16.666666666666664,"total":6.0},"Mindfulness":{"raw":1.0,"perc":16.666666666666664,"total":6.0},"Meditation":{"raw":1.0,"perc":16.666666666666664,"total":6.0}}},"Opium":{"Male":{"Police / Customs":{"raw":1.0,"perc":50.0,"total":2.0},"Meditation":{"raw":1.0,"perc":50.0,"total":2.0}}},"Thujone":{"Male":{"Meditation":{"raw":1.0,"perc":100.0,"total":1.0}}},"Unknown":{"Male":{"Floatation Tank":{"raw":1.0,"perc":33.333333333333329,"total":3.0},"Meditation":{"raw":1.0,"perc":33.333333333333329,"total":3.0},"Humor":{"raw":1.0,"perc":33.333333333333329,"total":3.0}}},"5-MeO-DiPT":{"Male":{"Migraines":{"raw":1.0,"perc":14.285714285714285,"total":7.0},"Dreams":{"raw":2.0,"perc":28.571428571428569,"total":7.0},"Police / Customs":{"raw":1.0,"perc":14.285714285714285,"total":7.0},"OBE":{"raw":1.0,"perc":14.285714285714285,"total":7.0},"Drug Testing":{"raw":1.0,"perc":14.285714285714285,"total":7.0},"Yoga / Bodywork":{"raw":1.0,"perc":14.285714285714285,"total":7.0}}},"Cacti":{"Male":{"Meditation":{"raw":2.0,"perc":40.0,"total":5.0},"Ritual":{"raw":1.0,"perc":20.0,"total":5.0},"Yoga / Bodywork":{"raw":1.0,"perc":20.0,"total":5.0},"Fasting":{"raw":1.0,"perc":20.0,"total":5.0}},"Female":{"Meditation":{"raw":1.0,"perc":33.333333333333329,"total":3.0},"Ritual":{"raw":1.0,"perc":33.333333333333329,"total":3.0},"Yoga / Bodywork":{"raw":1.0,"perc":33.333333333333329,"total":3.0}},"Not-Specified":{"Drug Testing":{"raw":1.0,"perc":100.0,"total":1.0}}},"Dimenhydrinate":{"Male":{"Police / Customs":{"raw":3.0,"perc":100.0,"total":3.0}}},"Adrafinil":{"Female":{"Drug Testing":{"raw":1.0,"perc":100.0,"total":1.0}}},"Morphine":{"Female":{"Drug Testing":{"raw":1.0,"perc":100.0,"total":1.0}}},"Heroin":{"Male":{"Police / Customs":{"raw":4.0,"perc":100.0,"total":4.0}}},"Capsicum spp.":{"Male":{"Meditation":{"raw":1.0,"perc":100.0,"total":1.0}}},"Hops":{"Male":{"Meditation":{"raw":1.0,"perc":33.333333333333329,"total":3.0},"Dreams":{"raw":2.0,"perc":66.666666666666657,"total":3.0}}},"Lecithin":{"Male":{"Meditation":{"raw":1.0,"perc":100.0,"total":1.0}}},"Pharms - Oxycodone":{"Male":{"Meditation":{"raw":2.0,"perc":20.0,"total":10.0},"Drug Testing":{"raw":6.0,"perc":60.0,"total":10.0},"Police / Customs":{"raw":1.0,"perc":10.0,"total":10.0},"Endogenous":{"raw":1.0,"perc":10.0,"total":10.0}}},"Skullcap":{"Male":{"Meditation":{"raw":1.0,"perc":50.0,"total":2.0},"Dreams":{"raw":1.0,"perc":50.0,"total":2.0}}},"Inhalants":{"Male":{"Police / Customs":{"raw":1.0,"perc":50.0,"total":2.0},"OBE":{"raw":1.0,"perc":50.0,"total":2.0}}},"Pharms - Venlafaxine":{"Not-Specified":{"Endogenous":{"raw":1.0,"perc":100.0,"total":1.0}},"Male":{"Dreams":{"raw":2.0,"perc":50.0,"total":4.0},"Meditation":{"raw":1.0,"perc":25.0,"total":4.0},"Drug Testing":{"raw":1.0,"perc":25.0,"total":4.0}},"Female":{"Dreams":{"raw":1.0,"perc":100.0,"total":1.0}}},"5-MeO-DMT":{"Male":{"Ritual":{"raw":1.0,"perc":12.5,"total":8.0},"Meditation":{"raw":2.0,"perc":25.0,"total":8.0},"Dreams":{"raw":2.0,"perc":25.0,"total":8.0},"Police / Customs":{"raw":3.0,"perc":37.5,"total":8.0}},"Female":{"Breathing":{"raw":1.0,"perc":100.0,"total":1.0}}},"2C-T-7":{"Male":{"Migraines":{"raw":1.0,"perc":50.0,"total":2.0},"Police / Customs":{"raw":1.0,"perc":50.0,"total":2.0}}},"Banisteriopsis caapi":{"Male":{"Police / Customs":{"raw":2.0,"perc":18.181818181818183,"total":11.0},"Dreams":{"raw":2.0,"perc":18.181818181818183,"total":11.0},"Ritual":{"raw":7.0,"perc":63.636363636363633,"total":11.0}},"Female":{"Mindfulness":{"raw":1.0,"perc":100.0,"total":1.0}}},"Mimosa spp.":{"Male":{"Dreams":{"raw":1.0,"perc":50.0,"total":2.0},"Yoga / Bodywork":{"raw":1.0,"perc":50.0,"total":2.0}}},"Ginkgo biloba":{"Male":{"Migraines":{"raw":1.0,"perc":100.0,"total":1.0}},"Female":{"Dreams":{"raw":1.0,"perc":100.0,"total":1.0}}},"PMA":{"Not-Specified":{"OBE":{"raw":1.0,"perc":100.0,"total":1.0}}},"Anadenanthera spp.":{"Male":{"OBE":{"raw":1.0,"perc":50.0,"total":2.0},"Ritual":{"raw":1.0,"perc":50.0,"total":2.0}}},"Mugwort":{"Male":{"Dreams":{"raw":10.0,"perc":90.9090909090909,"total":11.0},"Meditation":{"raw":1.0,"perc":9.0909090909090917,"total":11.0}},"Female":{"Meditation":{"raw":1.0,"perc":33.333333333333329,"total":3.0},"Dreams":{"raw":2.0,"perc":66.666666666666657,"total":3.0}},"Not-Specified":{"Dreams":{"raw":1.0,"perc":100.0,"total":1.0}}},"Benzodiazepines":{"Not-Specified":{"Police / Customs":{"raw":1.0,"perc":100.0,"total":1.0}},"Female":{"Police / Customs":{"raw":1.0,"perc":50.0,"total":2.0},"Drug Testing":{"raw":1.0,"perc":50.0,"total":2.0}},"Male":{"Police / Customs":{"raw":2.0,"perc":33.333333333333329,"total":6.0},"Sleep Deprivation":{"raw":1.0,"perc":16.666666666666664,"total":6.0},"Drug Testing":{"raw":1.0,"perc":16.666666666666664,"total":6.0},"Dreams":{"raw":1.0,"perc":16.666666666666664,"total":6.0},"Endogenous":{"raw":1.0,"perc":16.666666666666664,"total":6.0}}},"Pharms - Alprazolam":{"Not-Specified":{"Police / Customs":{"raw":1.0,"perc":100.0,"total":1.0}},"Female":{"Police / Customs":{"raw":1.0,"perc":100.0,"total":1.0}},"Male":{"Police / Customs":{"raw":2.0,"perc":66.666666666666657,"total":3.0},"Dreams":{"raw":1.0,"perc":33.333333333333329,"total":3.0}}},"H.B. Woodrose":{"Male":{"Ritual":{"raw":1.0,"perc":20.0,"total":5.0},"Devices":{"raw":1.0,"perc":20.0,"total":5.0},"Devices - Mind Machine":{"raw":1.0,"perc":20.0,"total":5.0},"Sleep Deprivation":{"raw":1.0,"perc":20.0,"total":5.0},"Migraines":{"raw":1.0,"perc":20.0,"total":5.0}}},"Modafinil":{"Male":{"Sleep Deprivation":{"raw":4.0,"perc":80.0,"total":5.0},"OBE":{"raw":1.0,"perc":20.0,"total":5.0}}},"2C-I":{"Male":{"Drug Testing":{"raw":1.0,"perc":12.5,"total":8.0},"Dreams":{"raw":1.0,"perc":12.5,"total":8.0},"Devices":{"raw":1.0,"perc":12.5,"total":8.0},"Devices - Mind Machine":{"raw":1.0,"perc":12.5,"total":8.0},"Sleep Deprivation":{"raw":1.0,"perc":12.5,"total":8.0},"OBE":{"raw":2.0,"perc":25.0,"total":8.0},"Meditation":{"raw":1.0,"perc":12.5,"total":8.0}},"Not-Specified":{"Drug Testing":{"raw":1.0,"perc":100.0,"total":1.0}},"Female":{"Dreams":{"raw":1.0,"perc":50.0,"total":2.0},"Meditation":{"raw":1.0,"perc":50.0,"total":2.0}}},"Chlorpheniramine Maleate":{"Male":{"Drug Testing":{"raw":1.0,"perc":50.0,"total":2.0},"Police / Customs":{"raw":1.0,"perc":50.0,"total":2.0}}},"Methadone":{"Male":{"Drug Testing":{"raw":1.0,"perc":100.0,"total":1.0}}},"Pharms - Quetiapine":{"Male":{"Devices":{"raw":1.0,"perc":50.0,"total":2.0},"Devices - Mind Machine":{"raw":1.0,"perc":50.0,"total":2.0}}},"Amphetamines":{"Male":{"Sleep Deprivation":{"raw":12.0,"perc":75.0,"total":16.0},"Breathing":{"raw":1.0,"perc":6.25,"total":16.0},"Hyperventilation":{"raw":1.0,"perc":6.25,"total":16.0},"Drug Testing":{"raw":1.0,"perc":6.25,"total":16.0},"Meditation":{"raw":1.0,"perc":6.25,"total":16.0}},"Not-Specified":{"Drug Testing":{"raw":1.0,"perc":100.0,"total":1.0}},"Female":{"OBE":{"raw":1.0,"perc":100.0,"total":1.0}}},"Damiana":{"Not-Specified":{"Dreams":{"raw":1.0,"perc":100.0,"total":1.0}},"Female":{"Dreams":{"raw":1.0,"perc":50.0,"total":2.0},"Meditation":{"raw":1.0,"perc":50.0,"total":2.0}},"Male":{"Meditation":{"raw":1.0,"perc":100.0,"total":1.0}}},"Hydromorphone":{"Male":{"Dreams":{"raw":2.0,"perc":50.0,"total":4.0},"Drug Testing":{"raw":2.0,"perc":50.0,"total":4.0}}},"Heimia salicifolia":{"Male":{"Dreams":{"raw":4.0,"perc":100.0,"total":4.0}}},"Pharms - Paroxetine":{"Male":{"Dreams":{"raw":3.0,"perc":100.0,"total":3.0}}},"Pharms - Corticosteroid":{"Male":{"Sleep Deprivation":{"raw":1.0,"perc":100.0,"total":1.0}}},"Pharms - Prednisone":{"Male":{"Sleep Deprivation":{"raw":1.0,"perc":100.0,"total":1.0}}},"Pharms - Tramadol":{"Male":{"Dreams":{"raw":1.0,"perc":100.0,"total":1.0}}},"Mandrake":{"Male":{"Dreams":{"raw":1.0,"perc":100.0,"total":1.0}}},"GHB":{"Male":{"Devices":{"raw":1.0,"perc":33.333333333333329,"total":3.0},"Devices - Mind Machine":{"raw":1.0,"perc":33.333333333333329,"total":3.0},"Sleep Deprivation":{"raw":1.0,"perc":33.333333333333329,"total":3.0}}},"Amanitas":{"Male":{"Ritual":{"raw":1.0,"perc":16.666666666666664,"total":6.0},"Meditation":{"raw":2.0,"perc":33.333333333333329,"total":6.0},"Sleep Deprivation":{"raw":1.0,"perc":16.666666666666664,"total":6.0},"Dreams":{"raw":1.0,"perc":16.666666666666664,"total":6.0},"Sweating":{"raw":1.0,"perc":16.666666666666664,"total":6.0}}},"DMT":{"Male":{"Dreams":{"raw":2.0,"perc":33.333333333333329,"total":6.0},"Breathing":{"raw":2.0,"perc":33.333333333333329,"total":6.0},"Hyperventilation":{"raw":1.0,"perc":16.666666666666664,"total":6.0},"Meditation":{"raw":1.0,"perc":16.666666666666664,"total":6.0}},"Female":{"Mindfulness":{"raw":1.0,"perc":100.0,"total":1.0}}},"4-AcO-MiPT":{"Male":{"Breathing":{"raw":1.0,"perc":100.0,"total":1.0}}},"Pharms - Zaleplon":{"Male":{"Dreams":{"raw":1.0,"perc":100.0,"total":1.0}},"Not-Specified":{"Meditation":{"raw":1.0,"perc":100.0,"total":1.0}}},"DMAE":{"Not-Specified":{"Dreams":{"raw":1.0,"perc":100.0,"total":1.0}},"Male":{"Dreams":{"raw":2.0,"perc":66.666666666666657,"total":3.0},"Sleep Deprivation":{"raw":1.0,"perc":33.333333333333329,"total":3.0}}},"Pharms - Butorphanol":{"Male":{"Dreams":{"raw":1.0,"perc":100.0,"total":1.0}}},"Catnip":{"Male":{"Dreams":{"raw":2.0,"perc":66.666666666666657,"total":3.0},"Sleep Deprivation":{"raw":1.0,"perc":33.333333333333329,"total":3.0}}},"Pharms - Promethazine":{"Male":{"Dreams":{"raw":1.0,"perc":100.0,"total":1.0}}},"Kratom":{"Male":{"Meditation":{"raw":2.0,"perc":100.0,"total":2.0}},"Not-Specified":{"Police / Customs":{"raw":1.0,"perc":100.0,"total":1.0}},"Female":{"Dreams":{"raw":1.0,"perc":100.0,"total":1.0}}},"Lotus/Lily":{"Male":{"OBE":{"raw":1.0,"perc":100.0,"total":1.0}},"Female":{"Meditation":{"raw":1.0,"perc":100.0,"total":1.0}}},"Pharms - Lorazepam":{"Male":{"Sleep Deprivation":{"raw":1.0,"perc":100.0,"total":1.0}}},"Absinthe":{"Male":{"Devices":{"raw":1.0,"perc":50.0,"total":2.0},"Devices - Mind Machine":{"raw":1.0,"perc":50.0,"total":2.0}}},"Pharms - Amitriptyline":{"Female":{"Dreams":{"raw":1.0,"perc":50.0,"total":2.0},"OBE":{"raw":1.0,"perc":50.0,"total":2.0}}},"Codeine":{"Male":{"OBE":{"raw":1.0,"perc":50.0,"total":2.0},"Dreams":{"raw":1.0,"perc":50.0,"total":2.0}},"Female":{"Conferences":{"raw":1.0,"perc":100.0,"total":1.0}}},"Pharms - Carisoprodol":{"Not-Specified":{"Migraines":{"raw":1.0,"perc":100.0,"total":1.0}}},"Lobelia spp.":{"Male":{"Meditation":{"raw":1.0,"perc":100.0,"total":1.0}}},"Vinpocetine":{"Male":{"Sleep Deprivation":{"raw":1.0,"perc":100.0,"total":1.0}}},"Mescaline":{"Male":{"OBE":{"raw":1.0,"perc":33.333333333333329,"total":3.0},"Meditation":{"raw":1.0,"perc":33.333333333333329,"total":3.0},"Police / Customs":{"raw":1.0,"perc":33.333333333333329,"total":3.0}},"Not-Specified":{"Drug Testing":{"raw":1.0,"perc":100.0,"total":1.0}}},"Pharms - Zolpidem":{"Male":{"Police / Customs":{"raw":2.0,"perc":66.666666666666657,"total":3.0},"Drug Testing":{"raw":1.0,"perc":33.333333333333329,"total":3.0}},"Female":{"Police / Customs":{"raw":1.0,"perc":50.0,"total":2.0},"Drug Testing":{"raw":1.0,"perc":50.0,"total":2.0}}},"Pharms - Escitalopram":{"Male":{"OBE":{"raw":1.0,"perc":50.0,"total":2.0},"Dreams":{"raw":1.0,"perc":50.0,"total":2.0}}},"Pharms - Mefloquine":{"Male":{"Dreams":{"raw":1.0,"perc":100.0,"total":1.0}}},"Coleus":{"Male":{"Dreams":{"raw":5.0,"perc":100.0,"total":5.0}}},"Yerba Mate":{"Male":{"Meditation":{"raw":1.0,"perc":50.0,"total":2.0},"Yoga / Bodywork":{"raw":1.0,"perc":50.0,"total":2.0}}},"Pharms - Lithium":{"Male":{"Police / Customs":{"raw":1.0,"perc":100.0,"total":1.0}}},"2C-E":{"Male":{"Floatation Tank":{"raw":1.0,"perc":16.666666666666664,"total":6.0},"Meditation":{"raw":1.0,"perc":16.666666666666664,"total":6.0},"Drug Testing":{"raw":1.0,"perc":16.666666666666664,"total":6.0},"Police / Customs":{"raw":2.0,"perc":33.333333333333329,"total":6.0},"Yoga / Bodywork":{"raw":1.0,"perc":16.666666666666664,"total":6.0}}},"Pharms - Atomoxetine":{"Male":{"Dreams":{"raw":1.0,"perc":100.0,"total":1.0}}},"Pharms - Diazepam":{"Male":{"Police / Customs":{"raw":1.0,"perc":25.0,"total":4.0},"Sleep Deprivation":{"raw":1.0,"perc":25.0,"total":4.0},"Drug Testing":{"raw":1.0,"perc":25.0,"total":4.0},"Endogenous":{"raw":1.0,"perc":25.0,"total":4.0}}},"Calamus":{"Male":{"Dreams":{"raw":1.0,"perc":100.0,"total":1.0}}},"Brugmansia":{"Male":{"Police / Customs":{"raw":6.0,"perc":85.714285714285708,"total":7.0},"Dreams":{"raw":1.0,"perc":14.285714285714285,"total":7.0}}},"Pharms - Mirtazapine":{"Male":{"Dreams":{"raw":4.0,"perc":100.0,"total":4.0}},"Not-Specified":{"Dreams":{"raw":1.0,"perc":100.0,"total":1.0}}},"Voacanga africana":{"Male":{"Dreams":{"raw":1.0,"perc":100.0,"total":1.0}}},"Peyote":{"Male":{"Ritual":{"raw":1.0,"perc":50.0,"total":2.0},"Sweating":{"raw":1.0,"perc":50.0,"total":2.0}}},"Stipa robusta":{"Male":{"OBE":{"raw":1.0,"perc":100.0,"total":1.0}}},"Passion Flower":{"Male":{"Dreams":{"raw":5.0,"perc":62.5,"total":8.0},"Conferences":{"raw":1.0,"perc":12.5,"total":8.0},"Meditation":{"raw":1.0,"perc":12.5,"total":8.0},"Sweating":{"raw":1.0,"perc":12.5,"total":8.0}}},"Chamomile":{"Male":{"Conferences":{"raw":1.0,"perc":100.0,"total":1.0}}},"Pharms - Phenytoin":{"Male":{"Dreams":{"raw":1.0,"perc":50.0,"total":2.0},"Endogenous":{"raw":1.0,"perc":50.0,"total":2.0}}},"Pharms - Zopiclone":{"Male":{"Dreams":{"raw":2.0,"perc":100.0,"total":2.0}}},"Sceletium tortuosum":{"Male":{"Dreams":{"raw":1.0,"perc":100.0,"total":1.0}}},"2C-T-2":{"Male":{"Meditation":{"raw":1.0,"perc":50.0,"total":2.0},"OBE":{"raw":1.0,"perc":50.0,"total":2.0}}},"Wormwood":{"Male":{"Dreams":{"raw":2.0,"perc":100.0,"total":2.0}}},"Leonotis leonurus":{"Male":{"Meditation":{"raw":1.0,"perc":50.0,"total":2.0},"Dreams":{"raw":1.0,"perc":50.0,"total":2.0}}},"Pharms - Fluoxetine":{"Male":{"Dreams":{"raw":1.0,"perc":100.0,"total":1.0}}},"Vitamins - Niacin":{"Male":{"Drug Testing":{"raw":1.0,"perc":100.0,"total":1.0}}},"Scopolamine":{"Male":{"Police / Customs":{"raw":1.0,"perc":100.0,"total":1.0}}},"DOC":{"Male":{"Meditation":{"raw":1.0,"perc":50.0,"total":2.0},"Police / Customs":{"raw":1.0,"perc":50.0,"total":2.0}}},"LSA":{"Male":{"Ritual":{"raw":1.0,"perc":25.0,"total":4.0},"Yoga / Bodywork":{"raw":2.0,"perc":50.0,"total":4.0},"Sleep Deprivation":{"raw":1.0,"perc":25.0,"total":4.0}}},"Pharms - Propylhexedrine":{"Male":{"Sleep Deprivation":{"raw":1.0,"perc":100.0,"total":1.0}}},"Moclobemide":{"Male":{"Yoga / Bodywork":{"raw":1.0,"perc":100.0,"total":1.0}}},"Carbogen":{"Male":{"Breathing":{"raw":5.0,"perc":83.333333333333343,"total":6.0},"Hyperventilation":{"raw":1.0,"perc":16.666666666666664,"total":6.0}},"Female":{"Breathing":{"raw":1.0,"perc":100.0,"total":1.0}}},"DOM":{"Male":{"Dreams":{"raw":1.0,"perc":50.0,"total":2.0},"Fasting":{"raw":1.0,"perc":50.0,"total":2.0}}},"4-AcO-DiPT":{"Male":{"OBE":{"raw":1.0,"perc":100.0,"total":1.0}}},"4-HO-DiPT":{"Male":{"Dreams":{"raw":1.0,"perc":100.0,"total":1.0}}},"4-HO-DET":{"Male":{"Meditation":{"raw":1.0,"perc":100.0,"total":1.0}}},"Pharms - Clonidine":{"Male":{"Meditation":{"raw":1.0,"perc":100.0,"total":1.0}}},"Pharms - Fentanyl":{"Male":{"Migraines":{"raw":1.0,"perc":100.0,"total":1.0}}},"Piperazines - pFPP":{"Male":{"Meditation":{"raw":1.0,"perc":100.0,"total":1.0}}},"DET":{"Male":{"OBE":{"raw":1.0,"perc":100.0,"total":1.0}}},"Pharms - Buprenorphine":{"Male":{"Dreams":{"raw":1.0,"perc":100.0,"total":1.0}}},"DOB":{"Male":{"Sleep Deprivation":{"raw":1.0,"perc":100.0,"total":1.0}}},"Acetaminophen":{"Male":{"Music":{"raw":1.0,"perc":100.0,"total":1.0}}},"Acacia":{"Male":{"Breathing":{"raw":1.0,"perc":50.0,"total":2.0},"Hyperventilation":{"raw":1.0,"perc":50.0,"total":2.0}}},"2C-G-N":{"Not-Specified":{"Sleep Deprivation":{"raw":1.0,"perc":100.0,"total":1.0}}},"Naltrexone":{"Male":{"Dreams":{"raw":1.0,"perc":100.0,"total":1.0}}},"Pharms - Buspirone":{"Male":{"Drug Testing":{"raw":1.0,"perc":100.0,"total":1.0}}},"Pharms - Clonazepam":{"Male":{"Police / Customs":{"raw":1.0,"perc":50.0,"total":2.0},"Endogenous":{"raw":1.0,"perc":50.0,"total":2.0}}},"DOI":{"Male":{"Meditation":{"raw":1.0,"perc":100.0,"total":1.0}}},"Cheese - Blue":{"Male":{"Dreams":{"raw":1.0,"perc":50.0,"total":2.0},"Humor":{"raw":1.0,"perc":50.0,"total":2.0}},"Not-Specified":{"Dreams":{"raw":1.0,"perc":100.0,"total":1.0}}},"Silene capensis":{"Male":{"Dreams":{"raw":10.0,"perc":100.0,"total":10.0}},"Female":{"Dreams":{"raw":2.0,"perc":100.0,"total":2.0}},"Not-Specified":{"Dreams":{"raw":1.0,"perc":100.0,"total":1.0}}},"MDA":{"Male":{"Migraines":{"raw":1.0,"perc":100.0,"total":1.0}}},"Pharms - Aripiprazole":{"Male":{"Endogenous":{"raw":1.0,"perc":100.0,"total":1.0}}},"Methylone":{"Male":{"OBE":{"raw":1.0,"perc":33.333333333333329,"total":3.0},"Sleep Deprivation":{"raw":1.0,"perc":33.333333333333329,"total":3.0},"Breathing":{"raw":1.0,"perc":33.333333333333329,"total":3.0}}},"4-AcO-DMT":{"Male":{"Police / Customs":{"raw":1.0,"perc":50.0,"total":2.0},"Mindfulness":{"raw":1.0,"perc":50.0,"total":2.0}}},"Lisdexamfetamine":{"Male":{"Sleep Deprivation":{"raw":1.0,"perc":100.0,"total":1.0}}},"Turbina corymbosa":{"Male":{"Migraines":{"raw":1.0,"perc":100.0,"total":1.0}}},"MDPV":{"Male":{"Drug Testing":{"raw":1.0,"perc":50.0,"total":2.0},"Sleep Deprivation":{"raw":1.0,"perc":50.0,"total":2.0}}},"Pharms - Olanzapine":{"Female":{"Migraines":{"raw":1.0,"perc":100.0,"total":1.0}}},"4-Methylmethcathinone":{"Female":{"Sleep Deprivation":{"raw":2.0,"perc":100.0,"total":2.0}},"Male":{"Sleep Deprivation":{"raw":1.0,"perc":100.0,"total":1.0}}},"Cannabinoid Receptor Agonists":{"Male":{"Police / Customs":{"raw":1.0,"perc":50.0,"total":2.0},"Conferences":{"raw":1.0,"perc":50.0,"total":2.0}}},"JWH-018":{"Male":{"Police / Customs":{"raw":1.0,"perc":100.0,"total":1.0}}},"Pharms - Methylphenidate":{"Male":{"Sleep Deprivation":{"raw":1.0,"perc":100.0,"total":1.0}}},"5-MeO-DALT":{"Not-Specified":{"Sleep Deprivation":{"raw":1.0,"perc":100.0,"total":1.0}}},"2C-D":{"Male":{"Police / Customs":{"raw":1.0,"perc":100.0,"total":1.0}}},"AB-FUBINACA":{"Male":{"Drug Testing":{"raw":1.0,"perc":100.0,"total":1.0}}},"Products - Spice and Synthetic Cannabinoids":{"Male":{"Drug Testing":{"raw":1.0,"perc":100.0,"total":1.0}}},"4-MeO-PCP":{"Male":{"Sound (non-music)":{"raw":1.0,"perc":100.0,"total":1.0}}},"Products - Bath Salts, Plant Food, etc":{"Not-Specified":{"Sleep Deprivation":{"raw":1.0,"perc":100.0,"total":1.0}}},"Vitamins - Choline":{"Female":{"Dreams":{"raw":1.0,"perc":100.0,"total":1.0}}},"MDAI":{"Male":{"Chanting":{"raw":1.0,"perc":100.0,"total":1.0}}},"25I-NBOMe":{"Male":{"OBE":{"raw":1.0,"perc":100.0,"total":1.0}}},"NBOMe Series":{"Male":{"OBE":{"raw":1.0,"perc":100.0,"total":1.0}},"Female":{"Police / Customs":{"raw":1.0,"perc":100.0,"total":1.0}}},"Ibogaine":{"Male":{"Dreams":{"raw":1.0,"perc":100.0,"total":1.0}}},"Tabernanthe iboga":{"Male":{"Dreams":{"raw":1.0,"perc":50.0,"total":2.0},"Meditation":{"raw":1.0,"perc":50.0,"total":2.0}}},"Methoxphenidine":{"Male":{"OBE":{"raw":1.0,"perc":100.0,"total":1.0}}},"25C-NBOMe":{"Female":{"Police / Customs":{"raw":1.0,"perc":100.0,"total":1.0}}},"Entada rheedii":{"Not-Specified":{"Dreams":{"raw":1.0,"perc":100.0,"total":1.0}}},"Coca":{"Male":{"Police / Customs":{"raw":1.0,"perc":100.0,"total":1.0}}},"Oxygen":{"Male":{"Breathing":{"raw":1.0,"perc":50.0,"total":2.0},"Hyperventilation":{"raw":1.0,"perc":50.0,"total":2.0}}},"3F-Phenmetrazine":{"Male":{"Sleep Deprivation":{"raw":1.0,"perc":100.0,"total":1.0}}},"Prazosin":{"Male":{"Dreams":{"raw":1.0,"perc":100.0,"total":1.0}}}}