{"MDMA":{"Not-Specified":{"raw":140.0,"perc":8.9115213239974533,"total":1571.0},"Male":{"raw":1030.0,"perc":65.563335455124133,"total":1571.0},"Female":{"raw":401.0,"perc":25.525143220878419,"total":1571.0}},"Stimulants":{"Not-Specified":{"raw":163.0,"perc":7.92416140009723,"total":2057.0},"Male":{"raw":1407.0,"perc":68.400583373845407,"total":2057.0},"Female":{"raw":487.0,"perc":23.675255226057367,"total":2057.0}},"Mushrooms":{"Male":{"raw":1606.0,"perc":81.111111111111114,"total":1980.0},"Not-Specified":{"raw":132.0,"perc":6.666666666666667,"total":1980.0},"Female":{"raw":242.0,"perc":12.222222222222221,"total":1980.0}},"Opiates":{"Male":{"raw":539.0,"perc":78.801169590643269,"total":684.0},"Not-Specified":{"raw":43.0,"perc":6.2865497076023384,"total":684.0},"Female":{"raw":102.0,"perc":14.912280701754385,"total":684.0}},"Opium":{"Male":{"raw":50.0,"perc":78.125,"total":64.0},"Female":{"raw":7.0,"perc":10.9375,"total":64.0},"Not-Specified":{"raw":7.0,"perc":10.9375,"total":64.0}},"2C-T-7":{"Male":{"raw":194.0,"perc":81.171548117154813,"total":239.0},"Not-Specified":{"raw":22.0,"perc":9.2050209205020916,"total":239.0},"Female":{"raw":23.0,"perc":9.6234309623430967,"total":239.0}},"Phenethylamine":{"Male":{"raw":909.0,"perc":85.1123595505618,"total":1068.0},"Not-Specified":{"raw":54.0,"perc":5.0561797752808983,"total":1068.0},"Female":{"raw":105.0,"perc":9.8314606741573041,"total":1068.0}},"Morning Glory":{"Not-Specified":{"raw":49.0,"perc":10.103092783505154,"total":485.0},"Male":{"raw":398.0,"perc":82.061855670103085,"total":485.0},"Female":{"raw":38.0,"perc":7.8350515463917523,"total":485.0}},"LSD":{"Male":{"raw":1082.0,"perc":76.628895184135985,"total":1412.0},"Not-Specified":{"raw":117.0,"perc":8.2861189801699719,"total":1412.0},"Female":{"raw":213.0,"perc":15.08498583569405,"total":1412.0}},"Cannabis":{"Not-Specified":{"raw":120.0,"perc":6.32577754348972,"total":1897.0},"Male":{"raw":1517.0,"perc":79.968371112282554,"total":1897.0},"Female":{"raw":260.0,"perc":13.70585134422773,"total":1897.0}},"Salvia divinorum":{"Not-Specified":{"raw":116.0,"perc":6.937799043062201,"total":1672.0},"Male":{"raw":1458.0,"perc":87.200956937799049,"total":1672.0},"Female":{"raw":98.0,"perc":5.8612440191387556,"total":1672.0}},"Chlorpheniramine Maleate":{"Male":{"raw":36.0,"perc":56.25,"total":64.0},"Female":{"raw":19.0,"perc":29.6875,"total":64.0},"Not-Specified":{"raw":9.0,"perc":14.0625,"total":64.0}},"DXM":{"Male":{"raw":583.0,"perc":76.609724047306173,"total":761.0},"Not-Specified":{"raw":81.0,"perc":10.64388961892247,"total":761.0},"Female":{"raw":97.0,"perc":12.746386333771353,"total":761.0}},"Dimenhydrinate":{"Not-Specified":{"raw":26.0,"perc":12.380952380952381,"total":210.0},"Male":{"raw":154.0,"perc":73.333333333333329,"total":210.0},"Female":{"raw":30.0,"perc":14.285714285714285,"total":210.0}},"Cocaine":{"Female":{"raw":154.0,"perc":27.848101265822784,"total":553.0},"Male":{"raw":356.0,"perc":64.376130198915,"total":553.0},"Not-Specified":{"raw":43.0,"perc":7.7757685352622063,"total":553.0}},"Absinthe":{"Not-Specified":{"raw":10.0,"perc":9.00900900900901,"total":111.0},"Male":{"raw":86.0,"perc":77.477477477477478,"total":111.0},"Female":{"raw":15.0,"perc":13.513513513513514,"total":111.0}},"Belladonna":{"Male":{"raw":30.0,"perc":75.0,"total":40.0},"Not-Specified":{"raw":3.0,"perc":7.5,"total":40.0},"Female":{"raw":7.0,"perc":17.5,"total":40.0}},"AMT":{"Not-Specified":{"raw":15.0,"perc":5.1194539249146755,"total":293.0},"Male":{"raw":239.0,"perc":81.569965870307172,"total":293.0},"Female":{"raw":39.0,"perc":13.310580204778159,"total":293.0}},"Datura":{"Not-Specified":{"raw":22.0,"perc":7.1661237785016292,"total":307.0},"Male":{"raw":256.0,"perc":83.387622149837142,"total":307.0},"Female":{"raw":29.0,"perc":9.4462540716612384,"total":307.0}},"Alcohol":{"Male":{"raw":451.0,"perc":79.9645390070922,"total":564.0},"Not-Specified":{"raw":35.0,"perc":6.205673758865248,"total":564.0},"Female":{"raw":78.0,"perc":13.829787234042554,"total":564.0}},"Amanitas":{"Male":{"raw":181.0,"perc":84.186046511627907,"total":215.0},"Not-Specified":{"raw":22.0,"perc":10.232558139534884,"total":215.0},"Female":{"raw":12.0,"perc":5.5813953488372094,"total":215.0}},"Inhalants":{"Male":{"raw":149.0,"perc":79.679144385026731,"total":187.0},"Not-Specified":{"raw":18.0,"perc":9.62566844919786,"total":187.0},"Female":{"raw":20.0,"perc":10.695187165775401,"total":187.0}},"Ephedrine":{"Not-Specified":{"raw":5.0,"perc":6.666666666666667,"total":75.0},"Male":{"raw":57.0,"perc":76.0,"total":75.0},"Female":{"raw":13.0,"perc":17.333333333333336,"total":75.0}},"Ether":{"Not-Specified":{"raw":8.0,"perc":13.793103448275861,"total":58.0},"Male":{"raw":48.0,"perc":82.758620689655174,"total":58.0},"Female":{"raw":2.0,"perc":3.4482758620689653,"total":58.0}},"Various":{"Not-Specified":{"raw":253.0,"perc":7.4829931972789119,"total":3381.0},"Male":{"raw":2593.0,"perc":76.6932860100562,"total":3381.0},"Female":{"raw":535.0,"perc":15.823720792664892,"total":3381.0}},"GHB":{"Female":{"raw":35.0,"perc":18.918918918918919,"total":185.0},"Not-Specified":{"raw":23.0,"perc":12.432432432432433,"total":185.0},"Male":{"raw":127.0,"perc":68.648648648648646,"total":185.0}},"GBL":{"Not-Specified":{"raw":8.0,"perc":10.666666666666668,"total":75.0},"Male":{"raw":63.0,"perc":84.0,"total":75.0},"Female":{"raw":4.0,"perc":5.3333333333333339,"total":75.0}},"Nitrous Oxide":{"Male":{"raw":223.0,"perc":75.850340136054413,"total":294.0},"Not-Specified":{"raw":31.0,"perc":10.544217687074831,"total":294.0},"Female":{"raw":40.0,"perc":13.605442176870749,"total":294.0}},"Pharms - Zolpidem":{"Not-Specified":{"raw":11.0,"perc":5.4455445544554459,"total":202.0},"Male":{"raw":154.0,"perc":76.237623762376245,"total":202.0},"Female":{"raw":37.0,"perc":18.316831683168317,"total":202.0}},"Harmala Alkaloids":{"Not-Specified":{"raw":27.0,"perc":5.5900621118012426,"total":483.0},"Male":{"raw":437.0,"perc":90.476190476190482,"total":483.0},"Female":{"raw":19.0,"perc":3.9337474120082816,"total":483.0}},"Syrian Rue":{"Not-Specified":{"raw":22.0,"perc":6.4896755162241888,"total":339.0},"Male":{"raw":305.0,"perc":89.970501474926252,"total":339.0},"Female":{"raw":12.0,"perc":3.5398230088495577,"total":339.0}},"Nutmeg":{"Not-Specified":{"raw":47.0,"perc":15.359477124183007,"total":306.0},"Male":{"raw":224.0,"perc":73.202614379084963,"total":306.0},"Female":{"raw":35.0,"perc":11.437908496732026,"total":306.0}},"2C-B":{"Male":{"raw":219.0,"perc":81.412639405204459,"total":269.0},"Not-Specified":{"raw":15.0,"perc":5.5762081784386615,"total":269.0},"Female":{"raw":35.0,"perc":13.011152416356877,"total":269.0}},"Ketamine":{"Not-Specified":{"raw":25.0,"perc":7.02247191011236,"total":356.0},"Female":{"raw":56.0,"perc":15.730337078651685,"total":356.0},"Male":{"raw":275.0,"perc":77.247191011235955,"total":356.0}},"NMDA Antagonists":{"Not-Specified":{"raw":25.0,"perc":6.887052341597796,"total":363.0},"Female":{"raw":56.0,"perc":15.426997245179063,"total":363.0},"Male":{"raw":282.0,"perc":77.685950413223139,"total":363.0}},"Heroin":{"Not-Specified":{"raw":11.0,"perc":4.7413793103448274,"total":232.0},"Male":{"raw":177.0,"perc":76.293103448275872,"total":232.0},"Female":{"raw":44.0,"perc":18.96551724137931,"total":232.0}},"Cacti":{"Not-Specified":{"raw":15.0,"perc":5.0335570469798654,"total":298.0},"Male":{"raw":267.0,"perc":89.597315436241615,"total":298.0},"Female":{"raw":16.0,"perc":5.3691275167785237,"total":298.0}},"Codeine":{"Female":{"raw":23.0,"perc":12.568306010928962,"total":183.0},"Not-Specified":{"raw":13.0,"perc":7.1038251366120218,"total":183.0},"Male":{"raw":147.0,"perc":80.327868852459019,"total":183.0}},"DPT":{"Not-Specified":{"raw":7.0,"perc":3.225806451612903,"total":217.0},"Male":{"raw":196.0,"perc":90.322580645161281,"total":217.0},"Female":{"raw":14.0,"perc":6.4516129032258061,"total":217.0}},"DMT":{"Male":{"raw":331.0,"perc":82.75,"total":400.0},"Female":{"raw":43.0,"perc":10.75,"total":400.0},"Not-Specified":{"raw":26.0,"perc":6.5,"total":400.0}},"Valerian":{"Not-Specified":{"raw":10.0,"perc":10.204081632653061,"total":98.0},"Female":{"raw":8.0,"perc":8.16326530612245,"total":98.0},"Male":{"raw":80.0,"perc":81.632653061224488,"total":98.0}},"H.B. Woodrose":{"Male":{"raw":282.0,"perc":84.4311377245509,"total":334.0},"Not-Specified":{"raw":23.0,"perc":6.88622754491018,"total":334.0},"Female":{"raw":29.0,"perc":8.682634730538922,"total":334.0}},"1,4-Butanediol":{"Not-Specified":{"raw":7.0,"perc":11.29032258064516,"total":62.0},"Female":{"raw":8.0,"perc":12.903225806451612,"total":62.0},"Male":{"raw":47.0,"perc":75.806451612903231,"total":62.0}},"Mandrake":{"Not-Specified":{"raw":3.0,"perc":17.647058823529413,"total":17.0},"Male":{"raw":13.0,"perc":76.470588235294116,"total":17.0},"Female":{"raw":1.0,"perc":5.88235294117647,"total":17.0}},"5-MeO-DiPT":{"Not-Specified":{"raw":30.0,"perc":9.2307692307692317,"total":325.0},"Female":{"raw":36.0,"perc":11.076923076923077,"total":325.0},"Male":{"raw":259.0,"perc":79.6923076923077,"total":325.0}},"MDA":{"Not-Specified":{"raw":6.0,"perc":7.1428571428571423,"total":84.0},"Male":{"raw":69.0,"perc":82.142857142857139,"total":84.0},"Female":{"raw":9.0,"perc":10.714285714285714,"total":84.0}},"Catnip":{"Not-Specified":{"raw":5.0,"perc":5.8139534883720927,"total":86.0},"Male":{"raw":72.0,"perc":83.720930232558146,"total":86.0},"Female":{"raw":9.0,"perc":10.465116279069768,"total":86.0}},"Amphetamines":{"Female":{"raw":90.0,"perc":19.650655021834059,"total":458.0},"Not-Specified":{"raw":19.0,"perc":4.1484716157205241,"total":458.0},"Male":{"raw":349.0,"perc":76.2008733624454,"total":458.0}},"Anadenanthera spp.":{"Not-Specified":{"raw":9.0,"perc":7.3770491803278686,"total":122.0},"Male":{"raw":110.0,"perc":90.1639344262295,"total":122.0},"Female":{"raw":3.0,"perc":2.459016393442623,"total":122.0}},"Wormwood":{"Not-Specified":{"raw":10.0,"perc":11.111111111111111,"total":90.0},"Male":{"raw":75.0,"perc":83.333333333333343,"total":90.0},"Female":{"raw":5.0,"perc":5.5555555555555554,"total":90.0}},"Diphenhydramine":{"Not-Specified":{"raw":9.0,"perc":3.3457249070631967,"total":269.0},"Male":{"raw":216.0,"perc":80.297397769516735,"total":269.0},"Female":{"raw":44.0,"perc":16.356877323420075,"total":269.0}},"Methamphetamine":{"Not-Specified":{"raw":19.0,"perc":5.1912568306010929,"total":366.0},"Female":{"raw":126.0,"perc":34.42622950819672,"total":366.0},"Male":{"raw":221.0,"perc":60.382513661202189,"total":366.0}},"Desmanthus illinoensis":{"Male":{"raw":3.0,"perc":100.0,"total":3.0}},"Melatonin":{"Not-Specified":{"raw":5.0,"perc":4.5871559633027523,"total":109.0},"Male":{"raw":91.0,"perc":83.4862385321101,"total":109.0},"Female":{"raw":13.0,"perc":11.926605504587156,"total":109.0}},"Vitamin B-6":{"Not-Specified":{"raw":2.0,"perc":8.3333333333333321,"total":24.0},"Male":{"raw":21.0,"perc":87.5,"total":24.0},"Female":{"raw":1.0,"perc":4.1666666666666661,"total":24.0}},"Cathinone":{"Not-Specified":{"raw":1.0,"perc":25.0,"total":4.0},"Male":{"raw":2.0,"perc":50.0,"total":4.0},"Female":{"raw":1.0,"perc":25.0,"total":4.0}},"Leonotis leonurus":{"Not-Specified":{"raw":10.0,"perc":13.513513513513514,"total":74.0},"Male":{"raw":60.0,"perc":81.081081081081081,"total":74.0},"Female":{"raw":4.0,"perc":5.4054054054054053,"total":74.0}},"Pharmaceuticals":{"Male":{"raw":492.0,"perc":73.432835820895519,"total":670.0},"Not-Specified":{"raw":23.0,"perc":3.4328358208955225,"total":670.0},"Female":{"raw":155.0,"perc":23.134328358208954,"total":670.0}},"Pharms - Gabapentin":{"Male":{"raw":84.0,"perc":79.245283018867923,"total":106.0},"Female":{"raw":18.0,"perc":16.9811320754717,"total":106.0},"Not-Specified":{"raw":4.0,"perc":3.7735849056603774,"total":106.0}},"Pharms - Lorazepam":{"Male":{"raw":47.0,"perc":81.034482758620683,"total":58.0},"Not-Specified":{"raw":2.0,"perc":3.4482758620689653,"total":58.0},"Female":{"raw":9.0,"perc":15.517241379310345,"total":58.0}},"Voacanga africana":{"Not-Specified":{"raw":3.0,"perc":12.5,"total":24.0},"Male":{"raw":19.0,"perc":79.166666666666657,"total":24.0},"Female":{"raw":2.0,"perc":8.3333333333333321,"total":24.0}},"4-HO-DiPT":{"Not-Specified":{"raw":4.0,"perc":7.0175438596491224,"total":57.0},"Male":{"raw":50.0,"perc":87.719298245614027,"total":57.0},"Female":{"raw":3.0,"perc":5.2631578947368416,"total":57.0}},"Caffeine":{"Female":{"raw":31.0,"perc":13.247863247863249,"total":234.0},"Not-Specified":{"raw":21.0,"perc":8.9743589743589745,"total":234.0},"Male":{"raw":182.0,"perc":77.777777777777786,"total":234.0}},"Peyote":{"Male":{"raw":32.0,"perc":88.888888888888886,"total":36.0},"Female":{"raw":2.0,"perc":5.5555555555555554,"total":36.0},"Not-Specified":{"raw":2.0,"perc":5.5555555555555554,"total":36.0}},"Betel Nut":{"Not-Specified":{"raw":4.0,"perc":13.793103448275861,"total":29.0},"Male":{"raw":24.0,"perc":82.758620689655174,"total":29.0},"Female":{"raw":1.0,"perc":3.4482758620689653,"total":29.0}},"Mescaline":{"Not-Specified":{"raw":3.0,"perc":5.2631578947368416,"total":57.0},"Male":{"raw":50.0,"perc":87.719298245614027,"total":57.0},"Female":{"raw":4.0,"perc":7.0175438596491224,"total":57.0}},"Brugmansia":{"Not-Specified":{"raw":6.0,"perc":6.9767441860465116,"total":86.0},"Male":{"raw":72.0,"perc":83.720930232558146,"total":86.0},"Female":{"raw":8.0,"perc":9.30232558139535,"total":86.0}},"Pharms - Sertraline":{"Not-Specified":{"raw":2.0,"perc":2.5974025974025974,"total":77.0},"Female":{"raw":24.0,"perc":31.168831168831169,"total":77.0},"Male":{"raw":51.0,"perc":66.233766233766232,"total":77.0}},"SSRIs":{"Not-Specified":{"raw":8.0,"perc":2.3323615160349855,"total":343.0},"Female":{"raw":88.0,"perc":25.655976676384839,"total":343.0},"Male":{"raw":247.0,"perc":72.011661807580168,"total":343.0}},"Tobacco":{"Not-Specified":{"raw":11.0,"perc":7.5342465753424657,"total":146.0},"Male":{"raw":127.0,"perc":86.986301369863014,"total":146.0},"Female":{"raw":8.0,"perc":5.47945205479452,"total":146.0}},"TMA-2":{"Not-Specified":{"raw":4.0,"perc":13.793103448275861,"total":29.0},"Male":{"raw":22.0,"perc":75.862068965517238,"total":29.0},"Female":{"raw":3.0,"perc":10.344827586206897,"total":29.0}},"Inhalants - Nitrites":{"Not-Specified":{"raw":3.0,"perc":9.67741935483871,"total":31.0},"Male":{"raw":25.0,"perc":80.645161290322577,"total":31.0},"Female":{"raw":3.0,"perc":9.67741935483871,"total":31.0}},"Hydrocodone":{"Not-Specified":{"raw":10.0,"perc":4.329004329004329,"total":231.0},"Male":{"raw":181.0,"perc":78.354978354978357,"total":231.0},"Female":{"raw":40.0,"perc":17.316017316017316,"total":231.0}},"Opioids":{"Not-Specified":{"raw":22.0,"perc":3.2884902840059791,"total":669.0},"Male":{"raw":540.0,"perc":80.717488789237663,"total":669.0},"Female":{"raw":107.0,"perc":15.994020926756352,"total":669.0}},"5-MeO-DMT":{"Not-Specified":{"raw":20.0,"perc":5.8651026392961878,"total":341.0},"Female":{"raw":30.0,"perc":8.7976539589442826,"total":341.0},"Male":{"raw":291.0,"perc":85.337243401759537,"total":341.0}},"Pharms - Methylphenidate":{"Male":{"raw":128.0,"perc":81.528662420382176,"total":157.0},"Female":{"raw":24.0,"perc":15.286624203821656,"total":157.0},"Not-Specified":{"raw":5.0,"perc":3.1847133757961785,"total":157.0}},"Guarana":{"Not-Specified":{"raw":3.0,"perc":16.666666666666664,"total":18.0},"Male":{"raw":15.0,"perc":83.333333333333343,"total":18.0}},"Ayahuasca":{"Not-Specified":{"raw":11.0,"perc":5.0,"total":220.0},"Male":{"raw":175.0,"perc":79.545454545454547,"total":220.0},"Female":{"raw":34.0,"perc":15.454545454545453,"total":220.0}},"DiPT":{"Not-Specified":{"raw":3.0,"perc":4.3478260869565215,"total":69.0},"Male":{"raw":62.0,"perc":89.85507246376811,"total":69.0},"Female":{"raw":4.0,"perc":5.7971014492753623,"total":69.0}},"Pharms - Meclizine":{"Not-Specified":{"raw":1.0,"perc":11.111111111111111,"total":9.0},"Male":{"raw":6.0,"perc":66.666666666666657,"total":9.0},"Female":{"raw":2.0,"perc":22.222222222222221,"total":9.0}},"Mimosa spp.":{"Not-Specified":{"raw":7.0,"perc":4.57516339869281,"total":153.0},"Male":{"raw":138.0,"perc":90.196078431372555,"total":153.0},"Female":{"raw":8.0,"perc":5.2287581699346406,"total":153.0}},"PCP":{"Not-Specified":{"raw":2.0,"perc":2.3529411764705883,"total":85.0},"Male":{"raw":67.0,"perc":78.82352941176471,"total":85.0},"Female":{"raw":16.0,"perc":18.823529411764707,"total":85.0}},"Piperazines":{"Not-Specified":{"raw":6.0,"perc":5.5555555555555554,"total":108.0},"Male":{"raw":91.0,"perc":84.259259259259252,"total":108.0},"Female":{"raw":11.0,"perc":10.185185185185185,"total":108.0}},"Animals":{"Not-Specified":{"raw":1.0,"perc":4.3478260869565215,"total":23.0},"Male":{"raw":22.0,"perc":95.652173913043484,"total":23.0}},"Bufotenin":{"Not-Specified":{"raw":2.0,"perc":25.0,"total":8.0},"Male":{"raw":6.0,"perc":75.0,"total":8.0}},"Toad Venom":{"Not-Specified":{"raw":1.0,"perc":5.5555555555555554,"total":18.0},"Male":{"raw":17.0,"perc":94.444444444444443,"total":18.0}},"Damiana":{"Male":{"raw":66.0,"perc":75.0,"total":88.0},"Female":{"raw":12.0,"perc":13.636363636363635,"total":88.0},"Not-Specified":{"raw":10.0,"perc":11.363636363636363,"total":88.0}},"Pharms - Oxycodone":{"Not-Specified":{"raw":7.0,"perc":2.7559055118110236,"total":254.0},"Male":{"raw":209.0,"perc":82.283464566929126,"total":254.0},"Female":{"raw":38.0,"perc":14.960629921259844,"total":254.0}},"2C-T-2":{"Male":{"raw":153.0,"perc":91.071428571428569,"total":168.0},"Female":{"raw":10.0,"perc":5.9523809523809517,"total":168.0},"Not-Specified":{"raw":5.0,"perc":2.9761904761904758,"total":168.0}},"LSA":{"Not-Specified":{"raw":2.0,"perc":12.5,"total":16.0},"Male":{"raw":14.0,"perc":87.5,"total":16.0}},"Benzodiazepines":{"Not-Specified":{"raw":9.0,"perc":3.169014084507042,"total":284.0},"Male":{"raw":223.0,"perc":78.521126760563376,"total":284.0},"Female":{"raw":52.0,"perc":18.30985915492958,"total":284.0}},"Pharms - Alprazolam":{"Not-Specified":{"raw":7.0,"perc":4.2168674698795181,"total":166.0},"Male":{"raw":124.0,"perc":74.698795180722882,"total":166.0},"Female":{"raw":35.0,"perc":21.084337349397593,"total":166.0}},"Pharms - Diazepam":{"Not-Specified":{"raw":2.0,"perc":2.1505376344086025,"total":93.0},"Male":{"raw":78.0,"perc":83.870967741935488,"total":93.0},"Female":{"raw":13.0,"perc":13.978494623655912,"total":93.0}},"Kava":{"Not-Specified":{"raw":11.0,"perc":5.7894736842105265,"total":190.0},"Male":{"raw":169.0,"perc":88.94736842105263,"total":190.0},"Female":{"raw":10.0,"perc":5.2631578947368416,"total":190.0}},"Pharms - Phenelzine":{"Not-Specified":{"raw":2.0,"perc":66.666666666666657,"total":3.0},"Male":{"raw":1.0,"perc":33.333333333333329,"total":3.0}},"DOB":{"Male":{"raw":44.0,"perc":83.018867924528308,"total":53.0},"Not-Specified":{"raw":2.0,"perc":3.7735849056603774,"total":53.0},"Female":{"raw":7.0,"perc":13.20754716981132,"total":53.0}},"Unknown":{"Not-Specified":{"raw":3.0,"perc":3.79746835443038,"total":79.0},"Female":{"raw":16.0,"perc":20.253164556962027,"total":79.0},"Male":{"raw":60.0,"perc":75.9493670886076,"total":79.0}},"5-MeO-AMT":{"Not-Specified":{"raw":10.0,"perc":7.0921985815602842,"total":141.0},"Male":{"raw":124.0,"perc":87.943262411347519,"total":141.0},"Female":{"raw":7.0,"perc":4.9645390070921991,"total":141.0}},"Passion Flower":{"Not-Specified":{"raw":3.0,"perc":5.0847457627118651,"total":59.0},"Male":{"raw":53.0,"perc":89.830508474576277,"total":59.0},"Female":{"raw":3.0,"perc":5.0847457627118651,"total":59.0}},"Moclobemide":{"Male":{"raw":23.0,"perc":82.142857142857139,"total":28.0},"Not-Specified":{"raw":4.0,"perc":14.285714285714285,"total":28.0},"Female":{"raw":1.0,"perc":3.5714285714285712,"total":28.0}},"Acacia":{"Male":{"raw":20.0,"perc":74.074074074074076,"total":27.0},"Female":{"raw":5.0,"perc":18.518518518518519,"total":27.0},"Not-Specified":{"raw":2.0,"perc":7.4074074074074066,"total":27.0}},"Methcathinone":{"Not-Specified":{"raw":1.0,"perc":5.5555555555555554,"total":18.0},"Male":{"raw":16.0,"perc":88.888888888888886,"total":18.0},"Female":{"raw":1.0,"perc":5.5555555555555554,"total":18.0}},"DET":{"Male":{"raw":9.0,"perc":100.0,"total":9.0}},"Pharms - Bupropion":{"Male":{"raw":103.0,"perc":73.049645390070921,"total":141.0},"Not-Specified":{"raw":6.0,"perc":4.25531914893617,"total":141.0},"Female":{"raw":32.0,"perc":22.695035460992909,"total":141.0}},"DOM":{"Not-Specified":{"raw":1.0,"perc":3.0303030303030303,"total":33.0},"Male":{"raw":30.0,"perc":90.9090909090909,"total":33.0},"Female":{"raw":2.0,"perc":6.0606060606060606,"total":33.0}},"Galangal":{"Male":{"raw":11.0,"perc":64.705882352941174,"total":17.0},"Not-Specified":{"raw":3.0,"perc":17.647058823529413,"total":17.0},"Female":{"raw":3.0,"perc":17.647058823529413,"total":17.0}},"Ibogaine":{"Female":{"raw":6.0,"perc":15.789473684210526,"total":38.0},"Male":{"raw":29.0,"perc":76.31578947368422,"total":38.0},"Not-Specified":{"raw":3.0,"perc":7.8947368421052628,"total":38.0}},"MDE":{"Not-Specified":{"raw":2.0,"perc":22.222222222222221,"total":9.0},"Male":{"raw":5.0,"perc":55.555555555555557,"total":9.0},"Female":{"raw":2.0,"perc":22.222222222222221,"total":9.0}},"Poppies - Opium":{"Not-Specified":{"raw":9.0,"perc":10.112359550561797,"total":89.0},"Male":{"raw":69.0,"perc":77.528089887640448,"total":89.0},"Female":{"raw":11.0,"perc":12.359550561797752,"total":89.0}},"4-Methylaminorex":{"Not-Specified":{"raw":1.0,"perc":8.3333333333333321,"total":12.0},"Male":{"raw":7.0,"perc":58.333333333333336,"total":12.0},"Female":{"raw":4.0,"perc":33.333333333333329,"total":12.0}},"4-AcO-DiPT":{"Male":{"raw":48.0,"perc":87.272727272727266,"total":55.0},"Not-Specified":{"raw":2.0,"perc":3.6363636363636362,"total":55.0},"Female":{"raw":5.0,"perc":9.0909090909090917,"total":55.0}},"Yohimbe":{"Male":{"raw":62.0,"perc":88.571428571428569,"total":70.0},"Not-Specified":{"raw":4.0,"perc":5.7142857142857144,"total":70.0},"Female":{"raw":4.0,"perc":5.7142857142857144,"total":70.0}},"Calea zacatechichi":{"Male":{"raw":94.0,"perc":90.384615384615387,"total":104.0},"Not-Specified":{"raw":7.0,"perc":6.7307692307692308,"total":104.0},"Female":{"raw":3.0,"perc":2.8846153846153846,"total":104.0}},"2C-D":{"Male":{"raw":52.0,"perc":89.65517241379311,"total":58.0},"Not-Specified":{"raw":4.0,"perc":6.8965517241379306,"total":58.0},"Female":{"raw":2.0,"perc":3.4482758620689653,"total":58.0}},"Pharms - Propoxyphene":{"Male":{"raw":19.0,"perc":79.166666666666657,"total":24.0},"Female":{"raw":5.0,"perc":20.833333333333336,"total":24.0}},"Pharms - Sildenafil":{"Male":{"raw":20.0,"perc":86.956521739130437,"total":23.0},"Female":{"raw":3.0,"perc":13.043478260869565,"total":23.0}},"Lotus/Lily":{"Male":{"raw":75.0,"perc":76.530612244897952,"total":98.0},"Not-Specified":{"raw":10.0,"perc":10.204081632653061,"total":98.0},"Female":{"raw":13.0,"perc":13.26530612244898,"total":98.0}},"Calamus":{"Male":{"raw":37.0,"perc":88.095238095238088,"total":42.0},"Not-Specified":{"raw":4.0,"perc":9.5238095238095237,"total":42.0},"Female":{"raw":1.0,"perc":2.3809523809523809,"total":42.0}},"Pharms - Flunitrazepam":{"Male":{"raw":10.0,"perc":83.333333333333343,"total":12.0},"Female":{"raw":2.0,"perc":16.666666666666664,"total":12.0}},"PMA":{"Female":{"raw":8.0,"perc":30.76923076923077,"total":26.0},"Male":{"raw":17.0,"perc":65.384615384615387,"total":26.0},"Not-Specified":{"raw":1.0,"perc":3.8461538461538463,"total":26.0}},"Chocolate":{"Male":{"raw":13.0,"perc":81.25,"total":16.0},"Not-Specified":{"raw":3.0,"perc":18.75,"total":16.0}},"Pharms - Fluoxetine":{"Male":{"raw":37.0,"perc":74.0,"total":50.0},"Female":{"raw":13.0,"perc":26.0,"total":50.0}},"St. John's Wort":{"Male":{"raw":31.0,"perc":88.571428571428569,"total":35.0},"Not-Specified":{"raw":1.0,"perc":2.8571428571428572,"total":35.0},"Female":{"raw":3.0,"perc":8.5714285714285712,"total":35.0}},"Hydromorphone":{"Male":{"raw":47.0,"perc":90.384615384615387,"total":52.0},"Female":{"raw":5.0,"perc":9.6153846153846168,"total":52.0}},"Scopolamine":{"Male":{"raw":15.0,"perc":83.333333333333343,"total":18.0},"Female":{"raw":3.0,"perc":16.666666666666664,"total":18.0}},"Methadone":{"Male":{"raw":65.0,"perc":68.421052631578945,"total":95.0},"Not-Specified":{"raw":4.0,"perc":4.2105263157894735,"total":95.0},"Female":{"raw":26.0,"perc":27.368421052631582,"total":95.0}},"Ginseng":{"Male":{"raw":16.0,"perc":76.19047619047619,"total":21.0},"Not-Specified":{"raw":1.0,"perc":4.7619047619047619,"total":21.0},"Female":{"raw":4.0,"perc":19.047619047619047,"total":21.0}},"Tryptophan":{"Male":{"raw":92.0,"perc":85.981308411214954,"total":107.0},"Female":{"raw":10.0,"perc":9.3457943925233646,"total":107.0},"Not-Specified":{"raw":5.0,"perc":4.6728971962616823,"total":107.0}},"Pharms - Clonazepam":{"Male":{"raw":86.0,"perc":74.137931034482762,"total":116.0},"Female":{"raw":27.0,"perc":23.275862068965516,"total":116.0},"Not-Specified":{"raw":3.0,"perc":2.5862068965517242,"total":116.0}},"DOET":{"Male":{"raw":3.0,"perc":100.0,"total":3.0}},"Ginkgo biloba":{"Not-Specified":{"raw":2.0,"perc":5.2631578947368416,"total":38.0},"Male":{"raw":29.0,"perc":76.31578947368422,"total":38.0},"Female":{"raw":7.0,"perc":18.421052631578945,"total":38.0}},"2C-E":{"Male":{"raw":288.0,"perc":87.009063444108762,"total":331.0},"Female":{"raw":34.0,"perc":10.271903323262841,"total":331.0},"Not-Specified":{"raw":9.0,"perc":2.7190332326283988,"total":331.0}},"Pharms - Citalopram":{"Female":{"raw":7.0,"perc":18.421052631578945,"total":38.0},"Male":{"raw":31.0,"perc":81.578947368421055,"total":38.0}},"Brunfelsia":{"Male":{"raw":3.0,"perc":100.0,"total":3.0}},"Pharms - Paroxetine":{"Female":{"raw":38.0,"perc":29.007633587786259,"total":131.0},"Male":{"raw":89.0,"perc":67.938931297709928,"total":131.0},"Not-Specified":{"raw":4.0,"perc":3.0534351145038165,"total":131.0}},"Red Rock":{"Male":{"raw":23.0,"perc":79.3103448275862,"total":29.0},"Not-Specified":{"raw":6.0,"perc":20.689655172413794,"total":29.0}},"Barbiturates":{"Male":{"raw":25.0,"perc":89.285714285714292,"total":28.0},"Not-Specified":{"raw":2.0,"perc":7.1428571428571423,"total":28.0},"Female":{"raw":1.0,"perc":3.5714285714285712,"total":28.0}},"Pharms - Tramadol":{"Not-Specified":{"raw":8.0,"perc":3.007518796992481,"total":266.0},"Male":{"raw":229.0,"perc":86.090225563909769,"total":266.0},"Female":{"raw":29.0,"perc":10.902255639097744,"total":266.0}},"Heimia salicifolia":{"Male":{"raw":40.0,"perc":100.0,"total":40.0}},"Morphine":{"Male":{"raw":72.0,"perc":83.720930232558146,"total":86.0},"Female":{"raw":12.0,"perc":13.953488372093023,"total":86.0},"Not-Specified":{"raw":2.0,"perc":2.3255813953488373,"total":86.0}},"Lactuca spp.":{"Male":{"raw":44.0,"perc":84.615384615384613,"total":52.0},"Female":{"raw":4.0,"perc":7.6923076923076925,"total":52.0},"Not-Specified":{"raw":4.0,"perc":7.6923076923076925,"total":52.0}},"Psilocybin":{"Male":{"raw":10.0,"perc":83.333333333333343,"total":12.0},"Female":{"raw":2.0,"perc":16.666666666666664,"total":12.0}},"Tabernaemontana":{"Male":{"raw":1.0,"perc":100.0,"total":1.0}},"Pharms - Amitriptyline":{"Male":{"raw":29.0,"perc":78.378378378378372,"total":37.0},"Female":{"raw":8.0,"perc":21.621621621621621,"total":37.0}},"DMAE":{"Male":{"raw":28.0,"perc":82.35294117647058,"total":34.0},"Female":{"raw":3.0,"perc":8.8235294117647065,"total":34.0},"Not-Specified":{"raw":3.0,"perc":8.8235294117647065,"total":34.0}},"Cytisus scoparius":{"Male":{"raw":3.0,"perc":100.0,"total":3.0}},"Pharms - Fentanyl":{"Male":{"raw":68.0,"perc":82.926829268292678,"total":82.0},"Female":{"raw":10.0,"perc":12.195121951219512,"total":82.0},"Not-Specified":{"raw":4.0,"perc":4.8780487804878048,"total":82.0}},"Hydergine":{"Male":{"raw":15.0,"perc":83.333333333333343,"total":18.0},"Female":{"raw":3.0,"perc":16.666666666666664,"total":18.0}},"Piracetam":{"Male":{"raw":69.0,"perc":86.25,"total":80.0},"Not-Specified":{"raw":2.0,"perc":2.5,"total":80.0},"Female":{"raw":9.0,"perc":11.25,"total":80.0}},"Pharms - Buspirone":{"Male":{"raw":10.0,"perc":76.923076923076934,"total":13.0},"Not-Specified":{"raw":1.0,"perc":7.6923076923076925,"total":13.0},"Female":{"raw":2.0,"perc":15.384615384615385,"total":13.0}},"Pharms - Carisoprodol":{"Male":{"raw":50.0,"perc":80.645161290322577,"total":62.0},"Female":{"raw":11.0,"perc":17.741935483870968,"total":62.0},"Not-Specified":{"raw":1.0,"perc":1.6129032258064515,"total":62.0}},"Diplopterys cabrerana":{"Male":{"raw":11.0,"perc":100.0,"total":11.0}},"Pseudoephedrine":{"Male":{"raw":19.0,"perc":82.6086956521739,"total":23.0},"Female":{"raw":3.0,"perc":13.043478260869565,"total":23.0},"Not-Specified":{"raw":1.0,"perc":4.3478260869565215,"total":23.0}},"Coca":{"Male":{"raw":18.0,"perc":78.260869565217391,"total":23.0},"Female":{"raw":4.0,"perc":17.391304347826086,"total":23.0},"Not-Specified":{"raw":1.0,"perc":4.3478260869565215,"total":23.0}},"Pharms - Temazepam":{"Not-Specified":{"raw":3.0,"perc":16.666666666666664,"total":18.0},"Male":{"raw":13.0,"perc":72.222222222222214,"total":18.0},"Female":{"raw":2.0,"perc":11.111111111111111,"total":18.0}},"Pharms - Benzphetamine":{"Male":{"raw":3.0,"perc":100.0,"total":3.0}},"Pharms - Zaleplon":{"Male":{"raw":16.0,"perc":94.117647058823522,"total":17.0},"Not-Specified":{"raw":1.0,"perc":5.88235294117647,"total":17.0}},"Pharms - Procyclidine":{"Female":{"raw":2.0,"perc":66.666666666666657,"total":3.0},"Male":{"raw":1.0,"perc":33.333333333333329,"total":3.0}},"Pharms - Tiletamine":{"Male":{"raw":6.0,"perc":75.0,"total":8.0},"Not-Specified":{"raw":2.0,"perc":25.0,"total":8.0}},"MAOI":{"Male":{"raw":10.0,"perc":90.9090909090909,"total":11.0},"Female":{"raw":1.0,"perc":9.0909090909090917,"total":11.0}},"Pharms - Cyclizine":{"Male":{"raw":8.0,"perc":80.0,"total":10.0},"Female":{"raw":2.0,"perc":20.0,"total":10.0}},"Vinpocetine":{"Male":{"raw":17.0,"perc":80.952380952380949,"total":21.0},"Not-Specified":{"raw":3.0,"perc":14.285714285714285,"total":21.0},"Female":{"raw":1.0,"perc":4.7619047619047619,"total":21.0}},"Herbal Ecstasy":{"Male":{"raw":14.0,"perc":82.35294117647058,"total":17.0},"Female":{"raw":2.0,"perc":11.76470588235294,"total":17.0},"Not-Specified":{"raw":1.0,"perc":5.88235294117647,"total":17.0}},"Pharms - Albuterol":{"Male":{"raw":9.0,"perc":75.0,"total":12.0},"Not-Specified":{"raw":2.0,"perc":16.666666666666664,"total":12.0},"Female":{"raw":1.0,"perc":8.3333333333333321,"total":12.0}},"Cannabinoid Receptor Agonists":{"Male":{"raw":143.0,"perc":86.144578313253021,"total":166.0},"Not-Specified":{"raw":7.0,"perc":4.2168674698795181,"total":166.0},"Female":{"raw":16.0,"perc":9.63855421686747,"total":166.0}},"Coleus":{"Male":{"raw":38.0,"perc":100.0,"total":38.0}},"Banisteriopsis caapi":{"Male":{"raw":70.0,"perc":92.10526315789474,"total":76.0},"Not-Specified":{"raw":1.0,"perc":1.3157894736842104,"total":76.0},"Female":{"raw":5.0,"perc":6.5789473684210522,"total":76.0}},"Psychotria viridis":{"Male":{"raw":37.0,"perc":90.2439024390244,"total":41.0},"Not-Specified":{"raw":2.0,"perc":4.8780487804878048,"total":41.0},"Female":{"raw":2.0,"perc":4.8780487804878048,"total":41.0}},"DHEA":{"Male":{"raw":14.0,"perc":70.0,"total":20.0},"Female":{"raw":6.0,"perc":30.0,"total":20.0}},"Methaqualone":{"Male":{"raw":9.0,"perc":90.0,"total":10.0},"Female":{"raw":1.0,"perc":10.0,"total":10.0}},"2C-I":{"Male":{"raw":433.0,"perc":88.00813008130082,"total":492.0},"Not-Specified":{"raw":15.0,"perc":3.0487804878048781,"total":492.0},"Female":{"raw":44.0,"perc":8.94308943089431,"total":492.0}},"Phalaris Grass":{"Male":{"raw":6.0,"perc":85.714285714285708,"total":7.0},"Not-Specified":{"raw":1.0,"perc":14.285714285714285,"total":7.0}},"Pharms - Methotrimeprazine":{"Not-Specified":{"raw":1.0,"perc":100.0,"total":1.0}},"Ginger":{"Male":{"raw":10.0,"perc":83.333333333333343,"total":12.0},"Not-Specified":{"raw":1.0,"perc":8.3333333333333321,"total":12.0},"Female":{"raw":1.0,"perc":8.3333333333333321,"total":12.0}},"Pharms - Levothyroxine":{"Female":{"raw":1.0,"perc":100.0,"total":1.0}},"Catha edulis":{"Male":{"raw":13.0,"perc":81.25,"total":16.0},"Not-Specified":{"raw":1.0,"perc":6.25,"total":16.0},"Female":{"raw":2.0,"perc":12.5,"total":16.0}},"Sceletium tortuosum":{"Male":{"raw":53.0,"perc":88.333333333333329,"total":60.0},"Not-Specified":{"raw":3.0,"perc":5.0,"total":60.0},"Female":{"raw":4.0,"perc":6.666666666666667,"total":60.0}},"Clenbuterol":{"Male":{"raw":1.0,"perc":100.0,"total":1.0}},"Ephedra sinica":{"Female":{"raw":3.0,"perc":16.666666666666664,"total":18.0},"Male":{"raw":15.0,"perc":83.333333333333343,"total":18.0}},"DXO":{"Male":{"raw":1.0,"perc":50.0,"total":2.0},"Female":{"raw":1.0,"perc":50.0,"total":2.0}},"Oxygen":{"Male":{"raw":5.0,"perc":83.333333333333343,"total":6.0},"Not-Specified":{"raw":1.0,"perc":16.666666666666664,"total":6.0}},"4-AcO-DET":{"Not-Specified":{"raw":4.0,"perc":8.16326530612245,"total":49.0},"Male":{"raw":38.0,"perc":77.551020408163268,"total":49.0},"Female":{"raw":7.0,"perc":14.285714285714285,"total":49.0}},"MBDB":{"Male":{"raw":17.0,"perc":100.0,"total":17.0}},"Skullcap":{"Male":{"raw":27.0,"perc":81.818181818181827,"total":33.0},"Not-Specified":{"raw":2.0,"perc":6.0606060606060606,"total":33.0},"Female":{"raw":4.0,"perc":12.121212121212121,"total":33.0}},"Pharms - Quetiapine":{"Male":{"raw":75.0,"perc":81.521739130434781,"total":92.0},"Female":{"raw":15.0,"perc":16.304347826086957,"total":92.0},"Not-Specified":{"raw":2.0,"perc":2.1739130434782608,"total":92.0}},"Pharms - Zopiclone":{"Male":{"raw":41.0,"perc":95.348837209302332,"total":43.0},"Not-Specified":{"raw":1.0,"perc":2.3255813953488373,"total":43.0},"Female":{"raw":1.0,"perc":2.3255813953488373,"total":43.0}},"GHV":{"Male":{"raw":3.0,"perc":100.0,"total":3.0}},"Pharms - Selegeline":{"Male":{"raw":22.0,"perc":100.0,"total":22.0}},"Pharms - Cyclobenzaprine":{"Male":{"raw":44.0,"perc":77.192982456140342,"total":57.0},"Female":{"raw":11.0,"perc":19.298245614035086,"total":57.0},"Not-Specified":{"raw":2.0,"perc":3.5087719298245612,"total":57.0}},"Loperamide":{"Male":{"raw":20.0,"perc":95.238095238095227,"total":21.0},"Not-Specified":{"raw":1.0,"perc":4.7619047619047619,"total":21.0}},"Pharms - Risperidone":{"Female":{"raw":4.0,"perc":15.384615384615385,"total":26.0},"Male":{"raw":20.0,"perc":76.923076923076934,"total":26.0},"Not-Specified":{"raw":2.0,"perc":7.6923076923076925,"total":26.0}},"Pharms - Trazodone":{"Female":{"raw":4.0,"perc":11.111111111111111,"total":36.0},"Male":{"raw":31.0,"perc":86.111111111111114,"total":36.0},"Not-Specified":{"raw":1.0,"perc":2.7777777777777777,"total":36.0}},"Tabernanthe iboga":{"Male":{"raw":38.0,"perc":90.476190476190482,"total":42.0},"Not-Specified":{"raw":2.0,"perc":4.7619047619047619,"total":42.0},"Female":{"raw":2.0,"perc":4.7619047619047619,"total":42.0}},"Metoprolol":{"Male":{"raw":10.0,"perc":83.333333333333343,"total":12.0},"Female":{"raw":2.0,"perc":16.666666666666664,"total":12.0}},"Pharms - Atenolol":{"Male":{"raw":4.0,"perc":100.0,"total":4.0}},"Harmaline":{"Male":{"raw":4.0,"perc":100.0,"total":4.0}},"Pharms - Triazolam":{"Male":{"raw":20.0,"perc":86.956521739130437,"total":23.0},"Not-Specified":{"raw":1.0,"perc":4.3478260869565215,"total":23.0},"Female":{"raw":2.0,"perc":8.695652173913043,"total":23.0}},"Methylone":{"Male":{"raw":120.0,"perc":87.591240875912419,"total":137.0},"Not-Specified":{"raw":5.0,"perc":3.64963503649635,"total":137.0},"Female":{"raw":12.0,"perc":8.75912408759124,"total":137.0}},"Vitamin C":{"Male":{"raw":6.0,"perc":85.714285714285708,"total":7.0},"Female":{"raw":1.0,"perc":14.285714285714285,"total":7.0}},"Yerba Mate":{"Male":{"raw":44.0,"perc":93.61702127659575,"total":47.0},"Not-Specified":{"raw":1.0,"perc":2.1276595744680851,"total":47.0},"Female":{"raw":2.0,"perc":4.25531914893617,"total":47.0}},"Pharms - Butorphanol":{"Male":{"raw":5.0,"perc":83.333333333333343,"total":6.0},"Female":{"raw":1.0,"perc":16.666666666666664,"total":6.0}},"Chloroform":{"Male":{"raw":10.0,"perc":100.0,"total":10.0}},"Kratom":{"Male":{"raw":243.0,"perc":84.668989547038336,"total":287.0},"Female":{"raw":33.0,"perc":11.498257839721255,"total":287.0},"Not-Specified":{"raw":11.0,"perc":3.8327526132404177,"total":287.0}},"Adrafinil":{"Male":{"raw":30.0,"perc":90.9090909090909,"total":33.0},"Female":{"raw":2.0,"perc":6.0606060606060606,"total":33.0},"Not-Specified":{"raw":1.0,"perc":3.0303030303030303,"total":33.0}},"Pedicularis spp.":{"Male":{"raw":3.0,"perc":100.0,"total":3.0}},"Petroleum Ether":{"Male":{"raw":2.0,"perc":66.666666666666657,"total":3.0},"Not-Specified":{"raw":1.0,"perc":33.333333333333329,"total":3.0}},"GVL":{"Male":{"raw":5.0,"perc":83.333333333333343,"total":6.0},"Not-Specified":{"raw":1.0,"perc":16.666666666666664,"total":6.0}},"Levmetamfetamine":{"Male":{"raw":6.0,"perc":100.0,"total":6.0}},"Modafinil":{"Male":{"raw":102.0,"perc":77.862595419847324,"total":131.0},"Female":{"raw":24.0,"perc":18.3206106870229,"total":131.0},"Not-Specified":{"raw":5.0,"perc":3.8167938931297711,"total":131.0}},"Pharms - Phenylephrine":{"Male":{"raw":5.0,"perc":83.333333333333343,"total":6.0},"Female":{"raw":1.0,"perc":16.666666666666664,"total":6.0}},"Xenon":{"Male":{"raw":3.0,"perc":100.0,"total":3.0}},"Lecithin":{"Male":{"raw":4.0,"perc":80.0,"total":5.0},"Female":{"raw":1.0,"perc":20.0,"total":5.0}},"Dizocilpine":{"Male":{"raw":2.0,"perc":50.0,"total":4.0},"Not-Specified":{"raw":1.0,"perc":25.0,"total":4.0},"Female":{"raw":1.0,"perc":25.0,"total":4.0}},"Vasopressin":{"Male":{"raw":6.0,"perc":100.0,"total":6.0}},"Hops":{"Male":{"raw":14.0,"perc":73.68421052631578,"total":19.0},"Female":{"raw":4.0,"perc":21.052631578947366,"total":19.0},"Not-Specified":{"raw":1.0,"perc":5.2631578947368416,"total":19.0}},"Vitamins - Niacin":{"Female":{"raw":3.0,"perc":25.0,"total":12.0},"Male":{"raw":9.0,"perc":75.0,"total":12.0}},"Acetaminophen":{"Female":{"raw":3.0,"perc":25.0,"total":12.0},"Male":{"raw":8.0,"perc":66.666666666666657,"total":12.0},"Not-Specified":{"raw":1.0,"perc":8.3333333333333321,"total":12.0}},"Pharms - Topiramate":{"Female":{"raw":7.0,"perc":58.333333333333336,"total":12.0},"Male":{"raw":5.0,"perc":41.666666666666671,"total":12.0}},"Adrenochrome":{"Male":{"raw":5.0,"perc":100.0,"total":5.0}},"Periwinkle":{"Male":{"raw":8.0,"perc":100.0,"total":8.0}},"Pharms - Olanzapine":{"Male":{"raw":32.0,"perc":82.051282051282044,"total":39.0},"Female":{"raw":5.0,"perc":12.820512820512819,"total":39.0},"Not-Specified":{"raw":2.0,"perc":5.1282051282051277,"total":39.0}},"Nicotine":{"Male":{"raw":12.0,"perc":100.0,"total":12.0}},"Heimia myrtifolia":{"Male":{"raw":4.0,"perc":100.0,"total":4.0}},"Pharms - Fluvoxamine":{"Male":{"raw":6.0,"perc":100.0,"total":6.0}},"MDPR":{"Male":{"raw":1.0,"perc":100.0,"total":1.0}},"AM-DIPT":{"Male":{"raw":1.0,"perc":50.0,"total":2.0},"Not-Specified":{"raw":1.0,"perc":50.0,"total":2.0}},"Pharms - Antibiotics":{"Male":{"raw":3.0,"perc":75.0,"total":4.0},"Female":{"raw":1.0,"perc":25.0,"total":4.0}},"MIPT":{"Male":{"raw":8.0,"perc":80.0,"total":10.0},"Female":{"raw":2.0,"perc":20.0,"total":10.0}},"Pharms - Buprenorphine":{"Male":{"raw":105.0,"perc":87.5,"total":120.0},"Not-Specified":{"raw":5.0,"perc":4.1666666666666661,"total":120.0},"Female":{"raw":10.0,"perc":8.3333333333333321,"total":120.0}},"Pharms - Doxylamine":{"Female":{"raw":1.0,"perc":20.0,"total":5.0},"Male":{"raw":4.0,"perc":80.0,"total":5.0}},"Mulberry":{"Male":{"raw":2.0,"perc":100.0,"total":2.0}},"Picamilon":{"Male":{"raw":2.0,"perc":100.0,"total":2.0}},"Vitamins - Choline":{"Male":{"raw":3.0,"perc":75.0,"total":4.0},"Female":{"raw":1.0,"perc":25.0,"total":4.0}},"Pharms - Venlafaxine":{"Female":{"raw":37.0,"perc":27.407407407407408,"total":135.0},"Male":{"raw":95.0,"perc":70.370370370370367,"total":135.0},"Not-Specified":{"raw":3.0,"perc":2.2222222222222223,"total":135.0}},"Thujone":{"Male":{"raw":2.0,"perc":100.0,"total":2.0}},"Lobelia spp.":{"Male":{"raw":2.0,"perc":100.0,"total":2.0}},"Phenethylamines - Other":{"Male":{"raw":1.0,"perc":100.0,"total":1.0}},"LSA - Other":{"Male":{"raw":1.0,"perc":100.0,"total":1.0}},"Pharms - Haloperidol":{"Male":{"raw":7.0,"perc":77.777777777777786,"total":9.0},"Female":{"raw":2.0,"perc":22.222222222222221,"total":9.0}},"Kola Nut":{"Male":{"raw":3.0,"perc":100.0,"total":3.0}},"5-Methoxy-Tryptamine":{"Male":{"raw":2.0,"perc":100.0,"total":2.0}},"Leonurus sibiricus":{"Male":{"raw":7.0,"perc":100.0,"total":7.0}},"Pharms - Dihydrocodeine":{"Male":{"raw":12.0,"perc":85.714285714285708,"total":14.0},"Female":{"raw":2.0,"perc":14.285714285714285,"total":14.0}},"Capsicum spp.":{"Male":{"raw":6.0,"perc":66.666666666666657,"total":9.0},"Female":{"raw":2.0,"perc":22.222222222222221,"total":9.0},"Not-Specified":{"raw":1.0,"perc":11.111111111111111,"total":9.0}},"Pharms - Tianeptine":{"Male":{"raw":10.0,"perc":90.9090909090909,"total":11.0},"Female":{"raw":1.0,"perc":9.0909090909090917,"total":11.0}},"DOI":{"Female":{"raw":3.0,"perc":6.5217391304347823,"total":46.0},"Male":{"raw":40.0,"perc":86.956521739130437,"total":46.0},"Not-Specified":{"raw":3.0,"perc":6.5217391304347823,"total":46.0}},"Pharms - Phenytoin":{"Male":{"raw":12.0,"perc":85.714285714285708,"total":14.0},"Female":{"raw":2.0,"perc":14.285714285714285,"total":14.0}},"2C-C":{"Male":{"raw":86.0,"perc":95.555555555555557,"total":90.0},"Not-Specified":{"raw":1.0,"perc":1.1111111111111112,"total":90.0},"Female":{"raw":3.0,"perc":3.3333333333333335,"total":90.0}},"Pharms - Phentermine":{"Male":{"raw":8.0,"perc":53.333333333333336,"total":15.0},"Female":{"raw":7.0,"perc":46.666666666666664,"total":15.0}},"Huasca - Misc Combo":{"Male":{"raw":10.0,"perc":100.0,"total":10.0}},"Pharms - Meperidine":{"Male":{"raw":18.0,"perc":94.73684210526315,"total":19.0},"Female":{"raw":1.0,"perc":5.2631578947368416,"total":19.0}},"Pharms - Promethazine":{"Male":{"raw":27.0,"perc":84.375,"total":32.0},"Female":{"raw":4.0,"perc":12.5,"total":32.0},"Not-Specified":{"raw":1.0,"perc":3.125,"total":32.0}},"TMA-6":{"Male":{"raw":7.0,"perc":100.0,"total":7.0}},"Tyrosine":{"Male":{"raw":7.0,"perc":100.0,"total":7.0}},"Pharms - Metaxalone":{"Female":{"raw":2.0,"perc":11.76470588235294,"total":17.0},"Male":{"raw":14.0,"perc":82.35294117647058,"total":17.0},"Not-Specified":{"raw":1.0,"perc":5.88235294117647,"total":17.0}},"2C-P":{"Male":{"raw":49.0,"perc":81.666666666666671,"total":60.0},"Female":{"raw":9.0,"perc":15.0,"total":60.0},"Not-Specified":{"raw":2.0,"perc":3.3333333333333335,"total":60.0}},"Salvia officinalis":{"Male":{"raw":12.0,"perc":85.714285714285708,"total":14.0},"Female":{"raw":2.0,"perc":14.285714285714285,"total":14.0}},"Pharms - Clonidine":{"Male":{"raw":22.0,"perc":95.652173913043484,"total":23.0},"Not-Specified":{"raw":1.0,"perc":4.3478260869565215,"total":23.0}},"Nootka Lupine":{"Not-Specified":{"raw":1.0,"perc":50.0,"total":2.0},"Male":{"raw":1.0,"perc":50.0,"total":2.0}},"Pharms - Atomoxetine":{"Male":{"raw":24.0,"perc":88.888888888888886,"total":27.0},"Female":{"raw":2.0,"perc":7.4074074074074066,"total":27.0},"Not-Specified":{"raw":1.0,"perc":3.7037037037037033,"total":27.0}},"Hyoscyamus niger":{"Male":{"raw":7.0,"perc":87.5,"total":8.0},"Female":{"raw":1.0,"perc":12.5,"total":8.0}},"Pharms - Mirtazapine":{"Male":{"raw":42.0,"perc":87.5,"total":48.0},"Not-Specified":{"raw":3.0,"perc":6.25,"total":48.0},"Female":{"raw":3.0,"perc":6.25,"total":48.0}},"Pharms - Nalbuphine":{"Male":{"raw":6.0,"perc":100.0,"total":6.0}},"Pharms - Escitalopram":{"Female":{"raw":10.0,"perc":23.255813953488371,"total":43.0},"Male":{"raw":32.0,"perc":74.4186046511628,"total":43.0},"Not-Specified":{"raw":1.0,"perc":2.3255813953488373,"total":43.0}},"Hyoscyamine":{"Male":{"raw":4.0,"perc":100.0,"total":4.0}},"Pharms - Divalproex":{"Male":{"raw":7.0,"perc":87.5,"total":8.0},"Female":{"raw":1.0,"perc":12.5,"total":8.0}},"2C-T-4":{"Male":{"raw":21.0,"perc":100.0,"total":21.0}},"Piperazines - MeOPP":{"Male":{"raw":7.0,"perc":100.0,"total":7.0}},"Mugwort":{"Male":{"raw":21.0,"perc":75.0,"total":28.0},"Female":{"raw":5.0,"perc":17.857142857142858,"total":28.0},"Not-Specified":{"raw":2.0,"perc":7.1428571428571423,"total":28.0}},"GABOB":{"Male":{"raw":2.0,"perc":100.0,"total":2.0}},"4-Fluoroamphetamine":{"Male":{"raw":45.0,"perc":83.333333333333343,"total":54.0},"Female":{"raw":5.0,"perc":9.25925925925926,"total":54.0},"Not-Specified":{"raw":4.0,"perc":7.4074074074074066,"total":54.0}},"Amphetamines - Substituted":{"Male":{"raw":54.0,"perc":83.07692307692308,"total":65.0},"Female":{"raw":6.0,"perc":9.2307692307692317,"total":65.0},"Not-Specified":{"raw":5.0,"perc":7.6923076923076925,"total":65.0}},"19-Norandrostenedione":{"Male":{"raw":1.0,"perc":100.0,"total":1.0}},"Steroids":{"Male":{"raw":6.0,"perc":100.0,"total":6.0}},"Pharms - Ziprasidone":{"Male":{"raw":5.0,"perc":83.333333333333343,"total":6.0},"Not-Specified":{"raw":1.0,"perc":16.666666666666664,"total":6.0}},"Pharms - Lithium":{"Female":{"raw":8.0,"perc":34.782608695652172,"total":23.0},"Male":{"raw":14.0,"perc":60.869565217391312,"total":23.0},"Not-Specified":{"raw":1.0,"perc":4.3478260869565215,"total":23.0}},"Sophora secundiflora":{"Male":{"raw":6.0,"perc":100.0,"total":6.0}},"Pharms - Propylhexedrine":{"Male":{"raw":21.0,"perc":95.454545454545453,"total":22.0},"Female":{"raw":1.0,"perc":4.5454545454545459,"total":22.0}},"GABA":{"Male":{"raw":6.0,"perc":85.714285714285708,"total":7.0},"Female":{"raw":1.0,"perc":14.285714285714285,"total":7.0}},"2-Aminoindan":{"Male":{"raw":14.0,"perc":87.5,"total":16.0},"Not-Specified":{"raw":2.0,"perc":12.5,"total":16.0}},"Pennyroyal":{"Male":{"raw":2.0,"perc":100.0,"total":2.0}},"5-IT":{"Male":{"raw":3.0,"perc":60.0,"total":5.0},"Not-Specified":{"raw":2.0,"perc":40.0,"total":5.0}},"Gamma-Crotonolactone":{"Male":{"raw":1.0,"perc":100.0,"total":1.0}},"Pharms - Chlordiazepoxide":{"Male":{"raw":6.0,"perc":75.0,"total":8.0},"Female":{"raw":2.0,"perc":25.0,"total":8.0}},"Halothane":{"Male":{"raw":1.0,"perc":100.0,"total":1.0}},"4-AcO-EIPT":{"Male":{"raw":1.0,"perc":100.0,"total":1.0}},"IAP":{"Male":{"raw":14.0,"perc":87.5,"total":16.0},"Not-Specified":{"raw":1.0,"perc":6.25,"total":16.0},"Female":{"raw":1.0,"perc":6.25,"total":16.0}},"Turbina corymbosa":{"Male":{"raw":11.0,"perc":91.666666666666657,"total":12.0},"Not-Specified":{"raw":1.0,"perc":8.3333333333333321,"total":12.0}},"DON":{"Male":{"raw":3.0,"perc":100.0,"total":3.0}},"Poppies - California":{"Male":{"raw":14.0,"perc":82.35294117647058,"total":17.0},"Not-Specified":{"raw":2.0,"perc":11.76470588235294,"total":17.0},"Female":{"raw":1.0,"perc":5.88235294117647,"total":17.0}},"Xylazine":{"Male":{"raw":2.0,"perc":100.0,"total":2.0}},"Phenylalanine":{"Male":{"raw":4.0,"perc":100.0,"total":4.0}},"Tea":{"Male":{"raw":14.0,"perc":87.5,"total":16.0},"Female":{"raw":2.0,"perc":12.5,"total":16.0}},"5-MeO-MIPT":{"Male":{"raw":51.0,"perc":80.952380952380949,"total":63.0},"Not-Specified":{"raw":3.0,"perc":4.7619047619047619,"total":63.0},"Female":{"raw":9.0,"perc":14.285714285714285,"total":63.0}},"Pharms - Propranolol":{"Male":{"raw":5.0,"perc":71.428571428571431,"total":7.0},"Female":{"raw":2.0,"perc":28.571428571428569,"total":7.0}},"Pharms - Corticosteroid":{"Male":{"raw":12.0,"perc":85.714285714285708,"total":14.0},"Female":{"raw":2.0,"perc":14.285714285714285,"total":14.0}},"Pharms - Prednisone":{"Male":{"raw":7.0,"perc":77.777777777777786,"total":9.0},"Female":{"raw":2.0,"perc":22.222222222222221,"total":9.0}},"4-HO-DET":{"Male":{"raw":10.0,"perc":83.333333333333343,"total":12.0},"Female":{"raw":2.0,"perc":16.666666666666664,"total":12.0}},"2C-T-21":{"Male":{"raw":20.0,"perc":90.9090909090909,"total":22.0},"Female":{"raw":1.0,"perc":4.5454545454545459,"total":22.0},"Not-Specified":{"raw":1.0,"perc":4.5454545454545459,"total":22.0}},"4-AcO-MiPT":{"Male":{"raw":31.0,"perc":100.0,"total":31.0}},"Dioscorea spp.":{"Male":{"raw":2.0,"perc":100.0,"total":2.0}},"AET":{"Male":{"raw":7.0,"perc":100.0,"total":7.0}},"Triprolidine":{"Male":{"raw":1.0,"perc":100.0,"total":1.0}},"Lady's Slipper":{"Male":{"raw":3.0,"perc":100.0,"total":3.0}},"Pharms - Tiagabine":{"Male":{"raw":6.0,"perc":100.0,"total":6.0}},"Diphenyl-2-pyrrolidinemethanol":{"Male":{"raw":2.0,"perc":100.0,"total":2.0}},"Pharms - Aripiprazole":{"Male":{"raw":12.0,"perc":80.0,"total":15.0},"Female":{"raw":3.0,"perc":20.0,"total":15.0}},"Cloves":{"Male":{"raw":9.0,"perc":100.0,"total":9.0}},"5-MeO-DPT":{"Male":{"raw":3.0,"perc":75.0,"total":4.0},"Female":{"raw":1.0,"perc":25.0,"total":4.0}},"Pharms - Lidocaine":{"Male":{"raw":1.0,"perc":100.0,"total":1.0}},"3C-P":{"Male":{"raw":4.0,"perc":80.0,"total":5.0},"Female":{"raw":1.0,"perc":20.0,"total":5.0}},"Pharms - Memantine":{"Not-Specified":{"raw":1.0,"perc":16.666666666666664,"total":6.0},"Male":{"raw":5.0,"perc":83.333333333333343,"total":6.0}},"Salvia apiana":{"Male":{"raw":3.0,"perc":100.0,"total":3.0}},"Sassafras":{"Not-Specified":{"raw":2.0,"perc":28.571428571428569,"total":7.0},"Male":{"raw":5.0,"perc":71.428571428571431,"total":7.0}},"Nitric Oxide":{"Not-Specified":{"raw":1.0,"perc":100.0,"total":1.0}},"Products - Smoking Blends - Cannabis-Like":{"Male":{"raw":19.0,"perc":90.476190476190482,"total":21.0},"Female":{"raw":2.0,"perc":9.5238095238095237,"total":21.0}},"Lagochilus inebrians":{"Male":{"raw":9.0,"perc":100.0,"total":9.0}},"Smarts - Phenibut":{"Male":{"raw":22.0,"perc":81.481481481481481,"total":27.0},"Female":{"raw":5.0,"perc":18.518518518518519,"total":27.0}},"Pharms - Ethylmorphine":{"Male":{"raw":3.0,"perc":100.0,"total":3.0}},"2C-N":{"Male":{"raw":1.0,"perc":100.0,"total":1.0}},"Pharms - Fenfluramine":{"Male":{"raw":1.0,"perc":100.0,"total":1.0}},"Virola spp.":{"Male":{"raw":6.0,"perc":85.714285714285708,"total":7.0},"Female":{"raw":1.0,"perc":14.285714285714285,"total":7.0}},"5-MeO-DALT":{"Male":{"raw":57.0,"perc":85.074626865671647,"total":67.0},"Not-Specified":{"raw":5.0,"perc":7.4626865671641784,"total":67.0},"Female":{"raw":5.0,"perc":7.4626865671641784,"total":67.0}},"4-HO-MiPT":{"Male":{"raw":38.0,"perc":82.6086956521739,"total":46.0},"Not-Specified":{"raw":1.0,"perc":2.1739130434782608,"total":46.0},"Female":{"raw":7.0,"perc":15.217391304347828,"total":46.0}},"Monotropa uniflora":{"Male":{"raw":1.0,"perc":100.0,"total":1.0}},"Methocarbamol":{"Male":{"raw":5.0,"perc":100.0,"total":5.0}},"Yarrow":{"Male":{"raw":5.0,"perc":71.428571428571431,"total":7.0},"Not-Specified":{"raw":1.0,"perc":14.285714285714285,"total":7.0},"Female":{"raw":1.0,"perc":14.285714285714285,"total":7.0}},"Catuaba":{"Male":{"raw":4.0,"perc":80.0,"total":5.0},"Not-Specified":{"raw":1.0,"perc":20.0,"total":5.0}},"Gotu Kola":{"Male":{"raw":2.0,"perc":100.0,"total":2.0}},"Spearmint":{"Male":{"raw":4.0,"perc":100.0,"total":4.0}},"4-MTA":{"Male":{"raw":2.0,"perc":100.0,"total":2.0}},"Pharms - Mefloquine":{"Male":{"raw":2.0,"perc":100.0,"total":2.0}},"Pharms - Chlorpromazine":{"Male":{"raw":4.0,"perc":100.0,"total":4.0}},"Naloxone":{"Male":{"raw":38.0,"perc":88.372093023255815,"total":43.0},"Not-Specified":{"raw":1.0,"perc":2.3255813953488373,"total":43.0},"Female":{"raw":4.0,"perc":9.30232558139535,"total":43.0}},"Pharms - Levorphanol":{"Male":{"raw":1.0,"perc":100.0,"total":1.0}},"Psilocin":{"Male":{"raw":11.0,"perc":100.0,"total":11.0}},"Naltrexone":{"Male":{"raw":11.0,"perc":84.615384615384613,"total":13.0},"Not-Specified":{"raw":1.0,"perc":7.6923076923076925,"total":13.0},"Female":{"raw":1.0,"perc":7.6923076923076925,"total":13.0}},"Boophone disticha":{"Male":{"raw":1.0,"perc":100.0,"total":1.0}},"Pharms - Perazine":{"Male":{"raw":1.0,"perc":100.0,"total":1.0}},"Pharms - Hydroxyzine":{"Female":{"raw":1.0,"perc":50.0,"total":2.0},"Male":{"raw":1.0,"perc":50.0,"total":2.0}},"Bacopa monnieri":{"Male":{"raw":3.0,"perc":100.0,"total":3.0}},"Rhodiola rosea":{"Male":{"raw":9.0,"perc":90.0,"total":10.0},"Female":{"raw":1.0,"perc":10.0,"total":10.0}},"Chamomile":{"Male":{"raw":10.0,"perc":90.9090909090909,"total":11.0},"Not-Specified":{"raw":1.0,"perc":9.0909090909090917,"total":11.0}},"5-MeO-DET":{"Male":{"raw":1.0,"perc":100.0,"total":1.0}},"Erythrina mulungu":{"Male":{"raw":3.0,"perc":75.0,"total":4.0},"Female":{"raw":1.0,"perc":25.0,"total":4.0}},"Pharms - Midazolam":{"Not-Specified":{"raw":1.0,"perc":20.0,"total":5.0},"Male":{"raw":4.0,"perc":80.0,"total":5.0}},"bk-MDEA":{"Male":{"raw":16.0,"perc":94.117647058823522,"total":17.0},"Female":{"raw":1.0,"perc":5.88235294117647,"total":17.0}},"bk-MBDB":{"Male":{"raw":24.0,"perc":85.714285714285708,"total":28.0},"Not-Specified":{"raw":1.0,"perc":3.5714285714285712,"total":28.0},"Female":{"raw":3.0,"perc":10.714285714285714,"total":28.0}},"DOC":{"Male":{"raw":58.0,"perc":85.294117647058826,"total":68.0},"Not-Specified":{"raw":2.0,"perc":2.9411764705882351,"total":68.0},"Female":{"raw":8.0,"perc":11.76470588235294,"total":68.0}},"Bromo-Dragonfly":{"Male":{"raw":44.0,"perc":89.795918367346943,"total":49.0},"Female":{"raw":3.0,"perc":6.1224489795918364,"total":49.0},"Not-Specified":{"raw":2.0,"perc":4.0816326530612246,"total":49.0}},"Aconitum napellus":{"Female":{"raw":1.0,"perc":100.0,"total":1.0}},"5-MeO-AET":{"Male":{"raw":2.0,"perc":100.0,"total":2.0}},"2C-TFM":{"Male":{"raw":2.0,"perc":100.0,"total":2.0}},"MDPV":{"Male":{"raw":73.0,"perc":91.25,"total":80.0},"Not-Specified":{"raw":3.0,"perc":3.75,"total":80.0},"Female":{"raw":4.0,"perc":5.0,"total":80.0}},"Leonotis nepetaefolia":{"Female":{"raw":1.0,"perc":25.0,"total":4.0},"Male":{"raw":3.0,"perc":75.0,"total":4.0}},"2C-B-Fly":{"Male":{"raw":16.0,"perc":88.888888888888886,"total":18.0},"Female":{"raw":2.0,"perc":11.111111111111111,"total":18.0}},"Pharms - Pregabalin":{"Male":{"raw":44.0,"perc":83.018867924528308,"total":53.0},"Not-Specified":{"raw":4.0,"perc":7.5471698113207548,"total":53.0},"Female":{"raw":5.0,"perc":9.433962264150944,"total":53.0}},"Stipa robusta":{"Male":{"raw":3.0,"perc":75.0,"total":4.0},"Female":{"raw":1.0,"perc":25.0,"total":4.0}},"Aniracetam":{"Female":{"raw":1.0,"perc":6.666666666666667,"total":15.0},"Male":{"raw":13.0,"perc":86.666666666666671,"total":15.0},"Not-Specified":{"raw":1.0,"perc":6.666666666666667,"total":15.0}},"Mucuna pruriens":{"Male":{"raw":8.0,"perc":80.0,"total":10.0},"Not-Specified":{"raw":1.0,"perc":10.0,"total":10.0},"Female":{"raw":1.0,"perc":10.0,"total":10.0}},"BZ":{"Not-Specified":{"raw":1.0,"perc":25.0,"total":4.0},"Male":{"raw":3.0,"perc":75.0,"total":4.0}},"AB-FUBINACA":{"Male":{"raw":112.0,"perc":80.57553956834532,"total":139.0},"Female":{"raw":23.0,"perc":16.546762589928058,"total":139.0},"Not-Specified":{"raw":4.0,"perc":2.877697841726619,"total":139.0}},"Products - Spice and Synthetic Cannabinoids":{"Male":{"raw":110.0,"perc":80.2919708029197,"total":137.0},"Female":{"raw":23.0,"perc":16.788321167883211,"total":137.0},"Not-Specified":{"raw":4.0,"perc":2.9197080291970803,"total":137.0}},"Pharms - Levofloxacin":{"Female":{"raw":1.0,"perc":100.0,"total":1.0}},"Erythroxylum novogranatense":{"Male":{"raw":1.0,"perc":100.0,"total":1.0}},"Vardenafil":{"Male":{"raw":1.0,"perc":100.0,"total":1.0}},"Phendimetrazine":{"Male":{"raw":2.0,"perc":100.0,"total":2.0}},"Vervain":{"Male":{"raw":4.0,"perc":100.0,"total":4.0}},"Pharms - Baclofen":{"Male":{"raw":8.0,"perc":80.0,"total":10.0},"Female":{"raw":2.0,"perc":20.0,"total":10.0}},"Trihexyphenidyl":{"Female":{"raw":1.0,"perc":33.333333333333329,"total":3.0},"Male":{"raw":2.0,"perc":66.666666666666657,"total":3.0}},"Donepezil":{"Male":{"raw":1.0,"perc":100.0,"total":1.0}},"MET":{"Male":{"raw":6.0,"perc":100.0,"total":6.0}},"Casimiroa edulis":{"Male":{"raw":1.0,"perc":100.0,"total":1.0}},"Silene capensis":{"Male":{"raw":13.0,"perc":81.25,"total":16.0},"Female":{"raw":2.0,"perc":12.5,"total":16.0},"Not-Specified":{"raw":1.0,"perc":6.25,"total":16.0}},"Lavandula spp.":{"Male":{"raw":4.0,"perc":44.444444444444443,"total":9.0},"Female":{"raw":4.0,"perc":44.444444444444443,"total":9.0},"Not-Specified":{"raw":1.0,"perc":11.111111111111111,"total":9.0}},"4-AcO-DMT":{"Male":{"raw":100.0,"perc":86.956521739130437,"total":115.0},"Female":{"raw":11.0,"perc":9.5652173913043477,"total":115.0},"Not-Specified":{"raw":4.0,"perc":3.4782608695652173,"total":115.0}},"Piperazines - pFPP":{"Male":{"raw":2.0,"perc":100.0,"total":2.0}},"Lemon Balm":{"Male":{"raw":5.0,"perc":71.428571428571431,"total":7.0},"Female":{"raw":2.0,"perc":28.571428571428569,"total":7.0}},"Mullein":{"Male":{"raw":2.0,"perc":100.0,"total":2.0}},"Carbogen":{"Male":{"raw":9.0,"perc":90.0,"total":10.0},"Female":{"raw":1.0,"perc":10.0,"total":10.0}},"Pharms - Oxymorphone":{"Male":{"raw":28.0,"perc":93.333333333333329,"total":30.0},"Female":{"raw":1.0,"perc":3.3333333333333335,"total":30.0},"Not-Specified":{"raw":1.0,"perc":3.3333333333333335,"total":30.0}},"4-MeO-MiPT":{"Male":{"raw":3.0,"perc":100.0,"total":3.0}},"Pharms - Flurazepam":{"Male":{"raw":3.0,"perc":100.0,"total":3.0}},"Leonurus cardiaca":{"Male":{"raw":1.0,"perc":100.0,"total":1.0}},"Pharms - Procaine":{"Male":{"raw":1.0,"perc":100.0,"total":1.0}},"Milk Thistle":{"Male":{"raw":5.0,"perc":83.333333333333343,"total":6.0},"Female":{"raw":1.0,"perc":16.666666666666664,"total":6.0}},"7-Hydroxy-Mytragynine":{"Male":{"raw":1.0,"perc":100.0,"total":1.0}},"Theanine":{"Male":{"raw":7.0,"perc":100.0,"total":7.0}},"Capsaicin":{"Male":{"raw":3.0,"perc":75.0,"total":4.0},"Not-Specified":{"raw":1.0,"perc":25.0,"total":4.0}},"Butalbital":{"Female":{"raw":1.0,"perc":33.333333333333329,"total":3.0},"Male":{"raw":2.0,"perc":66.666666666666657,"total":3.0}},"Phosphatidylserine":{"Male":{"raw":2.0,"perc":100.0,"total":2.0}},"4-HO-MET":{"Male":{"raw":41.0,"perc":87.2340425531915,"total":47.0},"Female":{"raw":6.0,"perc":12.76595744680851,"total":47.0}},"Miracle Berry":{"Male":{"raw":3.0,"perc":100.0,"total":3.0}},"3C-B":{"Not-Specified":{"raw":1.0,"perc":100.0,"total":1.0}},"Idebenone":{"Male":{"raw":1.0,"perc":100.0,"total":1.0}},"CP 55,940":{"Male":{"raw":5.0,"perc":71.428571428571431,"total":7.0},"Not-Specified":{"raw":1.0,"perc":14.285714285714285,"total":7.0},"Female":{"raw":1.0,"perc":14.285714285714285,"total":7.0}},"Salvinorin A":{"Not-Specified":{"raw":1.0,"perc":50.0,"total":2.0},"Male":{"raw":1.0,"perc":50.0,"total":2.0}},"4-AcO-DALT":{"Male":{"raw":5.0,"perc":55.555555555555557,"total":9.0},"Not-Specified":{"raw":1.0,"perc":11.111111111111111,"total":9.0},"Female":{"raw":3.0,"perc":33.333333333333329,"total":9.0}},"2C-G-N":{"Not-Specified":{"raw":1.0,"perc":100.0,"total":1.0}},"Black Cohosh":{"Male":{"raw":2.0,"perc":100.0,"total":2.0}},"Pharms - Doxepin":{"Not-Specified":{"raw":1.0,"perc":50.0,"total":2.0},"Male":{"raw":1.0,"perc":50.0,"total":2.0}},"4-Methylmethcathinone":{"Male":{"raw":93.0,"perc":86.915887850467286,"total":107.0},"Female":{"raw":12.0,"perc":11.214953271028037,"total":107.0},"Not-Specified":{"raw":2.0,"perc":1.8691588785046727,"total":107.0}},"2-Me-DMT":{"Male":{"raw":2.0,"perc":100.0,"total":2.0}},"Ethylcathinone":{"Male":{"raw":6.0,"perc":100.0,"total":6.0}},"Pramipexole":{"Male":{"raw":1.0,"perc":100.0,"total":1.0}},"Animals - Black Widow Spider":{"Male":{"raw":2.0,"perc":100.0,"total":2.0}},"Varenicline":{"Male":{"raw":2.0,"perc":100.0,"total":2.0}},"Lisdexamfetamine":{"Male":{"raw":15.0,"perc":71.428571428571431,"total":21.0},"Not-Specified":{"raw":1.0,"perc":4.7619047619047619,"total":21.0},"Female":{"raw":5.0,"perc":23.809523809523807,"total":21.0}},"Cheese - Blue":{"Male":{"raw":1.0,"perc":50.0,"total":2.0},"Not-Specified":{"raw":1.0,"perc":50.0,"total":2.0}},"Smarts - Oxiracetam":{"Male":{"raw":5.0,"perc":100.0,"total":5.0}},"Albizia julibrissin":{"Male":{"raw":2.0,"perc":100.0,"total":2.0}},"Nabilone":{"Male":{"raw":4.0,"perc":80.0,"total":5.0},"Not-Specified":{"raw":1.0,"perc":20.0,"total":5.0}},"Nimetazepam":{"Male":{"raw":3.0,"perc":75.0,"total":4.0},"Female":{"raw":1.0,"perc":25.0,"total":4.0}},"Pituri":{"Male":{"raw":2.0,"perc":66.666666666666657,"total":3.0},"Female":{"raw":1.0,"perc":33.333333333333329,"total":3.0}},"Methylmethaqualone":{"Male":{"raw":1.0,"perc":100.0,"total":1.0}},"Pharms - Propofol":{"Male":{"raw":5.0,"perc":100.0,"total":5.0}},"Pharms - Zolazepam":{"Not-Specified":{"raw":1.0,"perc":50.0,"total":2.0},"Male":{"raw":1.0,"perc":50.0,"total":2.0}},"JWH-018":{"Female":{"raw":7.0,"perc":7.9545454545454541,"total":88.0},"Male":{"raw":79.0,"perc":89.772727272727266,"total":88.0},"Not-Specified":{"raw":2.0,"perc":2.2727272727272729,"total":88.0}},"Arundo donax":{"Male":{"raw":1.0,"perc":100.0,"total":1.0}},"Garlic":{"Male":{"raw":2.0,"perc":100.0,"total":2.0}},"Pharms - Reboxetine":{"Male":{"raw":1.0,"perc":100.0,"total":1.0}},"Animals - Frogs":{"Male":{"raw":8.0,"perc":88.888888888888886,"total":9.0},"Female":{"raw":1.0,"perc":11.111111111111111,"total":9.0}},"Phyllomedusa bicolor":{"Male":{"raw":7.0,"perc":87.5,"total":8.0},"Female":{"raw":1.0,"perc":12.5,"total":8.0}},"Diphenoxylate":{"Male":{"raw":1.0,"perc":100.0,"total":1.0}},"Bromazepam":{"Female":{"raw":1.0,"perc":100.0,"total":1.0}},"HOT-2":{"Male":{"raw":2.0,"perc":100.0,"total":2.0}},"2-Methyl-2-Butanol":{"Male":{"raw":2.0,"perc":100.0,"total":2.0}},"Glaucine":{"Male":{"raw":4.0,"perc":80.0,"total":5.0},"Not-Specified":{"raw":1.0,"perc":20.0,"total":5.0}},"2C-H":{"Male":{"raw":1.0,"perc":100.0,"total":1.0}},"4-MeO-PCP":{"Male":{"raw":11.0,"perc":100.0,"total":11.0}},"Tapentadol":{"Male":{"raw":7.0,"perc":63.636363636363633,"total":11.0},"Female":{"raw":4.0,"perc":36.363636363636367,"total":11.0}},"4-Methoxymethcathinone":{"Male":{"raw":2.0,"perc":100.0,"total":2.0}},"Pharms - Phenazepam":{"Male":{"raw":9.0,"perc":90.0,"total":10.0},"Female":{"raw":1.0,"perc":10.0,"total":10.0}},"Dimethocaine":{"Male":{"raw":2.0,"perc":100.0,"total":2.0}},"Ergot":{"Male":{"raw":3.0,"perc":100.0,"total":3.0}},"Armodafinil":{"Male":{"raw":4.0,"perc":100.0,"total":4.0}},"4-Fluoromethcathinone":{"Male":{"raw":2.0,"perc":100.0,"total":2.0}},"JWH-073":{"Male":{"raw":3.0,"perc":100.0,"total":3.0}},"Testosterone":{"Male":{"raw":3.0,"perc":100.0,"total":3.0}},"Pharms - Valproate":{"Male":{"raw":1.0,"perc":100.0,"total":1.0}},"Napthylpyrovalerone":{"Male":{"raw":4.0,"perc":100.0,"total":4.0}},"Products - Bath Salts, Plant Food, etc":{"Male":{"raw":32.0,"perc":86.486486486486484,"total":37.0},"Not-Specified":{"raw":3.0,"perc":8.1081081081081088,"total":37.0},"Female":{"raw":2.0,"perc":5.4054054054054053,"total":37.0}},"MDAI":{"Female":{"raw":4.0,"perc":10.256410256410255,"total":39.0},"Not-Specified":{"raw":3.0,"perc":7.6923076923076925,"total":39.0},"Male":{"raw":32.0,"perc":82.051282051282044,"total":39.0}},"6-APB":{"Male":{"raw":48.0,"perc":84.210526315789465,"total":57.0},"Female":{"raw":8.0,"perc":14.035087719298245,"total":57.0},"Not-Specified":{"raw":1.0,"perc":1.7543859649122806,"total":57.0}},"JWH-250":{"Male":{"raw":6.0,"perc":75.0,"total":8.0},"Female":{"raw":2.0,"perc":25.0,"total":8.0}},"NBOMe Series":{"Male":{"raw":254.0,"perc":86.689419795221852,"total":293.0},"Female":{"raw":35.0,"perc":11.945392491467576,"total":293.0},"Not-Specified":{"raw":4.0,"perc":1.3651877133105803,"total":293.0}},"JWH-081":{"Male":{"raw":1.0,"perc":100.0,"total":1.0}},"JWH-200":{"Female":{"raw":1.0,"perc":33.333333333333329,"total":3.0},"Male":{"raw":2.0,"perc":66.666666666666657,"total":3.0}},"25C-NBOMe":{"Male":{"raw":84.0,"perc":86.5979381443299,"total":97.0},"Female":{"raw":11.0,"perc":11.340206185567011,"total":97.0},"Not-Specified":{"raw":2.0,"perc":2.0618556701030926,"total":97.0}},"JWH-122":{"Male":{"raw":12.0,"perc":66.666666666666657,"total":18.0},"Not-Specified":{"raw":2.0,"perc":11.111111111111111,"total":18.0},"Female":{"raw":4.0,"perc":22.222222222222221,"total":18.0}},"2-Fluoroamphetamine":{"Male":{"raw":3.0,"perc":75.0,"total":4.0},"Female":{"raw":1.0,"perc":25.0,"total":4.0}},"Indian Warrior":{"Male":{"raw":1.0,"perc":100.0,"total":1.0}},"Naproxen":{"Female":{"raw":1.0,"perc":100.0,"total":1.0}},"4-HO-MPT":{"Male":{"raw":3.0,"perc":50.0,"total":6.0},"Not-Specified":{"raw":1.0,"perc":16.666666666666664,"total":6.0},"Female":{"raw":2.0,"perc":33.333333333333329,"total":6.0}},"Methiopropamine":{"Male":{"raw":12.0,"perc":70.588235294117652,"total":17.0},"Female":{"raw":5.0,"perc":29.411764705882355,"total":17.0}},"Hydroxyzine":{"Male":{"raw":2.0,"perc":100.0,"total":2.0}},"JWH-019":{"Male":{"raw":1.0,"perc":100.0,"total":1.0}},"4-Methylethcathinone":{"Male":{"raw":17.0,"perc":94.444444444444443,"total":18.0},"Not-Specified":{"raw":1.0,"perc":5.5555555555555554,"total":18.0}},"25D-NBOMe":{"Male":{"raw":6.0,"perc":100.0,"total":6.0}},"25I-NBOMe":{"Male":{"raw":141.0,"perc":88.679245283018872,"total":159.0},"Female":{"raw":16.0,"perc":10.062893081761008,"total":159.0},"Not-Specified":{"raw":2.0,"perc":1.257861635220126,"total":159.0}},"5-Methyl-MDA":{"Female":{"raw":1.0,"perc":50.0,"total":2.0},"Male":{"raw":1.0,"perc":50.0,"total":2.0}},"5-APB":{"Male":{"raw":8.0,"perc":88.888888888888886,"total":9.0},"Female":{"raw":1.0,"perc":11.111111111111111,"total":9.0}},"4-Fluoromethamphetamine":{"Female":{"raw":1.0,"perc":25.0,"total":4.0},"Male":{"raw":3.0,"perc":75.0,"total":4.0}},"MDOH":{"Not-Specified":{"raw":1.0,"perc":100.0,"total":1.0}},"Escaline":{"Male":{"raw":3.0,"perc":100.0,"total":3.0}},"Products - Other":{"Male":{"raw":2.0,"perc":100.0,"total":2.0}},"TMA":{"Male":{"raw":1.0,"perc":50.0,"total":2.0},"Not-Specified":{"raw":1.0,"perc":50.0,"total":2.0}},"MMDA":{"Male":{"raw":3.0,"perc":100.0,"total":3.0}},"DMMDA":{"Male":{"raw":2.0,"perc":100.0,"total":2.0}},"MMDA-3a":{"Male":{"raw":1.0,"perc":100.0,"total":1.0}},"Carbidopa":{"Male":{"raw":1.0,"perc":100.0,"total":1.0}},"L-DOPA":{"Male":{"raw":1.0,"perc":100.0,"total":1.0}},"Harmine":{"Male":{"raw":1.0,"perc":100.0,"total":1.0}},"JWH-210":{"Male":{"raw":3.0,"perc":100.0,"total":3.0}},"Aleph-4":{"Male":{"raw":2.0,"perc":100.0,"total":2.0}},"3-Fluoroamphetamine":{"Male":{"raw":1.0,"perc":100.0,"total":1.0}},"Etizolam":{"Male":{"raw":19.0,"perc":67.857142857142861,"total":28.0},"Female":{"raw":5.0,"perc":17.857142857142858,"total":28.0},"Not-Specified":{"raw":4.0,"perc":14.285714285714285,"total":28.0}},"3-MeO-PCP":{"Male":{"raw":20.0,"perc":86.956521739130437,"total":23.0},"Female":{"raw":3.0,"perc":13.043478260869565,"total":23.0}},"Pentylone":{"Female":{"raw":1.0,"perc":33.333333333333329,"total":3.0},"Male":{"raw":1.0,"perc":33.333333333333329,"total":3.0},"Not-Specified":{"raw":1.0,"perc":33.333333333333329,"total":3.0}},"Ethylphenidate":{"Male":{"raw":31.0,"perc":83.78378378378379,"total":37.0},"Female":{"raw":3.0,"perc":8.1081081081081088,"total":37.0},"Not-Specified":{"raw":3.0,"perc":8.1081081081081088,"total":37.0}},"AH-7921":{"Male":{"raw":5.0,"perc":83.333333333333343,"total":6.0},"Female":{"raw":1.0,"perc":16.666666666666664,"total":6.0}},"4-AcO-DPT":{"Male":{"raw":2.0,"perc":100.0,"total":2.0}},"UR-144":{"Male":{"raw":4.0,"perc":100.0,"total":4.0}},"Cerebrolysin":{"Male":{"raw":1.0,"perc":100.0,"total":1.0}},"Citicoline":{"Male":{"raw":1.0,"perc":100.0,"total":1.0}},"Pramiracetam":{"Male":{"raw":1.0,"perc":100.0,"total":1.0}},"PMMA":{"Male":{"raw":1.0,"perc":100.0,"total":1.0}},"Myrrh":{"Male":{"raw":1.0,"perc":100.0,"total":1.0}},"Pharms - Nortriptyline":{"Male":{"raw":1.0,"perc":100.0,"total":1.0}},"BOD":{"Male":{"raw":3.0,"perc":75.0,"total":4.0},"Not-Specified":{"raw":1.0,"perc":25.0,"total":4.0}},"Metaxalone":{"Male":{"raw":2.0,"perc":100.0,"total":2.0}},"Allylescaline":{"Male":{"raw":14.0,"perc":93.333333333333329,"total":15.0},"Female":{"raw":1.0,"perc":6.666666666666667,"total":15.0}},"2-hydroxycocaine":{"Female":{"raw":1.0,"perc":100.0,"total":1.0}},"Bad/Suspect Ecstasy":{"Male":{"raw":3.0,"perc":60.0,"total":5.0},"Female":{"raw":2.0,"perc":40.0,"total":5.0}},"5F-AKB48":{"Male":{"raw":4.0,"perc":100.0,"total":4.0}},"25B-NBOMe":{"Male":{"raw":20.0,"perc":80.0,"total":25.0},"Female":{"raw":4.0,"perc":16.0,"total":25.0},"Not-Specified":{"raw":1.0,"perc":4.0,"total":25.0}},"TCB-2":{"Male":{"raw":2.0,"perc":100.0,"total":2.0}},"a-PVP":{"Male":{"raw":8.0,"perc":100.0,"total":8.0}},"Licorice Root":{"Male":{"raw":1.0,"perc":100.0,"total":1.0}},"Biperiden":{"Male":{"raw":1.0,"perc":100.0,"total":1.0}},"Methallylescaline":{"Female":{"raw":2.0,"perc":20.0,"total":10.0},"Male":{"raw":8.0,"perc":80.0,"total":10.0}},"3C-E":{"Male":{"raw":2.0,"perc":100.0,"total":2.0}},"25G-NBOMe":{"Male":{"raw":2.0,"perc":100.0,"total":2.0}},"MT-45":{"Male":{"raw":3.0,"perc":100.0,"total":3.0}},"4-Fluorococaine":{"Male":{"raw":1.0,"perc":100.0,"total":1.0}},"3-Methylmethcathinone":{"Male":{"raw":3.0,"perc":100.0,"total":3.0}},"5-MAPB":{"Male":{"raw":19.0,"perc":90.476190476190482,"total":21.0},"Female":{"raw":1.0,"perc":4.7619047619047619,"total":21.0},"Not-Specified":{"raw":1.0,"perc":4.7619047619047619,"total":21.0}},"Acacia confusa":{"Male":{"raw":4.0,"perc":57.142857142857139,"total":7.0},"Female":{"raw":2.0,"perc":28.571428571428569,"total":7.0},"Not-Specified":{"raw":1.0,"perc":14.285714285714285,"total":7.0}},"Methoxyketamine":{"Male":{"raw":1.0,"perc":100.0,"total":1.0}},"2-Fluoromethamphetamine":{"Not-Specified":{"raw":1.0,"perc":16.666666666666664,"total":6.0},"Male":{"raw":5.0,"perc":83.333333333333343,"total":6.0}},"Diphenidine":{"Male":{"raw":6.0,"perc":85.714285714285708,"total":7.0},"Female":{"raw":1.0,"perc":14.285714285714285,"total":7.0}},"Chloral Hydrate":{"Male":{"raw":1.0,"perc":100.0,"total":1.0}},"AL-LAD":{"Male":{"raw":35.0,"perc":92.10526315789474,"total":38.0},"Not-Specified":{"raw":1.0,"perc":2.6315789473684208,"total":38.0},"Female":{"raw":2.0,"perc":5.2631578947368416,"total":38.0}},"25I-NBOH":{"Male":{"raw":5.0,"perc":100.0,"total":5.0}},"NBOH Series":{"Male":{"raw":6.0,"perc":100.0,"total":6.0}},"Pyrazolam":{"Male":{"raw":4.0,"perc":80.0,"total":5.0},"Not-Specified":{"raw":1.0,"perc":20.0,"total":5.0}},"LSZ":{"Male":{"raw":17.0,"perc":100.0,"total":17.0}},"Methoxphenidine":{"Male":{"raw":19.0,"perc":95.0,"total":20.0},"Female":{"raw":1.0,"perc":5.0,"total":20.0}},"Etaqualone":{"Male":{"raw":3.0,"perc":100.0,"total":3.0}},"4-Ethylmethcathinone":{"Male":{"raw":3.0,"perc":100.0,"total":3.0}},"Banisteriopsis muricata":{"Male":{"raw":1.0,"perc":100.0,"total":1.0}},"Aspirin":{"Male":{"raw":2.0,"perc":100.0,"total":2.0}},"4-HO-DPT":{"Not-Specified":{"raw":1.0,"perc":25.0,"total":4.0},"Male":{"raw":1.0,"perc":25.0,"total":4.0},"Female":{"raw":2.0,"perc":50.0,"total":4.0}},"PRL-8-53":{"Male":{"raw":1.0,"perc":100.0,"total":1.0}},"BK-2C-B":{"Male":{"raw":18.0,"perc":100.0,"total":18.0}},"Acetylfentanyl":{"Male":{"raw":4.0,"perc":80.0,"total":5.0},"Not-Specified":{"raw":1.0,"perc":20.0,"total":5.0}},"Lorcaserin":{"Male":{"raw":1.0,"perc":100.0,"total":1.0}},"4-AcO-MET":{"Male":{"raw":5.0,"perc":100.0,"total":5.0}},"6-APDB":{"Male":{"raw":2.0,"perc":100.0,"total":2.0}},"Diclazepam":{"Not-Specified":{"raw":1.0,"perc":16.666666666666664,"total":6.0},"Male":{"raw":5.0,"perc":83.333333333333343,"total":6.0}},"5-MeO-EIPT":{"Male":{"raw":1.0,"perc":100.0,"total":1.0}},"bk-MDDMA":{"Male":{"raw":1.0,"perc":100.0,"total":1.0}},"bk-DMDBD":{"Male":{"raw":1.0,"perc":100.0,"total":1.0}},"3,4-Dichloromethylphenidate":{"Male":{"raw":4.0,"perc":100.0,"total":4.0}},"6-MAPB":{"Male":{"raw":1.0,"perc":100.0,"total":1.0}},"5-APDB":{"Male":{"raw":2.0,"perc":100.0,"total":2.0}},"Cannabidiol":{"Male":{"raw":5.0,"perc":100.0,"total":5.0}},"alpha-PHP":{"Not-Specified":{"raw":1.0,"perc":20.0,"total":5.0},"Male":{"raw":4.0,"perc":80.0,"total":5.0}},"3F-Phenmetrazine":{"Male":{"raw":15.0,"perc":93.75,"total":16.0},"Not-Specified":{"raw":1.0,"perc":6.25,"total":16.0}},"U-47700":{"Not-Specified":{"raw":1.0,"perc":20.0,"total":5.0},"Male":{"raw":4.0,"perc":80.0,"total":5.0}},"HDMP-28":{"Male":{"raw":3.0,"perc":100.0,"total":3.0}},"5-MeO-TMT":{"Male":{"raw":1.0,"perc":50.0,"total":2.0},"Not-Specified":{"raw":1.0,"perc":50.0,"total":2.0}},"4-MeO-DMT":{"Female":{"raw":1.0,"perc":100.0,"total":1.0}},"DOPR":{"Female":{"raw":1.0,"perc":50.0,"total":2.0},"Male":{"raw":1.0,"perc":50.0,"total":2.0}},"1P-LSD":{"Male":{"raw":42.0,"perc":89.361702127659569,"total":47.0},"Not-Specified":{"raw":3.0,"perc":6.3829787234042552,"total":47.0},"Female":{"raw":2.0,"perc":4.25531914893617,"total":47.0}},"Isopropylphenidate":{"Not-Specified":{"raw":1.0,"perc":50.0,"total":2.0},"Male":{"raw":1.0,"perc":50.0,"total":2.0}},"4-Fluorobutyrfentanyl":{"Female":{"raw":1.0,"perc":50.0,"total":2.0},"Male":{"raw":1.0,"perc":50.0,"total":2.0}},"Clonazolam":{"Male":{"raw":11.0,"perc":91.666666666666657,"total":12.0},"Female":{"raw":1.0,"perc":8.3333333333333321,"total":12.0}},"MDMB-CHMICA":{"Male":{"raw":3.0,"perc":100.0,"total":3.0}},"Ephenidine":{"Male":{"raw":8.0,"perc":100.0,"total":8.0}},"3-MeO-PCMo":{"Male":{"raw":2.0,"perc":100.0,"total":2.0}},"Flubromazolam":{"Male":{"raw":4.0,"perc":100.0,"total":4.0}},"ETH-LAD":{"Male":{"raw":2.0,"perc":50.0,"total":4.0},"Not-Specified":{"raw":1.0,"perc":25.0,"total":4.0},"Female":{"raw":1.0,"perc":25.0,"total":4.0}},"MEM":{"Male":{"raw":2.0,"perc":66.666666666666657,"total":3.0},"Not-Specified":{"raw":1.0,"perc":33.333333333333329,"total":3.0}},"Deschloroketamine":{"Male":{"raw":7.0,"perc":100.0,"total":7.0}},"Pinoline":{"Male":{"raw":1.0,"perc":100.0,"total":1.0}},"Ilex guayusa":{"Male":{"raw":1.0,"perc":100.0,"total":1.0}},"5-MeO-DiBF":{"Male":{"raw":2.0,"perc":66.666666666666657,"total":3.0},"Female":{"raw":1.0,"perc":33.333333333333329,"total":3.0}},"Entada rheedii":{"Not-Specified":{"raw":1.0,"perc":100.0,"total":1.0}},"Pentedrone":{"Male":{"raw":1.0,"perc":100.0,"total":1.0}},"LSM-775":{"Male":{"raw":1.0,"perc":100.0,"total":1.0}},"4-Fluoromethylphenidate":{"Male":{"raw":1.0,"perc":100.0,"total":1.0}},"1P-ETH-LAD":{"Male":{"raw":2.0,"perc":100.0,"total":2.0}},"2'-Oxo-PCE":{"Male":{"raw":2.0,"perc":100.0,"total":2.0}},"Ashwagandha":{"Male":{"raw":1.0,"perc":100.0,"total":1.0}},"4-Chloroethcathinone":{"Male":{"raw":1.0,"perc":100.0,"total":1.0}},"N-Ethylhexedrone":{"Male":{"raw":2.0,"perc":100.0,"total":2.0}},"Cacao":{"Male":{"raw":1.0,"perc":100.0,"total":1.0}},"Acetildenafil":{"Male":{"raw":1.0,"perc":100.0,"total":1.0}},"Prazosin":{"Male":{"raw":1.0,"perc":100.0,"total":1.0}},"ALD-52":{"Male":{"raw":1.0,"perc":100.0,"total":1.0}},"HOT-17":{"Male":{"raw":1.0,"perc":100.0,"total":1.0}},"HOT-7":{"Male":{"raw":1.0,"perc":100.0,"total":1.0}},"2C-T-13":{"Male":{"raw":1.0,"perc":100.0,"total":1.0}}}