{"Morning Glory":{"Festival / Lg. Crowd":{"Drug Testing":{"raw":1.0,"perc":100.0,"total":1.0}},"Alone":{"Floatation Tank":{"raw":1.0,"perc":16.666666666666664,"total":6.0},"Dreams":{"raw":1.0,"perc":16.666666666666664,"total":6.0},"Meditation":{"raw":2.0,"perc":33.333333333333329,"total":6.0},"Devices":{"raw":1.0,"perc":16.666666666666664,"total":6.0},"Fasting":{"raw":1.0,"perc":16.666666666666664,"total":6.0}},"Unknown Context":{"Migraines":{"raw":1.0,"perc":100.0,"total":1.0}},"Various":{"Meditation":{"raw":2.0,"perc":50.0,"total":4.0},"Dreams":{"raw":1.0,"perc":25.0,"total":4.0},"Yoga / Bodywork":{"raw":1.0,"perc":25.0,"total":4.0}},"Small Group (2-9)":{"Ritual":{"raw":1.0,"perc":100.0,"total":1.0}},"Not Applicable":{"Migraines":{"raw":1.0,"perc":100.0,"total":1.0}}},"Various":{"Various":{"Sleep Deprivation":{"raw":23.0,"perc":21.296296296296298,"total":108.0},"Police / Customs":{"raw":27.0,"perc":25.0,"total":108.0},"Endogenous":{"raw":2.0,"perc":1.8518518518518516,"total":108.0},"Yoga / Bodywork":{"raw":3.0,"perc":2.7777777777777777,"total":108.0},"Ritual":{"raw":4.0,"perc":3.7037037037037033,"total":108.0},"Meditation":{"raw":15.0,"perc":13.888888888888889,"total":108.0},"Fasting":{"raw":7.0,"perc":6.481481481481481,"total":108.0},"Migraines":{"raw":2.0,"perc":1.8518518518518516,"total":108.0},"OBE":{"raw":3.0,"perc":2.7777777777777777,"total":108.0},"Mindfulness":{"raw":3.0,"perc":2.7777777777777777,"total":108.0},"Dreams":{"raw":7.0,"perc":6.481481481481481,"total":108.0},"Devices":{"raw":1.0,"perc":0.92592592592592582,"total":108.0},"Devices - Mind Machine":{"raw":1.0,"perc":0.92592592592592582,"total":108.0},"Conferences":{"raw":1.0,"perc":0.92592592592592582,"total":108.0},"Drug Testing":{"raw":5.0,"perc":4.62962962962963,"total":108.0},"Music":{"raw":1.0,"perc":0.92592592592592582,"total":108.0},"Nitrogen Narcosis":{"raw":1.0,"perc":0.92592592592592582,"total":108.0},"Humor":{"raw":2.0,"perc":1.8518518518518516,"total":108.0}},"Not Applicable":{"Drug Testing":{"raw":2.0,"perc":100.0,"total":2.0}}},"LSD":{"Alone":{"OBE":{"raw":3.0,"perc":25.0,"total":12.0},"Yoga / Bodywork":{"raw":3.0,"perc":25.0,"total":12.0},"Meditation":{"raw":1.0,"perc":8.3333333333333321,"total":12.0},"Police / Customs":{"raw":2.0,"perc":16.666666666666664,"total":12.0},"Mindfulness":{"raw":1.0,"perc":8.3333333333333321,"total":12.0},"Devices":{"raw":1.0,"perc":8.3333333333333321,"total":12.0},"Devices - Mind Machine":{"raw":1.0,"perc":8.3333333333333321,"total":12.0}},"Small Group (2-9)":{"Endogenous":{"raw":1.0,"perc":3.8461538461538463,"total":26.0},"Police / Customs":{"raw":8.0,"perc":30.76923076923077,"total":26.0},"Yoga / Bodywork":{"raw":4.0,"perc":15.384615384615385,"total":26.0},"Sleep Deprivation":{"raw":2.0,"perc":7.6923076923076925,"total":26.0},"Guiding":{"raw":1.0,"perc":3.8461538461538463,"total":26.0},"Devices":{"raw":2.0,"perc":7.6923076923076925,"total":26.0},"Devices - Mind Machine":{"raw":1.0,"perc":3.8461538461538463,"total":26.0},"Meditation":{"raw":3.0,"perc":11.538461538461538,"total":26.0},"OBE":{"raw":1.0,"perc":3.8461538461538463,"total":26.0},"Dreams":{"raw":1.0,"perc":3.8461538461538463,"total":26.0},"Breathing":{"raw":1.0,"perc":3.8461538461538463,"total":26.0},"Music":{"raw":1.0,"perc":3.8461538461538463,"total":26.0}},"Rave / Dance Event":{"Police / Customs":{"raw":3.0,"perc":75.0,"total":4.0},"Guiding":{"raw":1.0,"perc":25.0,"total":4.0}},"Various":{"Migraines":{"raw":1.0,"perc":12.5,"total":8.0},"Meditation":{"raw":3.0,"perc":37.5,"total":8.0},"Yoga / Bodywork":{"raw":1.0,"perc":12.5,"total":8.0},"Police / Customs":{"raw":3.0,"perc":37.5,"total":8.0}},"Group Ceremony":{"Meditation":{"raw":2.0,"perc":100.0,"total":2.0}},"Club / Bar":{"Police / Customs":{"raw":1.0,"perc":100.0,"total":1.0}},"Festival / Lg. Crowd":{"Sleep Deprivation":{"raw":1.0,"perc":33.333333333333329,"total":3.0},"Police / Customs":{"raw":2.0,"perc":66.666666666666657,"total":3.0}},"Not Applicable":{"Migraines":{"raw":2.0,"perc":66.666666666666657,"total":3.0},"Yoga / Bodywork":{"raw":1.0,"perc":33.333333333333329,"total":3.0}}},"DPT":{"Alone":{"Dreams":{"raw":1.0,"perc":33.333333333333329,"total":3.0},"Yoga / Bodywork":{"raw":1.0,"perc":33.333333333333329,"total":3.0},"Breathing":{"raw":1.0,"perc":33.333333333333329,"total":3.0}},"Various":{"Ritual":{"raw":1.0,"perc":100.0,"total":1.0}},"Small Group (2-9)":{"Meditation":{"raw":1.0,"perc":100.0,"total":1.0}}},"Opiates":{"Unknown Context":{"Drug Testing":{"raw":1.0,"perc":100.0,"total":1.0}},"Not Applicable":{"Drug Testing":{"raw":5.0,"perc":83.333333333333343,"total":6.0},"Police / Customs":{"raw":1.0,"perc":16.666666666666664,"total":6.0}},"Small Group (2-9)":{"Police / Customs":{"raw":2.0,"perc":66.666666666666657,"total":3.0},"Endogenous":{"raw":1.0,"perc":33.333333333333329,"total":3.0}},"Alone":{"Meditation":{"raw":2.0,"perc":28.571428571428569,"total":7.0},"Dreams":{"raw":2.0,"perc":28.571428571428569,"total":7.0},"OBE":{"raw":1.0,"perc":14.285714285714285,"total":7.0},"Conferences":{"raw":1.0,"perc":14.285714285714285,"total":7.0},"Drug Testing":{"raw":1.0,"perc":14.285714285714285,"total":7.0}},"Hospital":{"Police / Customs":{"raw":1.0,"perc":100.0,"total":1.0}},"Various":{"Police / Customs":{"raw":1.0,"perc":100.0,"total":1.0}}},"Poppies - Opium":{"Unknown Context":{"Drug Testing":{"raw":1.0,"perc":100.0,"total":1.0}},"Alone":{"Dreams":{"raw":1.0,"perc":50.0,"total":2.0},"Drug Testing":{"raw":1.0,"perc":50.0,"total":2.0}}},"Cannabis":{"Small Group (2-9)":{"Ritual":{"raw":1.0,"perc":3.4482758620689653,"total":29.0},"Police / Customs":{"raw":11.0,"perc":37.931034482758619,"total":29.0},"Meditation":{"raw":4.0,"perc":13.793103448275861,"total":29.0},"OBE":{"raw":5.0,"perc":17.241379310344829,"total":29.0},"Endogenous":{"raw":3.0,"perc":10.344827586206897,"total":29.0},"Sleep Deprivation":{"raw":3.0,"perc":10.344827586206897,"total":29.0},"Mindfulness":{"raw":1.0,"perc":3.4482758620689653,"total":29.0},"Drug Testing":{"raw":1.0,"perc":3.4482758620689653,"total":29.0}},"Alone":{"Drug Testing":{"raw":1.0,"perc":4.3478260869565215,"total":23.0},"Police / Customs":{"raw":3.0,"perc":13.043478260869565,"total":23.0},"Meditation":{"raw":5.0,"perc":21.739130434782609,"total":23.0},"Devices":{"raw":2.0,"perc":8.695652173913043,"total":23.0},"Devices - Mind Machine":{"raw":2.0,"perc":8.695652173913043,"total":23.0},"Ritual":{"raw":1.0,"perc":4.3478260869565215,"total":23.0},"OBE":{"raw":2.0,"perc":8.695652173913043,"total":23.0},"Sleep Deprivation":{"raw":3.0,"perc":13.043478260869565,"total":23.0},"Dreams":{"raw":2.0,"perc":8.695652173913043,"total":23.0},"Breathing":{"raw":1.0,"perc":4.3478260869565215,"total":23.0},"Fasting":{"raw":1.0,"perc":4.3478260869565215,"total":23.0}},"Various":{"Migraines":{"raw":1.0,"perc":14.285714285714285,"total":7.0},"Sleep Deprivation":{"raw":1.0,"perc":14.285714285714285,"total":7.0},"OBE":{"raw":1.0,"perc":14.285714285714285,"total":7.0},"Meditation":{"raw":2.0,"perc":28.571428571428569,"total":7.0},"Music":{"raw":1.0,"perc":14.285714285714285,"total":7.0},"Police / Customs":{"raw":1.0,"perc":14.285714285714285,"total":7.0}},"Not Applicable":{"Drug Testing":{"raw":20.0,"perc":90.9090909090909,"total":22.0},"Dreams":{"raw":1.0,"perc":4.5454545454545459,"total":22.0},"Yoga / Bodywork":{"raw":1.0,"perc":4.5454545454545459,"total":22.0}},"Hospital":{"Drug Testing":{"raw":1.0,"perc":100.0,"total":1.0}},"Large Group (10+)":{"OBE":{"raw":1.0,"perc":100.0,"total":1.0}},"Festival / Lg. Crowd":{"Ritual":{"raw":1.0,"perc":100.0,"total":1.0}},"Unknown Context":{"Drug Testing":{"raw":2.0,"perc":100.0,"total":2.0}}},"MDMA":{"Small Group (2-9)":{"Ritual":{"raw":1.0,"perc":6.666666666666667,"total":15.0},"Meditation":{"raw":2.0,"perc":13.333333333333334,"total":15.0},"Yoga / Bodywork":{"raw":3.0,"perc":20.0,"total":15.0},"Police / Customs":{"raw":2.0,"perc":13.333333333333334,"total":15.0},"Sleep Deprivation":{"raw":2.0,"perc":13.333333333333334,"total":15.0},"Devices":{"raw":2.0,"perc":13.333333333333334,"total":15.0},"Devices - Mind Machine":{"raw":1.0,"perc":6.666666666666667,"total":15.0},"Migraines":{"raw":1.0,"perc":6.666666666666667,"total":15.0},"OBE":{"raw":1.0,"perc":6.666666666666667,"total":15.0}},"Festival / Lg. Crowd":{"Ritual":{"raw":1.0,"perc":50.0,"total":2.0},"Yoga / Bodywork":{"raw":1.0,"perc":50.0,"total":2.0}},"Rave / Dance Event":{"Ritual":{"raw":1.0,"perc":16.666666666666664,"total":6.0},"Guiding":{"raw":1.0,"perc":16.666666666666664,"total":6.0},"Police / Customs":{"raw":2.0,"perc":33.333333333333329,"total":6.0},"Meditation":{"raw":2.0,"perc":33.333333333333329,"total":6.0}},"Unknown Context":{"Migraines":{"raw":3.0,"perc":42.857142857142854,"total":7.0},"Dreams":{"raw":2.0,"perc":28.571428571428569,"total":7.0},"Yoga / Bodywork":{"raw":1.0,"perc":14.285714285714285,"total":7.0},"Meditation":{"raw":1.0,"perc":14.285714285714285,"total":7.0}},"Various":{"Endogenous":{"raw":1.0,"perc":14.285714285714285,"total":7.0},"Migraines":{"raw":1.0,"perc":14.285714285714285,"total":7.0},"Police / Customs":{"raw":2.0,"perc":28.571428571428569,"total":7.0},"OBE":{"raw":1.0,"perc":14.285714285714285,"total":7.0},"Sleep Deprivation":{"raw":1.0,"perc":14.285714285714285,"total":7.0},"Music":{"raw":1.0,"perc":14.285714285714285,"total":7.0}},"Alone":{"Yoga / Bodywork":{"raw":1.0,"perc":25.0,"total":4.0},"Dreams":{"raw":1.0,"perc":25.0,"total":4.0},"Meditation":{"raw":2.0,"perc":50.0,"total":4.0}},"Large Group (10+)":{"OBE":{"raw":1.0,"perc":100.0,"total":1.0}}},"Pharmaceuticals":{"Small Group (2-9)":{"Ritual":{"raw":1.0,"perc":20.0,"total":5.0},"Police / Customs":{"raw":3.0,"perc":60.0,"total":5.0},"Sleep Deprivation":{"raw":1.0,"perc":20.0,"total":5.0}},"Alone":{"Dreams":{"raw":3.0,"perc":50.0,"total":6.0},"Sleep Deprivation":{"raw":1.0,"perc":16.666666666666664,"total":6.0},"Police / Customs":{"raw":2.0,"perc":33.333333333333329,"total":6.0}},"Not Applicable":{"Migraines":{"raw":1.0,"perc":33.333333333333329,"total":3.0},"Endogenous":{"raw":1.0,"perc":33.333333333333329,"total":3.0},"Dreams":{"raw":1.0,"perc":33.333333333333329,"total":3.0}},"Various":{"Police / Customs":{"raw":1.0,"perc":100.0,"total":1.0}}},"Pharms - Sildenafil":{"Small Group (2-9)":{"Ritual":{"raw":1.0,"perc":100.0,"total":1.0}}},"Stimulants":{"Small Group (2-9)":{"Ritual":{"raw":1.0,"perc":5.88235294117647,"total":17.0},"Meditation":{"raw":2.0,"perc":11.76470588235294,"total":17.0},"Yoga / Bodywork":{"raw":3.0,"perc":17.647058823529413,"total":17.0},"Police / Customs":{"raw":2.0,"perc":11.76470588235294,"total":17.0},"Sleep Deprivation":{"raw":3.0,"perc":17.647058823529413,"total":17.0},"Devices":{"raw":2.0,"perc":11.76470588235294,"total":17.0},"Devices - Mind Machine":{"raw":1.0,"perc":5.88235294117647,"total":17.0},"Migraines":{"raw":1.0,"perc":5.88235294117647,"total":17.0},"OBE":{"raw":2.0,"perc":11.76470588235294,"total":17.0}},"Festival / Lg. Crowd":{"Ritual":{"raw":1.0,"perc":50.0,"total":2.0},"Yoga / Bodywork":{"raw":1.0,"perc":50.0,"total":2.0}},"Rave / Dance Event":{"Ritual":{"raw":1.0,"perc":16.666666666666664,"total":6.0},"Guiding":{"raw":1.0,"perc":16.666666666666664,"total":6.0},"Police / Customs":{"raw":2.0,"perc":33.333333333333329,"total":6.0},"Meditation":{"raw":2.0,"perc":33.333333333333329,"total":6.0}},"Unknown Context":{"Migraines":{"raw":3.0,"perc":42.857142857142854,"total":7.0},"Dreams":{"raw":2.0,"perc":28.571428571428569,"total":7.0},"Yoga / Bodywork":{"raw":1.0,"perc":14.285714285714285,"total":7.0},"Meditation":{"raw":1.0,"perc":14.285714285714285,"total":7.0}},"Various":{"Endogenous":{"raw":1.0,"perc":10.0,"total":10.0},"Migraines":{"raw":1.0,"perc":10.0,"total":10.0},"Police / Customs":{"raw":2.0,"perc":20.0,"total":10.0},"OBE":{"raw":1.0,"perc":10.0,"total":10.0},"Sleep Deprivation":{"raw":4.0,"perc":40.0,"total":10.0},"Music":{"raw":1.0,"perc":10.0,"total":10.0}},"Alone":{"Yoga / Bodywork":{"raw":1.0,"perc":9.0909090909090917,"total":11.0},"Breathing":{"raw":1.0,"perc":9.0909090909090917,"total":11.0},"Hyperventilation":{"raw":1.0,"perc":9.0909090909090917,"total":11.0},"Dreams":{"raw":1.0,"perc":9.0909090909090917,"total":11.0},"Sleep Deprivation":{"raw":4.0,"perc":36.363636363636367,"total":11.0},"Meditation":{"raw":3.0,"perc":27.27272727272727,"total":11.0}},"Large Group (10+)":{"OBE":{"raw":1.0,"perc":100.0,"total":1.0}},"Not Applicable":{"Drug Testing":{"raw":1.0,"perc":33.333333333333329,"total":3.0},"Sleep Deprivation":{"raw":2.0,"perc":66.666666666666657,"total":3.0}},"Hospital":{"Drug Testing":{"raw":1.0,"perc":100.0,"total":1.0}}},"DXM":{"Alone":{"Drug Testing":{"raw":6.0,"perc":35.294117647058826,"total":17.0},"Dreams":{"raw":2.0,"perc":11.76470588235294,"total":17.0},"Devices":{"raw":3.0,"perc":17.647058823529413,"total":17.0},"Devices - Mind Machine":{"raw":3.0,"perc":17.647058823529413,"total":17.0},"OBE":{"raw":2.0,"perc":11.76470588235294,"total":17.0},"Sleep Deprivation":{"raw":1.0,"perc":5.88235294117647,"total":17.0}},"School":{"Police / Customs":{"raw":1.0,"perc":50.0,"total":2.0},"Drug Testing":{"raw":1.0,"perc":50.0,"total":2.0}},"Hospital":{"Endogenous":{"raw":1.0,"perc":9.0909090909090917,"total":11.0},"Drug Testing":{"raw":10.0,"perc":90.9090909090909,"total":11.0}},"Not Applicable":{"Drug Testing":{"raw":35.0,"perc":100.0,"total":35.0}},"Unknown Context":{"Drug Testing":{"raw":8.0,"perc":80.0,"total":10.0},"Endogenous":{"raw":2.0,"perc":20.0,"total":10.0}},"Various":{"Meditation":{"raw":1.0,"perc":33.333333333333329,"total":3.0},"Drug Testing":{"raw":2.0,"perc":66.666666666666657,"total":3.0}},"Rave / Dance Event":{"Police / Customs":{"raw":1.0,"perc":100.0,"total":1.0}},"Small Group (2-9)":{"Police / Customs":{"raw":1.0,"perc":16.666666666666664,"total":6.0},"OBE":{"raw":1.0,"perc":16.666666666666664,"total":6.0},"Drug Testing":{"raw":3.0,"perc":50.0,"total":6.0},"Fasting":{"raw":1.0,"perc":16.666666666666664,"total":6.0}}},"PCP":{"Alone":{"Drug Testing":{"raw":1.0,"perc":100.0,"total":1.0}}},"Datura":{"Alone":{"OBE":{"raw":1.0,"perc":25.0,"total":4.0},"Dreams":{"raw":2.0,"perc":50.0,"total":4.0},"Police / Customs":{"raw":1.0,"perc":25.0,"total":4.0}},"Small Group (2-9)":{"Dreams":{"raw":2.0,"perc":33.333333333333329,"total":6.0},"Police / Customs":{"raw":4.0,"perc":66.666666666666657,"total":6.0}},"Various":{"Police / Customs":{"raw":2.0,"perc":100.0,"total":2.0}},"Hospital":{"Police / Customs":{"raw":2.0,"perc":100.0,"total":2.0}}},"2C-B":{"Festival / Lg. Crowd":{"Ritual":{"raw":1.0,"perc":50.0,"total":2.0},"Police / Customs":{"raw":1.0,"perc":50.0,"total":2.0}},"Small Group (2-9)":{"OBE":{"raw":1.0,"perc":25.0,"total":4.0},"Police / Customs":{"raw":1.0,"perc":25.0,"total":4.0},"Meditation":{"raw":2.0,"perc":50.0,"total":4.0}},"Alone":{"OBE":{"raw":1.0,"perc":50.0,"total":2.0},"Music":{"raw":1.0,"perc":50.0,"total":2.0}},"Not Applicable":{"Drug Testing":{"raw":1.0,"perc":100.0,"total":1.0}},"Various":{"Sleep Deprivation":{"raw":1.0,"perc":100.0,"total":1.0}}},"Phenethylamine":{"Festival / Lg. Crowd":{"Ritual":{"raw":1.0,"perc":50.0,"total":2.0},"Police / Customs":{"raw":1.0,"perc":50.0,"total":2.0}},"Small Group (2-9)":{"OBE":{"raw":1.0,"perc":20.0,"total":5.0},"Police / Customs":{"raw":1.0,"perc":20.0,"total":5.0},"Meditation":{"raw":2.0,"perc":40.0,"total":5.0},"Yoga / Bodywork":{"raw":1.0,"perc":20.0,"total":5.0}},"Unknown Context":{"Migraines":{"raw":1.0,"perc":25.0,"total":4.0},"Police / Customs":{"raw":1.0,"perc":25.0,"total":4.0},"Sleep Deprivation":{"raw":1.0,"perc":25.0,"total":4.0},"Drug Testing":{"raw":1.0,"perc":25.0,"total":4.0}},"Alone":{"Floatation Tank":{"raw":1.0,"perc":20.0,"total":5.0},"Meditation":{"raw":1.0,"perc":20.0,"total":5.0},"OBE":{"raw":1.0,"perc":20.0,"total":5.0},"Music":{"raw":1.0,"perc":20.0,"total":5.0},"Police / Customs":{"raw":1.0,"perc":20.0,"total":5.0}},"Not Applicable":{"Drug Testing":{"raw":1.0,"perc":100.0,"total":1.0}},"Various":{"Sleep Deprivation":{"raw":1.0,"perc":50.0,"total":2.0},"Police / Customs":{"raw":1.0,"perc":50.0,"total":2.0}},"Hospital":{"Police / Customs":{"raw":2.0,"perc":100.0,"total":2.0}}},"Tryptophan":{"Festival / Lg. Crowd":{"Ritual":{"raw":1.0,"perc":100.0,"total":1.0}},"Alone":{"Dreams":{"raw":6.0,"perc":100.0,"total":6.0}},"Not Applicable":{"Sleep Deprivation":{"raw":1.0,"perc":100.0,"total":1.0}}},"Salvia divinorum":{"Rave / Dance Event":{"Ritual":{"raw":1.0,"perc":100.0,"total":1.0}},"Various":{"Police / Customs":{"raw":1.0,"perc":33.333333333333329,"total":3.0},"Ritual":{"raw":1.0,"perc":33.333333333333329,"total":3.0},"Nitrogen Narcosis":{"raw":1.0,"perc":33.333333333333329,"total":3.0}},"Alone":{"Ritual":{"raw":1.0,"perc":3.8461538461538463,"total":26.0},"Fasting":{"raw":4.0,"perc":15.384615384615385,"total":26.0},"Meditation":{"raw":6.0,"perc":23.076923076923077,"total":26.0},"Yoga / Bodywork":{"raw":1.0,"perc":3.8461538461538463,"total":26.0},"Endogenous":{"raw":2.0,"perc":7.6923076923076925,"total":26.0},"OBE":{"raw":4.0,"perc":15.384615384615385,"total":26.0},"Devices":{"raw":4.0,"perc":15.384615384615385,"total":26.0},"Dreams":{"raw":1.0,"perc":3.8461538461538463,"total":26.0},"Migraines":{"raw":1.0,"perc":3.8461538461538463,"total":26.0},"Devices - Mind Machine":{"raw":2.0,"perc":7.6923076923076925,"total":26.0}},"Small Group (2-9)":{"OBE":{"raw":8.0,"perc":50.0,"total":16.0},"Dreams":{"raw":2.0,"perc":12.5,"total":16.0},"Devices":{"raw":1.0,"perc":6.25,"total":16.0},"Meditation":{"raw":3.0,"perc":18.75,"total":16.0},"Mindfulness":{"raw":1.0,"perc":6.25,"total":16.0},"Yoga / Bodywork":{"raw":1.0,"perc":6.25,"total":16.0}},"Not Applicable":{"Police / Customs":{"raw":1.0,"perc":16.666666666666664,"total":6.0},"Dreams":{"raw":4.0,"perc":66.666666666666657,"total":6.0},"OBE":{"raw":1.0,"perc":16.666666666666664,"total":6.0}}},"Calea zacatechichi":{"Alone":{"Dreams":{"raw":42.0,"perc":89.361702127659569,"total":47.0},"Meditation":{"raw":3.0,"perc":6.3829787234042552,"total":47.0},"Devices":{"raw":1.0,"perc":2.1276595744680851,"total":47.0},"Devices - Mind Machine":{"raw":1.0,"perc":2.1276595744680851,"total":47.0}},"Small Group (2-9)":{"Dreams":{"raw":3.0,"perc":75.0,"total":4.0},"Meditation":{"raw":1.0,"perc":25.0,"total":4.0}}},"Pharms - Benzphetamine":{"Alone":{"Sleep Deprivation":{"raw":1.0,"perc":100.0,"total":1.0}},"Various":{"Sleep Deprivation":{"raw":1.0,"perc":100.0,"total":1.0}}},"Mushrooms":{"Small Group (2-9)":{"Police / Customs":{"raw":14.0,"perc":46.666666666666664,"total":30.0},"Drug Testing":{"raw":1.0,"perc":3.3333333333333335,"total":30.0},"Sleep Deprivation":{"raw":1.0,"perc":3.3333333333333335,"total":30.0},"Migraines":{"raw":1.0,"perc":3.3333333333333335,"total":30.0},"Yoga / Bodywork":{"raw":3.0,"perc":10.0,"total":30.0},"OBE":{"raw":5.0,"perc":16.666666666666664,"total":30.0},"Ritual":{"raw":2.0,"perc":6.666666666666667,"total":30.0},"Meditation":{"raw":1.0,"perc":3.3333333333333335,"total":30.0},"Humor":{"raw":1.0,"perc":3.3333333333333335,"total":30.0},"Guiding":{"raw":1.0,"perc":3.3333333333333335,"total":30.0}},"Various":{"Meditation":{"raw":2.0,"perc":16.666666666666664,"total":12.0},"Conferences":{"raw":1.0,"perc":8.3333333333333321,"total":12.0},"Police / Customs":{"raw":4.0,"perc":33.333333333333329,"total":12.0},"OBE":{"raw":1.0,"perc":8.3333333333333321,"total":12.0},"Nitrogen Narcosis":{"raw":1.0,"perc":8.3333333333333321,"total":12.0},"Humor":{"raw":2.0,"perc":16.666666666666664,"total":12.0},"Mindfulness":{"raw":1.0,"perc":8.3333333333333321,"total":12.0}},"Alone":{"Meditation":{"raw":3.0,"perc":18.75,"total":16.0},"Devices":{"raw":2.0,"perc":12.5,"total":16.0},"Devices - Mind Machine":{"raw":1.0,"perc":6.25,"total":16.0},"Fasting":{"raw":2.0,"perc":12.5,"total":16.0},"Chanting":{"raw":1.0,"perc":6.25,"total":16.0},"OBE":{"raw":1.0,"perc":6.25,"total":16.0},"Migraines":{"raw":1.0,"perc":6.25,"total":16.0},"Yoga / Bodywork":{"raw":2.0,"perc":12.5,"total":16.0},"Police / Customs":{"raw":1.0,"perc":6.25,"total":16.0},"Dreams":{"raw":2.0,"perc":12.5,"total":16.0}},"Not Applicable":{"Migraines":{"raw":1.0,"perc":50.0,"total":2.0},"Yoga / Bodywork":{"raw":1.0,"perc":50.0,"total":2.0}},"Large Group (10+)":{"Police / Customs":{"raw":1.0,"perc":100.0,"total":1.0}},"Unknown Context":{"Migraines":{"raw":5.0,"perc":100.0,"total":5.0}},"Rave / Dance Event":{"Guiding":{"raw":1.0,"perc":100.0,"total":1.0}}},"Nutmeg":{"Alone":{"Dreams":{"raw":3.0,"perc":50.0,"total":6.0},"Fasting":{"raw":1.0,"perc":16.666666666666664,"total":6.0},"Devices":{"raw":1.0,"perc":16.666666666666664,"total":6.0},"Devices - Mind Machine":{"raw":1.0,"perc":16.666666666666664,"total":6.0}},"Small Group (2-9)":{"Meditation":{"raw":1.0,"perc":100.0,"total":1.0}}},"Yohimbe":{"Various":{"Sleep Deprivation":{"raw":1.0,"perc":100.0,"total":1.0}},"Alone":{"Dreams":{"raw":1.0,"perc":100.0,"total":1.0}},"Small Group (2-9)":{"Yoga / Bodywork":{"raw":1.0,"perc":100.0,"total":1.0}}},"Piperazines":{"Unknown Context":{"Drug Testing":{"raw":1.0,"perc":100.0,"total":1.0}},"Alone":{"Meditation":{"raw":1.0,"perc":50.0,"total":2.0},"Sleep Deprivation":{"raw":1.0,"perc":50.0,"total":2.0}},"Small Group (2-9)":{"Meditation":{"raw":1.0,"perc":50.0,"total":2.0},"Migraines":{"raw":1.0,"perc":50.0,"total":2.0}}},"Pharms - Sertraline":{"Alone":{"Sleep Deprivation":{"raw":1.0,"perc":100.0,"total":1.0}}},"SSRIs":{"Alone":{"Sleep Deprivation":{"raw":1.0,"perc":33.333333333333329,"total":3.0},"Dreams":{"raw":2.0,"perc":66.666666666666657,"total":3.0}},"Not Applicable":{"Dreams":{"raw":1.0,"perc":100.0,"total":1.0}}},"Methamphetamine":{"Small Group (2-9)":{"Sleep Deprivation":{"raw":1.0,"perc":50.0,"total":2.0},"Police / Customs":{"raw":1.0,"perc":50.0,"total":2.0}},"Not Applicable":{"Police / Customs":{"raw":1.0,"perc":100.0,"total":1.0}},"Various":{"Sleep Deprivation":{"raw":2.0,"perc":66.666666666666657,"total":3.0},"Police / Customs":{"raw":1.0,"perc":33.333333333333329,"total":3.0}},"Alone":{"Meditation":{"raw":1.0,"perc":100.0,"total":1.0}},"Rave / Dance Event":{"Police / Customs":{"raw":1.0,"perc":100.0,"total":1.0}}},"Melatonin":{"Alone":{"Dreams":{"raw":40.0,"perc":97.5609756097561,"total":41.0},"Sleep Deprivation":{"raw":1.0,"perc":2.4390243902439024,"total":41.0}},"Hospital":{"Dreams":{"raw":1.0,"perc":100.0,"total":1.0}},"Small Group (2-9)":{"Dreams":{"raw":3.0,"perc":100.0,"total":3.0}},"Not Applicable":{"Dreams":{"raw":1.0,"perc":100.0,"total":1.0}}},"Harmala Alkaloids":{"Alone":{"Ritual":{"raw":2.0,"perc":15.384615384615385,"total":13.0},"Meditation":{"raw":3.0,"perc":23.076923076923077,"total":13.0},"Conferences":{"raw":1.0,"perc":7.6923076923076925,"total":13.0},"Dreams":{"raw":3.0,"perc":23.076923076923077,"total":13.0},"Yoga / Bodywork":{"raw":1.0,"perc":7.6923076923076925,"total":13.0},"Police / Customs":{"raw":1.0,"perc":7.6923076923076925,"total":13.0},"Sweating":{"raw":1.0,"perc":7.6923076923076925,"total":13.0},"Migraines":{"raw":1.0,"perc":7.6923076923076925,"total":13.0}},"Small Group (2-9)":{"Police / Customs":{"raw":1.0,"perc":25.0,"total":4.0},"Dreams":{"raw":3.0,"perc":75.0,"total":4.0}},"Unknown Context":{"Dreams":{"raw":1.0,"perc":100.0,"total":1.0}},"Group Ceremony":{"Ritual":{"raw":7.0,"perc":100.0,"total":7.0}},"Not Applicable":{"Police / Customs":{"raw":1.0,"perc":100.0,"total":1.0}},"Various":{"Mindfulness":{"raw":1.0,"perc":100.0,"total":1.0}}},"Psychotria viridis":{"Alone":{"Ritual":{"raw":1.0,"perc":100.0,"total":1.0}},"Group Ceremony":{"Ritual":{"raw":7.0,"perc":100.0,"total":7.0}},"Not Applicable":{"Police / Customs":{"raw":1.0,"perc":100.0,"total":1.0}}},"Syrian Rue":{"Alone":{"Ritual":{"raw":2.0,"perc":28.571428571428569,"total":7.0},"Meditation":{"raw":2.0,"perc":28.571428571428569,"total":7.0},"Yoga / Bodywork":{"raw":1.0,"perc":14.285714285714285,"total":7.0},"Police / Customs":{"raw":1.0,"perc":14.285714285714285,"total":7.0},"Migraines":{"raw":1.0,"perc":14.285714285714285,"total":7.0}}},"Kava":{"Alone":{"Dreams":{"raw":3.0,"perc":42.857142857142854,"total":7.0},"OBE":{"raw":1.0,"perc":14.285714285714285,"total":7.0},"Meditation":{"raw":1.0,"perc":14.285714285714285,"total":7.0},"Devices":{"raw":1.0,"perc":14.285714285714285,"total":7.0},"Devices - Mind Machine":{"raw":1.0,"perc":14.285714285714285,"total":7.0}},"Small Group (2-9)":{"Dreams":{"raw":1.0,"perc":100.0,"total":1.0}}},"Ayahuasca":{"Alone":{"Yoga / Bodywork":{"raw":2.0,"perc":100.0,"total":2.0}},"Small Group (2-9)":{"Yoga / Bodywork":{"raw":1.0,"perc":50.0,"total":2.0},"Meditation":{"raw":1.0,"perc":50.0,"total":2.0}},"Not Applicable":{"Dreams":{"raw":1.0,"perc":100.0,"total":1.0}},"Group Ceremony":{"Ritual":{"raw":9.0,"perc":90.0,"total":10.0},"Meditation":{"raw":1.0,"perc":10.0,"total":10.0}}},"Diphenhydramine":{"Alone":{"Dreams":{"raw":4.0,"perc":100.0,"total":4.0}},"Various":{"Police / Customs":{"raw":1.0,"perc":100.0,"total":1.0}},"Small Group (2-9)":{"Police / Customs":{"raw":1.0,"perc":100.0,"total":1.0}},"Hospital":{"Drug Testing":{"raw":1.0,"perc":50.0,"total":2.0},"Police / Customs":{"raw":1.0,"perc":50.0,"total":2.0}},"Not Applicable":{"Drug Testing":{"raw":1.0,"perc":100.0,"total":1.0}}},"St. John's Wort":{"Alone":{"Dreams":{"raw":1.0,"perc":100.0,"total":1.0}}},"Valerian":{"Alone":{"Dreams":{"raw":17.0,"perc":89.473684210526315,"total":19.0},"OBE":{"raw":1.0,"perc":5.2631578947368416,"total":19.0},"Meditation":{"raw":1.0,"perc":5.2631578947368416,"total":19.0}},"Small Group (2-9)":{"Dreams":{"raw":3.0,"perc":100.0,"total":3.0}}},"Vitamin B-6":{"Alone":{"Dreams":{"raw":13.0,"perc":92.857142857142861,"total":14.0},"OBE":{"raw":1.0,"perc":7.1428571428571423,"total":14.0}},"Small Group (2-9)":{"Dreams":{"raw":1.0,"perc":100.0,"total":1.0}}},"Caffeine":{"Various":{"Sleep Deprivation":{"raw":3.0,"perc":60.0,"total":5.0},"Fasting":{"raw":2.0,"perc":40.0,"total":5.0}},"Alone":{"Dreams":{"raw":2.0,"perc":22.222222222222221,"total":9.0},"Meditation":{"raw":3.0,"perc":33.333333333333329,"total":9.0},"Devices":{"raw":1.0,"perc":11.111111111111111,"total":9.0},"Devices - Mind Machine":{"raw":1.0,"perc":11.111111111111111,"total":9.0},"Sleep Deprivation":{"raw":1.0,"perc":11.111111111111111,"total":9.0},"Music":{"raw":1.0,"perc":11.111111111111111,"total":9.0}},"Not Applicable":{"Migraines":{"raw":1.0,"perc":100.0,"total":1.0}}},"Ephedrine":{"Various":{"Sleep Deprivation":{"raw":2.0,"perc":100.0,"total":2.0}},"Alone":{"Meditation":{"raw":1.0,"perc":100.0,"total":1.0}}},"Ginseng":{"Various":{"Sleep Deprivation":{"raw":1.0,"perc":100.0,"total":1.0}}},"Nitrous Oxide":{"Large Group (10+)":{"OBE":{"raw":1.0,"perc":100.0,"total":1.0}},"Small Group (2-9)":{"Meditation":{"raw":1.0,"perc":20.0,"total":5.0},"OBE":{"raw":2.0,"perc":40.0,"total":5.0},"Breathing":{"raw":1.0,"perc":20.0,"total":5.0},"Hyperventilation":{"raw":1.0,"perc":20.0,"total":5.0}},"Alone":{"Meditation":{"raw":2.0,"perc":22.222222222222221,"total":9.0},"Devices":{"raw":3.0,"perc":33.333333333333329,"total":9.0},"Devices - Mind Machine":{"raw":3.0,"perc":33.333333333333329,"total":9.0},"OBE":{"raw":1.0,"perc":11.111111111111111,"total":9.0}},"School":{"Police / Customs":{"raw":1.0,"perc":100.0,"total":1.0}},"Hospital":{"Meditation":{"raw":1.0,"perc":100.0,"total":1.0}},"Rave / Dance Event":{"OBE":{"raw":1.0,"perc":100.0,"total":1.0}}},"Nicotine":{"Alone":{"Dreams":{"raw":2.0,"perc":66.666666666666657,"total":3.0},"Sleep Deprivation":{"raw":1.0,"perc":33.333333333333329,"total":3.0}}},"Tobacco":{"Alone":{"Dreams":{"raw":3.0,"perc":75.0,"total":4.0},"Sleep Deprivation":{"raw":1.0,"perc":25.0,"total":4.0}},"Small Group (2-9)":{"Sleep Deprivation":{"raw":1.0,"perc":100.0,"total":1.0}},"Various":{"Fasting":{"raw":1.0,"perc":100.0,"total":1.0}}},"Pharms - Cyclobenzaprine":{"Various":{"Sleep Deprivation":{"raw":1.0,"perc":100.0,"total":1.0}}},"Pseudoephedrine":{"Alone":{"Drug Testing":{"raw":1.0,"perc":100.0,"total":1.0}}},"Hydrocodone":{"Alone":{"Dreams":{"raw":3.0,"perc":60.0,"total":5.0},"Devices":{"raw":1.0,"perc":20.0,"total":5.0},"Devices - Mind Machine":{"raw":1.0,"perc":20.0,"total":5.0}},"Not Applicable":{"Drug Testing":{"raw":1.0,"perc":100.0,"total":1.0}},"Small Group (2-9)":{"Humor":{"raw":1.0,"perc":100.0,"total":1.0}}},"Opioids":{"Alone":{"Dreams":{"raw":4.0,"perc":57.142857142857139,"total":7.0},"Meditation":{"raw":1.0,"perc":14.285714285714285,"total":7.0},"Devices":{"raw":1.0,"perc":14.285714285714285,"total":7.0},"Devices - Mind Machine":{"raw":1.0,"perc":14.285714285714285,"total":7.0}},"Not Applicable":{"Drug Testing":{"raw":4.0,"perc":100.0,"total":4.0}},"Hospital":{"Dreams":{"raw":1.0,"perc":50.0,"total":2.0},"Drug Testing":{"raw":1.0,"perc":50.0,"total":2.0}},"School":{"Drug Testing":{"raw":2.0,"perc":100.0,"total":2.0}},"Various":{"Police / Customs":{"raw":1.0,"perc":33.333333333333329,"total":3.0},"Meditation":{"raw":1.0,"perc":33.333333333333329,"total":3.0},"Drug Testing":{"raw":1.0,"perc":33.333333333333329,"total":3.0}},"Small Group (2-9)":{"Endogenous":{"raw":1.0,"perc":50.0,"total":2.0},"Humor":{"raw":1.0,"perc":50.0,"total":2.0}},"Military":{"Drug Testing":{"raw":1.0,"perc":100.0,"total":1.0}}},"Piracetam":{"Alone":{"Dreams":{"raw":1.0,"perc":100.0,"total":1.0}}},"Cocaine":{"Not Applicable":{"Drug Testing":{"raw":3.0,"perc":100.0,"total":3.0}},"Various":{"Police / Customs":{"raw":1.0,"perc":100.0,"total":1.0}},"Hospital":{"Drug Testing":{"raw":1.0,"perc":100.0,"total":1.0}},"Alone":{"Drug Testing":{"raw":1.0,"perc":100.0,"total":1.0}},"Unknown Context":{"Drug Testing":{"raw":1.0,"perc":100.0,"total":1.0}},"Small Group (2-9)":{"Police / Customs":{"raw":1.0,"perc":100.0,"total":1.0}}},"GBL":{"Alone":{"Breathing":{"raw":1.0,"perc":100.0,"total":1.0}}},"Lactuca spp.":{"Alone":{"Dreams":{"raw":2.0,"perc":100.0,"total":2.0}},"Small Group (2-9)":{"Police / Customs":{"raw":1.0,"perc":100.0,"total":1.0}}},"Alcohol":{"Small Group (2-9)":{"Police / Customs":{"raw":3.0,"perc":60.0,"total":5.0},"Meditation":{"raw":1.0,"perc":20.0,"total":5.0},"Dreams":{"raw":1.0,"perc":20.0,"total":5.0}},"Alone":{"Dreams":{"raw":2.0,"perc":50.0,"total":4.0},"Police / Customs":{"raw":1.0,"perc":25.0,"total":4.0},"Migraines":{"raw":1.0,"perc":25.0,"total":4.0}},"Various":{"Police / Customs":{"raw":5.0,"perc":83.333333333333343,"total":6.0},"Drug Testing":{"raw":1.0,"perc":16.666666666666664,"total":6.0}},"Hospital":{"Fasting":{"raw":1.0,"perc":100.0,"total":1.0}}},"AMT":{"Various":{"Sleep Deprivation":{"raw":2.0,"perc":100.0,"total":2.0}},"Alone":{"Meditation":{"raw":1.0,"perc":33.333333333333329,"total":3.0},"Police / Customs":{"raw":1.0,"perc":33.333333333333329,"total":3.0},"Dreams":{"raw":1.0,"perc":33.333333333333329,"total":3.0}},"Small Group (2-9)":{"Police / Customs":{"raw":3.0,"perc":100.0,"total":3.0}}},"4-AcO-DET":{"Alone":{"Meditation":{"raw":1.0,"perc":100.0,"total":1.0}},"Various":{"Migraines":{"raw":1.0,"perc":100.0,"total":1.0}}},"Ketamine":{"Small Group (2-9)":{"Police / Customs":{"raw":1.0,"perc":50.0,"total":2.0},"OBE":{"raw":1.0,"perc":50.0,"total":2.0}},"Alone":{"Conferences":{"raw":1.0,"perc":25.0,"total":4.0},"OBE":{"raw":1.0,"perc":25.0,"total":4.0},"Mindfulness":{"raw":1.0,"perc":25.0,"total":4.0},"Meditation":{"raw":1.0,"perc":25.0,"total":4.0}}},"NMDA Antagonists":{"Small Group (2-9)":{"Police / Customs":{"raw":1.0,"perc":50.0,"total":2.0},"OBE":{"raw":1.0,"perc":50.0,"total":2.0}},"Alone":{"Conferences":{"raw":1.0,"perc":25.0,"total":4.0},"OBE":{"raw":1.0,"perc":25.0,"total":4.0},"Mindfulness":{"raw":1.0,"perc":25.0,"total":4.0},"Meditation":{"raw":1.0,"perc":25.0,"total":4.0}}},"Opium":{"Small Group (2-9)":{"Police / Customs":{"raw":1.0,"perc":100.0,"total":1.0}},"Alone":{"Meditation":{"raw":1.0,"perc":100.0,"total":1.0}}},"Thujone":{"Small Group (2-9)":{"Meditation":{"raw":1.0,"perc":100.0,"total":1.0}}},"Unknown":{"Alone":{"Floatation Tank":{"raw":1.0,"perc":50.0,"total":2.0},"Meditation":{"raw":1.0,"perc":50.0,"total":2.0}},"Small Group (2-9)":{"Humor":{"raw":1.0,"perc":100.0,"total":1.0}}},"5-MeO-DiPT":{"Various":{"Migraines":{"raw":1.0,"perc":100.0,"total":1.0}},"Alone":{"Dreams":{"raw":1.0,"perc":50.0,"total":2.0},"Yoga / Bodywork":{"raw":1.0,"perc":50.0,"total":2.0}},"Small Group (2-9)":{"Dreams":{"raw":1.0,"perc":50.0,"total":2.0},"OBE":{"raw":1.0,"perc":50.0,"total":2.0}},"Hospital":{"Police / Customs":{"raw":1.0,"perc":100.0,"total":1.0}},"Not Applicable":{"Drug Testing":{"raw":1.0,"perc":100.0,"total":1.0}}},"Cacti":{"Alone":{"Meditation":{"raw":1.0,"perc":33.333333333333329,"total":3.0},"Yoga / Bodywork":{"raw":1.0,"perc":33.333333333333329,"total":3.0},"Fasting":{"raw":1.0,"perc":33.333333333333329,"total":3.0}},"Festival / Lg. Crowd":{"Ritual":{"raw":1.0,"perc":50.0,"total":2.0},"Drug Testing":{"raw":1.0,"perc":50.0,"total":2.0}},"Various":{"Meditation":{"raw":1.0,"perc":100.0,"total":1.0}},"Group Ceremony":{"Meditation":{"raw":1.0,"perc":33.333333333333329,"total":3.0},"Ritual":{"raw":1.0,"perc":33.333333333333329,"total":3.0},"Yoga / Bodywork":{"raw":1.0,"perc":33.333333333333329,"total":3.0}}},"Dimenhydrinate":{"Small Group (2-9)":{"Police / Customs":{"raw":2.0,"perc":100.0,"total":2.0}},"Various":{"Police / Customs":{"raw":1.0,"perc":100.0,"total":1.0}}},"Adrafinil":{"Not Applicable":{"Drug Testing":{"raw":1.0,"perc":100.0,"total":1.0}}},"Morphine":{"Not Applicable":{"Drug Testing":{"raw":1.0,"perc":100.0,"total":1.0}}},"Heroin":{"Not Applicable":{"Police / Customs":{"raw":1.0,"perc":100.0,"total":1.0}},"Hospital":{"Police / Customs":{"raw":1.0,"perc":100.0,"total":1.0}},"Various":{"Police / Customs":{"raw":1.0,"perc":100.0,"total":1.0}},"Small Group (2-9)":{"Police / Customs":{"raw":1.0,"perc":100.0,"total":1.0}}},"Capsicum spp.":{"Alone":{"Meditation":{"raw":1.0,"perc":100.0,"total":1.0}}},"Hops":{"Alone":{"Meditation":{"raw":1.0,"perc":33.333333333333329,"total":3.0},"Dreams":{"raw":2.0,"perc":66.666666666666657,"total":3.0}}},"Lecithin":{"Alone":{"Meditation":{"raw":1.0,"perc":100.0,"total":1.0}}},"Pharms - Oxycodone":{"Alone":{"Meditation":{"raw":1.0,"perc":100.0,"total":1.0}},"Not Applicable":{"Drug Testing":{"raw":4.0,"perc":100.0,"total":4.0}},"Various":{"Police / Customs":{"raw":1.0,"perc":33.333333333333329,"total":3.0},"Meditation":{"raw":1.0,"perc":33.333333333333329,"total":3.0},"Drug Testing":{"raw":1.0,"perc":33.333333333333329,"total":3.0}},"Small Group (2-9)":{"Endogenous":{"raw":1.0,"perc":100.0,"total":1.0}},"School":{"Drug Testing":{"raw":1.0,"perc":100.0,"total":1.0}},"Military":{"Drug Testing":{"raw":1.0,"perc":100.0,"total":1.0}}},"Skullcap":{"Alone":{"Meditation":{"raw":1.0,"perc":50.0,"total":2.0},"Dreams":{"raw":1.0,"perc":50.0,"total":2.0}}},"Inhalants":{"Various":{"Police / Customs":{"raw":1.0,"perc":100.0,"total":1.0}},"Small Group (2-9)":{"OBE":{"raw":1.0,"perc":100.0,"total":1.0}}},"Pharms - Venlafaxine":{"Not Applicable":{"Endogenous":{"raw":1.0,"perc":50.0,"total":2.0},"Drug Testing":{"raw":1.0,"perc":50.0,"total":2.0}},"Alone":{"Dreams":{"raw":3.0,"perc":100.0,"total":3.0}},"Various":{"Meditation":{"raw":1.0,"perc":100.0,"total":1.0}}},"5-MeO-DMT":{"Small Group (2-9)":{"Ritual":{"raw":1.0,"perc":33.333333333333329,"total":3.0},"Meditation":{"raw":1.0,"perc":33.333333333333329,"total":3.0},"Police / Customs":{"raw":1.0,"perc":33.333333333333329,"total":3.0}},"Various":{"Meditation":{"raw":1.0,"perc":50.0,"total":2.0},"Police / Customs":{"raw":1.0,"perc":50.0,"total":2.0}},"Alone":{"Dreams":{"raw":2.0,"perc":50.0,"total":4.0},"Police / Customs":{"raw":1.0,"perc":25.0,"total":4.0},"Breathing":{"raw":1.0,"perc":25.0,"total":4.0}}},"2C-T-7":{"Unknown Context":{"Migraines":{"raw":1.0,"perc":50.0,"total":2.0},"Police / Customs":{"raw":1.0,"perc":50.0,"total":2.0}}},"Banisteriopsis caapi":{"Small Group (2-9)":{"Police / Customs":{"raw":1.0,"perc":50.0,"total":2.0},"Dreams":{"raw":1.0,"perc":50.0,"total":2.0}},"Unknown Context":{"Dreams":{"raw":1.0,"perc":100.0,"total":1.0}},"Group Ceremony":{"Ritual":{"raw":7.0,"perc":100.0,"total":7.0}},"Not Applicable":{"Police / Customs":{"raw":1.0,"perc":100.0,"total":1.0}},"Various":{"Mindfulness":{"raw":1.0,"perc":100.0,"total":1.0}}},"Mimosa spp.":{"Unknown Context":{"Dreams":{"raw":1.0,"perc":100.0,"total":1.0}},"Alone":{"Yoga / Bodywork":{"raw":1.0,"perc":100.0,"total":1.0}}},"Ginkgo biloba":{"Not Applicable":{"Migraines":{"raw":1.0,"perc":100.0,"total":1.0}},"Alone":{"Dreams":{"raw":1.0,"perc":100.0,"total":1.0}}},"PMA":{"Various":{"OBE":{"raw":1.0,"perc":100.0,"total":1.0}}},"Anadenanthera spp.":{"Small Group (2-9)":{"OBE":{"raw":1.0,"perc":100.0,"total":1.0}},"Alone":{"Ritual":{"raw":1.0,"perc":100.0,"total":1.0}}},"Mugwort":{"Alone":{"Dreams":{"raw":11.0,"perc":84.615384615384613,"total":13.0},"Meditation":{"raw":2.0,"perc":15.384615384615385,"total":13.0}},"Small Group (2-9)":{"Dreams":{"raw":1.0,"perc":100.0,"total":1.0}},"Not Applicable":{"Dreams":{"raw":1.0,"perc":100.0,"total":1.0}}},"Benzodiazepines":{"Small Group (2-9)":{"Police / Customs":{"raw":2.0,"perc":100.0,"total":2.0}},"Alone":{"Police / Customs":{"raw":1.0,"perc":50.0,"total":2.0},"Dreams":{"raw":1.0,"perc":50.0,"total":2.0}},"Various":{"Police / Customs":{"raw":1.0,"perc":100.0,"total":1.0}},"Festival / Lg. Crowd":{"Sleep Deprivation":{"raw":1.0,"perc":100.0,"total":1.0}},"Not Applicable":{"Drug Testing":{"raw":2.0,"perc":66.666666666666657,"total":3.0},"Endogenous":{"raw":1.0,"perc":33.333333333333329,"total":3.0}}},"Pharms - Alprazolam":{"Small Group (2-9)":{"Police / Customs":{"raw":2.0,"perc":100.0,"total":2.0}},"Alone":{"Police / Customs":{"raw":1.0,"perc":50.0,"total":2.0},"Dreams":{"raw":1.0,"perc":50.0,"total":2.0}},"Various":{"Police / Customs":{"raw":1.0,"perc":100.0,"total":1.0}}},"H.B. Woodrose":{"Small Group (2-9)":{"Ritual":{"raw":1.0,"perc":100.0,"total":1.0}},"Alone":{"Devices":{"raw":1.0,"perc":50.0,"total":2.0},"Devices - Mind Machine":{"raw":1.0,"perc":50.0,"total":2.0}},"Large Group (10+)":{"Sleep Deprivation":{"raw":1.0,"perc":100.0,"total":1.0}},"Not Applicable":{"Migraines":{"raw":1.0,"perc":100.0,"total":1.0}}},"Modafinil":{"Various":{"Sleep Deprivation":{"raw":2.0,"perc":100.0,"total":2.0}},"Small Group (2-9)":{"Sleep Deprivation":{"raw":1.0,"perc":100.0,"total":1.0}},"Alone":{"OBE":{"raw":1.0,"perc":50.0,"total":2.0},"Sleep Deprivation":{"raw":1.0,"perc":50.0,"total":2.0}}},"2C-I":{"Not Applicable":{"Drug Testing":{"raw":2.0,"perc":100.0,"total":2.0}},"Small Group (2-9)":{"Dreams":{"raw":1.0,"perc":50.0,"total":2.0},"OBE":{"raw":1.0,"perc":50.0,"total":2.0}},"Unknown Context":{"Devices":{"raw":1.0,"perc":50.0,"total":2.0},"Devices - Mind Machine":{"raw":1.0,"perc":50.0,"total":2.0}},"Alone":{"Sleep Deprivation":{"raw":1.0,"perc":25.0,"total":4.0},"OBE":{"raw":1.0,"perc":25.0,"total":4.0},"Meditation":{"raw":2.0,"perc":50.0,"total":4.0}},"Rave / Dance Event":{"Dreams":{"raw":1.0,"perc":100.0,"total":1.0}}},"Chlorpheniramine Maleate":{"Unknown Context":{"Drug Testing":{"raw":1.0,"perc":100.0,"total":1.0}},"Small Group (2-9)":{"Police / Customs":{"raw":1.0,"perc":100.0,"total":1.0}}},"Methadone":{"Not Applicable":{"Drug Testing":{"raw":1.0,"perc":100.0,"total":1.0}}},"Pharms - Quetiapine":{"Alone":{"Devices":{"raw":1.0,"perc":50.0,"total":2.0},"Devices - Mind Machine":{"raw":1.0,"perc":50.0,"total":2.0}}},"Amphetamines":{"Various":{"Sleep Deprivation":{"raw":3.0,"perc":100.0,"total":3.0}},"Small Group (2-9)":{"Sleep Deprivation":{"raw":2.0,"perc":66.666666666666657,"total":3.0},"OBE":{"raw":1.0,"perc":33.333333333333329,"total":3.0}},"Alone":{"Breathing":{"raw":1.0,"perc":14.285714285714285,"total":7.0},"Hyperventilation":{"raw":1.0,"perc":14.285714285714285,"total":7.0},"Sleep Deprivation":{"raw":4.0,"perc":57.142857142857139,"total":7.0},"Meditation":{"raw":1.0,"perc":14.285714285714285,"total":7.0}},"Not Applicable":{"Drug Testing":{"raw":1.0,"perc":25.0,"total":4.0},"Sleep Deprivation":{"raw":3.0,"perc":75.0,"total":4.0}},"Hospital":{"Drug Testing":{"raw":1.0,"perc":100.0,"total":1.0}}},"Damiana":{"Alone":{"Dreams":{"raw":2.0,"perc":50.0,"total":4.0},"Meditation":{"raw":2.0,"perc":50.0,"total":4.0}}},"Hydromorphone":{"Hospital":{"Dreams":{"raw":1.0,"perc":50.0,"total":2.0},"Drug Testing":{"raw":1.0,"perc":50.0,"total":2.0}},"School":{"Drug Testing":{"raw":1.0,"perc":100.0,"total":1.0}},"Alone":{"Dreams":{"raw":1.0,"perc":100.0,"total":1.0}}},"Heimia salicifolia":{"Unknown Context":{"Dreams":{"raw":1.0,"perc":100.0,"total":1.0}},"Alone":{"Dreams":{"raw":2.0,"perc":100.0,"total":2.0}},"Various":{"Dreams":{"raw":1.0,"perc":100.0,"total":1.0}}},"Pharms - Paroxetine":{"Alone":{"Dreams":{"raw":2.0,"perc":100.0,"total":2.0}},"Not Applicable":{"Dreams":{"raw":1.0,"perc":100.0,"total":1.0}}},"Pharms - Corticosteroid":{"Alone":{"Sleep Deprivation":{"raw":1.0,"perc":100.0,"total":1.0}}},"Pharms - Prednisone":{"Alone":{"Sleep Deprivation":{"raw":1.0,"perc":100.0,"total":1.0}}},"Pharms - Tramadol":{"Various":{"Dreams":{"raw":1.0,"perc":100.0,"total":1.0}}},"Mandrake":{"Alone":{"Dreams":{"raw":1.0,"perc":100.0,"total":1.0}}},"GHB":{"Alone":{"Devices":{"raw":1.0,"perc":50.0,"total":2.0},"Devices - Mind Machine":{"raw":1.0,"perc":50.0,"total":2.0}},"Hospital":{"Sleep Deprivation":{"raw":1.0,"perc":100.0,"total":1.0}}},"Amanitas":{"Small Group (2-9)":{"Ritual":{"raw":1.0,"perc":33.333333333333329,"total":3.0},"Meditation":{"raw":1.0,"perc":33.333333333333329,"total":3.0},"Sleep Deprivation":{"raw":1.0,"perc":33.333333333333329,"total":3.0}},"Alone":{"Meditation":{"raw":1.0,"perc":33.333333333333329,"total":3.0},"Dreams":{"raw":1.0,"perc":33.333333333333329,"total":3.0},"Sweating":{"raw":1.0,"perc":33.333333333333329,"total":3.0}}},"DMT":{"Alone":{"Dreams":{"raw":1.0,"perc":50.0,"total":2.0},"Breathing":{"raw":1.0,"perc":50.0,"total":2.0}},"Small Group (2-9)":{"Breathing":{"raw":1.0,"perc":25.0,"total":4.0},"Hyperventilation":{"raw":1.0,"perc":25.0,"total":4.0},"Dreams":{"raw":1.0,"perc":25.0,"total":4.0},"Meditation":{"raw":1.0,"perc":25.0,"total":4.0}},"Various":{"Mindfulness":{"raw":1.0,"perc":100.0,"total":1.0}}},"4-AcO-MiPT":{"Large Group (10+)":{"Breathing":{"raw":1.0,"perc":100.0,"total":1.0}}},"Pharms - Zaleplon":{"Alone":{"Dreams":{"raw":1.0,"perc":50.0,"total":2.0},"Meditation":{"raw":1.0,"perc":50.0,"total":2.0}}},"DMAE":{"Various":{"Dreams":{"raw":2.0,"perc":100.0,"total":2.0}},"Alone":{"Dreams":{"raw":1.0,"perc":100.0,"total":1.0}},"Hospital":{"Sleep Deprivation":{"raw":1.0,"perc":100.0,"total":1.0}}},"Pharms - Butorphanol":{"Unknown Context":{"Dreams":{"raw":1.0,"perc":100.0,"total":1.0}}},"Catnip":{"Alone":{"Dreams":{"raw":2.0,"perc":66.666666666666657,"total":3.0},"Sleep Deprivation":{"raw":1.0,"perc":33.333333333333329,"total":3.0}}},"Pharms - Promethazine":{"Various":{"Dreams":{"raw":1.0,"perc":100.0,"total":1.0}}},"Kratom":{"Alone":{"Meditation":{"raw":2.0,"perc":66.666666666666657,"total":3.0},"Dreams":{"raw":1.0,"perc":33.333333333333329,"total":3.0}},"Not Applicable":{"Police / Customs":{"raw":1.0,"perc":100.0,"total":1.0}}},"Lotus/Lily":{"Alone":{"OBE":{"raw":1.0,"perc":100.0,"total":1.0}},"Various":{"Meditation":{"raw":1.0,"perc":100.0,"total":1.0}}},"Pharms - Lorazepam":{"Small Group (2-9)":{"Sleep Deprivation":{"raw":1.0,"perc":100.0,"total":1.0}}},"Absinthe":{"Alone":{"Devices":{"raw":1.0,"perc":50.0,"total":2.0},"Devices - Mind Machine":{"raw":1.0,"perc":50.0,"total":2.0}}},"Pharms - Amitriptyline":{"Alone":{"Dreams":{"raw":1.0,"perc":100.0,"total":1.0}},"Small Group (2-9)":{"OBE":{"raw":1.0,"perc":100.0,"total":1.0}}},"Codeine":{"Alone":{"OBE":{"raw":1.0,"perc":33.333333333333329,"total":3.0},"Conferences":{"raw":1.0,"perc":33.333333333333329,"total":3.0},"Dreams":{"raw":1.0,"perc":33.333333333333329,"total":3.0}}},"Pharms - Carisoprodol":{"Unknown Context":{"Migraines":{"raw":1.0,"perc":100.0,"total":1.0}}},"Lobelia spp.":{"Small Group (2-9)":{"Meditation":{"raw":1.0,"perc":100.0,"total":1.0}}},"Vinpocetine":{"Hospital":{"Sleep Deprivation":{"raw":1.0,"perc":100.0,"total":1.0}}},"Mescaline":{"Small Group (2-9)":{"OBE":{"raw":1.0,"perc":100.0,"total":1.0}},"Various":{"Meditation":{"raw":1.0,"perc":100.0,"total":1.0}},"Rave / Dance Event":{"Police / Customs":{"raw":1.0,"perc":100.0,"total":1.0}},"Festival / Lg. Crowd":{"Drug Testing":{"raw":1.0,"perc":100.0,"total":1.0}}},"Pharms - Zolpidem":{"Hospital":{"Police / Customs":{"raw":1.0,"perc":100.0,"total":1.0}},"Various":{"Police / Customs":{"raw":1.0,"perc":100.0,"total":1.0}},"Alone":{"Police / Customs":{"raw":1.0,"perc":100.0,"total":1.0}},"Not Applicable":{"Drug Testing":{"raw":2.0,"perc":100.0,"total":2.0}}},"Pharms - Escitalopram":{"Various":{"OBE":{"raw":1.0,"perc":100.0,"total":1.0}},"Alone":{"Dreams":{"raw":1.0,"perc":100.0,"total":1.0}}},"Pharms - Mefloquine":{"Alone":{"Dreams":{"raw":1.0,"perc":100.0,"total":1.0}}},"Coleus":{"Alone":{"Dreams":{"raw":4.0,"perc":100.0,"total":4.0}},"Small Group (2-9)":{"Dreams":{"raw":1.0,"perc":100.0,"total":1.0}}},"Yerba Mate":{"Alone":{"Meditation":{"raw":1.0,"perc":50.0,"total":2.0},"Yoga / Bodywork":{"raw":1.0,"perc":50.0,"total":2.0}}},"Pharms - Lithium":{"Alone":{"Police / Customs":{"raw":1.0,"perc":100.0,"total":1.0}}},"2C-E":{"Alone":{"Floatation Tank":{"raw":1.0,"perc":50.0,"total":2.0},"Meditation":{"raw":1.0,"perc":50.0,"total":2.0}},"Unknown Context":{"Drug Testing":{"raw":1.0,"perc":100.0,"total":1.0}},"Hospital":{"Police / Customs":{"raw":1.0,"perc":100.0,"total":1.0}},"Small Group (2-9)":{"Yoga / Bodywork":{"raw":1.0,"perc":100.0,"total":1.0}},"Various":{"Police / Customs":{"raw":1.0,"perc":100.0,"total":1.0}}},"Pharms - Atomoxetine":{"Alone":{"Dreams":{"raw":1.0,"perc":100.0,"total":1.0}}},"Pharms - Diazepam":{"Alone":{"Police / Customs":{"raw":1.0,"perc":100.0,"total":1.0}},"Festival / Lg. Crowd":{"Sleep Deprivation":{"raw":1.0,"perc":100.0,"total":1.0}},"Not Applicable":{"Drug Testing":{"raw":1.0,"perc":50.0,"total":2.0},"Endogenous":{"raw":1.0,"perc":50.0,"total":2.0}}},"Calamus":{"Alone":{"Dreams":{"raw":1.0,"perc":100.0,"total":1.0}}},"Brugmansia":{"Small Group (2-9)":{"Police / Customs":{"raw":2.0,"perc":66.666666666666657,"total":3.0},"Dreams":{"raw":1.0,"perc":33.333333333333329,"total":3.0}},"Alone":{"Police / Customs":{"raw":2.0,"perc":100.0,"total":2.0}},"Hospital":{"Police / Customs":{"raw":1.0,"perc":100.0,"total":1.0}},"Various":{"Police / Customs":{"raw":1.0,"perc":100.0,"total":1.0}}},"Pharms - Mirtazapine":{"Alone":{"Dreams":{"raw":5.0,"perc":100.0,"total":5.0}}},"Voacanga africana":{"Alone":{"Dreams":{"raw":1.0,"perc":100.0,"total":1.0}}},"Peyote":{"Group Ceremony":{"Ritual":{"raw":1.0,"perc":50.0,"total":2.0},"Sweating":{"raw":1.0,"perc":50.0,"total":2.0}}},"Stipa robusta":{"Alone":{"OBE":{"raw":1.0,"perc":100.0,"total":1.0}}},"Passion Flower":{"Small Group (2-9)":{"Dreams":{"raw":2.0,"perc":100.0,"total":2.0}},"Alone":{"Conferences":{"raw":1.0,"perc":16.666666666666664,"total":6.0},"Meditation":{"raw":1.0,"perc":16.666666666666664,"total":6.0},"Dreams":{"raw":3.0,"perc":50.0,"total":6.0},"Sweating":{"raw":1.0,"perc":16.666666666666664,"total":6.0}}},"Chamomile":{"Alone":{"Conferences":{"raw":1.0,"perc":100.0,"total":1.0}}},"Pharms - Phenytoin":{"Alone":{"Dreams":{"raw":1.0,"perc":100.0,"total":1.0}},"Not Applicable":{"Endogenous":{"raw":1.0,"perc":100.0,"total":1.0}}},"Pharms - Zopiclone":{"Alone":{"Dreams":{"raw":2.0,"perc":100.0,"total":2.0}}},"Sceletium tortuosum":{"Alone":{"Dreams":{"raw":1.0,"perc":100.0,"total":1.0}}},"2C-T-2":{"Alone":{"Meditation":{"raw":1.0,"perc":100.0,"total":1.0}},"Small Group (2-9)":{"OBE":{"raw":1.0,"perc":100.0,"total":1.0}}},"Wormwood":{"Alone":{"Dreams":{"raw":2.0,"perc":100.0,"total":2.0}}},"Leonotis leonurus":{"Alone":{"Meditation":{"raw":1.0,"perc":50.0,"total":2.0},"Dreams":{"raw":1.0,"perc":50.0,"total":2.0}}},"Pharms - Fluoxetine":{"Alone":{"Dreams":{"raw":1.0,"perc":100.0,"total":1.0}}},"Vitamins - Niacin":{"Various":{"Drug Testing":{"raw":1.0,"perc":100.0,"total":1.0}}},"Scopolamine":{"Alone":{"Police / Customs":{"raw":1.0,"perc":100.0,"total":1.0}}},"DOC":{"Alone":{"Meditation":{"raw":1.0,"perc":100.0,"total":1.0}},"Small Group (2-9)":{"Police / Customs":{"raw":1.0,"perc":100.0,"total":1.0}}},"LSA":{"Alone":{"Ritual":{"raw":1.0,"perc":50.0,"total":2.0},"Yoga / Bodywork":{"raw":1.0,"perc":50.0,"total":2.0}},"Small Group (2-9)":{"Sleep Deprivation":{"raw":1.0,"perc":50.0,"total":2.0},"Yoga / Bodywork":{"raw":1.0,"perc":50.0,"total":2.0}}},"Pharms - Propylhexedrine":{"Various":{"Sleep Deprivation":{"raw":1.0,"perc":100.0,"total":1.0}}},"Moclobemide":{"Alone":{"Yoga / Bodywork":{"raw":1.0,"perc":100.0,"total":1.0}}},"Carbogen":{"Alone":{"Breathing":{"raw":1.0,"perc":50.0,"total":2.0},"Hyperventilation":{"raw":1.0,"perc":50.0,"total":2.0}},"Small Group (2-9)":{"Breathing":{"raw":3.0,"perc":100.0,"total":3.0}},"Hospital":{"Breathing":{"raw":1.0,"perc":100.0,"total":1.0}},"Large Group (10+)":{"Breathing":{"raw":1.0,"perc":100.0,"total":1.0}}},"DOM":{"Alone":{"Dreams":{"raw":1.0,"perc":50.0,"total":2.0},"Fasting":{"raw":1.0,"perc":50.0,"total":2.0}}},"4-AcO-DiPT":{"Small Group (2-9)":{"OBE":{"raw":1.0,"perc":100.0,"total":1.0}}},"4-HO-DiPT":{"Alone":{"Dreams":{"raw":1.0,"perc":100.0,"total":1.0}}},"4-HO-DET":{"Various":{"Meditation":{"raw":1.0,"perc":100.0,"total":1.0}}},"Pharms - Clonidine":{"Various":{"Meditation":{"raw":1.0,"perc":100.0,"total":1.0}}},"Pharms - Fentanyl":{"Small Group (2-9)":{"Migraines":{"raw":1.0,"perc":100.0,"total":1.0}}},"Piperazines - pFPP":{"Small Group (2-9)":{"Meditation":{"raw":1.0,"perc":100.0,"total":1.0}}},"DET":{"Small Group (2-9)":{"OBE":{"raw":1.0,"perc":100.0,"total":1.0}}},"Pharms - Buprenorphine":{"Not Applicable":{"Dreams":{"raw":1.0,"perc":100.0,"total":1.0}}},"DOB":{"Various":{"Sleep Deprivation":{"raw":1.0,"perc":100.0,"total":1.0}}},"Acetaminophen":{"Alone":{"Music":{"raw":1.0,"perc":100.0,"total":1.0}}},"Acacia":{"Small Group (2-9)":{"Breathing":{"raw":1.0,"perc":50.0,"total":2.0},"Hyperventilation":{"raw":1.0,"perc":50.0,"total":2.0}}},"2C-G-N":{"Unknown Context":{"Sleep Deprivation":{"raw":1.0,"perc":100.0,"total":1.0}}},"Naltrexone":{"Not Applicable":{"Dreams":{"raw":1.0,"perc":100.0,"total":1.0}}},"Pharms - Buspirone":{"Not Applicable":{"Drug Testing":{"raw":1.0,"perc":100.0,"total":1.0}}},"Pharms - Clonazepam":{"Small Group (2-9)":{"Police / Customs":{"raw":1.0,"perc":100.0,"total":1.0}},"Not Applicable":{"Endogenous":{"raw":1.0,"perc":100.0,"total":1.0}}},"DOI":{"Alone":{"Meditation":{"raw":1.0,"perc":100.0,"total":1.0}}},"Cheese - Blue":{"Alone":{"Dreams":{"raw":2.0,"perc":66.666666666666657,"total":3.0},"Humor":{"raw":1.0,"perc":33.333333333333329,"total":3.0}}},"Silene capensis":{"Alone":{"Dreams":{"raw":12.0,"perc":100.0,"total":12.0}},"Not Applicable":{"Dreams":{"raw":1.0,"perc":100.0,"total":1.0}}},"MDA":{"Small Group (2-9)":{"Migraines":{"raw":1.0,"perc":100.0,"total":1.0}}},"Pharms - Aripiprazole":{"Alone":{"Endogenous":{"raw":1.0,"perc":100.0,"total":1.0}}},"Methylone":{"Small Group (2-9)":{"OBE":{"raw":1.0,"perc":100.0,"total":1.0}},"Various":{"Sleep Deprivation":{"raw":1.0,"perc":100.0,"total":1.0}},"Alone":{"Breathing":{"raw":1.0,"perc":100.0,"total":1.0}}},"4-AcO-DMT":{"Not Applicable":{"Police / Customs":{"raw":1.0,"perc":100.0,"total":1.0}},"Alone":{"Mindfulness":{"raw":1.0,"perc":100.0,"total":1.0}}},"Lisdexamfetamine":{"Not Applicable":{"Sleep Deprivation":{"raw":1.0,"perc":100.0,"total":1.0}}},"Turbina corymbosa":{"Not Applicable":{"Migraines":{"raw":1.0,"perc":100.0,"total":1.0}}},"MDPV":{"Alone":{"Drug Testing":{"raw":1.0,"perc":100.0,"total":1.0}},"Various":{"Sleep Deprivation":{"raw":1.0,"perc":100.0,"total":1.0}}},"Pharms - Olanzapine":{"Unknown Context":{"Migraines":{"raw":1.0,"perc":100.0,"total":1.0}}},"4-Methylmethcathinone":{"Small Group (2-9)":{"Sleep Deprivation":{"raw":1.0,"perc":100.0,"total":1.0}},"Unknown Context":{"Sleep Deprivation":{"raw":2.0,"perc":100.0,"total":2.0}}},"Cannabinoid Receptor Agonists":{"Small Group (2-9)":{"Police / Customs":{"raw":1.0,"perc":50.0,"total":2.0},"Conferences":{"raw":1.0,"perc":50.0,"total":2.0}}},"JWH-018":{"Small Group (2-9)":{"Police / Customs":{"raw":1.0,"perc":100.0,"total":1.0}}},"Pharms - Methylphenidate":{"Alone":{"Sleep Deprivation":{"raw":1.0,"perc":100.0,"total":1.0}}},"5-MeO-DALT":{"Small Group (2-9)":{"Sleep Deprivation":{"raw":1.0,"perc":100.0,"total":1.0}}},"2C-D":{"Alone":{"Police / Customs":{"raw":1.0,"perc":100.0,"total":1.0}}},"AB-FUBINACA":{"Alone":{"Drug Testing":{"raw":1.0,"perc":100.0,"total":1.0}}},"Products - Spice and Synthetic Cannabinoids":{"Alone":{"Drug Testing":{"raw":1.0,"perc":100.0,"total":1.0}}},"2C-P":{"Hospital":{"Police / Customs":{"raw":1.0,"perc":100.0,"total":1.0}}},"4-MeO-PCP":{"Alone":{"Sound (non-music)":{"raw":1.0,"perc":100.0,"total":1.0}}},"Products - Bath Salts, Plant Food, etc":{"Alone":{"Sleep Deprivation":{"raw":1.0,"perc":100.0,"total":1.0}}},"Vitamins - Choline":{"Alone":{"Dreams":{"raw":1.0,"perc":100.0,"total":1.0}}},"MDAI":{"Alone":{"Chanting":{"raw":1.0,"perc":100.0,"total":1.0}}},"25I-NBOMe":{"Alone":{"OBE":{"raw":1.0,"perc":100.0,"total":1.0}}},"NBOMe Series":{"Alone":{"OBE":{"raw":1.0,"perc":100.0,"total":1.0}},"Small Group (2-9)":{"Police / Customs":{"raw":1.0,"perc":100.0,"total":1.0}}},"Ibogaine":{"Small Group (2-9)":{"Dreams":{"raw":1.0,"perc":100.0,"total":1.0}}},"Tabernanthe iboga":{"Small Group (2-9)":{"Dreams":{"raw":1.0,"perc":50.0,"total":2.0},"Meditation":{"raw":1.0,"perc":50.0,"total":2.0}}},"Methoxphenidine":{"Small Group (2-9)":{"OBE":{"raw":1.0,"perc":100.0,"total":1.0}}},"25C-NBOMe":{"Small Group (2-9)":{"Police / Customs":{"raw":1.0,"perc":100.0,"total":1.0}}},"Entada rheedii":{"Alone":{"Dreams":{"raw":1.0,"perc":100.0,"total":1.0}}},"Coca":{"Various":{"Police / Customs":{"raw":1.0,"perc":100.0,"total":1.0}}},"Oxygen":{"Alone":{"Breathing":{"raw":1.0,"perc":50.0,"total":2.0},"Hyperventilation":{"raw":1.0,"perc":50.0,"total":2.0}}},"3F-Phenmetrazine":{"Alone":{"Sleep Deprivation":{"raw":1.0,"perc":100.0,"total":1.0}}},"Prazosin":{"Alone":{"Dreams":{"raw":1.0,"perc":100.0,"total":1.0}}}}