{"Morning Glory":{"Drug Testing":{"Strong":{"raw":1.0,"perc":100.0,"total":1.0}},"Dreams":{"Medium":{"raw":2.0,"perc":100.0,"total":2.0}},"Migraines":{"Medium":{"raw":2.0,"perc":100.0,"total":2.0}},"Meditation":{"Strong":{"raw":1.0,"perc":50.0,"total":2.0},"Medium":{"raw":1.0,"perc":50.0,"total":2.0}},"Devices":{"Medium":{"raw":1.0,"perc":100.0,"total":1.0}},"Fasting":{"Medium":{"raw":1.0,"perc":100.0,"total":1.0}},"Ritual":{"Medium":{"raw":1.0,"perc":100.0,"total":1.0}},"Yoga / Bodywork":{"Medium":{"raw":1.0,"perc":100.0,"total":1.0}}},"Various":{"Sleep Deprivation":{"Strong":{"raw":10.0,"perc":52.631578947368418,"total":19.0},"Medium":{"raw":7.0,"perc":36.84210526315789,"total":19.0},"Extreme":{"raw":2.0,"perc":10.526315789473683,"total":19.0}},"Police / Customs":{"Strong":{"raw":9.0,"perc":36.0,"total":25.0},"Medium":{"raw":12.0,"perc":48.0,"total":25.0},"Extreme":{"raw":4.0,"perc":16.0,"total":25.0}},"Endogenous":{"Medium":{"raw":2.0,"perc":100.0,"total":2.0}},"Yoga / Bodywork":{"Medium":{"raw":3.0,"perc":100.0,"total":3.0}},"Ritual":{"Strong":{"raw":1.0,"perc":100.0,"total":1.0}},"Meditation":{"Strong":{"raw":7.0,"perc":50.0,"total":14.0},"Medium":{"raw":6.0,"perc":42.857142857142854,"total":14.0},"Extreme":{"raw":1.0,"perc":7.1428571428571423,"total":14.0}},"Fasting":{"Medium":{"raw":2.0,"perc":100.0,"total":2.0}},"Migraines":{"Medium":{"raw":2.0,"perc":100.0,"total":2.0}},"OBE":{"Medium":{"raw":1.0,"perc":33.333333333333329,"total":3.0},"Extreme":{"raw":2.0,"perc":66.666666666666657,"total":3.0}},"Mindfulness":{"Medium":{"raw":2.0,"perc":66.666666666666657,"total":3.0},"Strong":{"raw":1.0,"perc":33.333333333333329,"total":3.0}},"Dreams":{"Medium":{"raw":4.0,"perc":80.0,"total":5.0},"Strong":{"raw":1.0,"perc":20.0,"total":5.0}},"Devices":{"Medium":{"raw":1.0,"perc":100.0,"total":1.0}},"Devices - Mind Machine":{"Medium":{"raw":1.0,"perc":100.0,"total":1.0}},"Conferences":{"Extreme":{"raw":1.0,"perc":100.0,"total":1.0}},"Drug Testing":{"Medium":{"raw":2.0,"perc":50.0,"total":4.0},"Strong":{"raw":2.0,"perc":50.0,"total":4.0}},"Music":{"Extreme":{"raw":1.0,"perc":100.0,"total":1.0}},"Nitrogen Narcosis":{"Strong":{"raw":1.0,"perc":100.0,"total":1.0}},"Humor":{"Extreme":{"raw":1.0,"perc":50.0,"total":2.0},"Medium":{"raw":1.0,"perc":50.0,"total":2.0}}},"DPT":{"Dreams":{"Strong":{"raw":1.0,"perc":100.0,"total":1.0}},"Ritual":{"Strong":{"raw":1.0,"perc":100.0,"total":1.0}},"Yoga / Bodywork":{"Medium":{"raw":1.0,"perc":100.0,"total":1.0}},"Meditation":{"Strong":{"raw":1.0,"perc":100.0,"total":1.0}}},"Opiates":{"Drug Testing":{"Medium":{"raw":4.0,"perc":66.666666666666657,"total":6.0},"No Effect":{"raw":2.0,"perc":33.333333333333329,"total":6.0}},"Police / Customs":{"Medium":{"raw":4.0,"perc":80.0,"total":5.0},"No Effect":{"raw":1.0,"perc":20.0,"total":5.0}},"Meditation":{"Medium":{"raw":1.0,"perc":100.0,"total":1.0}},"Dreams":{"Medium":{"raw":2.0,"perc":100.0,"total":2.0}},"OBE":{"Strong":{"raw":1.0,"perc":100.0,"total":1.0}},"Conferences":{"Strong":{"raw":1.0,"perc":100.0,"total":1.0}},"Endogenous":{"Strong":{"raw":1.0,"perc":100.0,"total":1.0}}},"Poppies - Opium":{"Drug Testing":{"Medium":{"raw":1.0,"perc":50.0,"total":2.0},"No Effect":{"raw":1.0,"perc":50.0,"total":2.0}},"Dreams":{"Medium":{"raw":1.0,"perc":100.0,"total":1.0}}},"LSD":{"OBE":{"Medium":{"raw":1.0,"perc":33.333333333333329,"total":3.0},"Strong":{"raw":2.0,"perc":66.666666666666657,"total":3.0}},"Police / Customs":{"Medium":{"raw":8.0,"perc":42.105263157894733,"total":19.0},"Extreme":{"raw":6.0,"perc":31.578947368421051,"total":19.0},"Strong":{"raw":5.0,"perc":26.315789473684209,"total":19.0}},"Yoga / Bodywork":{"Strong":{"raw":4.0,"perc":50.0,"total":8.0},"Medium":{"raw":4.0,"perc":50.0,"total":8.0}},"Migraines":{"Medium":{"raw":2.0,"perc":100.0,"total":2.0}},"Meditation":{"Medium":{"raw":5.0,"perc":62.5,"total":8.0},"Strong":{"raw":3.0,"perc":37.5,"total":8.0}},"Sleep Deprivation":{"Strong":{"raw":2.0,"perc":66.666666666666657,"total":3.0},"Extreme":{"raw":1.0,"perc":33.333333333333329,"total":3.0}},"Guiding":{"Medium":{"raw":1.0,"perc":100.0,"total":1.0}},"Devices":{"Medium":{"raw":3.0,"perc":100.0,"total":3.0}},"Devices - Mind Machine":{"Medium":{"raw":2.0,"perc":100.0,"total":2.0}},"Mindfulness":{"Medium":{"raw":1.0,"perc":100.0,"total":1.0}},"Dreams":{"Strong":{"raw":1.0,"perc":100.0,"total":1.0}},"Breathing":{"Strong":{"raw":1.0,"perc":100.0,"total":1.0}},"Music":{"Strong":{"raw":1.0,"perc":100.0,"total":1.0}}},"Cannabis":{"Ritual":{"Medium":{"raw":3.0,"perc":100.0,"total":3.0}},"Drug Testing":{"No Effect":{"raw":5.0,"perc":23.809523809523807,"total":21.0},"Medium":{"raw":15.0,"perc":71.428571428571431,"total":21.0},"Extreme":{"raw":1.0,"perc":4.7619047619047619,"total":21.0}},"Police / Customs":{"Medium":{"raw":8.0,"perc":80.0,"total":10.0},"Extreme":{"raw":1.0,"perc":10.0,"total":10.0},"Strong":{"raw":1.0,"perc":10.0,"total":10.0}},"Meditation":{"Strong":{"raw":4.0,"perc":50.0,"total":8.0},"Medium":{"raw":4.0,"perc":50.0,"total":8.0}},"Migraines":{"Medium":{"raw":1.0,"perc":100.0,"total":1.0}},"OBE":{"Strong":{"raw":5.0,"perc":55.555555555555557,"total":9.0},"Extreme":{"raw":2.0,"perc":22.222222222222221,"total":9.0},"Medium":{"raw":2.0,"perc":22.222222222222221,"total":9.0}},"Devices":{"Medium":{"raw":1.0,"perc":50.0,"total":2.0},"Strong":{"raw":1.0,"perc":50.0,"total":2.0}},"Devices - Mind Machine":{"Medium":{"raw":1.0,"perc":50.0,"total":2.0},"Strong":{"raw":1.0,"perc":50.0,"total":2.0}},"Endogenous":{"Strong":{"raw":3.0,"perc":100.0,"total":3.0}},"Sleep Deprivation":{"Medium":{"raw":6.0,"perc":85.714285714285708,"total":7.0},"Strong":{"raw":1.0,"perc":14.285714285714285,"total":7.0}},"Music":{"Extreme":{"raw":1.0,"perc":100.0,"total":1.0}},"Mindfulness":{"Extreme":{"raw":1.0,"perc":100.0,"total":1.0}},"Dreams":{"Medium":{"raw":2.0,"perc":100.0,"total":2.0}},"Breathing":{"Strong":{"raw":1.0,"perc":100.0,"total":1.0}},"Fasting":{"Medium":{"raw":1.0,"perc":100.0,"total":1.0}}},"MDMA":{"Ritual":{"Medium":{"raw":2.0,"perc":66.666666666666657,"total":3.0},"Strong":{"raw":1.0,"perc":33.333333333333329,"total":3.0}},"Migraines":{"Medium":{"raw":3.0,"perc":75.0,"total":4.0},"Strong":{"raw":1.0,"perc":25.0,"total":4.0}},"Endogenous":{"Medium":{"raw":1.0,"perc":100.0,"total":1.0}},"Dreams":{"Medium":{"raw":2.0,"perc":66.666666666666657,"total":3.0},"Strong":{"raw":1.0,"perc":33.333333333333329,"total":3.0}},"Yoga / Bodywork":{"Strong":{"raw":3.0,"perc":60.0,"total":5.0},"Medium":{"raw":2.0,"perc":40.0,"total":5.0}},"OBE":{"Strong":{"raw":2.0,"perc":66.666666666666657,"total":3.0},"Medium":{"raw":1.0,"perc":33.333333333333329,"total":3.0}},"Meditation":{"Strong":{"raw":2.0,"perc":28.571428571428569,"total":7.0},"Medium":{"raw":5.0,"perc":71.428571428571431,"total":7.0}},"Police / Customs":{"Medium":{"raw":4.0,"perc":66.666666666666657,"total":6.0},"Extreme":{"raw":1.0,"perc":16.666666666666664,"total":6.0},"Strong":{"raw":1.0,"perc":16.666666666666664,"total":6.0}},"Sleep Deprivation":{"Extreme":{"raw":1.0,"perc":33.333333333333329,"total":3.0},"Medium":{"raw":2.0,"perc":66.666666666666657,"total":3.0}},"Devices":{"Medium":{"raw":2.0,"perc":100.0,"total":2.0}},"Devices - Mind Machine":{"Medium":{"raw":1.0,"perc":100.0,"total":1.0}},"Music":{"Extreme":{"raw":1.0,"perc":100.0,"total":1.0}}},"Pharmaceuticals":{"Ritual":{"Medium":{"raw":1.0,"perc":100.0,"total":1.0}},"Dreams":{"Strong":{"raw":2.0,"perc":50.0,"total":4.0},"Medium":{"raw":2.0,"perc":50.0,"total":4.0}},"Sleep Deprivation":{"Medium":{"raw":1.0,"perc":50.0,"total":2.0},"Strong":{"raw":1.0,"perc":50.0,"total":2.0}},"Police / Customs":{"Strong":{"raw":1.0,"perc":16.666666666666664,"total":6.0},"Medium":{"raw":4.0,"perc":66.666666666666657,"total":6.0},"Extreme":{"raw":1.0,"perc":16.666666666666664,"total":6.0}},"Migraines":{"Strong":{"raw":1.0,"perc":100.0,"total":1.0}},"Endogenous":{"Medium":{"raw":1.0,"perc":100.0,"total":1.0}}},"Pharms - Sildenafil":{"Ritual":{"Medium":{"raw":1.0,"perc":100.0,"total":1.0}}},"Stimulants":{"Ritual":{"Medium":{"raw":2.0,"perc":66.666666666666657,"total":3.0},"Strong":{"raw":1.0,"perc":33.333333333333329,"total":3.0}},"Migraines":{"Medium":{"raw":3.0,"perc":75.0,"total":4.0},"Strong":{"raw":1.0,"perc":25.0,"total":4.0}},"Endogenous":{"Medium":{"raw":1.0,"perc":100.0,"total":1.0}},"Dreams":{"Medium":{"raw":2.0,"perc":66.666666666666657,"total":3.0},"Strong":{"raw":1.0,"perc":33.333333333333329,"total":3.0}},"Yoga / Bodywork":{"Strong":{"raw":3.0,"perc":60.0,"total":5.0},"Medium":{"raw":2.0,"perc":40.0,"total":5.0}},"OBE":{"Strong":{"raw":3.0,"perc":75.0,"total":4.0},"Medium":{"raw":1.0,"perc":25.0,"total":4.0}},"Meditation":{"Strong":{"raw":2.0,"perc":25.0,"total":8.0},"Medium":{"raw":6.0,"perc":75.0,"total":8.0}},"Police / Customs":{"Medium":{"raw":4.0,"perc":66.666666666666657,"total":6.0},"Extreme":{"raw":1.0,"perc":16.666666666666664,"total":6.0},"Strong":{"raw":1.0,"perc":16.666666666666664,"total":6.0}},"Sleep Deprivation":{"Medium":{"raw":5.0,"perc":38.461538461538467,"total":13.0},"Extreme":{"raw":2.0,"perc":15.384615384615385,"total":13.0},"Strong":{"raw":6.0,"perc":46.153846153846153,"total":13.0}},"Breathing":{"Strong":{"raw":1.0,"perc":100.0,"total":1.0}},"Hyperventilation":{"Strong":{"raw":1.0,"perc":100.0,"total":1.0}},"Drug Testing":{"Medium":{"raw":2.0,"perc":100.0,"total":2.0}},"Devices":{"Medium":{"raw":2.0,"perc":100.0,"total":2.0}},"Devices - Mind Machine":{"Medium":{"raw":1.0,"perc":100.0,"total":1.0}},"Music":{"Extreme":{"raw":1.0,"perc":100.0,"total":1.0}}},"DXM":{"Drug Testing":{"Medium":{"raw":38.0,"perc":70.370370370370367,"total":54.0},"No Effect":{"raw":8.0,"perc":14.814814814814813,"total":54.0},"Strong":{"raw":6.0,"perc":11.111111111111111,"total":54.0},"Extreme":{"raw":2.0,"perc":3.7037037037037033,"total":54.0}},"Police / Customs":{"Medium":{"raw":2.0,"perc":66.666666666666657,"total":3.0},"Extreme":{"raw":1.0,"perc":33.333333333333329,"total":3.0}},"Endogenous":{"Extreme":{"raw":2.0,"perc":66.666666666666657,"total":3.0},"Medium":{"raw":1.0,"perc":33.333333333333329,"total":3.0}},"Devices":{"Strong":{"raw":1.0,"perc":33.333333333333329,"total":3.0},"Medium":{"raw":2.0,"perc":66.666666666666657,"total":3.0}},"Devices - Mind Machine":{"Strong":{"raw":1.0,"perc":33.333333333333329,"total":3.0},"Medium":{"raw":2.0,"perc":66.666666666666657,"total":3.0}},"OBE":{"Strong":{"raw":2.0,"perc":66.666666666666657,"total":3.0},"Medium":{"raw":1.0,"perc":33.333333333333329,"total":3.0}},"Meditation":{"Strong":{"raw":1.0,"perc":100.0,"total":1.0}},"Sleep Deprivation":{"Medium":{"raw":1.0,"perc":100.0,"total":1.0}},"Fasting":{"Strong":{"raw":1.0,"perc":100.0,"total":1.0}},"Dreams":{"Strong":{"raw":1.0,"perc":100.0,"total":1.0}}},"PCP":{"Drug Testing":{"Medium":{"raw":1.0,"perc":100.0,"total":1.0}}},"Datura":{"OBE":{"Extreme":{"raw":1.0,"perc":100.0,"total":1.0}},"Police / Customs":{"Extreme":{"raw":6.0,"perc":66.666666666666657,"total":9.0},"Strong":{"raw":3.0,"perc":33.333333333333329,"total":9.0}},"Dreams":{"Strong":{"raw":2.0,"perc":100.0,"total":2.0}}},"2C-B":{"Ritual":{"Medium":{"raw":1.0,"perc":100.0,"total":1.0}},"OBE":{"Strong":{"raw":2.0,"perc":100.0,"total":2.0}},"Police / Customs":{"Strong":{"raw":1.0,"perc":100.0,"total":1.0}},"Sleep Deprivation":{"Strong":{"raw":1.0,"perc":100.0,"total":1.0}},"Music":{"Medium":{"raw":1.0,"perc":100.0,"total":1.0}},"Meditation":{"Medium":{"raw":1.0,"perc":100.0,"total":1.0}}},"Phenethylamine":{"Ritual":{"Medium":{"raw":1.0,"perc":100.0,"total":1.0}},"OBE":{"Strong":{"raw":2.0,"perc":100.0,"total":2.0}},"Migraines":{"Medium":{"raw":1.0,"perc":100.0,"total":1.0}},"Police / Customs":{"Strong":{"raw":1.0,"perc":16.666666666666664,"total":6.0},"Extreme":{"raw":3.0,"perc":50.0,"total":6.0},"Medium":{"raw":2.0,"perc":33.333333333333329,"total":6.0}},"Floatation Tank":{"Strong":{"raw":1.0,"perc":100.0,"total":1.0}},"Meditation":{"Medium":{"raw":2.0,"perc":100.0,"total":2.0}},"Sleep Deprivation":{"Strong":{"raw":2.0,"perc":100.0,"total":2.0}},"Drug Testing":{"Medium":{"raw":1.0,"perc":100.0,"total":1.0}},"Music":{"Medium":{"raw":1.0,"perc":100.0,"total":1.0}},"Yoga / Bodywork":{"Medium":{"raw":1.0,"perc":100.0,"total":1.0}}},"Tryptophan":{"Ritual":{"Medium":{"raw":1.0,"perc":100.0,"total":1.0}},"Dreams":{"Strong":{"raw":1.0,"perc":100.0,"total":1.0}},"Sleep Deprivation":{"Medium":{"raw":1.0,"perc":100.0,"total":1.0}}},"Salvia divinorum":{"Ritual":{"Strong":{"raw":1.0,"perc":50.0,"total":2.0},"Medium":{"raw":1.0,"perc":50.0,"total":2.0}},"Police / Customs":{"Medium":{"raw":1.0,"perc":50.0,"total":2.0},"No Effect":{"raw":1.0,"perc":50.0,"total":2.0}},"OBE":{"Medium":{"raw":3.0,"perc":23.076923076923077,"total":13.0},"Strong":{"raw":7.0,"perc":53.846153846153847,"total":13.0},"Extreme":{"raw":3.0,"perc":23.076923076923077,"total":13.0}},"Dreams":{"Medium":{"raw":6.0,"perc":85.714285714285708,"total":7.0},"Strong":{"raw":1.0,"perc":14.285714285714285,"total":7.0}},"Fasting":{"Strong":{"raw":4.0,"perc":100.0,"total":4.0}},"Meditation":{"Medium":{"raw":4.0,"perc":50.0,"total":8.0},"Strong":{"raw":3.0,"perc":37.5,"total":8.0},"Extreme":{"raw":1.0,"perc":12.5,"total":8.0}},"Yoga / Bodywork":{"Medium":{"raw":1.0,"perc":100.0,"total":1.0}},"Endogenous":{"Extreme":{"raw":1.0,"perc":50.0,"total":2.0},"Medium":{"raw":1.0,"perc":50.0,"total":2.0}},"Devices":{"Strong":{"raw":1.0,"perc":20.0,"total":5.0},"Medium":{"raw":4.0,"perc":80.0,"total":5.0}},"Migraines":{"Medium":{"raw":1.0,"perc":100.0,"total":1.0}},"Nitrogen Narcosis":{"Strong":{"raw":1.0,"perc":100.0,"total":1.0}},"Mindfulness":{"Medium":{"raw":1.0,"perc":100.0,"total":1.0}},"Devices - Mind Machine":{"Medium":{"raw":2.0,"perc":100.0,"total":2.0}}},"Pharms - Benzphetamine":{"Sleep Deprivation":{"Strong":{"raw":1.0,"perc":50.0,"total":2.0},"Extreme":{"raw":1.0,"perc":50.0,"total":2.0}}},"Mushrooms":{"Police / Customs":{"Medium":{"raw":13.0,"perc":65.0,"total":20.0},"Strong":{"raw":4.0,"perc":20.0,"total":20.0},"Extreme":{"raw":3.0,"perc":15.0,"total":20.0}},"Meditation":{"Strong":{"raw":3.0,"perc":75.0,"total":4.0},"Medium":{"raw":1.0,"perc":25.0,"total":4.0}},"Drug Testing":{"Extreme":{"raw":1.0,"perc":100.0,"total":1.0}},"Migraines":{"Medium":{"raw":4.0,"perc":80.0,"total":5.0},"Strong":{"raw":1.0,"perc":20.0,"total":5.0}},"Devices":{"Extreme":{"raw":1.0,"perc":50.0,"total":2.0},"Strong":{"raw":1.0,"perc":50.0,"total":2.0}},"Sleep Deprivation":{"Strong":{"raw":1.0,"perc":100.0,"total":1.0}},"Devices - Mind Machine":{"Strong":{"raw":1.0,"perc":100.0,"total":1.0}},"Yoga / Bodywork":{"Medium":{"raw":3.0,"perc":50.0,"total":6.0},"Strong":{"raw":3.0,"perc":50.0,"total":6.0}},"OBE":{"Medium":{"raw":5.0,"perc":71.428571428571431,"total":7.0},"Extreme":{"raw":1.0,"perc":14.285714285714285,"total":7.0},"Strong":{"raw":1.0,"perc":14.285714285714285,"total":7.0}},"Fasting":{"Medium":{"raw":1.0,"perc":50.0,"total":2.0},"Strong":{"raw":1.0,"perc":50.0,"total":2.0}},"Conferences":{"Extreme":{"raw":1.0,"perc":100.0,"total":1.0}},"Ritual":{"Strong":{"raw":2.0,"perc":100.0,"total":2.0}},"Chanting":{"Strong":{"raw":1.0,"perc":100.0,"total":1.0}},"Humor":{"Strong":{"raw":1.0,"perc":33.333333333333329,"total":3.0},"Extreme":{"raw":1.0,"perc":33.333333333333329,"total":3.0},"Medium":{"raw":1.0,"perc":33.333333333333329,"total":3.0}},"Guiding":{"Medium":{"raw":1.0,"perc":100.0,"total":1.0}},"Nitrogen Narcosis":{"Strong":{"raw":1.0,"perc":100.0,"total":1.0}},"Dreams":{"Medium":{"raw":1.0,"perc":100.0,"total":1.0}},"Mindfulness":{"Strong":{"raw":1.0,"perc":100.0,"total":1.0}}},"Nutmeg":{"Dreams":{"Medium":{"raw":3.0,"perc":100.0,"total":3.0}},"Fasting":{"Medium":{"raw":1.0,"perc":100.0,"total":1.0}},"Devices":{"Medium":{"raw":1.0,"perc":100.0,"total":1.0}},"Devices - Mind Machine":{"Medium":{"raw":1.0,"perc":100.0,"total":1.0}}},"Piperazines":{"Drug Testing":{"No Effect":{"raw":1.0,"perc":100.0,"total":1.0}},"Meditation":{"Strong":{"raw":1.0,"perc":50.0,"total":2.0},"Medium":{"raw":1.0,"perc":50.0,"total":2.0}},"Sleep Deprivation":{"Strong":{"raw":1.0,"perc":100.0,"total":1.0}},"Migraines":{"Strong":{"raw":1.0,"perc":100.0,"total":1.0}}},"Pharms - Sertraline":{"Sleep Deprivation":{"Medium":{"raw":1.0,"perc":100.0,"total":1.0}}},"SSRIs":{"Sleep Deprivation":{"Medium":{"raw":1.0,"perc":100.0,"total":1.0}},"Dreams":{"Medium":{"raw":1.0,"perc":50.0,"total":2.0},"Strong":{"raw":1.0,"perc":50.0,"total":2.0}}},"Methamphetamine":{"Sleep Deprivation":{"Strong":{"raw":2.0,"perc":66.666666666666657,"total":3.0},"Medium":{"raw":1.0,"perc":33.333333333333329,"total":3.0}},"Police / Customs":{"Extreme":{"raw":2.0,"perc":66.666666666666657,"total":3.0},"Medium":{"raw":1.0,"perc":33.333333333333329,"total":3.0}},"Meditation":{"Medium":{"raw":1.0,"perc":100.0,"total":1.0}}},"Melatonin":{"Dreams":{"Medium":{"raw":9.0,"perc":64.285714285714292,"total":14.0},"Strong":{"raw":4.0,"perc":28.571428571428569,"total":14.0},"No Effect":{"raw":1.0,"perc":7.1428571428571423,"total":14.0}},"Sleep Deprivation":{"Medium":{"raw":1.0,"perc":100.0,"total":1.0}}},"Harmala Alkaloids":{"Ritual":{"Strong":{"raw":1.0,"perc":11.111111111111111,"total":9.0},"Medium":{"raw":8.0,"perc":88.888888888888886,"total":9.0}},"Police / Customs":{"Extreme":{"raw":2.0,"perc":100.0,"total":2.0}},"Dreams":{"No Effect":{"raw":1.0,"perc":16.666666666666664,"total":6.0},"Medium":{"raw":4.0,"perc":66.666666666666657,"total":6.0},"Strong":{"raw":1.0,"perc":16.666666666666664,"total":6.0}},"Meditation":{"Medium":{"raw":1.0,"perc":100.0,"total":1.0}},"Yoga / Bodywork":{"Medium":{"raw":1.0,"perc":100.0,"total":1.0}},"Sweating":{"Medium":{"raw":1.0,"perc":100.0,"total":1.0}},"Migraines":{"Strong":{"raw":1.0,"perc":100.0,"total":1.0}},"Mindfulness":{"Strong":{"raw":1.0,"perc":100.0,"total":1.0}}},"Psychotria viridis":{"Ritual":{"Strong":{"raw":1.0,"perc":12.5,"total":8.0},"Medium":{"raw":7.0,"perc":87.5,"total":8.0}}},"Syrian Rue":{"Ritual":{"Strong":{"raw":1.0,"perc":50.0,"total":2.0},"Medium":{"raw":1.0,"perc":50.0,"total":2.0}},"Meditation":{"Medium":{"raw":1.0,"perc":100.0,"total":1.0}},"Yoga / Bodywork":{"Medium":{"raw":1.0,"perc":100.0,"total":1.0}},"Police / Customs":{"Extreme":{"raw":1.0,"perc":100.0,"total":1.0}},"Migraines":{"Strong":{"raw":1.0,"perc":100.0,"total":1.0}}},"Kava":{"Dreams":{"Strong":{"raw":1.0,"perc":50.0,"total":2.0},"Medium":{"raw":1.0,"perc":50.0,"total":2.0}},"OBE":{"Medium":{"raw":1.0,"perc":100.0,"total":1.0}},"Meditation":{"Medium":{"raw":1.0,"perc":100.0,"total":1.0}},"Devices":{"Strong":{"raw":1.0,"perc":100.0,"total":1.0}},"Devices - Mind Machine":{"Strong":{"raw":1.0,"perc":100.0,"total":1.0}}},"Ayahuasca":{"Yoga / Bodywork":{"No Effect":{"raw":1.0,"perc":33.333333333333329,"total":3.0},"Strong":{"raw":1.0,"perc":33.333333333333329,"total":3.0},"Medium":{"raw":1.0,"perc":33.333333333333329,"total":3.0}},"Dreams":{"Medium":{"raw":1.0,"perc":100.0,"total":1.0}},"Meditation":{"Strong":{"raw":1.0,"perc":50.0,"total":2.0},"Medium":{"raw":1.0,"perc":50.0,"total":2.0}},"Ritual":{"Medium":{"raw":8.0,"perc":88.888888888888886,"total":9.0},"Strong":{"raw":1.0,"perc":11.111111111111111,"total":9.0}}},"Valerian":{"Dreams":{"Medium":{"raw":8.0,"perc":88.888888888888886,"total":9.0},"Strong":{"raw":1.0,"perc":11.111111111111111,"total":9.0}},"OBE":{"Medium":{"raw":1.0,"perc":100.0,"total":1.0}},"Meditation":{"Medium":{"raw":1.0,"perc":100.0,"total":1.0}}},"Nitrous Oxide":{"OBE":{"Strong":{"raw":4.0,"perc":80.0,"total":5.0},"Medium":{"raw":1.0,"perc":20.0,"total":5.0}},"Meditation":{"Strong":{"raw":2.0,"perc":50.0,"total":4.0},"Extreme":{"raw":1.0,"perc":25.0,"total":4.0},"Medium":{"raw":1.0,"perc":25.0,"total":4.0}},"Devices":{"Strong":{"raw":1.0,"perc":33.333333333333329,"total":3.0},"Medium":{"raw":2.0,"perc":66.666666666666657,"total":3.0}},"Devices - Mind Machine":{"Strong":{"raw":1.0,"perc":33.333333333333329,"total":3.0},"Medium":{"raw":2.0,"perc":66.666666666666657,"total":3.0}},"Breathing":{"Strong":{"raw":1.0,"perc":100.0,"total":1.0}},"Hyperventilation":{"Strong":{"raw":1.0,"perc":100.0,"total":1.0}}},"Nicotine":{"Dreams":{"Medium":{"raw":1.0,"perc":50.0,"total":2.0},"Strong":{"raw":1.0,"perc":50.0,"total":2.0}},"Sleep Deprivation":{"Medium":{"raw":1.0,"perc":100.0,"total":1.0}}},"Tobacco":{"Dreams":{"Medium":{"raw":1.0,"perc":50.0,"total":2.0},"Strong":{"raw":1.0,"perc":50.0,"total":2.0}},"Sleep Deprivation":{"Medium":{"raw":2.0,"perc":100.0,"total":2.0}}},"Pharms - Cyclobenzaprine":{"Sleep Deprivation":{"Strong":{"raw":1.0,"perc":100.0,"total":1.0}}},"Pseudoephedrine":{"Drug Testing":{"Strong":{"raw":1.0,"perc":100.0,"total":1.0}}},"Hydrocodone":{"Dreams":{"Extreme":{"raw":1.0,"perc":50.0,"total":2.0},"Medium":{"raw":1.0,"perc":50.0,"total":2.0}},"Devices":{"Medium":{"raw":1.0,"perc":100.0,"total":1.0}},"Devices - Mind Machine":{"Medium":{"raw":1.0,"perc":100.0,"total":1.0}},"Humor":{"Strong":{"raw":1.0,"perc":100.0,"total":1.0}}},"Opioids":{"Dreams":{"Extreme":{"raw":1.0,"perc":25.0,"total":4.0},"Medium":{"raw":3.0,"perc":75.0,"total":4.0}},"Meditation":{"Medium":{"raw":2.0,"perc":100.0,"total":2.0}},"Drug Testing":{"Medium":{"raw":6.0,"perc":85.714285714285708,"total":7.0},"No Effect":{"raw":1.0,"perc":14.285714285714285,"total":7.0}},"Devices":{"Medium":{"raw":1.0,"perc":100.0,"total":1.0}},"Devices - Mind Machine":{"Medium":{"raw":1.0,"perc":100.0,"total":1.0}},"Endogenous":{"Strong":{"raw":1.0,"perc":100.0,"total":1.0}},"Humor":{"Strong":{"raw":1.0,"perc":100.0,"total":1.0}}},"Cocaine":{"Drug Testing":{"Medium":{"raw":3.0,"perc":60.0,"total":5.0},"No Effect":{"raw":2.0,"perc":40.0,"total":5.0}},"Police / Customs":{"Strong":{"raw":1.0,"perc":50.0,"total":2.0},"No Effect":{"raw":1.0,"perc":50.0,"total":2.0}}},"Diphenhydramine":{"Police / Customs":{"Strong":{"raw":2.0,"perc":66.666666666666657,"total":3.0},"Medium":{"raw":1.0,"perc":33.333333333333329,"total":3.0}},"Dreams":{"Medium":{"raw":2.0,"perc":66.666666666666657,"total":3.0},"Strong":{"raw":1.0,"perc":33.333333333333329,"total":3.0}},"Drug Testing":{"Medium":{"raw":1.0,"perc":100.0,"total":1.0}}},"GBL":{"Breathing":{"Strong":{"raw":1.0,"perc":100.0,"total":1.0}}},"Lactuca spp.":{"Dreams":{"Medium":{"raw":2.0,"perc":100.0,"total":2.0}}},"Yohimbe":{"Dreams":{"Medium":{"raw":1.0,"perc":100.0,"total":1.0}},"Yoga / Bodywork":{"Strong":{"raw":1.0,"perc":100.0,"total":1.0}}},"Alcohol":{"Police / Customs":{"Strong":{"raw":3.0,"perc":37.5,"total":8.0},"Medium":{"raw":4.0,"perc":50.0,"total":8.0},"Extreme":{"raw":1.0,"perc":12.5,"total":8.0}},"Dreams":{"Medium":{"raw":2.0,"perc":100.0,"total":2.0}},"Drug Testing":{"Strong":{"raw":1.0,"perc":100.0,"total":1.0}},"Fasting":{"Extreme":{"raw":1.0,"perc":100.0,"total":1.0}},"Migraines":{"Strong":{"raw":1.0,"perc":100.0,"total":1.0}}},"AMT":{"Sleep Deprivation":{"Medium":{"raw":2.0,"perc":100.0,"total":2.0}},"Meditation":{"Strong":{"raw":1.0,"perc":100.0,"total":1.0}},"Police / Customs":{"Extreme":{"raw":1.0,"perc":25.0,"total":4.0},"Medium":{"raw":2.0,"perc":50.0,"total":4.0},"Strong":{"raw":1.0,"perc":25.0,"total":4.0}},"Dreams":{"Medium":{"raw":1.0,"perc":100.0,"total":1.0}}},"Caffeine":{"Sleep Deprivation":{"Medium":{"raw":1.0,"perc":50.0,"total":2.0},"Strong":{"raw":1.0,"perc":50.0,"total":2.0}},"Devices":{"Medium":{"raw":1.0,"perc":100.0,"total":1.0}},"Devices - Mind Machine":{"Medium":{"raw":1.0,"perc":100.0,"total":1.0}},"Meditation":{"Medium":{"raw":1.0,"perc":100.0,"total":1.0}},"Dreams":{"Medium":{"raw":1.0,"perc":100.0,"total":1.0}},"Migraines":{"Strong":{"raw":1.0,"perc":100.0,"total":1.0}},"Music":{"Medium":{"raw":1.0,"perc":100.0,"total":1.0}}},"4-AcO-DET":{"Meditation":{"Strong":{"raw":1.0,"perc":100.0,"total":1.0}},"Migraines":{"Medium":{"raw":1.0,"perc":100.0,"total":1.0}}},"Calea zacatechichi":{"Meditation":{"Strong":{"raw":1.0,"perc":50.0,"total":2.0},"Medium":{"raw":1.0,"perc":50.0,"total":2.0}},"Dreams":{"No Effect":{"raw":3.0,"perc":18.75,"total":16.0},"Strong":{"raw":5.0,"perc":31.25,"total":16.0},"Medium":{"raw":8.0,"perc":50.0,"total":16.0}},"Devices":{"Medium":{"raw":1.0,"perc":100.0,"total":1.0}},"Devices - Mind Machine":{"Medium":{"raw":1.0,"perc":100.0,"total":1.0}}},"Vitamin B-6":{"OBE":{"Medium":{"raw":1.0,"perc":100.0,"total":1.0}},"Dreams":{"Strong":{"raw":2.0,"perc":40.0,"total":5.0},"Medium":{"raw":3.0,"perc":60.0,"total":5.0}}},"Ketamine":{"Police / Customs":{"Medium":{"raw":1.0,"perc":100.0,"total":1.0}},"OBE":{"Extreme":{"raw":1.0,"perc":50.0,"total":2.0},"Strong":{"raw":1.0,"perc":50.0,"total":2.0}},"Conferences":{"Medium":{"raw":1.0,"perc":100.0,"total":1.0}},"Mindfulness":{"Extreme":{"raw":1.0,"perc":100.0,"total":1.0}},"Meditation":{"Medium":{"raw":1.0,"perc":100.0,"total":1.0}}},"NMDA Antagonists":{"Police / Customs":{"Medium":{"raw":1.0,"perc":100.0,"total":1.0}},"OBE":{"Extreme":{"raw":1.0,"perc":50.0,"total":2.0},"Strong":{"raw":1.0,"perc":50.0,"total":2.0}},"Conferences":{"Medium":{"raw":1.0,"perc":100.0,"total":1.0}},"Mindfulness":{"Extreme":{"raw":1.0,"perc":100.0,"total":1.0}},"Meditation":{"Medium":{"raw":1.0,"perc":100.0,"total":1.0}}},"Opium":{"Police / Customs":{"Medium":{"raw":1.0,"perc":100.0,"total":1.0}}},"Unknown":{"Floatation Tank":{"Medium":{"raw":1.0,"perc":100.0,"total":1.0}},"Meditation":{"Medium":{"raw":1.0,"perc":100.0,"total":1.0}},"Humor":{"Strong":{"raw":1.0,"perc":100.0,"total":1.0}}},"5-MeO-DiPT":{"Migraines":{"Medium":{"raw":1.0,"perc":100.0,"total":1.0}},"Dreams":{"Medium":{"raw":2.0,"perc":100.0,"total":2.0}},"Police / Customs":{"Extreme":{"raw":1.0,"perc":100.0,"total":1.0}},"OBE":{"Medium":{"raw":1.0,"perc":100.0,"total":1.0}},"Drug Testing":{"Medium":{"raw":1.0,"perc":100.0,"total":1.0}},"Yoga / Bodywork":{"Medium":{"raw":1.0,"perc":100.0,"total":1.0}}},"Dimenhydrinate":{"Police / Customs":{"Strong":{"raw":1.0,"perc":33.333333333333329,"total":3.0},"Extreme":{"raw":2.0,"perc":66.666666666666657,"total":3.0}}},"Adrafinil":{"Drug Testing":{"Medium":{"raw":1.0,"perc":100.0,"total":1.0}}},"Heroin":{"Police / Customs":{"Medium":{"raw":3.0,"perc":75.0,"total":4.0},"No Effect":{"raw":1.0,"perc":25.0,"total":4.0}}},"Capsicum spp.":{"Meditation":{"Medium":{"raw":1.0,"perc":100.0,"total":1.0}}},"Hops":{"Meditation":{"Medium":{"raw":1.0,"perc":100.0,"total":1.0}},"Dreams":{"Medium":{"raw":2.0,"perc":100.0,"total":2.0}}},"Lecithin":{"Meditation":{"Medium":{"raw":1.0,"perc":100.0,"total":1.0}}},"Pharms - Oxycodone":{"Meditation":{"Medium":{"raw":2.0,"perc":100.0,"total":2.0}},"Drug Testing":{"Medium":{"raw":5.0,"perc":100.0,"total":5.0}},"Endogenous":{"Strong":{"raw":1.0,"perc":100.0,"total":1.0}}},"Skullcap":{"Meditation":{"Medium":{"raw":1.0,"perc":100.0,"total":1.0}},"Dreams":{"Medium":{"raw":1.0,"perc":100.0,"total":1.0}}},"Inhalants":{"Police / Customs":{"Extreme":{"raw":1.0,"perc":100.0,"total":1.0}},"OBE":{"Medium":{"raw":1.0,"perc":100.0,"total":1.0}}},"Pharms - Venlafaxine":{"Endogenous":{"Medium":{"raw":1.0,"perc":100.0,"total":1.0}},"Dreams":{"Medium":{"raw":2.0,"perc":100.0,"total":2.0}},"Meditation":{"Medium":{"raw":1.0,"perc":100.0,"total":1.0}},"Drug Testing":{"No Effect":{"raw":1.0,"perc":100.0,"total":1.0}}},"5-MeO-DMT":{"Ritual":{"Medium":{"raw":1.0,"perc":100.0,"total":1.0}},"Meditation":{"Strong":{"raw":1.0,"perc":50.0,"total":2.0},"Medium":{"raw":1.0,"perc":50.0,"total":2.0}},"Dreams":{"Medium":{"raw":1.0,"perc":50.0,"total":2.0},"Extreme":{"raw":1.0,"perc":50.0,"total":2.0}},"Police / Customs":{"Extreme":{"raw":2.0,"perc":66.666666666666657,"total":3.0},"Medium":{"raw":1.0,"perc":33.333333333333329,"total":3.0}},"Breathing":{"Strong":{"raw":1.0,"perc":100.0,"total":1.0}}},"2C-T-7":{"Migraines":{"Medium":{"raw":1.0,"perc":100.0,"total":1.0}},"Police / Customs":{"Extreme":{"raw":1.0,"perc":100.0,"total":1.0}}},"Banisteriopsis caapi":{"Police / Customs":{"Extreme":{"raw":1.0,"perc":100.0,"total":1.0}},"Dreams":{"No Effect":{"raw":1.0,"perc":50.0,"total":2.0},"Strong":{"raw":1.0,"perc":50.0,"total":2.0}},"Ritual":{"Medium":{"raw":7.0,"perc":100.0,"total":7.0}},"Mindfulness":{"Strong":{"raw":1.0,"perc":100.0,"total":1.0}}},"Mimosa spp.":{"Dreams":{"No Effect":{"raw":1.0,"perc":100.0,"total":1.0}},"Yoga / Bodywork":{"Medium":{"raw":1.0,"perc":100.0,"total":1.0}}},"Ginkgo biloba":{"Migraines":{"Medium":{"raw":1.0,"perc":100.0,"total":1.0}}},"PMA":{"OBE":{"Medium":{"raw":1.0,"perc":100.0,"total":1.0}}},"Mugwort":{"Dreams":{"Strong":{"raw":1.0,"perc":20.0,"total":5.0},"Medium":{"raw":4.0,"perc":80.0,"total":5.0}}},"Benzodiazepines":{"Police / Customs":{"Strong":{"raw":1.0,"perc":25.0,"total":4.0},"Medium":{"raw":2.0,"perc":50.0,"total":4.0},"Extreme":{"raw":1.0,"perc":25.0,"total":4.0}},"Sleep Deprivation":{"Extreme":{"raw":1.0,"perc":100.0,"total":1.0}},"Drug Testing":{"Medium":{"raw":1.0,"perc":100.0,"total":1.0}},"Dreams":{"Medium":{"raw":1.0,"perc":100.0,"total":1.0}},"Endogenous":{"Medium":{"raw":1.0,"perc":100.0,"total":1.0}}},"Pharms - Alprazolam":{"Police / Customs":{"Strong":{"raw":1.0,"perc":25.0,"total":4.0},"Medium":{"raw":2.0,"perc":50.0,"total":4.0},"Extreme":{"raw":1.0,"perc":25.0,"total":4.0}},"Dreams":{"Medium":{"raw":1.0,"perc":100.0,"total":1.0}}},"H.B. Woodrose":{"Ritual":{"Strong":{"raw":1.0,"perc":100.0,"total":1.0}},"Devices":{"Strong":{"raw":1.0,"perc":100.0,"total":1.0}},"Devices - Mind Machine":{"Strong":{"raw":1.0,"perc":100.0,"total":1.0}},"Sleep Deprivation":{"Medium":{"raw":1.0,"perc":100.0,"total":1.0}},"Migraines":{"Medium":{"raw":1.0,"perc":100.0,"total":1.0}}},"Modafinil":{"Sleep Deprivation":{"Strong":{"raw":2.0,"perc":50.0,"total":4.0},"Medium":{"raw":2.0,"perc":50.0,"total":4.0}},"OBE":{"Extreme":{"raw":1.0,"perc":100.0,"total":1.0}}},"2C-I":{"Drug Testing":{"Medium":{"raw":1.0,"perc":50.0,"total":2.0},"No Effect":{"raw":1.0,"perc":50.0,"total":2.0}},"Dreams":{"Medium":{"raw":2.0,"perc":100.0,"total":2.0}},"Sleep Deprivation":{"Strong":{"raw":1.0,"perc":100.0,"total":1.0}},"OBE":{"Medium":{"raw":1.0,"perc":50.0,"total":2.0},"Strong":{"raw":1.0,"perc":50.0,"total":2.0}},"Meditation":{"Medium":{"raw":2.0,"perc":100.0,"total":2.0}}},"Chlorpheniramine Maleate":{"Drug Testing":{"Medium":{"raw":1.0,"perc":100.0,"total":1.0}},"Police / Customs":{"Extreme":{"raw":1.0,"perc":100.0,"total":1.0}}},"Methadone":{"Drug Testing":{"Medium":{"raw":1.0,"perc":100.0,"total":1.0}}},"Pharms - Quetiapine":{"Devices":{"Medium":{"raw":1.0,"perc":100.0,"total":1.0}},"Devices - Mind Machine":{"Medium":{"raw":1.0,"perc":100.0,"total":1.0}}},"Amphetamines":{"Sleep Deprivation":{"Medium":{"raw":3.0,"perc":25.0,"total":12.0},"Extreme":{"raw":2.0,"perc":16.666666666666664,"total":12.0},"Strong":{"raw":7.0,"perc":58.333333333333336,"total":12.0}},"Breathing":{"Strong":{"raw":1.0,"perc":100.0,"total":1.0}},"Hyperventilation":{"Strong":{"raw":1.0,"perc":100.0,"total":1.0}},"Drug Testing":{"Medium":{"raw":2.0,"perc":100.0,"total":2.0}},"Meditation":{"Medium":{"raw":1.0,"perc":100.0,"total":1.0}},"OBE":{"Strong":{"raw":1.0,"perc":100.0,"total":1.0}}},"Damiana":{"Dreams":{"Medium":{"raw":1.0,"perc":100.0,"total":1.0}}},"Hydromorphone":{"Dreams":{"Medium":{"raw":2.0,"perc":100.0,"total":2.0}},"Drug Testing":{"No Effect":{"raw":1.0,"perc":50.0,"total":2.0},"Medium":{"raw":1.0,"perc":50.0,"total":2.0}}},"Heimia salicifolia":{"Dreams":{"Medium":{"raw":3.0,"perc":75.0,"total":4.0},"Strong":{"raw":1.0,"perc":25.0,"total":4.0}}},"Pharms - Paroxetine":{"Dreams":{"Medium":{"raw":1.0,"perc":50.0,"total":2.0},"Strong":{"raw":1.0,"perc":50.0,"total":2.0}}},"Pharms - Corticosteroid":{"Sleep Deprivation":{"Medium":{"raw":1.0,"perc":100.0,"total":1.0}}},"Pharms - Prednisone":{"Sleep Deprivation":{"Medium":{"raw":1.0,"perc":100.0,"total":1.0}}},"Mandrake":{"Dreams":{"Strong":{"raw":1.0,"perc":100.0,"total":1.0}}},"GHB":{"Devices":{"Medium":{"raw":1.0,"perc":100.0,"total":1.0}},"Devices - Mind Machine":{"Medium":{"raw":1.0,"perc":100.0,"total":1.0}},"Sleep Deprivation":{"Strong":{"raw":1.0,"perc":100.0,"total":1.0}}},"Ephedrine":{"Sleep Deprivation":{"Strong":{"raw":1.0,"perc":100.0,"total":1.0}}},"Amanitas":{"Ritual":{"Strong":{"raw":1.0,"perc":100.0,"total":1.0}},"Sleep Deprivation":{"Medium":{"raw":1.0,"perc":100.0,"total":1.0}},"Dreams":{"Medium":{"raw":1.0,"perc":100.0,"total":1.0}},"Sweating":{"Medium":{"raw":1.0,"perc":100.0,"total":1.0}}},"DMT":{"Dreams":{"Medium":{"raw":1.0,"perc":50.0,"total":2.0},"Strong":{"raw":1.0,"perc":50.0,"total":2.0}},"Breathing":{"Strong":{"raw":2.0,"perc":100.0,"total":2.0}},"Hyperventilation":{"Strong":{"raw":1.0,"perc":100.0,"total":1.0}},"Meditation":{"Strong":{"raw":1.0,"perc":100.0,"total":1.0}},"Mindfulness":{"Medium":{"raw":1.0,"perc":100.0,"total":1.0}}},"4-AcO-MiPT":{"Breathing":{"Strong":{"raw":1.0,"perc":100.0,"total":1.0}}},"DMAE":{"Dreams":{"Medium":{"raw":1.0,"perc":100.0,"total":1.0}},"Sleep Deprivation":{"Strong":{"raw":1.0,"perc":100.0,"total":1.0}}},"Pharms - Butorphanol":{"Dreams":{"Strong":{"raw":1.0,"perc":100.0,"total":1.0}}},"Catnip":{"Dreams":{"Medium":{"raw":2.0,"perc":100.0,"total":2.0}}},"Pharms - Promethazine":{"Dreams":{"Medium":{"raw":1.0,"perc":100.0,"total":1.0}}},"Kratom":{"Meditation":{"Medium":{"raw":1.0,"perc":100.0,"total":1.0}},"Police / Customs":{"Medium":{"raw":1.0,"perc":100.0,"total":1.0}},"Dreams":{"Medium":{"raw":1.0,"perc":100.0,"total":1.0}}},"Lotus/Lily":{"OBE":{"Strong":{"raw":1.0,"perc":100.0,"total":1.0}},"Meditation":{"Medium":{"raw":1.0,"perc":100.0,"total":1.0}}},"Pharms - Lorazepam":{"Sleep Deprivation":{"Strong":{"raw":1.0,"perc":100.0,"total":1.0}}},"Absinthe":{"Devices":{"Strong":{"raw":1.0,"perc":100.0,"total":1.0}},"Devices - Mind Machine":{"Strong":{"raw":1.0,"perc":100.0,"total":1.0}}},"Pharms - Amitriptyline":{"Dreams":{"Medium":{"raw":1.0,"perc":100.0,"total":1.0}},"OBE":{"Extreme":{"raw":1.0,"perc":100.0,"total":1.0}}},"Codeine":{"OBE":{"Strong":{"raw":1.0,"perc":100.0,"total":1.0}},"Conferences":{"Strong":{"raw":1.0,"perc":100.0,"total":1.0}},"Dreams":{"Medium":{"raw":1.0,"perc":100.0,"total":1.0}}},"Pharms - Carisoprodol":{"Migraines":{"Medium":{"raw":1.0,"perc":100.0,"total":1.0}}},"Vinpocetine":{"Sleep Deprivation":{"Strong":{"raw":1.0,"perc":100.0,"total":1.0}}},"Mescaline":{"OBE":{"Strong":{"raw":1.0,"perc":100.0,"total":1.0}},"Meditation":{"Medium":{"raw":1.0,"perc":100.0,"total":1.0}},"Police / Customs":{"Extreme":{"raw":1.0,"perc":100.0,"total":1.0}},"Drug Testing":{"Medium":{"raw":1.0,"perc":100.0,"total":1.0}}},"Pharms - Zolpidem":{"Police / Customs":{"Strong":{"raw":2.0,"perc":66.666666666666657,"total":3.0},"Medium":{"raw":1.0,"perc":33.333333333333329,"total":3.0}},"Drug Testing":{"No Effect":{"raw":1.0,"perc":50.0,"total":2.0},"Medium":{"raw":1.0,"perc":50.0,"total":2.0}}},"Pharms - Escitalopram":{"OBE":{"Extreme":{"raw":1.0,"perc":100.0,"total":1.0}},"Dreams":{"Medium":{"raw":1.0,"perc":100.0,"total":1.0}}},"Pharms - Mefloquine":{"Dreams":{"Medium":{"raw":1.0,"perc":100.0,"total":1.0}}},"Cacti":{"Ritual":{"Medium":{"raw":1.0,"perc":50.0,"total":2.0},"Strong":{"raw":1.0,"perc":50.0,"total":2.0}},"Yoga / Bodywork":{"Medium":{"raw":1.0,"perc":50.0,"total":2.0},"Strong":{"raw":1.0,"perc":50.0,"total":2.0}},"Meditation":{"Medium":{"raw":1.0,"perc":50.0,"total":2.0},"Strong":{"raw":1.0,"perc":50.0,"total":2.0}},"Drug Testing":{"Medium":{"raw":1.0,"perc":100.0,"total":1.0}},"Fasting":{"Medium":{"raw":1.0,"perc":100.0,"total":1.0}}},"Pharms - Lithium":{"Police / Customs":{"Medium":{"raw":1.0,"perc":100.0,"total":1.0}}},"2C-E":{"Floatation Tank":{"Strong":{"raw":1.0,"perc":100.0,"total":1.0}},"Meditation":{"Medium":{"raw":1.0,"perc":100.0,"total":1.0}},"Drug Testing":{"Medium":{"raw":1.0,"perc":100.0,"total":1.0}},"Police / Customs":{"Medium":{"raw":2.0,"perc":100.0,"total":2.0}},"Yoga / Bodywork":{"Medium":{"raw":1.0,"perc":100.0,"total":1.0}}},"Pharms - Atomoxetine":{"Dreams":{"Medium":{"raw":1.0,"perc":100.0,"total":1.0}}},"Pharms - Diazepam":{"Police / Customs":{"Extreme":{"raw":1.0,"perc":100.0,"total":1.0}},"Sleep Deprivation":{"Extreme":{"raw":1.0,"perc":100.0,"total":1.0}},"Drug Testing":{"Medium":{"raw":1.0,"perc":100.0,"total":1.0}},"Endogenous":{"Medium":{"raw":1.0,"perc":100.0,"total":1.0}}},"Calamus":{"Dreams":{"Medium":{"raw":1.0,"perc":100.0,"total":1.0}}},"Brugmansia":{"Police / Customs":{"Strong":{"raw":3.0,"perc":50.0,"total":6.0},"Extreme":{"raw":2.0,"perc":33.333333333333329,"total":6.0},"Medium":{"raw":1.0,"perc":16.666666666666664,"total":6.0}}},"Peyote":{"Ritual":{"Strong":{"raw":1.0,"perc":100.0,"total":1.0}},"Sweating":{"Strong":{"raw":1.0,"perc":100.0,"total":1.0}}},"Stipa robusta":{"OBE":{"Strong":{"raw":1.0,"perc":100.0,"total":1.0}}},"Pharms - Phenytoin":{"Dreams":{"Medium":{"raw":1.0,"perc":100.0,"total":1.0}},"Endogenous":{"Medium":{"raw":1.0,"perc":100.0,"total":1.0}}},"2C-T-2":{"Meditation":{"Medium":{"raw":1.0,"perc":100.0,"total":1.0}},"OBE":{"Extreme":{"raw":1.0,"perc":100.0,"total":1.0}}},"Pharms - Fluoxetine":{"Dreams":{"Strong":{"raw":1.0,"perc":100.0,"total":1.0}}},"Passion Flower":{"Dreams":{"Medium":{"raw":4.0,"perc":100.0,"total":4.0}},"Sweating":{"Medium":{"raw":1.0,"perc":100.0,"total":1.0}}},"Scopolamine":{"Police / Customs":{"Extreme":{"raw":1.0,"perc":100.0,"total":1.0}}},"DOC":{"Meditation":{"Strong":{"raw":1.0,"perc":100.0,"total":1.0}},"Police / Customs":{"Extreme":{"raw":1.0,"perc":100.0,"total":1.0}}},"LSA":{"Ritual":{"Medium":{"raw":1.0,"perc":100.0,"total":1.0}},"Yoga / Bodywork":{"Medium":{"raw":1.0,"perc":50.0,"total":2.0},"Strong":{"raw":1.0,"perc":50.0,"total":2.0}},"Sleep Deprivation":{"Strong":{"raw":1.0,"perc":100.0,"total":1.0}}},"Pharms - Propylhexedrine":{"Sleep Deprivation":{"Strong":{"raw":1.0,"perc":100.0,"total":1.0}}},"Moclobemide":{"Yoga / Bodywork":{"Medium":{"raw":1.0,"perc":100.0,"total":1.0}}},"DOM":{"Dreams":{"Medium":{"raw":1.0,"perc":100.0,"total":1.0}},"Fasting":{"Medium":{"raw":1.0,"perc":100.0,"total":1.0}}},"4-AcO-DiPT":{"OBE":{"Medium":{"raw":1.0,"perc":100.0,"total":1.0}}},"4-HO-DiPT":{"Dreams":{"Medium":{"raw":1.0,"perc":100.0,"total":1.0}}},"4-HO-DET":{"Meditation":{"Medium":{"raw":1.0,"perc":100.0,"total":1.0}}},"Pharms - Clonidine":{"Meditation":{"Extreme":{"raw":1.0,"perc":100.0,"total":1.0}}},"Leonotis leonurus":{"Dreams":{"Medium":{"raw":1.0,"perc":100.0,"total":1.0}}},"Pharms - Fentanyl":{"Migraines":{"Strong":{"raw":1.0,"perc":100.0,"total":1.0}}},"Piperazines - pFPP":{"Meditation":{"Medium":{"raw":1.0,"perc":100.0,"total":1.0}}},"Pharms - Zaleplon":{"Meditation":{"Medium":{"raw":1.0,"perc":100.0,"total":1.0}}},"DET":{"OBE":{"Strong":{"raw":1.0,"perc":100.0,"total":1.0}}},"Anadenanthera spp.":{"Ritual":{"Strong":{"raw":1.0,"perc":100.0,"total":1.0}}},"Carbogen":{"Breathing":{"Medium":{"raw":2.0,"perc":50.0,"total":4.0},"Strong":{"raw":1.0,"perc":25.0,"total":4.0},"Extreme":{"raw":1.0,"perc":25.0,"total":4.0}}},"DOB":{"Sleep Deprivation":{"Strong":{"raw":1.0,"perc":100.0,"total":1.0}}},"Acetaminophen":{"Music":{"Medium":{"raw":1.0,"perc":100.0,"total":1.0}}},"Acacia":{"Breathing":{"Strong":{"raw":1.0,"perc":100.0,"total":1.0}},"Hyperventilation":{"Strong":{"raw":1.0,"perc":100.0,"total":1.0}}},"2C-G-N":{"Sleep Deprivation":{"Strong":{"raw":1.0,"perc":100.0,"total":1.0}}},"Wormwood":{"Dreams":{"Medium":{"raw":1.0,"perc":100.0,"total":1.0}}},"Pharms - Buspirone":{"Drug Testing":{"No Effect":{"raw":1.0,"perc":100.0,"total":1.0}}},"Pharms - Clonazepam":{"Police / Customs":{"Medium":{"raw":1.0,"perc":100.0,"total":1.0}},"Endogenous":{"Medium":{"raw":1.0,"perc":100.0,"total":1.0}}},"DOI":{"Meditation":{"Strong":{"raw":1.0,"perc":100.0,"total":1.0}}},"Silene capensis":{"Dreams":{"Medium":{"raw":9.0,"perc":75.0,"total":12.0},"Strong":{"raw":3.0,"perc":25.0,"total":12.0}}},"MDA":{"Migraines":{"Strong":{"raw":1.0,"perc":100.0,"total":1.0}}},"Methylone":{"OBE":{"Strong":{"raw":1.0,"perc":100.0,"total":1.0}},"Sleep Deprivation":{"Strong":{"raw":1.0,"perc":100.0,"total":1.0}}},"4-AcO-DMT":{"Police / Customs":{"No Effect":{"raw":1.0,"perc":100.0,"total":1.0}},"Mindfulness":{"Strong":{"raw":1.0,"perc":100.0,"total":1.0}}},"Lisdexamfetamine":{"Sleep Deprivation":{"Strong":{"raw":1.0,"perc":100.0,"total":1.0}}},"Turbina corymbosa":{"Migraines":{"Medium":{"raw":1.0,"perc":100.0,"total":1.0}}},"MDPV":{"Drug Testing":{"Medium":{"raw":1.0,"perc":100.0,"total":1.0}},"Sleep Deprivation":{"Strong":{"raw":1.0,"perc":100.0,"total":1.0}}},"4-Methylmethcathinone":{"Sleep Deprivation":{"Extreme":{"raw":1.0,"perc":33.333333333333329,"total":3.0},"Medium":{"raw":2.0,"perc":66.666666666666657,"total":3.0}}},"Cannabinoid Receptor Agonists":{"Police / Customs":{"Extreme":{"raw":1.0,"perc":100.0,"total":1.0}},"Conferences":{"Strong":{"raw":1.0,"perc":100.0,"total":1.0}}},"JWH-018":{"Police / Customs":{"Extreme":{"raw":1.0,"perc":100.0,"total":1.0}}},"Pharms - Zopiclone":{"Dreams":{"Medium":{"raw":1.0,"perc":100.0,"total":1.0}}},"Pharms - Methylphenidate":{"Sleep Deprivation":{"Strong":{"raw":1.0,"perc":100.0,"total":1.0}}},"5-MeO-DALT":{"Sleep Deprivation":{"Extreme":{"raw":1.0,"perc":100.0,"total":1.0}}},"2C-D":{"Police / Customs":{"Extreme":{"raw":1.0,"perc":100.0,"total":1.0}}},"Pharms - Mirtazapine":{"Dreams":{"Medium":{"raw":1.0,"perc":100.0,"total":1.0}}},"AB-FUBINACA":{"Drug Testing":{"Medium":{"raw":1.0,"perc":100.0,"total":1.0}}},"Products - Spice and Synthetic Cannabinoids":{"Drug Testing":{"Medium":{"raw":1.0,"perc":100.0,"total":1.0}}},"2C-P":{"Police / Customs":{"Extreme":{"raw":1.0,"perc":100.0,"total":1.0}}},"4-MeO-PCP":{"Sound (non-music)":{"Extreme":{"raw":1.0,"perc":100.0,"total":1.0}}},"Products - Bath Salts, Plant Food, etc":{"Sleep Deprivation":{"Medium":{"raw":1.0,"perc":100.0,"total":1.0}}},"Vitamins - Choline":{"Dreams":{"Medium":{"raw":1.0,"perc":100.0,"total":1.0}}},"MDAI":{"Chanting":{"Medium":{"raw":1.0,"perc":100.0,"total":1.0}}},"25I-NBOMe":{"OBE":{"Strong":{"raw":1.0,"perc":100.0,"total":1.0}}},"NBOMe Series":{"OBE":{"Strong":{"raw":1.0,"perc":100.0,"total":1.0}},"Police / Customs":{"Strong":{"raw":1.0,"perc":100.0,"total":1.0}}},"Ibogaine":{"Dreams":{"Extreme":{"raw":1.0,"perc":100.0,"total":1.0}}},"Tabernanthe iboga":{"Dreams":{"Extreme":{"raw":1.0,"perc":100.0,"total":1.0}},"Meditation":{"Medium":{"raw":1.0,"perc":100.0,"total":1.0}}},"Methoxphenidine":{"OBE":{"Medium":{"raw":1.0,"perc":100.0,"total":1.0}}},"25C-NBOMe":{"Police / Customs":{"Strong":{"raw":1.0,"perc":100.0,"total":1.0}}},"Oxygen":{"Breathing":{"Medium":{"raw":1.0,"perc":100.0,"total":1.0}},"Hyperventilation":{"Medium":{"raw":1.0,"perc":100.0,"total":1.0}}},"3F-Phenmetrazine":{"Sleep Deprivation":{"Medium":{"raw":1.0,"perc":100.0,"total":1.0}}},"Prazosin":{"Dreams":{"Medium":{"raw":1.0,"perc":100.0,"total":1.0}}}}