{"Morning Glory":{"Strong":{"Drug Testing":{"raw":1.0,"perc":50.0,"total":2.0},"Meditation":{"raw":1.0,"perc":50.0,"total":2.0}},"Medium":{"Dreams":{"raw":2.0,"perc":22.222222222222221,"total":9.0},"Migraines":{"raw":2.0,"perc":22.222222222222221,"total":9.0},"Devices":{"raw":1.0,"perc":11.111111111111111,"total":9.0},"Fasting":{"raw":1.0,"perc":11.111111111111111,"total":9.0},"Ritual":{"raw":1.0,"perc":11.111111111111111,"total":9.0},"Yoga / Bodywork":{"raw":1.0,"perc":11.111111111111111,"total":9.0},"Meditation":{"raw":1.0,"perc":11.111111111111111,"total":9.0}}},"Various":{"Strong":{"Sleep Deprivation":{"raw":10.0,"perc":31.25,"total":32.0},"Police / Customs":{"raw":9.0,"perc":28.125,"total":32.0},"Ritual":{"raw":1.0,"perc":3.125,"total":32.0},"Meditation":{"raw":7.0,"perc":21.875,"total":32.0},"Dreams":{"raw":1.0,"perc":3.125,"total":32.0},"Drug Testing":{"raw":2.0,"perc":6.25,"total":32.0},"Nitrogen Narcosis":{"raw":1.0,"perc":3.125,"total":32.0},"Mindfulness":{"raw":1.0,"perc":3.125,"total":32.0}},"Medium":{"Sleep Deprivation":{"raw":7.0,"perc":15.217391304347828,"total":46.0},"Endogenous":{"raw":2.0,"perc":4.3478260869565215,"total":46.0},"Police / Customs":{"raw":12.0,"perc":26.086956521739129,"total":46.0},"Yoga / Bodywork":{"raw":3.0,"perc":6.5217391304347823,"total":46.0},"Fasting":{"raw":2.0,"perc":4.3478260869565215,"total":46.0},"Migraines":{"raw":2.0,"perc":4.3478260869565215,"total":46.0},"OBE":{"raw":1.0,"perc":2.1739130434782608,"total":46.0},"Mindfulness":{"raw":2.0,"perc":4.3478260869565215,"total":46.0},"Meditation":{"raw":6.0,"perc":13.043478260869565,"total":46.0},"Dreams":{"raw":4.0,"perc":8.695652173913043,"total":46.0},"Devices":{"raw":1.0,"perc":2.1739130434782608,"total":46.0},"Devices - Mind Machine":{"raw":1.0,"perc":2.1739130434782608,"total":46.0},"Drug Testing":{"raw":2.0,"perc":4.3478260869565215,"total":46.0},"Humor":{"raw":1.0,"perc":2.1739130434782608,"total":46.0}},"Extreme":{"Police / Customs":{"raw":4.0,"perc":33.333333333333329,"total":12.0},"Sleep Deprivation":{"raw":2.0,"perc":16.666666666666664,"total":12.0},"Conferences":{"raw":1.0,"perc":8.3333333333333321,"total":12.0},"OBE":{"raw":2.0,"perc":16.666666666666664,"total":12.0},"Music":{"raw":1.0,"perc":8.3333333333333321,"total":12.0},"Humor":{"raw":1.0,"perc":8.3333333333333321,"total":12.0},"Meditation":{"raw":1.0,"perc":8.3333333333333321,"total":12.0}}},"DPT":{"Strong":{"Dreams":{"raw":1.0,"perc":33.333333333333329,"total":3.0},"Ritual":{"raw":1.0,"perc":33.333333333333329,"total":3.0},"Meditation":{"raw":1.0,"perc":33.333333333333329,"total":3.0}},"Medium":{"Yoga / Bodywork":{"raw":1.0,"perc":100.0,"total":1.0}}},"Opiates":{"Medium":{"Drug Testing":{"raw":4.0,"perc":36.363636363636367,"total":11.0},"Police / Customs":{"raw":4.0,"perc":36.363636363636367,"total":11.0},"Meditation":{"raw":1.0,"perc":9.0909090909090917,"total":11.0},"Dreams":{"raw":2.0,"perc":18.181818181818183,"total":11.0}},"Strong":{"OBE":{"raw":1.0,"perc":33.333333333333329,"total":3.0},"Conferences":{"raw":1.0,"perc":33.333333333333329,"total":3.0},"Endogenous":{"raw":1.0,"perc":33.333333333333329,"total":3.0}},"No Effect":{"Drug Testing":{"raw":2.0,"perc":66.666666666666657,"total":3.0},"Police / Customs":{"raw":1.0,"perc":33.333333333333329,"total":3.0}}},"Poppies - Opium":{"Medium":{"Drug Testing":{"raw":1.0,"perc":50.0,"total":2.0},"Dreams":{"raw":1.0,"perc":50.0,"total":2.0}},"No Effect":{"Drug Testing":{"raw":1.0,"perc":100.0,"total":1.0}}},"LSD":{"Medium":{"OBE":{"raw":1.0,"perc":3.7037037037037033,"total":27.0},"Police / Customs":{"raw":8.0,"perc":29.629629629629626,"total":27.0},"Yoga / Bodywork":{"raw":4.0,"perc":14.814814814814813,"total":27.0},"Migraines":{"raw":2.0,"perc":7.4074074074074066,"total":27.0},"Meditation":{"raw":5.0,"perc":18.518518518518519,"total":27.0},"Guiding":{"raw":1.0,"perc":3.7037037037037033,"total":27.0},"Devices":{"raw":3.0,"perc":11.111111111111111,"total":27.0},"Devices - Mind Machine":{"raw":2.0,"perc":7.4074074074074066,"total":27.0},"Mindfulness":{"raw":1.0,"perc":3.7037037037037033,"total":27.0}},"Strong":{"Yoga / Bodywork":{"raw":4.0,"perc":21.052631578947366,"total":19.0},"Police / Customs":{"raw":5.0,"perc":26.315789473684209,"total":19.0},"Sleep Deprivation":{"raw":2.0,"perc":10.526315789473683,"total":19.0},"Meditation":{"raw":3.0,"perc":15.789473684210526,"total":19.0},"OBE":{"raw":2.0,"perc":10.526315789473683,"total":19.0},"Dreams":{"raw":1.0,"perc":5.2631578947368416,"total":19.0},"Breathing":{"raw":1.0,"perc":5.2631578947368416,"total":19.0},"Music":{"raw":1.0,"perc":5.2631578947368416,"total":19.0}},"Extreme":{"Police / Customs":{"raw":6.0,"perc":85.714285714285708,"total":7.0},"Sleep Deprivation":{"raw":1.0,"perc":14.285714285714285,"total":7.0}}},"Cannabis":{"Medium":{"Ritual":{"raw":3.0,"perc":6.8181818181818175,"total":44.0},"Police / Customs":{"raw":8.0,"perc":18.181818181818183,"total":44.0},"Migraines":{"raw":1.0,"perc":2.2727272727272729,"total":44.0},"Drug Testing":{"raw":15.0,"perc":34.090909090909086,"total":44.0},"Devices":{"raw":1.0,"perc":2.2727272727272729,"total":44.0},"Devices - Mind Machine":{"raw":1.0,"perc":2.2727272727272729,"total":44.0},"Sleep Deprivation":{"raw":6.0,"perc":13.636363636363635,"total":44.0},"Meditation":{"raw":4.0,"perc":9.0909090909090917,"total":44.0},"OBE":{"raw":2.0,"perc":4.5454545454545459,"total":44.0},"Dreams":{"raw":2.0,"perc":4.5454545454545459,"total":44.0},"Fasting":{"raw":1.0,"perc":2.2727272727272729,"total":44.0}},"No Effect":{"Drug Testing":{"raw":5.0,"perc":100.0,"total":5.0}},"Strong":{"Meditation":{"raw":4.0,"perc":23.52941176470588,"total":17.0},"OBE":{"raw":5.0,"perc":29.411764705882355,"total":17.0},"Endogenous":{"raw":3.0,"perc":17.647058823529413,"total":17.0},"Devices":{"raw":1.0,"perc":5.88235294117647,"total":17.0},"Devices - Mind Machine":{"raw":1.0,"perc":5.88235294117647,"total":17.0},"Breathing":{"raw":1.0,"perc":5.88235294117647,"total":17.0},"Sleep Deprivation":{"raw":1.0,"perc":5.88235294117647,"total":17.0},"Police / Customs":{"raw":1.0,"perc":5.88235294117647,"total":17.0}},"Extreme":{"OBE":{"raw":2.0,"perc":33.333333333333329,"total":6.0},"Music":{"raw":1.0,"perc":16.666666666666664,"total":6.0},"Mindfulness":{"raw":1.0,"perc":16.666666666666664,"total":6.0},"Drug Testing":{"raw":1.0,"perc":16.666666666666664,"total":6.0},"Police / Customs":{"raw":1.0,"perc":16.666666666666664,"total":6.0}}},"MDMA":{"Medium":{"Ritual":{"raw":2.0,"perc":8.0,"total":25.0},"Migraines":{"raw":3.0,"perc":12.0,"total":25.0},"Endogenous":{"raw":1.0,"perc":4.0,"total":25.0},"Dreams":{"raw":2.0,"perc":8.0,"total":25.0},"Police / Customs":{"raw":4.0,"perc":16.0,"total":25.0},"OBE":{"raw":1.0,"perc":4.0,"total":25.0},"Sleep Deprivation":{"raw":2.0,"perc":8.0,"total":25.0},"Devices":{"raw":2.0,"perc":8.0,"total":25.0},"Devices - Mind Machine":{"raw":1.0,"perc":4.0,"total":25.0},"Meditation":{"raw":5.0,"perc":20.0,"total":25.0},"Yoga / Bodywork":{"raw":2.0,"perc":8.0,"total":25.0}},"Strong":{"Ritual":{"raw":1.0,"perc":9.0909090909090917,"total":11.0},"Yoga / Bodywork":{"raw":3.0,"perc":27.27272727272727,"total":11.0},"OBE":{"raw":2.0,"perc":18.181818181818183,"total":11.0},"Meditation":{"raw":2.0,"perc":18.181818181818183,"total":11.0},"Dreams":{"raw":1.0,"perc":9.0909090909090917,"total":11.0},"Migraines":{"raw":1.0,"perc":9.0909090909090917,"total":11.0},"Police / Customs":{"raw":1.0,"perc":9.0909090909090917,"total":11.0}},"Extreme":{"Sleep Deprivation":{"raw":1.0,"perc":33.333333333333329,"total":3.0},"Music":{"raw":1.0,"perc":33.333333333333329,"total":3.0},"Police / Customs":{"raw":1.0,"perc":33.333333333333329,"total":3.0}}},"Pharmaceuticals":{"Medium":{"Ritual":{"raw":1.0,"perc":11.111111111111111,"total":9.0},"Sleep Deprivation":{"raw":1.0,"perc":11.111111111111111,"total":9.0},"Police / Customs":{"raw":4.0,"perc":44.444444444444443,"total":9.0},"Dreams":{"raw":2.0,"perc":22.222222222222221,"total":9.0},"Endogenous":{"raw":1.0,"perc":11.111111111111111,"total":9.0}},"Strong":{"Dreams":{"raw":2.0,"perc":40.0,"total":5.0},"Police / Customs":{"raw":1.0,"perc":20.0,"total":5.0},"Sleep Deprivation":{"raw":1.0,"perc":20.0,"total":5.0},"Migraines":{"raw":1.0,"perc":20.0,"total":5.0}},"Extreme":{"Police / Customs":{"raw":1.0,"perc":100.0,"total":1.0}}},"Pharms - Sildenafil":{"Medium":{"Ritual":{"raw":1.0,"perc":100.0,"total":1.0}}},"Stimulants":{"Medium":{"Ritual":{"raw":2.0,"perc":6.4516129032258061,"total":31.0},"Migraines":{"raw":3.0,"perc":9.67741935483871,"total":31.0},"Endogenous":{"raw":1.0,"perc":3.225806451612903,"total":31.0},"Dreams":{"raw":2.0,"perc":6.4516129032258061,"total":31.0},"Police / Customs":{"raw":4.0,"perc":12.903225806451612,"total":31.0},"OBE":{"raw":1.0,"perc":3.225806451612903,"total":31.0},"Sleep Deprivation":{"raw":5.0,"perc":16.129032258064516,"total":31.0},"Drug Testing":{"raw":2.0,"perc":6.4516129032258061,"total":31.0},"Devices":{"raw":2.0,"perc":6.4516129032258061,"total":31.0},"Devices - Mind Machine":{"raw":1.0,"perc":3.225806451612903,"total":31.0},"Meditation":{"raw":6.0,"perc":19.35483870967742,"total":31.0},"Yoga / Bodywork":{"raw":2.0,"perc":6.4516129032258061,"total":31.0}},"Strong":{"Ritual":{"raw":1.0,"perc":5.0,"total":20.0},"Yoga / Bodywork":{"raw":3.0,"perc":15.0,"total":20.0},"OBE":{"raw":3.0,"perc":15.0,"total":20.0},"Meditation":{"raw":2.0,"perc":10.0,"total":20.0},"Sleep Deprivation":{"raw":6.0,"perc":30.0,"total":20.0},"Breathing":{"raw":1.0,"perc":5.0,"total":20.0},"Hyperventilation":{"raw":1.0,"perc":5.0,"total":20.0},"Dreams":{"raw":1.0,"perc":5.0,"total":20.0},"Migraines":{"raw":1.0,"perc":5.0,"total":20.0},"Police / Customs":{"raw":1.0,"perc":5.0,"total":20.0}},"Extreme":{"Sleep Deprivation":{"raw":2.0,"perc":50.0,"total":4.0},"Music":{"raw":1.0,"perc":25.0,"total":4.0},"Police / Customs":{"raw":1.0,"perc":25.0,"total":4.0}}},"DXM":{"Medium":{"Drug Testing":{"raw":38.0,"perc":80.851063829787222,"total":47.0},"Police / Customs":{"raw":2.0,"perc":4.25531914893617,"total":47.0},"Devices":{"raw":2.0,"perc":4.25531914893617,"total":47.0},"Devices - Mind Machine":{"raw":2.0,"perc":4.25531914893617,"total":47.0},"OBE":{"raw":1.0,"perc":2.1276595744680851,"total":47.0},"Sleep Deprivation":{"raw":1.0,"perc":2.1276595744680851,"total":47.0},"Endogenous":{"raw":1.0,"perc":2.1276595744680851,"total":47.0}},"Extreme":{"Endogenous":{"raw":2.0,"perc":40.0,"total":5.0},"Drug Testing":{"raw":2.0,"perc":40.0,"total":5.0},"Police / Customs":{"raw":1.0,"perc":20.0,"total":5.0}},"No Effect":{"Drug Testing":{"raw":8.0,"perc":100.0,"total":8.0}},"Strong":{"Drug Testing":{"raw":6.0,"perc":46.153846153846153,"total":13.0},"Devices":{"raw":1.0,"perc":7.6923076923076925,"total":13.0},"Devices - Mind Machine":{"raw":1.0,"perc":7.6923076923076925,"total":13.0},"OBE":{"raw":2.0,"perc":15.384615384615385,"total":13.0},"Meditation":{"raw":1.0,"perc":7.6923076923076925,"total":13.0},"Fasting":{"raw":1.0,"perc":7.6923076923076925,"total":13.0},"Dreams":{"raw":1.0,"perc":7.6923076923076925,"total":13.0}}},"PCP":{"Medium":{"Drug Testing":{"raw":1.0,"perc":100.0,"total":1.0}}},"Datura":{"Extreme":{"OBE":{"raw":1.0,"perc":14.285714285714285,"total":7.0},"Police / Customs":{"raw":6.0,"perc":85.714285714285708,"total":7.0}},"Strong":{"Police / Customs":{"raw":3.0,"perc":60.0,"total":5.0},"Dreams":{"raw":2.0,"perc":40.0,"total":5.0}}},"2C-B":{"Medium":{"Ritual":{"raw":1.0,"perc":33.333333333333329,"total":3.0},"Music":{"raw":1.0,"perc":33.333333333333329,"total":3.0},"Meditation":{"raw":1.0,"perc":33.333333333333329,"total":3.0}},"Strong":{"OBE":{"raw":2.0,"perc":50.0,"total":4.0},"Police / Customs":{"raw":1.0,"perc":25.0,"total":4.0},"Sleep Deprivation":{"raw":1.0,"perc":25.0,"total":4.0}}},"Phenethylamine":{"Medium":{"Ritual":{"raw":1.0,"perc":11.111111111111111,"total":9.0},"Migraines":{"raw":1.0,"perc":11.111111111111111,"total":9.0},"Meditation":{"raw":2.0,"perc":22.222222222222221,"total":9.0},"Drug Testing":{"raw":1.0,"perc":11.111111111111111,"total":9.0},"Police / Customs":{"raw":2.0,"perc":22.222222222222221,"total":9.0},"Music":{"raw":1.0,"perc":11.111111111111111,"total":9.0},"Yoga / Bodywork":{"raw":1.0,"perc":11.111111111111111,"total":9.0}},"Strong":{"OBE":{"raw":2.0,"perc":33.333333333333329,"total":6.0},"Police / Customs":{"raw":1.0,"perc":16.666666666666664,"total":6.0},"Floatation Tank":{"raw":1.0,"perc":16.666666666666664,"total":6.0},"Sleep Deprivation":{"raw":2.0,"perc":33.333333333333329,"total":6.0}},"Extreme":{"Police / Customs":{"raw":3.0,"perc":100.0,"total":3.0}}},"Tryptophan":{"Medium":{"Ritual":{"raw":1.0,"perc":50.0,"total":2.0},"Sleep Deprivation":{"raw":1.0,"perc":50.0,"total":2.0}},"Strong":{"Dreams":{"raw":1.0,"perc":100.0,"total":1.0}}},"Salvia divinorum":{"Strong":{"Ritual":{"raw":1.0,"perc":5.5555555555555554,"total":18.0},"OBE":{"raw":7.0,"perc":38.888888888888893,"total":18.0},"Fasting":{"raw":4.0,"perc":22.222222222222221,"total":18.0},"Dreams":{"raw":1.0,"perc":5.5555555555555554,"total":18.0},"Meditation":{"raw":3.0,"perc":16.666666666666664,"total":18.0},"Devices":{"raw":1.0,"perc":5.5555555555555554,"total":18.0},"Nitrogen Narcosis":{"raw":1.0,"perc":5.5555555555555554,"total":18.0}},"Medium":{"Police / Customs":{"raw":1.0,"perc":4.0,"total":25.0},"Ritual":{"raw":1.0,"perc":4.0,"total":25.0},"OBE":{"raw":3.0,"perc":12.0,"total":25.0},"Dreams":{"raw":6.0,"perc":24.0,"total":25.0},"Meditation":{"raw":4.0,"perc":16.0,"total":25.0},"Yoga / Bodywork":{"raw":1.0,"perc":4.0,"total":25.0},"Devices":{"raw":4.0,"perc":16.0,"total":25.0},"Migraines":{"raw":1.0,"perc":4.0,"total":25.0},"Endogenous":{"raw":1.0,"perc":4.0,"total":25.0},"Mindfulness":{"raw":1.0,"perc":4.0,"total":25.0},"Devices - Mind Machine":{"raw":2.0,"perc":8.0,"total":25.0}},"No Effect":{"Police / Customs":{"raw":1.0,"perc":100.0,"total":1.0}},"Extreme":{"OBE":{"raw":3.0,"perc":60.0,"total":5.0},"Endogenous":{"raw":1.0,"perc":20.0,"total":5.0},"Meditation":{"raw":1.0,"perc":20.0,"total":5.0}}},"Pharms - Benzphetamine":{"Strong":{"Sleep Deprivation":{"raw":1.0,"perc":100.0,"total":1.0}},"Extreme":{"Sleep Deprivation":{"raw":1.0,"perc":100.0,"total":1.0}}},"Mushrooms":{"Medium":{"Police / Customs":{"raw":13.0,"perc":43.333333333333336,"total":30.0},"Migraines":{"raw":4.0,"perc":13.333333333333334,"total":30.0},"Yoga / Bodywork":{"raw":3.0,"perc":10.0,"total":30.0},"OBE":{"raw":5.0,"perc":16.666666666666664,"total":30.0},"Fasting":{"raw":1.0,"perc":3.3333333333333335,"total":30.0},"Meditation":{"raw":1.0,"perc":3.3333333333333335,"total":30.0},"Guiding":{"raw":1.0,"perc":3.3333333333333335,"total":30.0},"Humor":{"raw":1.0,"perc":3.3333333333333335,"total":30.0},"Dreams":{"raw":1.0,"perc":3.3333333333333335,"total":30.0}},"Strong":{"Police / Customs":{"raw":4.0,"perc":18.181818181818183,"total":22.0},"Meditation":{"raw":3.0,"perc":13.636363636363635,"total":22.0},"Sleep Deprivation":{"raw":1.0,"perc":4.5454545454545459,"total":22.0},"Devices":{"raw":1.0,"perc":4.5454545454545459,"total":22.0},"Devices - Mind Machine":{"raw":1.0,"perc":4.5454545454545459,"total":22.0},"Yoga / Bodywork":{"raw":3.0,"perc":13.636363636363635,"total":22.0},"Ritual":{"raw":2.0,"perc":9.0909090909090917,"total":22.0},"Chanting":{"raw":1.0,"perc":4.5454545454545459,"total":22.0},"OBE":{"raw":1.0,"perc":4.5454545454545459,"total":22.0},"Humor":{"raw":1.0,"perc":4.5454545454545459,"total":22.0},"Nitrogen Narcosis":{"raw":1.0,"perc":4.5454545454545459,"total":22.0},"Migraines":{"raw":1.0,"perc":4.5454545454545459,"total":22.0},"Fasting":{"raw":1.0,"perc":4.5454545454545459,"total":22.0},"Mindfulness":{"raw":1.0,"perc":4.5454545454545459,"total":22.0}},"Extreme":{"Drug Testing":{"raw":1.0,"perc":12.5,"total":8.0},"Police / Customs":{"raw":3.0,"perc":37.5,"total":8.0},"Devices":{"raw":1.0,"perc":12.5,"total":8.0},"Conferences":{"raw":1.0,"perc":12.5,"total":8.0},"OBE":{"raw":1.0,"perc":12.5,"total":8.0},"Humor":{"raw":1.0,"perc":12.5,"total":8.0}}},"Nutmeg":{"Medium":{"Dreams":{"raw":3.0,"perc":50.0,"total":6.0},"Fasting":{"raw":1.0,"perc":16.666666666666664,"total":6.0},"Devices":{"raw":1.0,"perc":16.666666666666664,"total":6.0},"Devices - Mind Machine":{"raw":1.0,"perc":16.666666666666664,"total":6.0}}},"Piperazines":{"No Effect":{"Drug Testing":{"raw":1.0,"perc":100.0,"total":1.0}},"Strong":{"Meditation":{"raw":1.0,"perc":33.333333333333329,"total":3.0},"Sleep Deprivation":{"raw":1.0,"perc":33.333333333333329,"total":3.0},"Migraines":{"raw":1.0,"perc":33.333333333333329,"total":3.0}},"Medium":{"Meditation":{"raw":1.0,"perc":100.0,"total":1.0}}},"Pharms - Sertraline":{"Medium":{"Sleep Deprivation":{"raw":1.0,"perc":100.0,"total":1.0}}},"SSRIs":{"Medium":{"Sleep Deprivation":{"raw":1.0,"perc":50.0,"total":2.0},"Dreams":{"raw":1.0,"perc":50.0,"total":2.0}},"Strong":{"Dreams":{"raw":1.0,"perc":100.0,"total":1.0}}},"Methamphetamine":{"Strong":{"Sleep Deprivation":{"raw":2.0,"perc":100.0,"total":2.0}},"Extreme":{"Police / Customs":{"raw":2.0,"perc":100.0,"total":2.0}},"Medium":{"Sleep Deprivation":{"raw":1.0,"perc":33.333333333333329,"total":3.0},"Meditation":{"raw":1.0,"perc":33.333333333333329,"total":3.0},"Police / Customs":{"raw":1.0,"perc":33.333333333333329,"total":3.0}}},"Melatonin":{"Medium":{"Dreams":{"raw":9.0,"perc":90.0,"total":10.0},"Sleep Deprivation":{"raw":1.0,"perc":10.0,"total":10.0}},"Strong":{"Dreams":{"raw":4.0,"perc":100.0,"total":4.0}},"No Effect":{"Dreams":{"raw":1.0,"perc":100.0,"total":1.0}}},"Harmala Alkaloids":{"Strong":{"Ritual":{"raw":1.0,"perc":25.0,"total":4.0},"Dreams":{"raw":1.0,"perc":25.0,"total":4.0},"Migraines":{"raw":1.0,"perc":25.0,"total":4.0},"Mindfulness":{"raw":1.0,"perc":25.0,"total":4.0}},"Extreme":{"Police / Customs":{"raw":2.0,"perc":100.0,"total":2.0}},"No Effect":{"Dreams":{"raw":1.0,"perc":100.0,"total":1.0}},"Medium":{"Meditation":{"raw":1.0,"perc":6.666666666666667,"total":15.0},"Dreams":{"raw":4.0,"perc":26.666666666666668,"total":15.0},"Ritual":{"raw":8.0,"perc":53.333333333333336,"total":15.0},"Yoga / Bodywork":{"raw":1.0,"perc":6.666666666666667,"total":15.0},"Sweating":{"raw":1.0,"perc":6.666666666666667,"total":15.0}}},"Psychotria viridis":{"Strong":{"Ritual":{"raw":1.0,"perc":100.0,"total":1.0}},"Medium":{"Ritual":{"raw":7.0,"perc":100.0,"total":7.0}}},"Syrian Rue":{"Strong":{"Ritual":{"raw":1.0,"perc":50.0,"total":2.0},"Migraines":{"raw":1.0,"perc":50.0,"total":2.0}},"Medium":{"Meditation":{"raw":1.0,"perc":33.333333333333329,"total":3.0},"Ritual":{"raw":1.0,"perc":33.333333333333329,"total":3.0},"Yoga / Bodywork":{"raw":1.0,"perc":33.333333333333329,"total":3.0}},"Extreme":{"Police / Customs":{"raw":1.0,"perc":100.0,"total":1.0}}},"Kava":{"Strong":{"Dreams":{"raw":1.0,"perc":33.333333333333329,"total":3.0},"Devices":{"raw":1.0,"perc":33.333333333333329,"total":3.0},"Devices - Mind Machine":{"raw":1.0,"perc":33.333333333333329,"total":3.0}},"Medium":{"OBE":{"raw":1.0,"perc":33.333333333333329,"total":3.0},"Meditation":{"raw":1.0,"perc":33.333333333333329,"total":3.0},"Dreams":{"raw":1.0,"perc":33.333333333333329,"total":3.0}}},"Ayahuasca":{"No Effect":{"Yoga / Bodywork":{"raw":1.0,"perc":100.0,"total":1.0}},"Strong":{"Yoga / Bodywork":{"raw":1.0,"perc":33.333333333333329,"total":3.0},"Meditation":{"raw":1.0,"perc":33.333333333333329,"total":3.0},"Ritual":{"raw":1.0,"perc":33.333333333333329,"total":3.0}},"Medium":{"Yoga / Bodywork":{"raw":1.0,"perc":9.0909090909090917,"total":11.0},"Dreams":{"raw":1.0,"perc":9.0909090909090917,"total":11.0},"Ritual":{"raw":8.0,"perc":72.727272727272734,"total":11.0},"Meditation":{"raw":1.0,"perc":9.0909090909090917,"total":11.0}}},"Valerian":{"Medium":{"Dreams":{"raw":8.0,"perc":80.0,"total":10.0},"OBE":{"raw":1.0,"perc":10.0,"total":10.0},"Meditation":{"raw":1.0,"perc":10.0,"total":10.0}},"Strong":{"Dreams":{"raw":1.0,"perc":100.0,"total":1.0}}},"Nitrous Oxide":{"Strong":{"OBE":{"raw":4.0,"perc":40.0,"total":10.0},"Meditation":{"raw":2.0,"perc":20.0,"total":10.0},"Devices":{"raw":1.0,"perc":10.0,"total":10.0},"Devices - Mind Machine":{"raw":1.0,"perc":10.0,"total":10.0},"Breathing":{"raw":1.0,"perc":10.0,"total":10.0},"Hyperventilation":{"raw":1.0,"perc":10.0,"total":10.0}},"Medium":{"OBE":{"raw":1.0,"perc":16.666666666666664,"total":6.0},"Devices":{"raw":2.0,"perc":33.333333333333329,"total":6.0},"Devices - Mind Machine":{"raw":2.0,"perc":33.333333333333329,"total":6.0},"Meditation":{"raw":1.0,"perc":16.666666666666664,"total":6.0}},"Extreme":{"Meditation":{"raw":1.0,"perc":100.0,"total":1.0}}},"Nicotine":{"Medium":{"Dreams":{"raw":1.0,"perc":50.0,"total":2.0},"Sleep Deprivation":{"raw":1.0,"perc":50.0,"total":2.0}},"Strong":{"Dreams":{"raw":1.0,"perc":100.0,"total":1.0}}},"Tobacco":{"Medium":{"Dreams":{"raw":1.0,"perc":33.333333333333329,"total":3.0},"Sleep Deprivation":{"raw":2.0,"perc":66.666666666666657,"total":3.0}},"Strong":{"Dreams":{"raw":1.0,"perc":100.0,"total":1.0}}},"Pharms - Cyclobenzaprine":{"Strong":{"Sleep Deprivation":{"raw":1.0,"perc":100.0,"total":1.0}}},"Pseudoephedrine":{"Strong":{"Drug Testing":{"raw":1.0,"perc":100.0,"total":1.0}}},"Hydrocodone":{"Extreme":{"Dreams":{"raw":1.0,"perc":100.0,"total":1.0}},"Medium":{"Devices":{"raw":1.0,"perc":33.333333333333329,"total":3.0},"Devices - Mind Machine":{"raw":1.0,"perc":33.333333333333329,"total":3.0},"Dreams":{"raw":1.0,"perc":33.333333333333329,"total":3.0}},"Strong":{"Humor":{"raw":1.0,"perc":100.0,"total":1.0}}},"Opioids":{"Extreme":{"Dreams":{"raw":1.0,"perc":100.0,"total":1.0}},"Medium":{"Meditation":{"raw":2.0,"perc":15.384615384615385,"total":13.0},"Drug Testing":{"raw":6.0,"perc":46.153846153846153,"total":13.0},"Devices":{"raw":1.0,"perc":7.6923076923076925,"total":13.0},"Devices - Mind Machine":{"raw":1.0,"perc":7.6923076923076925,"total":13.0},"Dreams":{"raw":3.0,"perc":23.076923076923077,"total":13.0}},"No Effect":{"Drug Testing":{"raw":1.0,"perc":100.0,"total":1.0}},"Strong":{"Endogenous":{"raw":1.0,"perc":50.0,"total":2.0},"Humor":{"raw":1.0,"perc":50.0,"total":2.0}}},"Cocaine":{"Medium":{"Drug Testing":{"raw":3.0,"perc":100.0,"total":3.0}},"Strong":{"Police / Customs":{"raw":1.0,"perc":100.0,"total":1.0}},"No Effect":{"Drug Testing":{"raw":2.0,"perc":66.666666666666657,"total":3.0},"Police / Customs":{"raw":1.0,"perc":33.333333333333329,"total":3.0}}},"Diphenhydramine":{"Strong":{"Police / Customs":{"raw":2.0,"perc":66.666666666666657,"total":3.0},"Dreams":{"raw":1.0,"perc":33.333333333333329,"total":3.0}},"Medium":{"Dreams":{"raw":2.0,"perc":50.0,"total":4.0},"Drug Testing":{"raw":1.0,"perc":25.0,"total":4.0},"Police / Customs":{"raw":1.0,"perc":25.0,"total":4.0}}},"GBL":{"Strong":{"Breathing":{"raw":1.0,"perc":100.0,"total":1.0}}},"Lactuca spp.":{"Medium":{"Dreams":{"raw":2.0,"perc":100.0,"total":2.0}}},"Yohimbe":{"Medium":{"Dreams":{"raw":1.0,"perc":100.0,"total":1.0}},"Strong":{"Yoga / Bodywork":{"raw":1.0,"perc":100.0,"total":1.0}}},"Alcohol":{"Strong":{"Police / Customs":{"raw":3.0,"perc":60.0,"total":5.0},"Drug Testing":{"raw":1.0,"perc":20.0,"total":5.0},"Migraines":{"raw":1.0,"perc":20.0,"total":5.0}},"Medium":{"Police / Customs":{"raw":4.0,"perc":66.666666666666657,"total":6.0},"Dreams":{"raw":2.0,"perc":33.333333333333329,"total":6.0}},"Extreme":{"Police / Customs":{"raw":1.0,"perc":50.0,"total":2.0},"Fasting":{"raw":1.0,"perc":50.0,"total":2.0}}},"AMT":{"Medium":{"Sleep Deprivation":{"raw":2.0,"perc":40.0,"total":5.0},"Police / Customs":{"raw":2.0,"perc":40.0,"total":5.0},"Dreams":{"raw":1.0,"perc":20.0,"total":5.0}},"Strong":{"Meditation":{"raw":1.0,"perc":50.0,"total":2.0},"Police / Customs":{"raw":1.0,"perc":50.0,"total":2.0}},"Extreme":{"Police / Customs":{"raw":1.0,"perc":100.0,"total":1.0}}},"Caffeine":{"Medium":{"Sleep Deprivation":{"raw":1.0,"perc":16.666666666666664,"total":6.0},"Devices":{"raw":1.0,"perc":16.666666666666664,"total":6.0},"Devices - Mind Machine":{"raw":1.0,"perc":16.666666666666664,"total":6.0},"Meditation":{"raw":1.0,"perc":16.666666666666664,"total":6.0},"Dreams":{"raw":1.0,"perc":16.666666666666664,"total":6.0},"Music":{"raw":1.0,"perc":16.666666666666664,"total":6.0}},"Strong":{"Migraines":{"raw":1.0,"perc":50.0,"total":2.0},"Sleep Deprivation":{"raw":1.0,"perc":50.0,"total":2.0}}},"4-AcO-DET":{"Strong":{"Meditation":{"raw":1.0,"perc":100.0,"total":1.0}},"Medium":{"Migraines":{"raw":1.0,"perc":100.0,"total":1.0}}},"Calea zacatechichi":{"Strong":{"Meditation":{"raw":1.0,"perc":16.666666666666664,"total":6.0},"Dreams":{"raw":5.0,"perc":83.333333333333343,"total":6.0}},"No Effect":{"Dreams":{"raw":3.0,"perc":100.0,"total":3.0}},"Medium":{"Dreams":{"raw":8.0,"perc":72.727272727272734,"total":11.0},"Devices":{"raw":1.0,"perc":9.0909090909090917,"total":11.0},"Devices - Mind Machine":{"raw":1.0,"perc":9.0909090909090917,"total":11.0},"Meditation":{"raw":1.0,"perc":9.0909090909090917,"total":11.0}}},"Vitamin B-6":{"Medium":{"OBE":{"raw":1.0,"perc":25.0,"total":4.0},"Dreams":{"raw":3.0,"perc":75.0,"total":4.0}},"Strong":{"Dreams":{"raw":2.0,"perc":100.0,"total":2.0}}},"Ketamine":{"Medium":{"Police / Customs":{"raw":1.0,"perc":33.333333333333329,"total":3.0},"Conferences":{"raw":1.0,"perc":33.333333333333329,"total":3.0},"Meditation":{"raw":1.0,"perc":33.333333333333329,"total":3.0}},"Extreme":{"OBE":{"raw":1.0,"perc":50.0,"total":2.0},"Mindfulness":{"raw":1.0,"perc":50.0,"total":2.0}},"Strong":{"OBE":{"raw":1.0,"perc":100.0,"total":1.0}}},"NMDA Antagonists":{"Medium":{"Police / Customs":{"raw":1.0,"perc":33.333333333333329,"total":3.0},"Conferences":{"raw":1.0,"perc":33.333333333333329,"total":3.0},"Meditation":{"raw":1.0,"perc":33.333333333333329,"total":3.0}},"Extreme":{"OBE":{"raw":1.0,"perc":50.0,"total":2.0},"Mindfulness":{"raw":1.0,"perc":50.0,"total":2.0}},"Strong":{"OBE":{"raw":1.0,"perc":100.0,"total":1.0}}},"Opium":{"Medium":{"Police / Customs":{"raw":1.0,"perc":100.0,"total":1.0}}},"Unknown":{"Medium":{"Floatation Tank":{"raw":1.0,"perc":50.0,"total":2.0},"Meditation":{"raw":1.0,"perc":50.0,"total":2.0}},"Strong":{"Humor":{"raw":1.0,"perc":100.0,"total":1.0}}},"5-MeO-DiPT":{"Medium":{"Migraines":{"raw":1.0,"perc":16.666666666666664,"total":6.0},"Dreams":{"raw":2.0,"perc":33.333333333333329,"total":6.0},"OBE":{"raw":1.0,"perc":16.666666666666664,"total":6.0},"Drug Testing":{"raw":1.0,"perc":16.666666666666664,"total":6.0},"Yoga / Bodywork":{"raw":1.0,"perc":16.666666666666664,"total":6.0}},"Extreme":{"Police / Customs":{"raw":1.0,"perc":100.0,"total":1.0}}},"Dimenhydrinate":{"Strong":{"Police / Customs":{"raw":1.0,"perc":100.0,"total":1.0}},"Extreme":{"Police / Customs":{"raw":2.0,"perc":100.0,"total":2.0}}},"Adrafinil":{"Medium":{"Drug Testing":{"raw":1.0,"perc":100.0,"total":1.0}}},"Heroin":{"Medium":{"Police / Customs":{"raw":3.0,"perc":100.0,"total":3.0}},"No Effect":{"Police / Customs":{"raw":1.0,"perc":100.0,"total":1.0}}},"Capsicum spp.":{"Medium":{"Meditation":{"raw":1.0,"perc":100.0,"total":1.0}}},"Hops":{"Medium":{"Meditation":{"raw":1.0,"perc":33.333333333333329,"total":3.0},"Dreams":{"raw":2.0,"perc":66.666666666666657,"total":3.0}}},"Lecithin":{"Medium":{"Meditation":{"raw":1.0,"perc":100.0,"total":1.0}}},"Pharms - Oxycodone":{"Medium":{"Meditation":{"raw":2.0,"perc":28.571428571428569,"total":7.0},"Drug Testing":{"raw":5.0,"perc":71.428571428571431,"total":7.0}},"Strong":{"Endogenous":{"raw":1.0,"perc":100.0,"total":1.0}}},"Skullcap":{"Medium":{"Meditation":{"raw":1.0,"perc":50.0,"total":2.0},"Dreams":{"raw":1.0,"perc":50.0,"total":2.0}}},"Inhalants":{"Extreme":{"Police / Customs":{"raw":1.0,"perc":100.0,"total":1.0}},"Medium":{"OBE":{"raw":1.0,"perc":100.0,"total":1.0}}},"Pharms - Venlafaxine":{"Medium":{"Endogenous":{"raw":1.0,"perc":25.0,"total":4.0},"Dreams":{"raw":2.0,"perc":50.0,"total":4.0},"Meditation":{"raw":1.0,"perc":25.0,"total":4.0}},"No Effect":{"Drug Testing":{"raw":1.0,"perc":100.0,"total":1.0}}},"5-MeO-DMT":{"Medium":{"Ritual":{"raw":1.0,"perc":25.0,"total":4.0},"Dreams":{"raw":1.0,"perc":25.0,"total":4.0},"Meditation":{"raw":1.0,"perc":25.0,"total":4.0},"Police / Customs":{"raw":1.0,"perc":25.0,"total":4.0}},"Strong":{"Meditation":{"raw":1.0,"perc":50.0,"total":2.0},"Breathing":{"raw":1.0,"perc":50.0,"total":2.0}},"Extreme":{"Dreams":{"raw":1.0,"perc":33.333333333333329,"total":3.0},"Police / Customs":{"raw":2.0,"perc":66.666666666666657,"total":3.0}}},"2C-T-7":{"Medium":{"Migraines":{"raw":1.0,"perc":100.0,"total":1.0}},"Extreme":{"Police / Customs":{"raw":1.0,"perc":100.0,"total":1.0}}},"Banisteriopsis caapi":{"Extreme":{"Police / Customs":{"raw":1.0,"perc":100.0,"total":1.0}},"No Effect":{"Dreams":{"raw":1.0,"perc":100.0,"total":1.0}},"Medium":{"Ritual":{"raw":7.0,"perc":100.0,"total":7.0}},"Strong":{"Dreams":{"raw":1.0,"perc":50.0,"total":2.0},"Mindfulness":{"raw":1.0,"perc":50.0,"total":2.0}}},"Mimosa spp.":{"No Effect":{"Dreams":{"raw":1.0,"perc":100.0,"total":1.0}},"Medium":{"Yoga / Bodywork":{"raw":1.0,"perc":100.0,"total":1.0}}},"Ginkgo biloba":{"Medium":{"Migraines":{"raw":1.0,"perc":100.0,"total":1.0}}},"PMA":{"Medium":{"OBE":{"raw":1.0,"perc":100.0,"total":1.0}}},"Mugwort":{"Strong":{"Dreams":{"raw":1.0,"perc":100.0,"total":1.0}},"Medium":{"Dreams":{"raw":4.0,"perc":100.0,"total":4.0}}},"Benzodiazepines":{"Strong":{"Police / Customs":{"raw":1.0,"perc":100.0,"total":1.0}},"Medium":{"Police / Customs":{"raw":2.0,"perc":40.0,"total":5.0},"Drug Testing":{"raw":1.0,"perc":20.0,"total":5.0},"Dreams":{"raw":1.0,"perc":20.0,"total":5.0},"Endogenous":{"raw":1.0,"perc":20.0,"total":5.0}},"Extreme":{"Police / Customs":{"raw":1.0,"perc":50.0,"total":2.0},"Sleep Deprivation":{"raw":1.0,"perc":50.0,"total":2.0}}},"Pharms - Alprazolam":{"Strong":{"Police / Customs":{"raw":1.0,"perc":100.0,"total":1.0}},"Medium":{"Police / Customs":{"raw":2.0,"perc":66.666666666666657,"total":3.0},"Dreams":{"raw":1.0,"perc":33.333333333333329,"total":3.0}},"Extreme":{"Police / Customs":{"raw":1.0,"perc":100.0,"total":1.0}}},"H.B. Woodrose":{"Strong":{"Ritual":{"raw":1.0,"perc":33.333333333333329,"total":3.0},"Devices":{"raw":1.0,"perc":33.333333333333329,"total":3.0},"Devices - Mind Machine":{"raw":1.0,"perc":33.333333333333329,"total":3.0}},"Medium":{"Sleep Deprivation":{"raw":1.0,"perc":50.0,"total":2.0},"Migraines":{"raw":1.0,"perc":50.0,"total":2.0}}},"Modafinil":{"Strong":{"Sleep Deprivation":{"raw":2.0,"perc":100.0,"total":2.0}},"Medium":{"Sleep Deprivation":{"raw":2.0,"perc":100.0,"total":2.0}},"Extreme":{"OBE":{"raw":1.0,"perc":100.0,"total":1.0}}},"2C-I":{"Medium":{"Drug Testing":{"raw":1.0,"perc":16.666666666666664,"total":6.0},"Dreams":{"raw":2.0,"perc":33.333333333333329,"total":6.0},"OBE":{"raw":1.0,"perc":16.666666666666664,"total":6.0},"Meditation":{"raw":2.0,"perc":33.333333333333329,"total":6.0}},"Strong":{"Sleep Deprivation":{"raw":1.0,"perc":50.0,"total":2.0},"OBE":{"raw":1.0,"perc":50.0,"total":2.0}},"No Effect":{"Drug Testing":{"raw":1.0,"perc":100.0,"total":1.0}}},"Chlorpheniramine Maleate":{"Medium":{"Drug Testing":{"raw":1.0,"perc":100.0,"total":1.0}},"Extreme":{"Police / Customs":{"raw":1.0,"perc":100.0,"total":1.0}}},"Methadone":{"Medium":{"Drug Testing":{"raw":1.0,"perc":100.0,"total":1.0}}},"Pharms - Quetiapine":{"Medium":{"Devices":{"raw":1.0,"perc":50.0,"total":2.0},"Devices - Mind Machine":{"raw":1.0,"perc":50.0,"total":2.0}}},"Amphetamines":{"Medium":{"Sleep Deprivation":{"raw":3.0,"perc":50.0,"total":6.0},"Drug Testing":{"raw":2.0,"perc":33.333333333333329,"total":6.0},"Meditation":{"raw":1.0,"perc":16.666666666666664,"total":6.0}},"Extreme":{"Sleep Deprivation":{"raw":2.0,"perc":100.0,"total":2.0}},"Strong":{"Sleep Deprivation":{"raw":7.0,"perc":70.0,"total":10.0},"Breathing":{"raw":1.0,"perc":10.0,"total":10.0},"Hyperventilation":{"raw":1.0,"perc":10.0,"total":10.0},"OBE":{"raw":1.0,"perc":10.0,"total":10.0}}},"Damiana":{"Medium":{"Dreams":{"raw":1.0,"perc":100.0,"total":1.0}}},"Hydromorphone":{"Medium":{"Dreams":{"raw":2.0,"perc":66.666666666666657,"total":3.0},"Drug Testing":{"raw":1.0,"perc":33.333333333333329,"total":3.0}},"No Effect":{"Drug Testing":{"raw":1.0,"perc":100.0,"total":1.0}}},"Heimia salicifolia":{"Medium":{"Dreams":{"raw":3.0,"perc":100.0,"total":3.0}},"Strong":{"Dreams":{"raw":1.0,"perc":100.0,"total":1.0}}},"Pharms - Paroxetine":{"Medium":{"Dreams":{"raw":1.0,"perc":100.0,"total":1.0}},"Strong":{"Dreams":{"raw":1.0,"perc":100.0,"total":1.0}}},"Pharms - Corticosteroid":{"Medium":{"Sleep Deprivation":{"raw":1.0,"perc":100.0,"total":1.0}}},"Pharms - Prednisone":{"Medium":{"Sleep Deprivation":{"raw":1.0,"perc":100.0,"total":1.0}}},"Mandrake":{"Strong":{"Dreams":{"raw":1.0,"perc":100.0,"total":1.0}}},"GHB":{"Medium":{"Devices":{"raw":1.0,"perc":50.0,"total":2.0},"Devices - Mind Machine":{"raw":1.0,"perc":50.0,"total":2.0}},"Strong":{"Sleep Deprivation":{"raw":1.0,"perc":100.0,"total":1.0}}},"Ephedrine":{"Strong":{"Sleep Deprivation":{"raw":1.0,"perc":100.0,"total":1.0}}},"Amanitas":{"Strong":{"Ritual":{"raw":1.0,"perc":100.0,"total":1.0}},"Medium":{"Sleep Deprivation":{"raw":1.0,"perc":33.333333333333329,"total":3.0},"Dreams":{"raw":1.0,"perc":33.333333333333329,"total":3.0},"Sweating":{"raw":1.0,"perc":33.333333333333329,"total":3.0}}},"DMT":{"Medium":{"Dreams":{"raw":1.0,"perc":50.0,"total":2.0},"Mindfulness":{"raw":1.0,"perc":50.0,"total":2.0}},"Strong":{"Breathing":{"raw":2.0,"perc":40.0,"total":5.0},"Hyperventilation":{"raw":1.0,"perc":20.0,"total":5.0},"Dreams":{"raw":1.0,"perc":20.0,"total":5.0},"Meditation":{"raw":1.0,"perc":20.0,"total":5.0}}},"4-AcO-MiPT":{"Strong":{"Breathing":{"raw":1.0,"perc":100.0,"total":1.0}}},"DMAE":{"Medium":{"Dreams":{"raw":1.0,"perc":100.0,"total":1.0}},"Strong":{"Sleep Deprivation":{"raw":1.0,"perc":100.0,"total":1.0}}},"Pharms - Butorphanol":{"Strong":{"Dreams":{"raw":1.0,"perc":100.0,"total":1.0}}},"Catnip":{"Medium":{"Dreams":{"raw":2.0,"perc":100.0,"total":2.0}}},"Pharms - Promethazine":{"Medium":{"Dreams":{"raw":1.0,"perc":100.0,"total":1.0}}},"Kratom":{"Medium":{"Meditation":{"raw":1.0,"perc":33.333333333333329,"total":3.0},"Police / Customs":{"raw":1.0,"perc":33.333333333333329,"total":3.0},"Dreams":{"raw":1.0,"perc":33.333333333333329,"total":3.0}}},"Lotus/Lily":{"Strong":{"OBE":{"raw":1.0,"perc":100.0,"total":1.0}},"Medium":{"Meditation":{"raw":1.0,"perc":100.0,"total":1.0}}},"Pharms - Lorazepam":{"Strong":{"Sleep Deprivation":{"raw":1.0,"perc":100.0,"total":1.0}}},"Absinthe":{"Strong":{"Devices":{"raw":1.0,"perc":50.0,"total":2.0},"Devices - Mind Machine":{"raw":1.0,"perc":50.0,"total":2.0}}},"Pharms - Amitriptyline":{"Medium":{"Dreams":{"raw":1.0,"perc":100.0,"total":1.0}},"Extreme":{"OBE":{"raw":1.0,"perc":100.0,"total":1.0}}},"Codeine":{"Strong":{"OBE":{"raw":1.0,"perc":50.0,"total":2.0},"Conferences":{"raw":1.0,"perc":50.0,"total":2.0}},"Medium":{"Dreams":{"raw":1.0,"perc":100.0,"total":1.0}}},"Pharms - Carisoprodol":{"Medium":{"Migraines":{"raw":1.0,"perc":100.0,"total":1.0}}},"Vinpocetine":{"Strong":{"Sleep Deprivation":{"raw":1.0,"perc":100.0,"total":1.0}}},"Mescaline":{"Strong":{"OBE":{"raw":1.0,"perc":100.0,"total":1.0}},"Medium":{"Meditation":{"raw":1.0,"perc":50.0,"total":2.0},"Drug Testing":{"raw":1.0,"perc":50.0,"total":2.0}},"Extreme":{"Police / Customs":{"raw":1.0,"perc":100.0,"total":1.0}}},"Pharms - Zolpidem":{"Strong":{"Police / Customs":{"raw":2.0,"perc":100.0,"total":2.0}},"Medium":{"Police / Customs":{"raw":1.0,"perc":50.0,"total":2.0},"Drug Testing":{"raw":1.0,"perc":50.0,"total":2.0}},"No Effect":{"Drug Testing":{"raw":1.0,"perc":100.0,"total":1.0}}},"Pharms - Escitalopram":{"Extreme":{"OBE":{"raw":1.0,"perc":100.0,"total":1.0}},"Medium":{"Dreams":{"raw":1.0,"perc":100.0,"total":1.0}}},"Pharms - Mefloquine":{"Medium":{"Dreams":{"raw":1.0,"perc":100.0,"total":1.0}}},"Cacti":{"Medium":{"Ritual":{"raw":1.0,"perc":20.0,"total":5.0},"Yoga / Bodywork":{"raw":1.0,"perc":20.0,"total":5.0},"Meditation":{"raw":1.0,"perc":20.0,"total":5.0},"Drug Testing":{"raw":1.0,"perc":20.0,"total":5.0},"Fasting":{"raw":1.0,"perc":20.0,"total":5.0}},"Strong":{"Meditation":{"raw":1.0,"perc":33.333333333333329,"total":3.0},"Ritual":{"raw":1.0,"perc":33.333333333333329,"total":3.0},"Yoga / Bodywork":{"raw":1.0,"perc":33.333333333333329,"total":3.0}}},"Pharms - Lithium":{"Medium":{"Police / Customs":{"raw":1.0,"perc":100.0,"total":1.0}}},"2C-E":{"Strong":{"Floatation Tank":{"raw":1.0,"perc":100.0,"total":1.0}},"Medium":{"Meditation":{"raw":1.0,"perc":20.0,"total":5.0},"Drug Testing":{"raw":1.0,"perc":20.0,"total":5.0},"Police / Customs":{"raw":2.0,"perc":40.0,"total":5.0},"Yoga / Bodywork":{"raw":1.0,"perc":20.0,"total":5.0}}},"Pharms - Atomoxetine":{"Medium":{"Dreams":{"raw":1.0,"perc":100.0,"total":1.0}}},"Pharms - Diazepam":{"Extreme":{"Police / Customs":{"raw":1.0,"perc":50.0,"total":2.0},"Sleep Deprivation":{"raw":1.0,"perc":50.0,"total":2.0}},"Medium":{"Drug Testing":{"raw":1.0,"perc":50.0,"total":2.0},"Endogenous":{"raw":1.0,"perc":50.0,"total":2.0}}},"Calamus":{"Medium":{"Dreams":{"raw":1.0,"perc":100.0,"total":1.0}}},"Brugmansia":{"Strong":{"Police / Customs":{"raw":3.0,"perc":100.0,"total":3.0}},"Extreme":{"Police / Customs":{"raw":2.0,"perc":100.0,"total":2.0}},"Medium":{"Police / Customs":{"raw":1.0,"perc":100.0,"total":1.0}}},"Peyote":{"Strong":{"Ritual":{"raw":1.0,"perc":50.0,"total":2.0},"Sweating":{"raw":1.0,"perc":50.0,"total":2.0}}},"Stipa robusta":{"Strong":{"OBE":{"raw":1.0,"perc":100.0,"total":1.0}}},"Pharms - Phenytoin":{"Medium":{"Dreams":{"raw":1.0,"perc":50.0,"total":2.0},"Endogenous":{"raw":1.0,"perc":50.0,"total":2.0}}},"2C-T-2":{"Medium":{"Meditation":{"raw":1.0,"perc":100.0,"total":1.0}},"Extreme":{"OBE":{"raw":1.0,"perc":100.0,"total":1.0}}},"Pharms - Fluoxetine":{"Strong":{"Dreams":{"raw":1.0,"perc":100.0,"total":1.0}}},"Passion Flower":{"Medium":{"Dreams":{"raw":4.0,"perc":80.0,"total":5.0},"Sweating":{"raw":1.0,"perc":20.0,"total":5.0}}},"Scopolamine":{"Extreme":{"Police / Customs":{"raw":1.0,"perc":100.0,"total":1.0}}},"DOC":{"Strong":{"Meditation":{"raw":1.0,"perc":100.0,"total":1.0}},"Extreme":{"Police / Customs":{"raw":1.0,"perc":100.0,"total":1.0}}},"LSA":{"Medium":{"Ritual":{"raw":1.0,"perc":50.0,"total":2.0},"Yoga / Bodywork":{"raw":1.0,"perc":50.0,"total":2.0}},"Strong":{"Sleep Deprivation":{"raw":1.0,"perc":50.0,"total":2.0},"Yoga / Bodywork":{"raw":1.0,"perc":50.0,"total":2.0}}},"Pharms - Propylhexedrine":{"Strong":{"Sleep Deprivation":{"raw":1.0,"perc":100.0,"total":1.0}}},"Moclobemide":{"Medium":{"Yoga / Bodywork":{"raw":1.0,"perc":100.0,"total":1.0}}},"DOM":{"Medium":{"Dreams":{"raw":1.0,"perc":50.0,"total":2.0},"Fasting":{"raw":1.0,"perc":50.0,"total":2.0}}},"4-AcO-DiPT":{"Medium":{"OBE":{"raw":1.0,"perc":100.0,"total":1.0}}},"4-HO-DiPT":{"Medium":{"Dreams":{"raw":1.0,"perc":100.0,"total":1.0}}},"4-HO-DET":{"Medium":{"Meditation":{"raw":1.0,"perc":100.0,"total":1.0}}},"Pharms - Clonidine":{"Extreme":{"Meditation":{"raw":1.0,"perc":100.0,"total":1.0}}},"Leonotis leonurus":{"Medium":{"Dreams":{"raw":1.0,"perc":100.0,"total":1.0}}},"Pharms - Fentanyl":{"Strong":{"Migraines":{"raw":1.0,"perc":100.0,"total":1.0}}},"Piperazines - pFPP":{"Medium":{"Meditation":{"raw":1.0,"perc":100.0,"total":1.0}}},"Pharms - Zaleplon":{"Medium":{"Meditation":{"raw":1.0,"perc":100.0,"total":1.0}}},"DET":{"Strong":{"OBE":{"raw":1.0,"perc":100.0,"total":1.0}}},"Anadenanthera spp.":{"Strong":{"Ritual":{"raw":1.0,"perc":100.0,"total":1.0}}},"Carbogen":{"Medium":{"Breathing":{"raw":2.0,"perc":100.0,"total":2.0}},"Strong":{"Breathing":{"raw":1.0,"perc":100.0,"total":1.0}},"Extreme":{"Breathing":{"raw":1.0,"perc":100.0,"total":1.0}}},"DOB":{"Strong":{"Sleep Deprivation":{"raw":1.0,"perc":100.0,"total":1.0}}},"Acetaminophen":{"Medium":{"Music":{"raw":1.0,"perc":100.0,"total":1.0}}},"Acacia":{"Strong":{"Breathing":{"raw":1.0,"perc":50.0,"total":2.0},"Hyperventilation":{"raw":1.0,"perc":50.0,"total":2.0}}},"2C-G-N":{"Strong":{"Sleep Deprivation":{"raw":1.0,"perc":100.0,"total":1.0}}},"Wormwood":{"Medium":{"Dreams":{"raw":1.0,"perc":100.0,"total":1.0}}},"Pharms - Buspirone":{"No Effect":{"Drug Testing":{"raw":1.0,"perc":100.0,"total":1.0}}},"Pharms - Clonazepam":{"Medium":{"Police / Customs":{"raw":1.0,"perc":50.0,"total":2.0},"Endogenous":{"raw":1.0,"perc":50.0,"total":2.0}}},"DOI":{"Strong":{"Meditation":{"raw":1.0,"perc":100.0,"total":1.0}}},"Silene capensis":{"Medium":{"Dreams":{"raw":9.0,"perc":100.0,"total":9.0}},"Strong":{"Dreams":{"raw":3.0,"perc":100.0,"total":3.0}}},"MDA":{"Strong":{"Migraines":{"raw":1.0,"perc":100.0,"total":1.0}}},"Methylone":{"Strong":{"OBE":{"raw":1.0,"perc":50.0,"total":2.0},"Sleep Deprivation":{"raw":1.0,"perc":50.0,"total":2.0}}},"4-AcO-DMT":{"No Effect":{"Police / Customs":{"raw":1.0,"perc":100.0,"total":1.0}},"Strong":{"Mindfulness":{"raw":1.0,"perc":100.0,"total":1.0}}},"Lisdexamfetamine":{"Strong":{"Sleep Deprivation":{"raw":1.0,"perc":100.0,"total":1.0}}},"Turbina corymbosa":{"Medium":{"Migraines":{"raw":1.0,"perc":100.0,"total":1.0}}},"MDPV":{"Medium":{"Drug Testing":{"raw":1.0,"perc":100.0,"total":1.0}},"Strong":{"Sleep Deprivation":{"raw":1.0,"perc":100.0,"total":1.0}}},"4-Methylmethcathinone":{"Extreme":{"Sleep Deprivation":{"raw":1.0,"perc":100.0,"total":1.0}},"Medium":{"Sleep Deprivation":{"raw":2.0,"perc":100.0,"total":2.0}}},"Cannabinoid Receptor Agonists":{"Extreme":{"Police / Customs":{"raw":1.0,"perc":100.0,"total":1.0}},"Strong":{"Conferences":{"raw":1.0,"perc":100.0,"total":1.0}}},"JWH-018":{"Extreme":{"Police / Customs":{"raw":1.0,"perc":100.0,"total":1.0}}},"Pharms - Zopiclone":{"Medium":{"Dreams":{"raw":1.0,"perc":100.0,"total":1.0}}},"Pharms - Methylphenidate":{"Strong":{"Sleep Deprivation":{"raw":1.0,"perc":100.0,"total":1.0}}},"5-MeO-DALT":{"Extreme":{"Sleep Deprivation":{"raw":1.0,"perc":100.0,"total":1.0}}},"2C-D":{"Extreme":{"Police / Customs":{"raw":1.0,"perc":100.0,"total":1.0}}},"Pharms - Mirtazapine":{"Medium":{"Dreams":{"raw":1.0,"perc":100.0,"total":1.0}}},"AB-FUBINACA":{"Medium":{"Drug Testing":{"raw":1.0,"perc":100.0,"total":1.0}}},"Products - Spice and Synthetic Cannabinoids":{"Medium":{"Drug Testing":{"raw":1.0,"perc":100.0,"total":1.0}}},"2C-P":{"Extreme":{"Police / Customs":{"raw":1.0,"perc":100.0,"total":1.0}}},"4-MeO-PCP":{"Extreme":{"Sound (non-music)":{"raw":1.0,"perc":100.0,"total":1.0}}},"Products - Bath Salts, Plant Food, etc":{"Medium":{"Sleep Deprivation":{"raw":1.0,"perc":100.0,"total":1.0}}},"Vitamins - Choline":{"Medium":{"Dreams":{"raw":1.0,"perc":100.0,"total":1.0}}},"MDAI":{"Medium":{"Chanting":{"raw":1.0,"perc":100.0,"total":1.0}}},"25I-NBOMe":{"Strong":{"OBE":{"raw":1.0,"perc":100.0,"total":1.0}}},"NBOMe Series":{"Strong":{"OBE":{"raw":1.0,"perc":50.0,"total":2.0},"Police / Customs":{"raw":1.0,"perc":50.0,"total":2.0}}},"Ibogaine":{"Extreme":{"Dreams":{"raw":1.0,"perc":100.0,"total":1.0}}},"Tabernanthe iboga":{"Extreme":{"Dreams":{"raw":1.0,"perc":100.0,"total":1.0}},"Medium":{"Meditation":{"raw":1.0,"perc":100.0,"total":1.0}}},"Methoxphenidine":{"Medium":{"OBE":{"raw":1.0,"perc":100.0,"total":1.0}}},"25C-NBOMe":{"Strong":{"Police / Customs":{"raw":1.0,"perc":100.0,"total":1.0}}},"Oxygen":{"Medium":{"Breathing":{"raw":1.0,"perc":50.0,"total":2.0},"Hyperventilation":{"raw":1.0,"perc":50.0,"total":2.0}}},"3F-Phenmetrazine":{"Medium":{"Sleep Deprivation":{"raw":1.0,"perc":100.0,"total":1.0}}},"Prazosin":{"Medium":{"Dreams":{"raw":1.0,"perc":100.0,"total":1.0}}}}