{"Morning Glory":{"Drug Testing":{"Festival / Lg. Crowd":{"raw":1.0,"perc":100.0,"total":1.0}},"Floatation Tank":{"Alone":{"raw":1.0,"perc":100.0,"total":1.0}},"Dreams":{"Alone":{"raw":1.0,"perc":50.0,"total":2.0},"Various":{"raw":1.0,"perc":50.0,"total":2.0}},"Meditation":{"Alone":{"raw":2.0,"perc":50.0,"total":4.0},"Various":{"raw":2.0,"perc":50.0,"total":4.0}},"Migraines":{"Unknown Context":{"raw":1.0,"perc":50.0,"total":2.0},"Not Applicable":{"raw":1.0,"perc":50.0,"total":2.0}},"Devices":{"Alone":{"raw":1.0,"perc":100.0,"total":1.0}},"Fasting":{"Alone":{"raw":1.0,"perc":100.0,"total":1.0}},"Ritual":{"Small Group (2-9)":{"raw":1.0,"perc":100.0,"total":1.0}},"Yoga / Bodywork":{"Various":{"raw":1.0,"perc":100.0,"total":1.0}}},"Various":{"Sleep Deprivation":{"Various":{"raw":23.0,"perc":100.0,"total":23.0}},"Police / Customs":{"Various":{"raw":27.0,"perc":100.0,"total":27.0}},"Endogenous":{"Various":{"raw":2.0,"perc":100.0,"total":2.0}},"Yoga / Bodywork":{"Various":{"raw":3.0,"perc":100.0,"total":3.0}},"Ritual":{"Various":{"raw":4.0,"perc":100.0,"total":4.0}},"Meditation":{"Various":{"raw":15.0,"perc":100.0,"total":15.0}},"Fasting":{"Various":{"raw":7.0,"perc":100.0,"total":7.0}},"Migraines":{"Various":{"raw":2.0,"perc":100.0,"total":2.0}},"OBE":{"Various":{"raw":3.0,"perc":100.0,"total":3.0}},"Mindfulness":{"Various":{"raw":3.0,"perc":100.0,"total":3.0}},"Dreams":{"Various":{"raw":7.0,"perc":100.0,"total":7.0}},"Devices":{"Various":{"raw":1.0,"perc":100.0,"total":1.0}},"Devices - Mind Machine":{"Various":{"raw":1.0,"perc":100.0,"total":1.0}},"Conferences":{"Various":{"raw":1.0,"perc":100.0,"total":1.0}},"Drug Testing":{"Various":{"raw":5.0,"perc":71.428571428571431,"total":7.0},"Not Applicable":{"raw":2.0,"perc":28.571428571428569,"total":7.0}},"Music":{"Various":{"raw":1.0,"perc":100.0,"total":1.0}},"Nitrogen Narcosis":{"Various":{"raw":1.0,"perc":100.0,"total":1.0}},"Humor":{"Various":{"raw":2.0,"perc":100.0,"total":2.0}}},"LSD":{"OBE":{"Alone":{"raw":3.0,"perc":75.0,"total":4.0},"Small Group (2-9)":{"raw":1.0,"perc":25.0,"total":4.0}},"Endogenous":{"Small Group (2-9)":{"raw":1.0,"perc":100.0,"total":1.0}},"Police / Customs":{"Rave / Dance Event":{"raw":3.0,"perc":15.789473684210526,"total":19.0},"Small Group (2-9)":{"raw":8.0,"perc":42.105263157894733,"total":19.0},"Alone":{"raw":2.0,"perc":10.526315789473683,"total":19.0},"Club / Bar":{"raw":1.0,"perc":5.2631578947368416,"total":19.0},"Various":{"raw":3.0,"perc":15.789473684210526,"total":19.0},"Festival / Lg. Crowd":{"raw":2.0,"perc":10.526315789473683,"total":19.0}},"Yoga / Bodywork":{"Alone":{"raw":3.0,"perc":33.333333333333329,"total":9.0},"Small Group (2-9)":{"raw":4.0,"perc":44.444444444444443,"total":9.0},"Various":{"raw":1.0,"perc":11.111111111111111,"total":9.0},"Not Applicable":{"raw":1.0,"perc":11.111111111111111,"total":9.0}},"Migraines":{"Various":{"raw":1.0,"perc":33.333333333333329,"total":3.0},"Not Applicable":{"raw":2.0,"perc":66.666666666666657,"total":3.0}},"Meditation":{"Alone":{"raw":1.0,"perc":11.111111111111111,"total":9.0},"Various":{"raw":3.0,"perc":33.333333333333329,"total":9.0},"Group Ceremony":{"raw":2.0,"perc":22.222222222222221,"total":9.0},"Small Group (2-9)":{"raw":3.0,"perc":33.333333333333329,"total":9.0}},"Guiding":{"Rave / Dance Event":{"raw":1.0,"perc":50.0,"total":2.0},"Small Group (2-9)":{"raw":1.0,"perc":50.0,"total":2.0}},"Sleep Deprivation":{"Small Group (2-9)":{"raw":2.0,"perc":66.666666666666657,"total":3.0},"Festival / Lg. Crowd":{"raw":1.0,"perc":33.333333333333329,"total":3.0}},"Devices":{"Small Group (2-9)":{"raw":2.0,"perc":66.666666666666657,"total":3.0},"Alone":{"raw":1.0,"perc":33.333333333333329,"total":3.0}},"Devices - Mind Machine":{"Small Group (2-9)":{"raw":1.0,"perc":50.0,"total":2.0},"Alone":{"raw":1.0,"perc":50.0,"total":2.0}},"Mindfulness":{"Alone":{"raw":1.0,"perc":100.0,"total":1.0}},"Dreams":{"Small Group (2-9)":{"raw":1.0,"perc":100.0,"total":1.0}},"Breathing":{"Small Group (2-9)":{"raw":1.0,"perc":100.0,"total":1.0}},"Music":{"Small Group (2-9)":{"raw":1.0,"perc":100.0,"total":1.0}}},"DPT":{"Dreams":{"Alone":{"raw":1.0,"perc":100.0,"total":1.0}},"Ritual":{"Various":{"raw":1.0,"perc":100.0,"total":1.0}},"Yoga / Bodywork":{"Alone":{"raw":1.0,"perc":100.0,"total":1.0}},"Meditation":{"Small Group (2-9)":{"raw":1.0,"perc":100.0,"total":1.0}},"Breathing":{"Alone":{"raw":1.0,"perc":100.0,"total":1.0}}},"Opiates":{"Drug Testing":{"Unknown Context":{"raw":1.0,"perc":14.285714285714285,"total":7.0},"Not Applicable":{"raw":5.0,"perc":71.428571428571431,"total":7.0},"Alone":{"raw":1.0,"perc":14.285714285714285,"total":7.0}},"Police / Customs":{"Small Group (2-9)":{"raw":2.0,"perc":40.0,"total":5.0},"Not Applicable":{"raw":1.0,"perc":20.0,"total":5.0},"Hospital":{"raw":1.0,"perc":20.0,"total":5.0},"Various":{"raw":1.0,"perc":20.0,"total":5.0}},"Meditation":{"Alone":{"raw":2.0,"perc":100.0,"total":2.0}},"Dreams":{"Alone":{"raw":2.0,"perc":100.0,"total":2.0}},"OBE":{"Alone":{"raw":1.0,"perc":100.0,"total":1.0}},"Conferences":{"Alone":{"raw":1.0,"perc":100.0,"total":1.0}},"Endogenous":{"Small Group (2-9)":{"raw":1.0,"perc":100.0,"total":1.0}}},"Poppies - Opium":{"Drug Testing":{"Unknown Context":{"raw":1.0,"perc":50.0,"total":2.0},"Alone":{"raw":1.0,"perc":50.0,"total":2.0}},"Dreams":{"Alone":{"raw":1.0,"perc":100.0,"total":1.0}}},"Cannabis":{"Ritual":{"Small Group (2-9)":{"raw":1.0,"perc":33.333333333333329,"total":3.0},"Alone":{"raw":1.0,"perc":33.333333333333329,"total":3.0},"Festival / Lg. Crowd":{"raw":1.0,"perc":33.333333333333329,"total":3.0}},"Drug Testing":{"Alone":{"raw":1.0,"perc":4.0,"total":25.0},"Not Applicable":{"raw":20.0,"perc":80.0,"total":25.0},"Hospital":{"raw":1.0,"perc":4.0,"total":25.0},"Unknown Context":{"raw":2.0,"perc":8.0,"total":25.0},"Small Group (2-9)":{"raw":1.0,"perc":4.0,"total":25.0}},"Police / Customs":{"Alone":{"raw":3.0,"perc":20.0,"total":15.0},"Small Group (2-9)":{"raw":11.0,"perc":73.333333333333329,"total":15.0},"Various":{"raw":1.0,"perc":6.666666666666667,"total":15.0}},"Meditation":{"Small Group (2-9)":{"raw":4.0,"perc":36.363636363636367,"total":11.0},"Alone":{"raw":5.0,"perc":45.454545454545453,"total":11.0},"Various":{"raw":2.0,"perc":18.181818181818183,"total":11.0}},"Migraines":{"Various":{"raw":1.0,"perc":100.0,"total":1.0}},"OBE":{"Small Group (2-9)":{"raw":5.0,"perc":55.555555555555557,"total":9.0},"Alone":{"raw":2.0,"perc":22.222222222222221,"total":9.0},"Large Group (10+)":{"raw":1.0,"perc":11.111111111111111,"total":9.0},"Various":{"raw":1.0,"perc":11.111111111111111,"total":9.0}},"Devices":{"Alone":{"raw":2.0,"perc":100.0,"total":2.0}},"Devices - Mind Machine":{"Alone":{"raw":2.0,"perc":100.0,"total":2.0}},"Endogenous":{"Small Group (2-9)":{"raw":3.0,"perc":100.0,"total":3.0}},"Sleep Deprivation":{"Small Group (2-9)":{"raw":3.0,"perc":42.857142857142854,"total":7.0},"Various":{"raw":1.0,"perc":14.285714285714285,"total":7.0},"Alone":{"raw":3.0,"perc":42.857142857142854,"total":7.0}},"Dreams":{"Alone":{"raw":2.0,"perc":66.666666666666657,"total":3.0},"Not Applicable":{"raw":1.0,"perc":33.333333333333329,"total":3.0}},"Music":{"Various":{"raw":1.0,"perc":100.0,"total":1.0}},"Mindfulness":{"Small Group (2-9)":{"raw":1.0,"perc":100.0,"total":1.0}},"Breathing":{"Alone":{"raw":1.0,"perc":100.0,"total":1.0}},"Fasting":{"Alone":{"raw":1.0,"perc":100.0,"total":1.0}},"Yoga / Bodywork":{"Not Applicable":{"raw":1.0,"perc":100.0,"total":1.0}}},"MDMA":{"Ritual":{"Small Group (2-9)":{"raw":1.0,"perc":33.333333333333329,"total":3.0},"Festival / Lg. Crowd":{"raw":1.0,"perc":33.333333333333329,"total":3.0},"Rave / Dance Event":{"raw":1.0,"perc":33.333333333333329,"total":3.0}},"Migraines":{"Unknown Context":{"raw":3.0,"perc":60.0,"total":5.0},"Various":{"raw":1.0,"perc":20.0,"total":5.0},"Small Group (2-9)":{"raw":1.0,"perc":20.0,"total":5.0}},"Endogenous":{"Various":{"raw":1.0,"perc":100.0,"total":1.0}},"Dreams":{"Unknown Context":{"raw":2.0,"perc":66.666666666666657,"total":3.0},"Alone":{"raw":1.0,"perc":33.333333333333329,"total":3.0}},"Yoga / Bodywork":{"Alone":{"raw":1.0,"perc":16.666666666666664,"total":6.0},"Small Group (2-9)":{"raw":3.0,"perc":50.0,"total":6.0},"Unknown Context":{"raw":1.0,"perc":16.666666666666664,"total":6.0},"Festival / Lg. Crowd":{"raw":1.0,"perc":16.666666666666664,"total":6.0}},"OBE":{"Large Group (10+)":{"raw":1.0,"perc":33.333333333333329,"total":3.0},"Various":{"raw":1.0,"perc":33.333333333333329,"total":3.0},"Small Group (2-9)":{"raw":1.0,"perc":33.333333333333329,"total":3.0}},"Meditation":{"Small Group (2-9)":{"raw":2.0,"perc":28.571428571428569,"total":7.0},"Rave / Dance Event":{"raw":2.0,"perc":28.571428571428569,"total":7.0},"Alone":{"raw":2.0,"perc":28.571428571428569,"total":7.0},"Unknown Context":{"raw":1.0,"perc":14.285714285714285,"total":7.0}},"Police / Customs":{"Various":{"raw":2.0,"perc":33.333333333333329,"total":6.0},"Small Group (2-9)":{"raw":2.0,"perc":33.333333333333329,"total":6.0},"Rave / Dance Event":{"raw":2.0,"perc":33.333333333333329,"total":6.0}},"Guiding":{"Rave / Dance Event":{"raw":1.0,"perc":100.0,"total":1.0}},"Sleep Deprivation":{"Small Group (2-9)":{"raw":2.0,"perc":66.666666666666657,"total":3.0},"Various":{"raw":1.0,"perc":33.333333333333329,"total":3.0}},"Devices":{"Small Group (2-9)":{"raw":2.0,"perc":100.0,"total":2.0}},"Devices - Mind Machine":{"Small Group (2-9)":{"raw":1.0,"perc":100.0,"total":1.0}},"Music":{"Various":{"raw":1.0,"perc":100.0,"total":1.0}}},"Pharmaceuticals":{"Ritual":{"Small Group (2-9)":{"raw":1.0,"perc":100.0,"total":1.0}},"Dreams":{"Alone":{"raw":3.0,"perc":75.0,"total":4.0},"Not Applicable":{"raw":1.0,"perc":25.0,"total":4.0}},"Sleep Deprivation":{"Alone":{"raw":1.0,"perc":50.0,"total":2.0},"Small Group (2-9)":{"raw":1.0,"perc":50.0,"total":2.0}},"Police / Customs":{"Small Group (2-9)":{"raw":3.0,"perc":50.0,"total":6.0},"Alone":{"raw":2.0,"perc":33.333333333333329,"total":6.0},"Various":{"raw":1.0,"perc":16.666666666666664,"total":6.0}},"Migraines":{"Not Applicable":{"raw":1.0,"perc":100.0,"total":1.0}},"Endogenous":{"Not Applicable":{"raw":1.0,"perc":100.0,"total":1.0}}},"Pharms - Sildenafil":{"Ritual":{"Small Group (2-9)":{"raw":1.0,"perc":100.0,"total":1.0}}},"Stimulants":{"Ritual":{"Small Group (2-9)":{"raw":1.0,"perc":33.333333333333329,"total":3.0},"Festival / Lg. Crowd":{"raw":1.0,"perc":33.333333333333329,"total":3.0},"Rave / Dance Event":{"raw":1.0,"perc":33.333333333333329,"total":3.0}},"Migraines":{"Unknown Context":{"raw":3.0,"perc":60.0,"total":5.0},"Various":{"raw":1.0,"perc":20.0,"total":5.0},"Small Group (2-9)":{"raw":1.0,"perc":20.0,"total":5.0}},"Endogenous":{"Various":{"raw":1.0,"perc":100.0,"total":1.0}},"Dreams":{"Unknown Context":{"raw":2.0,"perc":66.666666666666657,"total":3.0},"Alone":{"raw":1.0,"perc":33.333333333333329,"total":3.0}},"Yoga / Bodywork":{"Alone":{"raw":1.0,"perc":16.666666666666664,"total":6.0},"Small Group (2-9)":{"raw":3.0,"perc":50.0,"total":6.0},"Unknown Context":{"raw":1.0,"perc":16.666666666666664,"total":6.0},"Festival / Lg. Crowd":{"raw":1.0,"perc":16.666666666666664,"total":6.0}},"OBE":{"Large Group (10+)":{"raw":1.0,"perc":25.0,"total":4.0},"Various":{"raw":1.0,"perc":25.0,"total":4.0},"Small Group (2-9)":{"raw":2.0,"perc":50.0,"total":4.0}},"Meditation":{"Small Group (2-9)":{"raw":2.0,"perc":25.0,"total":8.0},"Rave / Dance Event":{"raw":2.0,"perc":25.0,"total":8.0},"Alone":{"raw":3.0,"perc":37.5,"total":8.0},"Unknown Context":{"raw":1.0,"perc":12.5,"total":8.0}},"Police / Customs":{"Various":{"raw":2.0,"perc":33.333333333333329,"total":6.0},"Small Group (2-9)":{"raw":2.0,"perc":33.333333333333329,"total":6.0},"Rave / Dance Event":{"raw":2.0,"perc":33.333333333333329,"total":6.0}},"Guiding":{"Rave / Dance Event":{"raw":1.0,"perc":100.0,"total":1.0}},"Sleep Deprivation":{"Various":{"raw":4.0,"perc":30.76923076923077,"total":13.0},"Small Group (2-9)":{"raw":3.0,"perc":23.076923076923077,"total":13.0},"Alone":{"raw":4.0,"perc":30.76923076923077,"total":13.0},"Not Applicable":{"raw":2.0,"perc":15.384615384615385,"total":13.0}},"Breathing":{"Alone":{"raw":1.0,"perc":100.0,"total":1.0}},"Hyperventilation":{"Alone":{"raw":1.0,"perc":100.0,"total":1.0}},"Drug Testing":{"Not Applicable":{"raw":1.0,"perc":50.0,"total":2.0},"Hospital":{"raw":1.0,"perc":50.0,"total":2.0}},"Devices":{"Small Group (2-9)":{"raw":2.0,"perc":100.0,"total":2.0}},"Devices - Mind Machine":{"Small Group (2-9)":{"raw":1.0,"perc":100.0,"total":1.0}},"Music":{"Various":{"raw":1.0,"perc":100.0,"total":1.0}}},"DXM":{"Drug Testing":{"Alone":{"raw":6.0,"perc":9.2307692307692317,"total":65.0},"Not Applicable":{"raw":35.0,"perc":53.846153846153847,"total":65.0},"Unknown Context":{"raw":8.0,"perc":12.307692307692308,"total":65.0},"Hospital":{"raw":10.0,"perc":15.384615384615385,"total":65.0},"School":{"raw":1.0,"perc":1.5384615384615385,"total":65.0},"Various":{"raw":2.0,"perc":3.0769230769230771,"total":65.0},"Small Group (2-9)":{"raw":3.0,"perc":4.6153846153846159,"total":65.0}},"Police / Customs":{"School":{"raw":1.0,"perc":33.333333333333329,"total":3.0},"Rave / Dance Event":{"raw":1.0,"perc":33.333333333333329,"total":3.0},"Small Group (2-9)":{"raw":1.0,"perc":33.333333333333329,"total":3.0}},"Endogenous":{"Hospital":{"raw":1.0,"perc":33.333333333333329,"total":3.0},"Unknown Context":{"raw":2.0,"perc":66.666666666666657,"total":3.0}},"Dreams":{"Alone":{"raw":2.0,"perc":100.0,"total":2.0}},"Devices":{"Alone":{"raw":3.0,"perc":100.0,"total":3.0}},"Devices - Mind Machine":{"Alone":{"raw":3.0,"perc":100.0,"total":3.0}},"OBE":{"Alone":{"raw":2.0,"perc":66.666666666666657,"total":3.0},"Small Group (2-9)":{"raw":1.0,"perc":33.333333333333329,"total":3.0}},"Meditation":{"Various":{"raw":1.0,"perc":100.0,"total":1.0}},"Sleep Deprivation":{"Alone":{"raw":1.0,"perc":100.0,"total":1.0}},"Fasting":{"Small Group (2-9)":{"raw":1.0,"perc":100.0,"total":1.0}}},"PCP":{"Drug Testing":{"Alone":{"raw":1.0,"perc":100.0,"total":1.0}}},"Datura":{"OBE":{"Alone":{"raw":1.0,"perc":100.0,"total":1.0}},"Dreams":{"Small Group (2-9)":{"raw":2.0,"perc":50.0,"total":4.0},"Alone":{"raw":2.0,"perc":50.0,"total":4.0}},"Police / Customs":{"Small Group (2-9)":{"raw":4.0,"perc":44.444444444444443,"total":9.0},"Various":{"raw":2.0,"perc":22.222222222222221,"total":9.0},"Alone":{"raw":1.0,"perc":11.111111111111111,"total":9.0},"Hospital":{"raw":2.0,"perc":22.222222222222221,"total":9.0}}},"2C-B":{"Ritual":{"Festival / Lg. Crowd":{"raw":1.0,"perc":100.0,"total":1.0}},"OBE":{"Small Group (2-9)":{"raw":1.0,"perc":50.0,"total":2.0},"Alone":{"raw":1.0,"perc":50.0,"total":2.0}},"Police / Customs":{"Festival / Lg. Crowd":{"raw":1.0,"perc":50.0,"total":2.0},"Small Group (2-9)":{"raw":1.0,"perc":50.0,"total":2.0}},"Drug Testing":{"Not Applicable":{"raw":1.0,"perc":100.0,"total":1.0}},"Sleep Deprivation":{"Various":{"raw":1.0,"perc":100.0,"total":1.0}},"Music":{"Alone":{"raw":1.0,"perc":100.0,"total":1.0}},"Meditation":{"Small Group (2-9)":{"raw":2.0,"perc":100.0,"total":2.0}}},"Phenethylamine":{"Ritual":{"Festival / Lg. Crowd":{"raw":1.0,"perc":100.0,"total":1.0}},"OBE":{"Small Group (2-9)":{"raw":1.0,"perc":50.0,"total":2.0},"Alone":{"raw":1.0,"perc":50.0,"total":2.0}},"Migraines":{"Unknown Context":{"raw":1.0,"perc":100.0,"total":1.0}},"Police / Customs":{"Festival / Lg. Crowd":{"raw":1.0,"perc":14.285714285714285,"total":7.0},"Small Group (2-9)":{"raw":1.0,"perc":14.285714285714285,"total":7.0},"Unknown Context":{"raw":1.0,"perc":14.285714285714285,"total":7.0},"Hospital":{"raw":2.0,"perc":28.571428571428569,"total":7.0},"Alone":{"raw":1.0,"perc":14.285714285714285,"total":7.0},"Various":{"raw":1.0,"perc":14.285714285714285,"total":7.0}},"Floatation Tank":{"Alone":{"raw":1.0,"perc":100.0,"total":1.0}},"Meditation":{"Alone":{"raw":1.0,"perc":33.333333333333329,"total":3.0},"Small Group (2-9)":{"raw":2.0,"perc":66.666666666666657,"total":3.0}},"Drug Testing":{"Not Applicable":{"raw":1.0,"perc":50.0,"total":2.0},"Unknown Context":{"raw":1.0,"perc":50.0,"total":2.0}},"Sleep Deprivation":{"Various":{"raw":1.0,"perc":50.0,"total":2.0},"Unknown Context":{"raw":1.0,"perc":50.0,"total":2.0}},"Music":{"Alone":{"raw":1.0,"perc":100.0,"total":1.0}},"Yoga / Bodywork":{"Small Group (2-9)":{"raw":1.0,"perc":100.0,"total":1.0}}},"Tryptophan":{"Ritual":{"Festival / Lg. Crowd":{"raw":1.0,"perc":100.0,"total":1.0}},"Dreams":{"Alone":{"raw":6.0,"perc":100.0,"total":6.0}},"Sleep Deprivation":{"Not Applicable":{"raw":1.0,"perc":100.0,"total":1.0}}},"Salvia divinorum":{"Ritual":{"Rave / Dance Event":{"raw":1.0,"perc":33.333333333333329,"total":3.0},"Alone":{"raw":1.0,"perc":33.333333333333329,"total":3.0},"Various":{"raw":1.0,"perc":33.333333333333329,"total":3.0}},"Police / Customs":{"Various":{"raw":1.0,"perc":50.0,"total":2.0},"Not Applicable":{"raw":1.0,"perc":50.0,"total":2.0}},"OBE":{"Small Group (2-9)":{"raw":8.0,"perc":61.53846153846154,"total":13.0},"Alone":{"raw":4.0,"perc":30.76923076923077,"total":13.0},"Not Applicable":{"raw":1.0,"perc":7.6923076923076925,"total":13.0}},"Dreams":{"Small Group (2-9)":{"raw":2.0,"perc":28.571428571428569,"total":7.0},"Not Applicable":{"raw":4.0,"perc":57.142857142857139,"total":7.0},"Alone":{"raw":1.0,"perc":14.285714285714285,"total":7.0}},"Fasting":{"Alone":{"raw":4.0,"perc":100.0,"total":4.0}},"Meditation":{"Alone":{"raw":6.0,"perc":66.666666666666657,"total":9.0},"Small Group (2-9)":{"raw":3.0,"perc":33.333333333333329,"total":9.0}},"Yoga / Bodywork":{"Alone":{"raw":1.0,"perc":50.0,"total":2.0},"Small Group (2-9)":{"raw":1.0,"perc":50.0,"total":2.0}},"Endogenous":{"Alone":{"raw":2.0,"perc":100.0,"total":2.0}},"Devices":{"Small Group (2-9)":{"raw":1.0,"perc":20.0,"total":5.0},"Alone":{"raw":4.0,"perc":80.0,"total":5.0}},"Migraines":{"Alone":{"raw":1.0,"perc":100.0,"total":1.0}},"Nitrogen Narcosis":{"Various":{"raw":1.0,"perc":100.0,"total":1.0}},"Mindfulness":{"Small Group (2-9)":{"raw":1.0,"perc":100.0,"total":1.0}},"Devices - Mind Machine":{"Alone":{"raw":2.0,"perc":100.0,"total":2.0}}},"Calea zacatechichi":{"Dreams":{"Alone":{"raw":42.0,"perc":93.333333333333329,"total":45.0},"Small Group (2-9)":{"raw":3.0,"perc":6.666666666666667,"total":45.0}},"Meditation":{"Alone":{"raw":3.0,"perc":75.0,"total":4.0},"Small Group (2-9)":{"raw":1.0,"perc":25.0,"total":4.0}},"Devices":{"Alone":{"raw":1.0,"perc":100.0,"total":1.0}},"Devices - Mind Machine":{"Alone":{"raw":1.0,"perc":100.0,"total":1.0}}},"Pharms - Benzphetamine":{"Sleep Deprivation":{"Alone":{"raw":1.0,"perc":50.0,"total":2.0},"Various":{"raw":1.0,"perc":50.0,"total":2.0}}},"Mushrooms":{"Police / Customs":{"Small Group (2-9)":{"raw":14.0,"perc":70.0,"total":20.0},"Large Group (10+)":{"raw":1.0,"perc":5.0,"total":20.0},"Various":{"raw":4.0,"perc":20.0,"total":20.0},"Alone":{"raw":1.0,"perc":5.0,"total":20.0}},"Meditation":{"Various":{"raw":2.0,"perc":33.333333333333329,"total":6.0},"Alone":{"raw":3.0,"perc":50.0,"total":6.0},"Small Group (2-9)":{"raw":1.0,"perc":16.666666666666664,"total":6.0}},"Migraines":{"Not Applicable":{"raw":1.0,"perc":12.5,"total":8.0},"Unknown Context":{"raw":5.0,"perc":62.5,"total":8.0},"Small Group (2-9)":{"raw":1.0,"perc":12.5,"total":8.0},"Alone":{"raw":1.0,"perc":12.5,"total":8.0}},"Drug Testing":{"Small Group (2-9)":{"raw":1.0,"perc":100.0,"total":1.0}},"Devices":{"Alone":{"raw":2.0,"perc":100.0,"total":2.0}},"Guiding":{"Rave / Dance Event":{"raw":1.0,"perc":50.0,"total":2.0},"Small Group (2-9)":{"raw":1.0,"perc":50.0,"total":2.0}},"Sleep Deprivation":{"Small Group (2-9)":{"raw":1.0,"perc":100.0,"total":1.0}},"Devices - Mind Machine":{"Alone":{"raw":1.0,"perc":100.0,"total":1.0}},"Yoga / Bodywork":{"Small Group (2-9)":{"raw":3.0,"perc":50.0,"total":6.0},"Alone":{"raw":2.0,"perc":33.333333333333329,"total":6.0},"Not Applicable":{"raw":1.0,"perc":16.666666666666664,"total":6.0}},"OBE":{"Small Group (2-9)":{"raw":5.0,"perc":71.428571428571431,"total":7.0},"Various":{"raw":1.0,"perc":14.285714285714285,"total":7.0},"Alone":{"raw":1.0,"perc":14.285714285714285,"total":7.0}},"Fasting":{"Alone":{"raw":2.0,"perc":100.0,"total":2.0}},"Conferences":{"Various":{"raw":1.0,"perc":100.0,"total":1.0}},"Ritual":{"Small Group (2-9)":{"raw":2.0,"perc":100.0,"total":2.0}},"Chanting":{"Alone":{"raw":1.0,"perc":100.0,"total":1.0}},"Humor":{"Small Group (2-9)":{"raw":1.0,"perc":33.333333333333329,"total":3.0},"Various":{"raw":2.0,"perc":66.666666666666657,"total":3.0}},"Nitrogen Narcosis":{"Various":{"raw":1.0,"perc":100.0,"total":1.0}},"Dreams":{"Alone":{"raw":2.0,"perc":100.0,"total":2.0}},"Mindfulness":{"Various":{"raw":1.0,"perc":100.0,"total":1.0}}},"Nutmeg":{"Dreams":{"Alone":{"raw":3.0,"perc":100.0,"total":3.0}},"Meditation":{"Small Group (2-9)":{"raw":1.0,"perc":100.0,"total":1.0}},"Fasting":{"Alone":{"raw":1.0,"perc":100.0,"total":1.0}},"Devices":{"Alone":{"raw":1.0,"perc":100.0,"total":1.0}},"Devices - Mind Machine":{"Alone":{"raw":1.0,"perc":100.0,"total":1.0}}},"Yohimbe":{"Sleep Deprivation":{"Various":{"raw":1.0,"perc":100.0,"total":1.0}},"Dreams":{"Alone":{"raw":1.0,"perc":100.0,"total":1.0}},"Yoga / Bodywork":{"Small Group (2-9)":{"raw":1.0,"perc":100.0,"total":1.0}}},"Piperazines":{"Drug Testing":{"Unknown Context":{"raw":1.0,"perc":100.0,"total":1.0}},"Meditation":{"Alone":{"raw":1.0,"perc":50.0,"total":2.0},"Small Group (2-9)":{"raw":1.0,"perc":50.0,"total":2.0}},"Sleep Deprivation":{"Alone":{"raw":1.0,"perc":100.0,"total":1.0}},"Migraines":{"Small Group (2-9)":{"raw":1.0,"perc":100.0,"total":1.0}}},"Pharms - Sertraline":{"Sleep Deprivation":{"Alone":{"raw":1.0,"perc":100.0,"total":1.0}}},"SSRIs":{"Sleep Deprivation":{"Alone":{"raw":1.0,"perc":100.0,"total":1.0}},"Dreams":{"Alone":{"raw":2.0,"perc":66.666666666666657,"total":3.0},"Not Applicable":{"raw":1.0,"perc":33.333333333333329,"total":3.0}}},"Methamphetamine":{"Sleep Deprivation":{"Small Group (2-9)":{"raw":1.0,"perc":33.333333333333329,"total":3.0},"Various":{"raw":2.0,"perc":66.666666666666657,"total":3.0}},"Police / Customs":{"Small Group (2-9)":{"raw":1.0,"perc":25.0,"total":4.0},"Not Applicable":{"raw":1.0,"perc":25.0,"total":4.0},"Various":{"raw":1.0,"perc":25.0,"total":4.0},"Rave / Dance Event":{"raw":1.0,"perc":25.0,"total":4.0}},"Meditation":{"Alone":{"raw":1.0,"perc":100.0,"total":1.0}}},"Melatonin":{"Dreams":{"Alone":{"raw":40.0,"perc":88.888888888888886,"total":45.0},"Hospital":{"raw":1.0,"perc":2.2222222222222223,"total":45.0},"Small Group (2-9)":{"raw":3.0,"perc":6.666666666666667,"total":45.0},"Not Applicable":{"raw":1.0,"perc":2.2222222222222223,"total":45.0}},"Sleep Deprivation":{"Alone":{"raw":1.0,"perc":100.0,"total":1.0}}},"Harmala Alkaloids":{"Ritual":{"Alone":{"raw":2.0,"perc":22.222222222222221,"total":9.0},"Group Ceremony":{"raw":7.0,"perc":77.777777777777786,"total":9.0}},"Police / Customs":{"Small Group (2-9)":{"raw":1.0,"perc":33.333333333333329,"total":3.0},"Alone":{"raw":1.0,"perc":33.333333333333329,"total":3.0},"Not Applicable":{"raw":1.0,"perc":33.333333333333329,"total":3.0}},"Dreams":{"Unknown Context":{"raw":1.0,"perc":14.285714285714285,"total":7.0},"Small Group (2-9)":{"raw":3.0,"perc":42.857142857142854,"total":7.0},"Alone":{"raw":3.0,"perc":42.857142857142854,"total":7.0}},"Meditation":{"Alone":{"raw":3.0,"perc":100.0,"total":3.0}},"Conferences":{"Alone":{"raw":1.0,"perc":100.0,"total":1.0}},"Yoga / Bodywork":{"Alone":{"raw":1.0,"perc":100.0,"total":1.0}},"Sweating":{"Alone":{"raw":1.0,"perc":100.0,"total":1.0}},"Migraines":{"Alone":{"raw":1.0,"perc":100.0,"total":1.0}},"Mindfulness":{"Various":{"raw":1.0,"perc":100.0,"total":1.0}}},"Psychotria viridis":{"Ritual":{"Alone":{"raw":1.0,"perc":12.5,"total":8.0},"Group Ceremony":{"raw":7.0,"perc":87.5,"total":8.0}},"Police / Customs":{"Not Applicable":{"raw":1.0,"perc":100.0,"total":1.0}}},"Syrian Rue":{"Ritual":{"Alone":{"raw":2.0,"perc":100.0,"total":2.0}},"Meditation":{"Alone":{"raw":2.0,"perc":100.0,"total":2.0}},"Yoga / Bodywork":{"Alone":{"raw":1.0,"perc":100.0,"total":1.0}},"Police / Customs":{"Alone":{"raw":1.0,"perc":100.0,"total":1.0}},"Migraines":{"Alone":{"raw":1.0,"perc":100.0,"total":1.0}}},"Kava":{"Dreams":{"Alone":{"raw":3.0,"perc":75.0,"total":4.0},"Small Group (2-9)":{"raw":1.0,"perc":25.0,"total":4.0}},"OBE":{"Alone":{"raw":1.0,"perc":100.0,"total":1.0}},"Meditation":{"Alone":{"raw":1.0,"perc":100.0,"total":1.0}},"Devices":{"Alone":{"raw":1.0,"perc":100.0,"total":1.0}},"Devices - Mind Machine":{"Alone":{"raw":1.0,"perc":100.0,"total":1.0}}},"Ayahuasca":{"Yoga / Bodywork":{"Alone":{"raw":2.0,"perc":66.666666666666657,"total":3.0},"Small Group (2-9)":{"raw":1.0,"perc":33.333333333333329,"total":3.0}},"Dreams":{"Not Applicable":{"raw":1.0,"perc":100.0,"total":1.0}},"Meditation":{"Small Group (2-9)":{"raw":1.0,"perc":50.0,"total":2.0},"Group Ceremony":{"raw":1.0,"perc":50.0,"total":2.0}},"Ritual":{"Group Ceremony":{"raw":9.0,"perc":100.0,"total":9.0}}},"Diphenhydramine":{"Dreams":{"Alone":{"raw":4.0,"perc":100.0,"total":4.0}},"Police / Customs":{"Various":{"raw":1.0,"perc":33.333333333333329,"total":3.0},"Small Group (2-9)":{"raw":1.0,"perc":33.333333333333329,"total":3.0},"Hospital":{"raw":1.0,"perc":33.333333333333329,"total":3.0}},"Drug Testing":{"Hospital":{"raw":1.0,"perc":50.0,"total":2.0},"Not Applicable":{"raw":1.0,"perc":50.0,"total":2.0}}},"St. John's Wort":{"Dreams":{"Alone":{"raw":1.0,"perc":100.0,"total":1.0}}},"Valerian":{"Dreams":{"Alone":{"raw":17.0,"perc":85.0,"total":20.0},"Small Group (2-9)":{"raw":3.0,"perc":15.0,"total":20.0}},"OBE":{"Alone":{"raw":1.0,"perc":100.0,"total":1.0}},"Meditation":{"Alone":{"raw":1.0,"perc":100.0,"total":1.0}}},"Vitamin B-6":{"Dreams":{"Alone":{"raw":13.0,"perc":92.857142857142861,"total":14.0},"Small Group (2-9)":{"raw":1.0,"perc":7.1428571428571423,"total":14.0}},"OBE":{"Alone":{"raw":1.0,"perc":100.0,"total":1.0}}},"Caffeine":{"Sleep Deprivation":{"Various":{"raw":3.0,"perc":75.0,"total":4.0},"Alone":{"raw":1.0,"perc":25.0,"total":4.0}},"Dreams":{"Alone":{"raw":2.0,"perc":100.0,"total":2.0}},"Meditation":{"Alone":{"raw":3.0,"perc":100.0,"total":3.0}},"Devices":{"Alone":{"raw":1.0,"perc":100.0,"total":1.0}},"Devices - Mind Machine":{"Alone":{"raw":1.0,"perc":100.0,"total":1.0}},"Fasting":{"Various":{"raw":2.0,"perc":100.0,"total":2.0}},"Migraines":{"Not Applicable":{"raw":1.0,"perc":100.0,"total":1.0}},"Music":{"Alone":{"raw":1.0,"perc":100.0,"total":1.0}}},"Ephedrine":{"Sleep Deprivation":{"Various":{"raw":2.0,"perc":100.0,"total":2.0}},"Meditation":{"Alone":{"raw":1.0,"perc":100.0,"total":1.0}}},"Ginseng":{"Sleep Deprivation":{"Various":{"raw":1.0,"perc":100.0,"total":1.0}}},"Nitrous Oxide":{"OBE":{"Large Group (10+)":{"raw":1.0,"perc":20.0,"total":5.0},"Small Group (2-9)":{"raw":2.0,"perc":40.0,"total":5.0},"Alone":{"raw":1.0,"perc":20.0,"total":5.0},"Rave / Dance Event":{"raw":1.0,"perc":20.0,"total":5.0}},"Meditation":{"Small Group (2-9)":{"raw":1.0,"perc":25.0,"total":4.0},"Alone":{"raw":2.0,"perc":50.0,"total":4.0},"Hospital":{"raw":1.0,"perc":25.0,"total":4.0}},"Police / Customs":{"School":{"raw":1.0,"perc":100.0,"total":1.0}},"Devices":{"Alone":{"raw":3.0,"perc":100.0,"total":3.0}},"Devices - Mind Machine":{"Alone":{"raw":3.0,"perc":100.0,"total":3.0}},"Breathing":{"Small Group (2-9)":{"raw":1.0,"perc":100.0,"total":1.0}},"Hyperventilation":{"Small Group (2-9)":{"raw":1.0,"perc":100.0,"total":1.0}}},"Nicotine":{"Dreams":{"Alone":{"raw":2.0,"perc":100.0,"total":2.0}},"Sleep Deprivation":{"Alone":{"raw":1.0,"perc":100.0,"total":1.0}}},"Tobacco":{"Dreams":{"Alone":{"raw":3.0,"perc":100.0,"total":3.0}},"Sleep Deprivation":{"Small Group (2-9)":{"raw":1.0,"perc":50.0,"total":2.0},"Alone":{"raw":1.0,"perc":50.0,"total":2.0}},"Fasting":{"Various":{"raw":1.0,"perc":100.0,"total":1.0}}},"Pharms - Cyclobenzaprine":{"Sleep Deprivation":{"Various":{"raw":1.0,"perc":100.0,"total":1.0}}},"Pseudoephedrine":{"Drug Testing":{"Alone":{"raw":1.0,"perc":100.0,"total":1.0}}},"Hydrocodone":{"Dreams":{"Alone":{"raw":3.0,"perc":100.0,"total":3.0}},"Devices":{"Alone":{"raw":1.0,"perc":100.0,"total":1.0}},"Devices - Mind Machine":{"Alone":{"raw":1.0,"perc":100.0,"total":1.0}},"Drug Testing":{"Not Applicable":{"raw":1.0,"perc":100.0,"total":1.0}},"Humor":{"Small Group (2-9)":{"raw":1.0,"perc":100.0,"total":1.0}}},"Opioids":{"Dreams":{"Alone":{"raw":4.0,"perc":80.0,"total":5.0},"Hospital":{"raw":1.0,"perc":20.0,"total":5.0}},"Meditation":{"Alone":{"raw":1.0,"perc":50.0,"total":2.0},"Various":{"raw":1.0,"perc":50.0,"total":2.0}},"Drug Testing":{"Not Applicable":{"raw":4.0,"perc":44.444444444444443,"total":9.0},"School":{"raw":2.0,"perc":22.222222222222221,"total":9.0},"Hospital":{"raw":1.0,"perc":11.111111111111111,"total":9.0},"Military":{"raw":1.0,"perc":11.111111111111111,"total":9.0},"Various":{"raw":1.0,"perc":11.111111111111111,"total":9.0}},"Devices":{"Alone":{"raw":1.0,"perc":100.0,"total":1.0}},"Devices - Mind Machine":{"Alone":{"raw":1.0,"perc":100.0,"total":1.0}},"Police / Customs":{"Various":{"raw":1.0,"perc":100.0,"total":1.0}},"Endogenous":{"Small Group (2-9)":{"raw":1.0,"perc":100.0,"total":1.0}},"Humor":{"Small Group (2-9)":{"raw":1.0,"perc":100.0,"total":1.0}}},"Piracetam":{"Dreams":{"Alone":{"raw":1.0,"perc":100.0,"total":1.0}}},"Cocaine":{"Drug Testing":{"Not Applicable":{"raw":3.0,"perc":50.0,"total":6.0},"Hospital":{"raw":1.0,"perc":16.666666666666664,"total":6.0},"Alone":{"raw":1.0,"perc":16.666666666666664,"total":6.0},"Unknown Context":{"raw":1.0,"perc":16.666666666666664,"total":6.0}},"Police / Customs":{"Various":{"raw":1.0,"perc":50.0,"total":2.0},"Small Group (2-9)":{"raw":1.0,"perc":50.0,"total":2.0}}},"GBL":{"Breathing":{"Alone":{"raw":1.0,"perc":100.0,"total":1.0}}},"Lactuca spp.":{"Dreams":{"Alone":{"raw":2.0,"perc":100.0,"total":2.0}},"Police / Customs":{"Small Group (2-9)":{"raw":1.0,"perc":100.0,"total":1.0}}},"Alcohol":{"Police / Customs":{"Small Group (2-9)":{"raw":3.0,"perc":33.333333333333329,"total":9.0},"Various":{"raw":5.0,"perc":55.555555555555557,"total":9.0},"Alone":{"raw":1.0,"perc":11.111111111111111,"total":9.0}},"Meditation":{"Small Group (2-9)":{"raw":1.0,"perc":100.0,"total":1.0}},"Dreams":{"Alone":{"raw":2.0,"perc":66.666666666666657,"total":3.0},"Small Group (2-9)":{"raw":1.0,"perc":33.333333333333329,"total":3.0}},"Drug Testing":{"Various":{"raw":1.0,"perc":100.0,"total":1.0}},"Fasting":{"Hospital":{"raw":1.0,"perc":100.0,"total":1.0}},"Migraines":{"Alone":{"raw":1.0,"perc":100.0,"total":1.0}}},"AMT":{"Sleep Deprivation":{"Various":{"raw":2.0,"perc":100.0,"total":2.0}},"Meditation":{"Alone":{"raw":1.0,"perc":100.0,"total":1.0}},"Police / Customs":{"Alone":{"raw":1.0,"perc":25.0,"total":4.0},"Small Group (2-9)":{"raw":3.0,"perc":75.0,"total":4.0}},"Dreams":{"Alone":{"raw":1.0,"perc":100.0,"total":1.0}}},"4-AcO-DET":{"Meditation":{"Alone":{"raw":1.0,"perc":100.0,"total":1.0}},"Migraines":{"Various":{"raw":1.0,"perc":100.0,"total":1.0}}},"Ketamine":{"Police / Customs":{"Small Group (2-9)":{"raw":1.0,"perc":100.0,"total":1.0}},"OBE":{"Small Group (2-9)":{"raw":1.0,"perc":50.0,"total":2.0},"Alone":{"raw":1.0,"perc":50.0,"total":2.0}},"Conferences":{"Alone":{"raw":1.0,"perc":100.0,"total":1.0}},"Mindfulness":{"Alone":{"raw":1.0,"perc":100.0,"total":1.0}},"Meditation":{"Alone":{"raw":1.0,"perc":100.0,"total":1.0}}},"NMDA Antagonists":{"Police / Customs":{"Small Group (2-9)":{"raw":1.0,"perc":100.0,"total":1.0}},"OBE":{"Small Group (2-9)":{"raw":1.0,"perc":50.0,"total":2.0},"Alone":{"raw":1.0,"perc":50.0,"total":2.0}},"Conferences":{"Alone":{"raw":1.0,"perc":100.0,"total":1.0}},"Mindfulness":{"Alone":{"raw":1.0,"perc":100.0,"total":1.0}},"Meditation":{"Alone":{"raw":1.0,"perc":100.0,"total":1.0}}},"Opium":{"Police / Customs":{"Small Group (2-9)":{"raw":1.0,"perc":100.0,"total":1.0}},"Meditation":{"Alone":{"raw":1.0,"perc":100.0,"total":1.0}}},"Thujone":{"Meditation":{"Small Group (2-9)":{"raw":1.0,"perc":100.0,"total":1.0}}},"Unknown":{"Floatation Tank":{"Alone":{"raw":1.0,"perc":100.0,"total":1.0}},"Meditation":{"Alone":{"raw":1.0,"perc":100.0,"total":1.0}},"Humor":{"Small Group (2-9)":{"raw":1.0,"perc":100.0,"total":1.0}}},"5-MeO-DiPT":{"Migraines":{"Various":{"raw":1.0,"perc":100.0,"total":1.0}},"Dreams":{"Alone":{"raw":1.0,"perc":50.0,"total":2.0},"Small Group (2-9)":{"raw":1.0,"perc":50.0,"total":2.0}},"Police / Customs":{"Hospital":{"raw":1.0,"perc":100.0,"total":1.0}},"OBE":{"Small Group (2-9)":{"raw":1.0,"perc":100.0,"total":1.0}},"Drug Testing":{"Not Applicable":{"raw":1.0,"perc":100.0,"total":1.0}},"Yoga / Bodywork":{"Alone":{"raw":1.0,"perc":100.0,"total":1.0}}},"Cacti":{"Meditation":{"Alone":{"raw":1.0,"perc":33.333333333333329,"total":3.0},"Various":{"raw":1.0,"perc":33.333333333333329,"total":3.0},"Group Ceremony":{"raw":1.0,"perc":33.333333333333329,"total":3.0}},"Ritual":{"Festival / Lg. Crowd":{"raw":1.0,"perc":50.0,"total":2.0},"Group Ceremony":{"raw":1.0,"perc":50.0,"total":2.0}},"Yoga / Bodywork":{"Alone":{"raw":1.0,"perc":50.0,"total":2.0},"Group Ceremony":{"raw":1.0,"perc":50.0,"total":2.0}},"Drug Testing":{"Festival / Lg. Crowd":{"raw":1.0,"perc":100.0,"total":1.0}},"Fasting":{"Alone":{"raw":1.0,"perc":100.0,"total":1.0}}},"Dimenhydrinate":{"Police / Customs":{"Small Group (2-9)":{"raw":2.0,"perc":66.666666666666657,"total":3.0},"Various":{"raw":1.0,"perc":33.333333333333329,"total":3.0}}},"Adrafinil":{"Drug Testing":{"Not Applicable":{"raw":1.0,"perc":100.0,"total":1.0}}},"Morphine":{"Drug Testing":{"Not Applicable":{"raw":1.0,"perc":100.0,"total":1.0}}},"Heroin":{"Police / Customs":{"Not Applicable":{"raw":1.0,"perc":25.0,"total":4.0},"Hospital":{"raw":1.0,"perc":25.0,"total":4.0},"Various":{"raw":1.0,"perc":25.0,"total":4.0},"Small Group (2-9)":{"raw":1.0,"perc":25.0,"total":4.0}}},"Capsicum spp.":{"Meditation":{"Alone":{"raw":1.0,"perc":100.0,"total":1.0}}},"Hops":{"Meditation":{"Alone":{"raw":1.0,"perc":100.0,"total":1.0}},"Dreams":{"Alone":{"raw":2.0,"perc":100.0,"total":2.0}}},"Lecithin":{"Meditation":{"Alone":{"raw":1.0,"perc":100.0,"total":1.0}}},"Pharms - Oxycodone":{"Meditation":{"Alone":{"raw":1.0,"perc":50.0,"total":2.0},"Various":{"raw":1.0,"perc":50.0,"total":2.0}},"Drug Testing":{"Not Applicable":{"raw":4.0,"perc":57.142857142857139,"total":7.0},"School":{"raw":1.0,"perc":14.285714285714285,"total":7.0},"Military":{"raw":1.0,"perc":14.285714285714285,"total":7.0},"Various":{"raw":1.0,"perc":14.285714285714285,"total":7.0}},"Police / Customs":{"Various":{"raw":1.0,"perc":100.0,"total":1.0}},"Endogenous":{"Small Group (2-9)":{"raw":1.0,"perc":100.0,"total":1.0}}},"Skullcap":{"Meditation":{"Alone":{"raw":1.0,"perc":100.0,"total":1.0}},"Dreams":{"Alone":{"raw":1.0,"perc":100.0,"total":1.0}}},"Inhalants":{"Police / Customs":{"Various":{"raw":1.0,"perc":100.0,"total":1.0}},"OBE":{"Small Group (2-9)":{"raw":1.0,"perc":100.0,"total":1.0}}},"Pharms - Venlafaxine":{"Endogenous":{"Not Applicable":{"raw":1.0,"perc":100.0,"total":1.0}},"Dreams":{"Alone":{"raw":3.0,"perc":100.0,"total":3.0}},"Meditation":{"Various":{"raw":1.0,"perc":100.0,"total":1.0}},"Drug Testing":{"Not Applicable":{"raw":1.0,"perc":100.0,"total":1.0}}},"5-MeO-DMT":{"Ritual":{"Small Group (2-9)":{"raw":1.0,"perc":100.0,"total":1.0}},"Meditation":{"Various":{"raw":1.0,"perc":50.0,"total":2.0},"Small Group (2-9)":{"raw":1.0,"perc":50.0,"total":2.0}},"Dreams":{"Alone":{"raw":2.0,"perc":100.0,"total":2.0}},"Police / Customs":{"Small Group (2-9)":{"raw":1.0,"perc":33.333333333333329,"total":3.0},"Alone":{"raw":1.0,"perc":33.333333333333329,"total":3.0},"Various":{"raw":1.0,"perc":33.333333333333329,"total":3.0}},"Breathing":{"Alone":{"raw":1.0,"perc":100.0,"total":1.0}}},"2C-T-7":{"Migraines":{"Unknown Context":{"raw":1.0,"perc":100.0,"total":1.0}},"Police / Customs":{"Unknown Context":{"raw":1.0,"perc":100.0,"total":1.0}}},"Banisteriopsis caapi":{"Police / Customs":{"Small Group (2-9)":{"raw":1.0,"perc":50.0,"total":2.0},"Not Applicable":{"raw":1.0,"perc":50.0,"total":2.0}},"Dreams":{"Unknown Context":{"raw":1.0,"perc":50.0,"total":2.0},"Small Group (2-9)":{"raw":1.0,"perc":50.0,"total":2.0}},"Ritual":{"Group Ceremony":{"raw":7.0,"perc":100.0,"total":7.0}},"Mindfulness":{"Various":{"raw":1.0,"perc":100.0,"total":1.0}}},"Mimosa spp.":{"Dreams":{"Unknown Context":{"raw":1.0,"perc":100.0,"total":1.0}},"Yoga / Bodywork":{"Alone":{"raw":1.0,"perc":100.0,"total":1.0}}},"Ginkgo biloba":{"Migraines":{"Not Applicable":{"raw":1.0,"perc":100.0,"total":1.0}},"Dreams":{"Alone":{"raw":1.0,"perc":100.0,"total":1.0}}},"PMA":{"OBE":{"Various":{"raw":1.0,"perc":100.0,"total":1.0}}},"Anadenanthera spp.":{"OBE":{"Small Group (2-9)":{"raw":1.0,"perc":100.0,"total":1.0}},"Ritual":{"Alone":{"raw":1.0,"perc":100.0,"total":1.0}}},"Mugwort":{"Dreams":{"Alone":{"raw":11.0,"perc":84.615384615384613,"total":13.0},"Small Group (2-9)":{"raw":1.0,"perc":7.6923076923076925,"total":13.0},"Not Applicable":{"raw":1.0,"perc":7.6923076923076925,"total":13.0}},"Meditation":{"Alone":{"raw":2.0,"perc":100.0,"total":2.0}}},"Benzodiazepines":{"Police / Customs":{"Small Group (2-9)":{"raw":2.0,"perc":50.0,"total":4.0},"Alone":{"raw":1.0,"perc":25.0,"total":4.0},"Various":{"raw":1.0,"perc":25.0,"total":4.0}},"Sleep Deprivation":{"Festival / Lg. Crowd":{"raw":1.0,"perc":100.0,"total":1.0}},"Drug Testing":{"Not Applicable":{"raw":2.0,"perc":100.0,"total":2.0}},"Dreams":{"Alone":{"raw":1.0,"perc":100.0,"total":1.0}},"Endogenous":{"Not Applicable":{"raw":1.0,"perc":100.0,"total":1.0}}},"Pharms - Alprazolam":{"Police / Customs":{"Small Group (2-9)":{"raw":2.0,"perc":50.0,"total":4.0},"Alone":{"raw":1.0,"perc":25.0,"total":4.0},"Various":{"raw":1.0,"perc":25.0,"total":4.0}},"Dreams":{"Alone":{"raw":1.0,"perc":100.0,"total":1.0}}},"H.B. Woodrose":{"Ritual":{"Small Group (2-9)":{"raw":1.0,"perc":100.0,"total":1.0}},"Devices":{"Alone":{"raw":1.0,"perc":100.0,"total":1.0}},"Devices - Mind Machine":{"Alone":{"raw":1.0,"perc":100.0,"total":1.0}},"Sleep Deprivation":{"Large Group (10+)":{"raw":1.0,"perc":100.0,"total":1.0}},"Migraines":{"Not Applicable":{"raw":1.0,"perc":100.0,"total":1.0}}},"Modafinil":{"Sleep Deprivation":{"Various":{"raw":2.0,"perc":50.0,"total":4.0},"Small Group (2-9)":{"raw":1.0,"perc":25.0,"total":4.0},"Alone":{"raw":1.0,"perc":25.0,"total":4.0}},"OBE":{"Alone":{"raw":1.0,"perc":100.0,"total":1.0}}},"2C-I":{"Drug Testing":{"Not Applicable":{"raw":2.0,"perc":100.0,"total":2.0}},"Dreams":{"Small Group (2-9)":{"raw":1.0,"perc":50.0,"total":2.0},"Rave / Dance Event":{"raw":1.0,"perc":50.0,"total":2.0}},"Devices":{"Unknown Context":{"raw":1.0,"perc":100.0,"total":1.0}},"Devices - Mind Machine":{"Unknown Context":{"raw":1.0,"perc":100.0,"total":1.0}},"Sleep Deprivation":{"Alone":{"raw":1.0,"perc":100.0,"total":1.0}},"OBE":{"Alone":{"raw":1.0,"perc":50.0,"total":2.0},"Small Group (2-9)":{"raw":1.0,"perc":50.0,"total":2.0}},"Meditation":{"Alone":{"raw":2.0,"perc":100.0,"total":2.0}}},"Chlorpheniramine Maleate":{"Drug Testing":{"Unknown Context":{"raw":1.0,"perc":100.0,"total":1.0}},"Police / Customs":{"Small Group (2-9)":{"raw":1.0,"perc":100.0,"total":1.0}}},"Methadone":{"Drug Testing":{"Not Applicable":{"raw":1.0,"perc":100.0,"total":1.0}}},"Pharms - Quetiapine":{"Devices":{"Alone":{"raw":1.0,"perc":100.0,"total":1.0}},"Devices - Mind Machine":{"Alone":{"raw":1.0,"perc":100.0,"total":1.0}}},"Amphetamines":{"Sleep Deprivation":{"Various":{"raw":3.0,"perc":25.0,"total":12.0},"Small Group (2-9)":{"raw":2.0,"perc":16.666666666666664,"total":12.0},"Alone":{"raw":4.0,"perc":33.333333333333329,"total":12.0},"Not Applicable":{"raw":3.0,"perc":25.0,"total":12.0}},"Breathing":{"Alone":{"raw":1.0,"perc":100.0,"total":1.0}},"Hyperventilation":{"Alone":{"raw":1.0,"perc":100.0,"total":1.0}},"Drug Testing":{"Not Applicable":{"raw":1.0,"perc":50.0,"total":2.0},"Hospital":{"raw":1.0,"perc":50.0,"total":2.0}},"Meditation":{"Alone":{"raw":1.0,"perc":100.0,"total":1.0}},"OBE":{"Small Group (2-9)":{"raw":1.0,"perc":100.0,"total":1.0}}},"Damiana":{"Dreams":{"Alone":{"raw":2.0,"perc":100.0,"total":2.0}},"Meditation":{"Alone":{"raw":2.0,"perc":100.0,"total":2.0}}},"Hydromorphone":{"Dreams":{"Hospital":{"raw":1.0,"perc":50.0,"total":2.0},"Alone":{"raw":1.0,"perc":50.0,"total":2.0}},"Drug Testing":{"School":{"raw":1.0,"perc":50.0,"total":2.0},"Hospital":{"raw":1.0,"perc":50.0,"total":2.0}}},"Heimia salicifolia":{"Dreams":{"Unknown Context":{"raw":1.0,"perc":25.0,"total":4.0},"Alone":{"raw":2.0,"perc":50.0,"total":4.0},"Various":{"raw":1.0,"perc":25.0,"total":4.0}}},"Pharms - Paroxetine":{"Dreams":{"Alone":{"raw":2.0,"perc":66.666666666666657,"total":3.0},"Not Applicable":{"raw":1.0,"perc":33.333333333333329,"total":3.0}}},"Pharms - Corticosteroid":{"Sleep Deprivation":{"Alone":{"raw":1.0,"perc":100.0,"total":1.0}}},"Pharms - Prednisone":{"Sleep Deprivation":{"Alone":{"raw":1.0,"perc":100.0,"total":1.0}}},"Pharms - Tramadol":{"Dreams":{"Various":{"raw":1.0,"perc":100.0,"total":1.0}}},"Mandrake":{"Dreams":{"Alone":{"raw":1.0,"perc":100.0,"total":1.0}}},"GHB":{"Devices":{"Alone":{"raw":1.0,"perc":100.0,"total":1.0}},"Devices - Mind Machine":{"Alone":{"raw":1.0,"perc":100.0,"total":1.0}},"Sleep Deprivation":{"Hospital":{"raw":1.0,"perc":100.0,"total":1.0}}},"Amanitas":{"Ritual":{"Small Group (2-9)":{"raw":1.0,"perc":100.0,"total":1.0}},"Meditation":{"Small Group (2-9)":{"raw":1.0,"perc":50.0,"total":2.0},"Alone":{"raw":1.0,"perc":50.0,"total":2.0}},"Sleep Deprivation":{"Small Group (2-9)":{"raw":1.0,"perc":100.0,"total":1.0}},"Dreams":{"Alone":{"raw":1.0,"perc":100.0,"total":1.0}},"Sweating":{"Alone":{"raw":1.0,"perc":100.0,"total":1.0}}},"DMT":{"Dreams":{"Alone":{"raw":1.0,"perc":50.0,"total":2.0},"Small Group (2-9)":{"raw":1.0,"perc":50.0,"total":2.0}},"Breathing":{"Small Group (2-9)":{"raw":1.0,"perc":50.0,"total":2.0},"Alone":{"raw":1.0,"perc":50.0,"total":2.0}},"Hyperventilation":{"Small Group (2-9)":{"raw":1.0,"perc":100.0,"total":1.0}},"Meditation":{"Small Group (2-9)":{"raw":1.0,"perc":100.0,"total":1.0}},"Mindfulness":{"Various":{"raw":1.0,"perc":100.0,"total":1.0}}},"4-AcO-MiPT":{"Breathing":{"Large Group (10+)":{"raw":1.0,"perc":100.0,"total":1.0}}},"Pharms - Zaleplon":{"Dreams":{"Alone":{"raw":1.0,"perc":100.0,"total":1.0}},"Meditation":{"Alone":{"raw":1.0,"perc":100.0,"total":1.0}}},"DMAE":{"Dreams":{"Various":{"raw":2.0,"perc":66.666666666666657,"total":3.0},"Alone":{"raw":1.0,"perc":33.333333333333329,"total":3.0}},"Sleep Deprivation":{"Hospital":{"raw":1.0,"perc":100.0,"total":1.0}}},"Pharms - Butorphanol":{"Dreams":{"Unknown Context":{"raw":1.0,"perc":100.0,"total":1.0}}},"Catnip":{"Dreams":{"Alone":{"raw":2.0,"perc":100.0,"total":2.0}},"Sleep Deprivation":{"Alone":{"raw":1.0,"perc":100.0,"total":1.0}}},"Pharms - Promethazine":{"Dreams":{"Various":{"raw":1.0,"perc":100.0,"total":1.0}}},"Kratom":{"Meditation":{"Alone":{"raw":2.0,"perc":100.0,"total":2.0}},"Police / Customs":{"Not Applicable":{"raw":1.0,"perc":100.0,"total":1.0}},"Dreams":{"Alone":{"raw":1.0,"perc":100.0,"total":1.0}}},"Lotus/Lily":{"OBE":{"Alone":{"raw":1.0,"perc":100.0,"total":1.0}},"Meditation":{"Various":{"raw":1.0,"perc":100.0,"total":1.0}}},"Pharms - Lorazepam":{"Sleep Deprivation":{"Small Group (2-9)":{"raw":1.0,"perc":100.0,"total":1.0}}},"Absinthe":{"Devices":{"Alone":{"raw":1.0,"perc":100.0,"total":1.0}},"Devices - Mind Machine":{"Alone":{"raw":1.0,"perc":100.0,"total":1.0}}},"Pharms - Amitriptyline":{"Dreams":{"Alone":{"raw":1.0,"perc":100.0,"total":1.0}},"OBE":{"Small Group (2-9)":{"raw":1.0,"perc":100.0,"total":1.0}}},"Codeine":{"OBE":{"Alone":{"raw":1.0,"perc":100.0,"total":1.0}},"Conferences":{"Alone":{"raw":1.0,"perc":100.0,"total":1.0}},"Dreams":{"Alone":{"raw":1.0,"perc":100.0,"total":1.0}}},"Pharms - Carisoprodol":{"Migraines":{"Unknown Context":{"raw":1.0,"perc":100.0,"total":1.0}}},"Lobelia spp.":{"Meditation":{"Small Group (2-9)":{"raw":1.0,"perc":100.0,"total":1.0}}},"Vinpocetine":{"Sleep Deprivation":{"Hospital":{"raw":1.0,"perc":100.0,"total":1.0}}},"Mescaline":{"OBE":{"Small Group (2-9)":{"raw":1.0,"perc":100.0,"total":1.0}},"Meditation":{"Various":{"raw":1.0,"perc":100.0,"total":1.0}},"Police / Customs":{"Rave / Dance Event":{"raw":1.0,"perc":100.0,"total":1.0}},"Drug Testing":{"Festival / Lg. Crowd":{"raw":1.0,"perc":100.0,"total":1.0}}},"Pharms - Zolpidem":{"Police / Customs":{"Hospital":{"raw":1.0,"perc":33.333333333333329,"total":3.0},"Various":{"raw":1.0,"perc":33.333333333333329,"total":3.0},"Alone":{"raw":1.0,"perc":33.333333333333329,"total":3.0}},"Drug Testing":{"Not Applicable":{"raw":2.0,"perc":100.0,"total":2.0}}},"Pharms - Escitalopram":{"OBE":{"Various":{"raw":1.0,"perc":100.0,"total":1.0}},"Dreams":{"Alone":{"raw":1.0,"perc":100.0,"total":1.0}}},"Pharms - Mefloquine":{"Dreams":{"Alone":{"raw":1.0,"perc":100.0,"total":1.0}}},"Coleus":{"Dreams":{"Alone":{"raw":4.0,"perc":80.0,"total":5.0},"Small Group (2-9)":{"raw":1.0,"perc":20.0,"total":5.0}}},"Yerba Mate":{"Meditation":{"Alone":{"raw":1.0,"perc":100.0,"total":1.0}},"Yoga / Bodywork":{"Alone":{"raw":1.0,"perc":100.0,"total":1.0}}},"Pharms - Lithium":{"Police / Customs":{"Alone":{"raw":1.0,"perc":100.0,"total":1.0}}},"2C-E":{"Floatation Tank":{"Alone":{"raw":1.0,"perc":100.0,"total":1.0}},"Meditation":{"Alone":{"raw":1.0,"perc":100.0,"total":1.0}},"Drug Testing":{"Unknown Context":{"raw":1.0,"perc":100.0,"total":1.0}},"Police / Customs":{"Hospital":{"raw":1.0,"perc":50.0,"total":2.0},"Various":{"raw":1.0,"perc":50.0,"total":2.0}},"Yoga / Bodywork":{"Small Group (2-9)":{"raw":1.0,"perc":100.0,"total":1.0}}},"Pharms - Atomoxetine":{"Dreams":{"Alone":{"raw":1.0,"perc":100.0,"total":1.0}}},"Pharms - Diazepam":{"Police / Customs":{"Alone":{"raw":1.0,"perc":100.0,"total":1.0}},"Sleep Deprivation":{"Festival / Lg. Crowd":{"raw":1.0,"perc":100.0,"total":1.0}},"Drug Testing":{"Not Applicable":{"raw":1.0,"perc":100.0,"total":1.0}},"Endogenous":{"Not Applicable":{"raw":1.0,"perc":100.0,"total":1.0}}},"Calamus":{"Dreams":{"Alone":{"raw":1.0,"perc":100.0,"total":1.0}}},"Brugmansia":{"Police / Customs":{"Small Group (2-9)":{"raw":2.0,"perc":33.333333333333329,"total":6.0},"Alone":{"raw":2.0,"perc":33.333333333333329,"total":6.0},"Hospital":{"raw":1.0,"perc":16.666666666666664,"total":6.0},"Various":{"raw":1.0,"perc":16.666666666666664,"total":6.0}},"Dreams":{"Small Group (2-9)":{"raw":1.0,"perc":100.0,"total":1.0}}},"Pharms - Mirtazapine":{"Dreams":{"Alone":{"raw":5.0,"perc":100.0,"total":5.0}}},"Voacanga africana":{"Dreams":{"Alone":{"raw":1.0,"perc":100.0,"total":1.0}}},"Peyote":{"Ritual":{"Group Ceremony":{"raw":1.0,"perc":100.0,"total":1.0}},"Sweating":{"Group Ceremony":{"raw":1.0,"perc":100.0,"total":1.0}}},"Stipa robusta":{"OBE":{"Alone":{"raw":1.0,"perc":100.0,"total":1.0}}},"Passion Flower":{"Dreams":{"Small Group (2-9)":{"raw":2.0,"perc":40.0,"total":5.0},"Alone":{"raw":3.0,"perc":60.0,"total":5.0}},"Conferences":{"Alone":{"raw":1.0,"perc":100.0,"total":1.0}},"Meditation":{"Alone":{"raw":1.0,"perc":100.0,"total":1.0}},"Sweating":{"Alone":{"raw":1.0,"perc":100.0,"total":1.0}}},"Chamomile":{"Conferences":{"Alone":{"raw":1.0,"perc":100.0,"total":1.0}}},"Pharms - Phenytoin":{"Dreams":{"Alone":{"raw":1.0,"perc":100.0,"total":1.0}},"Endogenous":{"Not Applicable":{"raw":1.0,"perc":100.0,"total":1.0}}},"Pharms - Zopiclone":{"Dreams":{"Alone":{"raw":2.0,"perc":100.0,"total":2.0}}},"Sceletium tortuosum":{"Dreams":{"Alone":{"raw":1.0,"perc":100.0,"total":1.0}}},"2C-T-2":{"Meditation":{"Alone":{"raw":1.0,"perc":100.0,"total":1.0}},"OBE":{"Small Group (2-9)":{"raw":1.0,"perc":100.0,"total":1.0}}},"Wormwood":{"Dreams":{"Alone":{"raw":2.0,"perc":100.0,"total":2.0}}},"Leonotis leonurus":{"Meditation":{"Alone":{"raw":1.0,"perc":100.0,"total":1.0}},"Dreams":{"Alone":{"raw":1.0,"perc":100.0,"total":1.0}}},"Pharms - Fluoxetine":{"Dreams":{"Alone":{"raw":1.0,"perc":100.0,"total":1.0}}},"Vitamins - Niacin":{"Drug Testing":{"Various":{"raw":1.0,"perc":100.0,"total":1.0}}},"Scopolamine":{"Police / Customs":{"Alone":{"raw":1.0,"perc":100.0,"total":1.0}}},"DOC":{"Meditation":{"Alone":{"raw":1.0,"perc":100.0,"total":1.0}},"Police / Customs":{"Small Group (2-9)":{"raw":1.0,"perc":100.0,"total":1.0}}},"LSA":{"Ritual":{"Alone":{"raw":1.0,"perc":100.0,"total":1.0}},"Yoga / Bodywork":{"Alone":{"raw":1.0,"perc":50.0,"total":2.0},"Small Group (2-9)":{"raw":1.0,"perc":50.0,"total":2.0}},"Sleep Deprivation":{"Small Group (2-9)":{"raw":1.0,"perc":100.0,"total":1.0}}},"Pharms - Propylhexedrine":{"Sleep Deprivation":{"Various":{"raw":1.0,"perc":100.0,"total":1.0}}},"Moclobemide":{"Yoga / Bodywork":{"Alone":{"raw":1.0,"perc":100.0,"total":1.0}}},"Carbogen":{"Breathing":{"Alone":{"raw":1.0,"perc":16.666666666666664,"total":6.0},"Small Group (2-9)":{"raw":3.0,"perc":50.0,"total":6.0},"Hospital":{"raw":1.0,"perc":16.666666666666664,"total":6.0},"Large Group (10+)":{"raw":1.0,"perc":16.666666666666664,"total":6.0}},"Hyperventilation":{"Alone":{"raw":1.0,"perc":100.0,"total":1.0}}},"DOM":{"Dreams":{"Alone":{"raw":1.0,"perc":100.0,"total":1.0}},"Fasting":{"Alone":{"raw":1.0,"perc":100.0,"total":1.0}}},"4-AcO-DiPT":{"OBE":{"Small Group (2-9)":{"raw":1.0,"perc":100.0,"total":1.0}}},"4-HO-DiPT":{"Dreams":{"Alone":{"raw":1.0,"perc":100.0,"total":1.0}}},"4-HO-DET":{"Meditation":{"Various":{"raw":1.0,"perc":100.0,"total":1.0}}},"Pharms - Clonidine":{"Meditation":{"Various":{"raw":1.0,"perc":100.0,"total":1.0}}},"Pharms - Fentanyl":{"Migraines":{"Small Group (2-9)":{"raw":1.0,"perc":100.0,"total":1.0}}},"Piperazines - pFPP":{"Meditation":{"Small Group (2-9)":{"raw":1.0,"perc":100.0,"total":1.0}}},"DET":{"OBE":{"Small Group (2-9)":{"raw":1.0,"perc":100.0,"total":1.0}}},"Pharms - Buprenorphine":{"Dreams":{"Not Applicable":{"raw":1.0,"perc":100.0,"total":1.0}}},"DOB":{"Sleep Deprivation":{"Various":{"raw":1.0,"perc":100.0,"total":1.0}}},"Acetaminophen":{"Music":{"Alone":{"raw":1.0,"perc":100.0,"total":1.0}}},"Acacia":{"Breathing":{"Small Group (2-9)":{"raw":1.0,"perc":100.0,"total":1.0}},"Hyperventilation":{"Small Group (2-9)":{"raw":1.0,"perc":100.0,"total":1.0}}},"2C-G-N":{"Sleep Deprivation":{"Unknown Context":{"raw":1.0,"perc":100.0,"total":1.0}}},"Naltrexone":{"Dreams":{"Not Applicable":{"raw":1.0,"perc":100.0,"total":1.0}}},"Pharms - Buspirone":{"Drug Testing":{"Not Applicable":{"raw":1.0,"perc":100.0,"total":1.0}}},"Pharms - Clonazepam":{"Police / Customs":{"Small Group (2-9)":{"raw":1.0,"perc":100.0,"total":1.0}},"Endogenous":{"Not Applicable":{"raw":1.0,"perc":100.0,"total":1.0}}},"DOI":{"Meditation":{"Alone":{"raw":1.0,"perc":100.0,"total":1.0}}},"Cheese - Blue":{"Dreams":{"Alone":{"raw":2.0,"perc":100.0,"total":2.0}},"Humor":{"Alone":{"raw":1.0,"perc":100.0,"total":1.0}}},"Silene capensis":{"Dreams":{"Alone":{"raw":12.0,"perc":92.3076923076923,"total":13.0},"Not Applicable":{"raw":1.0,"perc":7.6923076923076925,"total":13.0}}},"MDA":{"Migraines":{"Small Group (2-9)":{"raw":1.0,"perc":100.0,"total":1.0}}},"Pharms - Aripiprazole":{"Endogenous":{"Alone":{"raw":1.0,"perc":100.0,"total":1.0}}},"Methylone":{"OBE":{"Small Group (2-9)":{"raw":1.0,"perc":100.0,"total":1.0}},"Sleep Deprivation":{"Various":{"raw":1.0,"perc":100.0,"total":1.0}},"Breathing":{"Alone":{"raw":1.0,"perc":100.0,"total":1.0}}},"4-AcO-DMT":{"Police / Customs":{"Not Applicable":{"raw":1.0,"perc":100.0,"total":1.0}},"Mindfulness":{"Alone":{"raw":1.0,"perc":100.0,"total":1.0}}},"Lisdexamfetamine":{"Sleep Deprivation":{"Not Applicable":{"raw":1.0,"perc":100.0,"total":1.0}}},"Turbina corymbosa":{"Migraines":{"Not Applicable":{"raw":1.0,"perc":100.0,"total":1.0}}},"MDPV":{"Drug Testing":{"Alone":{"raw":1.0,"perc":100.0,"total":1.0}},"Sleep Deprivation":{"Various":{"raw":1.0,"perc":100.0,"total":1.0}}},"Pharms - Olanzapine":{"Migraines":{"Unknown Context":{"raw":1.0,"perc":100.0,"total":1.0}}},"4-Methylmethcathinone":{"Sleep Deprivation":{"Small Group (2-9)":{"raw":1.0,"perc":33.333333333333329,"total":3.0},"Unknown Context":{"raw":2.0,"perc":66.666666666666657,"total":3.0}}},"Cannabinoid Receptor Agonists":{"Police / Customs":{"Small Group (2-9)":{"raw":1.0,"perc":100.0,"total":1.0}},"Conferences":{"Small Group (2-9)":{"raw":1.0,"perc":100.0,"total":1.0}}},"JWH-018":{"Police / Customs":{"Small Group (2-9)":{"raw":1.0,"perc":100.0,"total":1.0}}},"Pharms - Methylphenidate":{"Sleep Deprivation":{"Alone":{"raw":1.0,"perc":100.0,"total":1.0}}},"5-MeO-DALT":{"Sleep Deprivation":{"Small Group (2-9)":{"raw":1.0,"perc":100.0,"total":1.0}}},"2C-D":{"Police / Customs":{"Alone":{"raw":1.0,"perc":100.0,"total":1.0}}},"AB-FUBINACA":{"Drug Testing":{"Alone":{"raw":1.0,"perc":100.0,"total":1.0}}},"Products - Spice and Synthetic Cannabinoids":{"Drug Testing":{"Alone":{"raw":1.0,"perc":100.0,"total":1.0}}},"2C-P":{"Police / Customs":{"Hospital":{"raw":1.0,"perc":100.0,"total":1.0}}},"4-MeO-PCP":{"Sound (non-music)":{"Alone":{"raw":1.0,"perc":100.0,"total":1.0}}},"Products - Bath Salts, Plant Food, etc":{"Sleep Deprivation":{"Alone":{"raw":1.0,"perc":100.0,"total":1.0}}},"Vitamins - Choline":{"Dreams":{"Alone":{"raw":1.0,"perc":100.0,"total":1.0}}},"MDAI":{"Chanting":{"Alone":{"raw":1.0,"perc":100.0,"total":1.0}}},"25I-NBOMe":{"OBE":{"Alone":{"raw":1.0,"perc":100.0,"total":1.0}}},"NBOMe Series":{"OBE":{"Alone":{"raw":1.0,"perc":100.0,"total":1.0}},"Police / Customs":{"Small Group (2-9)":{"raw":1.0,"perc":100.0,"total":1.0}}},"Ibogaine":{"Dreams":{"Small Group (2-9)":{"raw":1.0,"perc":100.0,"total":1.0}}},"Tabernanthe iboga":{"Dreams":{"Small Group (2-9)":{"raw":1.0,"perc":100.0,"total":1.0}},"Meditation":{"Small Group (2-9)":{"raw":1.0,"perc":100.0,"total":1.0}}},"Methoxphenidine":{"OBE":{"Small Group (2-9)":{"raw":1.0,"perc":100.0,"total":1.0}}},"25C-NBOMe":{"Police / Customs":{"Small Group (2-9)":{"raw":1.0,"perc":100.0,"total":1.0}}},"Entada rheedii":{"Dreams":{"Alone":{"raw":1.0,"perc":100.0,"total":1.0}}},"Coca":{"Police / Customs":{"Various":{"raw":1.0,"perc":100.0,"total":1.0}}},"Oxygen":{"Breathing":{"Alone":{"raw":1.0,"perc":100.0,"total":1.0}},"Hyperventilation":{"Alone":{"raw":1.0,"perc":100.0,"total":1.0}}},"3F-Phenmetrazine":{"Sleep Deprivation":{"Alone":{"raw":1.0,"perc":100.0,"total":1.0}}},"Prazosin":{"Dreams":{"Alone":{"raw":1.0,"perc":100.0,"total":1.0}}}}