{"Morning Glory":{"Drug Testing":{"Not-Specified":{"raw":1.0,"perc":100.0,"total":1.0}},"Floatation Tank":{"Male":{"raw":1.0,"perc":100.0,"total":1.0}},"Dreams":{"Male":{"raw":2.0,"perc":100.0,"total":2.0}},"Meditation":{"Male":{"raw":3.0,"perc":75.0,"total":4.0},"Female":{"raw":1.0,"perc":25.0,"total":4.0}},"Migraines":{"Male":{"raw":2.0,"perc":100.0,"total":2.0}},"Devices":{"Male":{"raw":1.0,"perc":100.0,"total":1.0}},"Fasting":{"Male":{"raw":1.0,"perc":100.0,"total":1.0}},"Ritual":{"Female":{"raw":1.0,"perc":100.0,"total":1.0}},"Yoga / Bodywork":{"Male":{"raw":1.0,"perc":100.0,"total":1.0}}},"Various":{"Sleep Deprivation":{"Not-Specified":{"raw":2.0,"perc":8.695652173913043,"total":23.0},"Male":{"raw":18.0,"perc":78.260869565217391,"total":23.0},"Female":{"raw":3.0,"perc":13.043478260869565,"total":23.0}},"Police / Customs":{"Male":{"raw":22.0,"perc":81.481481481481481,"total":27.0},"Female":{"raw":5.0,"perc":18.518518518518519,"total":27.0}},"Endogenous":{"Male":{"raw":2.0,"perc":100.0,"total":2.0}},"Yoga / Bodywork":{"Male":{"raw":2.0,"perc":66.666666666666657,"total":3.0},"Not-Specified":{"raw":1.0,"perc":33.333333333333329,"total":3.0}},"Ritual":{"Male":{"raw":3.0,"perc":75.0,"total":4.0},"Female":{"raw":1.0,"perc":25.0,"total":4.0}},"Meditation":{"Male":{"raw":13.0,"perc":86.666666666666671,"total":15.0},"Not-Specified":{"raw":1.0,"perc":6.666666666666667,"total":15.0},"Female":{"raw":1.0,"perc":6.666666666666667,"total":15.0}},"Fasting":{"Male":{"raw":5.0,"perc":71.428571428571431,"total":7.0},"Female":{"raw":2.0,"perc":28.571428571428569,"total":7.0}},"Migraines":{"Male":{"raw":2.0,"perc":100.0,"total":2.0}},"OBE":{"Not-Specified":{"raw":1.0,"perc":33.333333333333329,"total":3.0},"Male":{"raw":2.0,"perc":66.666666666666657,"total":3.0}},"Mindfulness":{"Male":{"raw":1.0,"perc":33.333333333333329,"total":3.0},"Female":{"raw":2.0,"perc":66.666666666666657,"total":3.0}},"Dreams":{"Male":{"raw":5.0,"perc":71.428571428571431,"total":7.0},"Not-Specified":{"raw":1.0,"perc":14.285714285714285,"total":7.0},"Female":{"raw":1.0,"perc":14.285714285714285,"total":7.0}},"Devices":{"Male":{"raw":1.0,"perc":100.0,"total":1.0}},"Devices - Mind Machine":{"Male":{"raw":1.0,"perc":100.0,"total":1.0}},"Conferences":{"Male":{"raw":1.0,"perc":100.0,"total":1.0}},"Drug Testing":{"Male":{"raw":4.0,"perc":80.0,"total":5.0},"Female":{"raw":1.0,"perc":20.0,"total":5.0}},"Music":{"Male":{"raw":1.0,"perc":100.0,"total":1.0}},"Nitrogen Narcosis":{"Male":{"raw":1.0,"perc":100.0,"total":1.0}},"Humor":{"Male":{"raw":2.0,"perc":100.0,"total":2.0}}},"LSD":{"OBE":{"Not-Specified":{"raw":1.0,"perc":25.0,"total":4.0},"Male":{"raw":3.0,"perc":75.0,"total":4.0}},"Endogenous":{"Male":{"raw":1.0,"perc":100.0,"total":1.0}},"Police / Customs":{"Male":{"raw":18.0,"perc":94.73684210526315,"total":19.0},"Female":{"raw":1.0,"perc":5.2631578947368416,"total":19.0}},"Yoga / Bodywork":{"Male":{"raw":5.0,"perc":55.555555555555557,"total":9.0},"Not-Specified":{"raw":1.0,"perc":11.111111111111111,"total":9.0},"Female":{"raw":3.0,"perc":33.333333333333329,"total":9.0}},"Migraines":{"Male":{"raw":2.0,"perc":66.666666666666657,"total":3.0},"Not-Specified":{"raw":1.0,"perc":33.333333333333329,"total":3.0}},"Meditation":{"Male":{"raw":8.0,"perc":88.888888888888886,"total":9.0},"Not-Specified":{"raw":1.0,"perc":11.111111111111111,"total":9.0}},"Guiding":{"Male":{"raw":1.0,"perc":50.0,"total":2.0},"Female":{"raw":1.0,"perc":50.0,"total":2.0}},"Sleep Deprivation":{"Male":{"raw":3.0,"perc":100.0,"total":3.0}},"Devices":{"Female":{"raw":2.0,"perc":66.666666666666657,"total":3.0},"Male":{"raw":1.0,"perc":33.333333333333329,"total":3.0}},"Devices - Mind Machine":{"Female":{"raw":1.0,"perc":50.0,"total":2.0},"Male":{"raw":1.0,"perc":50.0,"total":2.0}},"Mindfulness":{"Male":{"raw":1.0,"perc":100.0,"total":1.0}},"Dreams":{"Male":{"raw":1.0,"perc":100.0,"total":1.0}},"Breathing":{"Male":{"raw":1.0,"perc":100.0,"total":1.0}},"Music":{"Male":{"raw":1.0,"perc":100.0,"total":1.0}}},"DPT":{"Dreams":{"Male":{"raw":1.0,"perc":100.0,"total":1.0}},"Ritual":{"Male":{"raw":1.0,"perc":100.0,"total":1.0}},"Yoga / Bodywork":{"Male":{"raw":1.0,"perc":100.0,"total":1.0}},"Meditation":{"Male":{"raw":1.0,"perc":100.0,"total":1.0}},"Breathing":{"Male":{"raw":1.0,"perc":100.0,"total":1.0}}},"Opiates":{"Drug Testing":{"Not-Specified":{"raw":1.0,"perc":14.285714285714285,"total":7.0},"Female":{"raw":4.0,"perc":57.142857142857139,"total":7.0},"Male":{"raw":2.0,"perc":28.571428571428569,"total":7.0}},"Police / Customs":{"Male":{"raw":5.0,"perc":100.0,"total":5.0}},"Meditation":{"Male":{"raw":2.0,"perc":100.0,"total":2.0}},"Dreams":{"Male":{"raw":2.0,"perc":100.0,"total":2.0}},"OBE":{"Male":{"raw":1.0,"perc":100.0,"total":1.0}},"Conferences":{"Female":{"raw":1.0,"perc":100.0,"total":1.0}},"Endogenous":{"Male":{"raw":1.0,"perc":100.0,"total":1.0}}},"Poppies - Opium":{"Drug Testing":{"Not-Specified":{"raw":1.0,"perc":50.0,"total":2.0},"Female":{"raw":1.0,"perc":50.0,"total":2.0}},"Dreams":{"Male":{"raw":1.0,"perc":100.0,"total":1.0}}},"Cannabis":{"Ritual":{"Male":{"raw":3.0,"perc":100.0,"total":3.0}},"Drug Testing":{"Male":{"raw":19.0,"perc":76.0,"total":25.0},"Female":{"raw":6.0,"perc":24.0,"total":25.0}},"Police / Customs":{"Male":{"raw":15.0,"perc":100.0,"total":15.0}},"Meditation":{"Male":{"raw":11.0,"perc":100.0,"total":11.0}},"Migraines":{"Male":{"raw":1.0,"perc":100.0,"total":1.0}},"OBE":{"Male":{"raw":6.0,"perc":66.666666666666657,"total":9.0},"Female":{"raw":2.0,"perc":22.222222222222221,"total":9.0},"Not-Specified":{"raw":1.0,"perc":11.111111111111111,"total":9.0}},"Devices":{"Male":{"raw":2.0,"perc":100.0,"total":2.0}},"Devices - Mind Machine":{"Male":{"raw":2.0,"perc":100.0,"total":2.0}},"Endogenous":{"Male":{"raw":3.0,"perc":100.0,"total":3.0}},"Sleep Deprivation":{"Male":{"raw":7.0,"perc":100.0,"total":7.0}},"Dreams":{"Male":{"raw":3.0,"perc":100.0,"total":3.0}},"Music":{"Male":{"raw":1.0,"perc":100.0,"total":1.0}},"Mindfulness":{"Male":{"raw":1.0,"perc":100.0,"total":1.0}},"Breathing":{"Male":{"raw":1.0,"perc":100.0,"total":1.0}},"Fasting":{"Male":{"raw":1.0,"perc":100.0,"total":1.0}},"Yoga / Bodywork":{"Male":{"raw":1.0,"perc":100.0,"total":1.0}}},"MDMA":{"Ritual":{"Male":{"raw":2.0,"perc":66.666666666666657,"total":3.0},"Not-Specified":{"raw":1.0,"perc":33.333333333333329,"total":3.0}},"Migraines":{"Female":{"raw":3.0,"perc":60.0,"total":5.0},"Male":{"raw":1.0,"perc":20.0,"total":5.0},"Not-Specified":{"raw":1.0,"perc":20.0,"total":5.0}},"Endogenous":{"Male":{"raw":1.0,"perc":100.0,"total":1.0}},"Dreams":{"Male":{"raw":2.0,"perc":66.666666666666657,"total":3.0},"Female":{"raw":1.0,"perc":33.333333333333329,"total":3.0}},"Yoga / Bodywork":{"Male":{"raw":2.0,"perc":33.333333333333329,"total":6.0},"Female":{"raw":3.0,"perc":50.0,"total":6.0},"Not-Specified":{"raw":1.0,"perc":16.666666666666664,"total":6.0}},"OBE":{"Male":{"raw":2.0,"perc":66.666666666666657,"total":3.0},"Not-Specified":{"raw":1.0,"perc":33.333333333333329,"total":3.0}},"Meditation":{"Male":{"raw":4.0,"perc":57.142857142857139,"total":7.0},"Female":{"raw":1.0,"perc":14.285714285714285,"total":7.0},"Not-Specified":{"raw":2.0,"perc":28.571428571428569,"total":7.0}},"Police / Customs":{"Female":{"raw":3.0,"perc":50.0,"total":6.0},"Male":{"raw":3.0,"perc":50.0,"total":6.0}},"Guiding":{"Male":{"raw":1.0,"perc":100.0,"total":1.0}},"Sleep Deprivation":{"Male":{"raw":2.0,"perc":66.666666666666657,"total":3.0},"Female":{"raw":1.0,"perc":33.333333333333329,"total":3.0}},"Devices":{"Female":{"raw":2.0,"perc":100.0,"total":2.0}},"Devices - Mind Machine":{"Female":{"raw":1.0,"perc":100.0,"total":1.0}},"Music":{"Male":{"raw":1.0,"perc":100.0,"total":1.0}}},"Pharmaceuticals":{"Ritual":{"Male":{"raw":1.0,"perc":100.0,"total":1.0}},"Dreams":{"Male":{"raw":3.0,"perc":75.0,"total":4.0},"Not-Specified":{"raw":1.0,"perc":25.0,"total":4.0}},"Sleep Deprivation":{"Male":{"raw":2.0,"perc":100.0,"total":2.0}},"Police / Customs":{"Not-Specified":{"raw":1.0,"perc":16.666666666666664,"total":6.0},"Female":{"raw":1.0,"perc":16.666666666666664,"total":6.0},"Male":{"raw":4.0,"perc":66.666666666666657,"total":6.0}},"Migraines":{"Male":{"raw":1.0,"perc":100.0,"total":1.0}},"Endogenous":{"Male":{"raw":1.0,"perc":100.0,"total":1.0}}},"Pharms - Sildenafil":{"Ritual":{"Male":{"raw":1.0,"perc":100.0,"total":1.0}}},"Stimulants":{"Ritual":{"Male":{"raw":2.0,"perc":66.666666666666657,"total":3.0},"Not-Specified":{"raw":1.0,"perc":33.333333333333329,"total":3.0}},"Migraines":{"Female":{"raw":3.0,"perc":60.0,"total":5.0},"Male":{"raw":1.0,"perc":20.0,"total":5.0},"Not-Specified":{"raw":1.0,"perc":20.0,"total":5.0}},"Endogenous":{"Male":{"raw":1.0,"perc":100.0,"total":1.0}},"Dreams":{"Male":{"raw":2.0,"perc":66.666666666666657,"total":3.0},"Female":{"raw":1.0,"perc":33.333333333333329,"total":3.0}},"Yoga / Bodywork":{"Male":{"raw":2.0,"perc":33.333333333333329,"total":6.0},"Female":{"raw":3.0,"perc":50.0,"total":6.0},"Not-Specified":{"raw":1.0,"perc":16.666666666666664,"total":6.0}},"OBE":{"Male":{"raw":2.0,"perc":50.0,"total":4.0},"Not-Specified":{"raw":1.0,"perc":25.0,"total":4.0},"Female":{"raw":1.0,"perc":25.0,"total":4.0}},"Meditation":{"Male":{"raw":5.0,"perc":62.5,"total":8.0},"Female":{"raw":1.0,"perc":12.5,"total":8.0},"Not-Specified":{"raw":2.0,"perc":25.0,"total":8.0}},"Police / Customs":{"Female":{"raw":3.0,"perc":50.0,"total":6.0},"Male":{"raw":3.0,"perc":50.0,"total":6.0}},"Guiding":{"Male":{"raw":1.0,"perc":100.0,"total":1.0}},"Sleep Deprivation":{"Male":{"raw":12.0,"perc":92.3076923076923,"total":13.0},"Female":{"raw":1.0,"perc":7.6923076923076925,"total":13.0}},"Breathing":{"Male":{"raw":1.0,"perc":100.0,"total":1.0}},"Hyperventilation":{"Male":{"raw":1.0,"perc":100.0,"total":1.0}},"Drug Testing":{"Not-Specified":{"raw":1.0,"perc":50.0,"total":2.0},"Male":{"raw":1.0,"perc":50.0,"total":2.0}},"Devices":{"Female":{"raw":2.0,"perc":100.0,"total":2.0}},"Devices - Mind Machine":{"Female":{"raw":1.0,"perc":100.0,"total":1.0}},"Music":{"Male":{"raw":1.0,"perc":100.0,"total":1.0}}},"DXM":{"Drug Testing":{"Male":{"raw":55.0,"perc":84.615384615384613,"total":65.0},"Female":{"raw":7.0,"perc":10.76923076923077,"total":65.0},"Not-Specified":{"raw":3.0,"perc":4.6153846153846159,"total":65.0}},"Police / Customs":{"Male":{"raw":3.0,"perc":100.0,"total":3.0}},"Endogenous":{"Male":{"raw":2.0,"perc":66.666666666666657,"total":3.0},"Female":{"raw":1.0,"perc":33.333333333333329,"total":3.0}},"Dreams":{"Male":{"raw":2.0,"perc":100.0,"total":2.0}},"Devices":{"Male":{"raw":3.0,"perc":100.0,"total":3.0}},"Devices - Mind Machine":{"Male":{"raw":3.0,"perc":100.0,"total":3.0}},"OBE":{"Male":{"raw":3.0,"perc":100.0,"total":3.0}},"Meditation":{"Male":{"raw":1.0,"perc":100.0,"total":1.0}},"Sleep Deprivation":{"Male":{"raw":1.0,"perc":100.0,"total":1.0}},"Fasting":{"Male":{"raw":1.0,"perc":100.0,"total":1.0}}},"PCP":{"Drug Testing":{"Male":{"raw":1.0,"perc":100.0,"total":1.0}}},"Datura":{"OBE":{"Male":{"raw":1.0,"perc":100.0,"total":1.0}},"Dreams":{"Male":{"raw":4.0,"perc":100.0,"total":4.0}},"Police / Customs":{"Male":{"raw":9.0,"perc":100.0,"total":9.0}}},"2C-B":{"Ritual":{"Male":{"raw":1.0,"perc":100.0,"total":1.0}},"OBE":{"Male":{"raw":2.0,"perc":100.0,"total":2.0}},"Police / Customs":{"Male":{"raw":2.0,"perc":100.0,"total":2.0}},"Drug Testing":{"Male":{"raw":1.0,"perc":100.0,"total":1.0}},"Sleep Deprivation":{"Male":{"raw":1.0,"perc":100.0,"total":1.0}},"Music":{"Male":{"raw":1.0,"perc":100.0,"total":1.0}},"Meditation":{"Male":{"raw":1.0,"perc":50.0,"total":2.0},"Female":{"raw":1.0,"perc":50.0,"total":2.0}}},"Phenethylamine":{"Ritual":{"Male":{"raw":1.0,"perc":100.0,"total":1.0}},"OBE":{"Male":{"raw":2.0,"perc":100.0,"total":2.0}},"Migraines":{"Male":{"raw":1.0,"perc":100.0,"total":1.0}},"Police / Customs":{"Male":{"raw":6.0,"perc":100.0,"total":6.0}},"Floatation Tank":{"Male":{"raw":1.0,"perc":100.0,"total":1.0}},"Meditation":{"Male":{"raw":2.0,"perc":66.666666666666657,"total":3.0},"Female":{"raw":1.0,"perc":33.333333333333329,"total":3.0}},"Drug Testing":{"Male":{"raw":2.0,"perc":100.0,"total":2.0}},"Sleep Deprivation":{"Male":{"raw":1.0,"perc":50.0,"total":2.0},"Not-Specified":{"raw":1.0,"perc":50.0,"total":2.0}},"Music":{"Male":{"raw":1.0,"perc":100.0,"total":1.0}},"Yoga / Bodywork":{"Male":{"raw":1.0,"perc":100.0,"total":1.0}}},"Tryptophan":{"Ritual":{"Male":{"raw":1.0,"perc":100.0,"total":1.0}},"Dreams":{"Male":{"raw":5.0,"perc":83.333333333333343,"total":6.0},"Female":{"raw":1.0,"perc":16.666666666666664,"total":6.0}},"Sleep Deprivation":{"Male":{"raw":1.0,"perc":100.0,"total":1.0}}},"Salvia divinorum":{"Ritual":{"Not-Specified":{"raw":1.0,"perc":33.333333333333329,"total":3.0},"Male":{"raw":2.0,"perc":66.666666666666657,"total":3.0}},"Police / Customs":{"Male":{"raw":2.0,"perc":100.0,"total":2.0}},"OBE":{"Male":{"raw":13.0,"perc":100.0,"total":13.0}},"Dreams":{"Male":{"raw":5.0,"perc":71.428571428571431,"total":7.0},"Female":{"raw":2.0,"perc":28.571428571428569,"total":7.0}},"Fasting":{"Male":{"raw":4.0,"perc":100.0,"total":4.0}},"Meditation":{"Male":{"raw":7.0,"perc":77.777777777777786,"total":9.0},"Female":{"raw":2.0,"perc":22.222222222222221,"total":9.0}},"Yoga / Bodywork":{"Male":{"raw":2.0,"perc":100.0,"total":2.0}},"Endogenous":{"Male":{"raw":2.0,"perc":100.0,"total":2.0}},"Devices":{"Male":{"raw":5.0,"perc":100.0,"total":5.0}},"Migraines":{"Male":{"raw":1.0,"perc":100.0,"total":1.0}},"Nitrogen Narcosis":{"Male":{"raw":1.0,"perc":100.0,"total":1.0}},"Mindfulness":{"Male":{"raw":1.0,"perc":100.0,"total":1.0}},"Devices - Mind Machine":{"Male":{"raw":2.0,"perc":100.0,"total":2.0}}},"Calea zacatechichi":{"Dreams":{"Male":{"raw":42.0,"perc":93.333333333333329,"total":45.0},"Not-Specified":{"raw":3.0,"perc":6.666666666666667,"total":45.0}},"Meditation":{"Male":{"raw":4.0,"perc":100.0,"total":4.0}},"Devices":{"Male":{"raw":1.0,"perc":100.0,"total":1.0}},"Devices - Mind Machine":{"Male":{"raw":1.0,"perc":100.0,"total":1.0}}},"Pharms - Benzphetamine":{"Sleep Deprivation":{"Male":{"raw":2.0,"perc":100.0,"total":2.0}}},"Mushrooms":{"Police / Customs":{"Male":{"raw":17.0,"perc":85.0,"total":20.0},"Female":{"raw":3.0,"perc":15.0,"total":20.0}},"Meditation":{"Male":{"raw":6.0,"perc":100.0,"total":6.0}},"Migraines":{"Male":{"raw":5.0,"perc":62.5,"total":8.0},"Female":{"raw":3.0,"perc":37.5,"total":8.0}},"Drug Testing":{"Male":{"raw":1.0,"perc":100.0,"total":1.0}},"Devices":{"Male":{"raw":2.0,"perc":100.0,"total":2.0}},"Guiding":{"Male":{"raw":2.0,"perc":100.0,"total":2.0}},"Sleep Deprivation":{"Male":{"raw":1.0,"perc":100.0,"total":1.0}},"Devices - Mind Machine":{"Male":{"raw":1.0,"perc":100.0,"total":1.0}},"Yoga / Bodywork":{"Male":{"raw":4.0,"perc":66.666666666666657,"total":6.0},"Female":{"raw":2.0,"perc":33.333333333333329,"total":6.0}},"OBE":{"Male":{"raw":7.0,"perc":100.0,"total":7.0}},"Fasting":{"Not-Specified":{"raw":1.0,"perc":50.0,"total":2.0},"Male":{"raw":1.0,"perc":50.0,"total":2.0}},"Conferences":{"Male":{"raw":1.0,"perc":100.0,"total":1.0}},"Ritual":{"Female":{"raw":1.0,"perc":50.0,"total":2.0},"Male":{"raw":1.0,"perc":50.0,"total":2.0}},"Chanting":{"Male":{"raw":1.0,"perc":100.0,"total":1.0}},"Humor":{"Male":{"raw":3.0,"perc":100.0,"total":3.0}},"Nitrogen Narcosis":{"Male":{"raw":1.0,"perc":100.0,"total":1.0}},"Dreams":{"Male":{"raw":2.0,"perc":100.0,"total":2.0}},"Mindfulness":{"Female":{"raw":1.0,"perc":100.0,"total":1.0}}},"Nutmeg":{"Dreams":{"Male":{"raw":3.0,"perc":100.0,"total":3.0}},"Meditation":{"Male":{"raw":1.0,"perc":100.0,"total":1.0}},"Fasting":{"Male":{"raw":1.0,"perc":100.0,"total":1.0}},"Devices":{"Male":{"raw":1.0,"perc":100.0,"total":1.0}},"Devices - Mind Machine":{"Male":{"raw":1.0,"perc":100.0,"total":1.0}}},"Yohimbe":{"Sleep Deprivation":{"Male":{"raw":1.0,"perc":100.0,"total":1.0}},"Dreams":{"Male":{"raw":1.0,"perc":100.0,"total":1.0}},"Yoga / Bodywork":{"Female":{"raw":1.0,"perc":100.0,"total":1.0}}},"Piperazines":{"Drug Testing":{"Male":{"raw":1.0,"perc":100.0,"total":1.0}},"Meditation":{"Male":{"raw":2.0,"perc":100.0,"total":2.0}},"Sleep Deprivation":{"Male":{"raw":1.0,"perc":100.0,"total":1.0}},"Migraines":{"Male":{"raw":1.0,"perc":100.0,"total":1.0}}},"Pharms - Sertraline":{"Sleep Deprivation":{"Male":{"raw":1.0,"perc":100.0,"total":1.0}}},"SSRIs":{"Sleep Deprivation":{"Male":{"raw":1.0,"perc":100.0,"total":1.0}},"Dreams":{"Male":{"raw":3.0,"perc":100.0,"total":3.0}}},"Methamphetamine":{"Sleep Deprivation":{"Male":{"raw":3.0,"perc":100.0,"total":3.0}},"Police / Customs":{"Male":{"raw":2.0,"perc":50.0,"total":4.0},"Female":{"raw":2.0,"perc":50.0,"total":4.0}},"Meditation":{"Male":{"raw":1.0,"perc":100.0,"total":1.0}}},"Melatonin":{"Dreams":{"Male":{"raw":40.0,"perc":88.888888888888886,"total":45.0},"Female":{"raw":4.0,"perc":8.88888888888889,"total":45.0},"Not-Specified":{"raw":1.0,"perc":2.2222222222222223,"total":45.0}},"Sleep Deprivation":{"Male":{"raw":1.0,"perc":100.0,"total":1.0}}},"Harmala Alkaloids":{"Ritual":{"Male":{"raw":9.0,"perc":100.0,"total":9.0}},"Police / Customs":{"Male":{"raw":3.0,"perc":100.0,"total":3.0}},"Dreams":{"Male":{"raw":7.0,"perc":100.0,"total":7.0}},"Meditation":{"Male":{"raw":3.0,"perc":100.0,"total":3.0}},"Conferences":{"Male":{"raw":1.0,"perc":100.0,"total":1.0}},"Yoga / Bodywork":{"Male":{"raw":1.0,"perc":100.0,"total":1.0}},"Sweating":{"Male":{"raw":1.0,"perc":100.0,"total":1.0}},"Migraines":{"Male":{"raw":1.0,"perc":100.0,"total":1.0}},"Mindfulness":{"Female":{"raw":1.0,"perc":100.0,"total":1.0}}},"Psychotria viridis":{"Ritual":{"Male":{"raw":8.0,"perc":100.0,"total":8.0}},"Police / Customs":{"Male":{"raw":1.0,"perc":100.0,"total":1.0}}},"Syrian Rue":{"Ritual":{"Male":{"raw":2.0,"perc":100.0,"total":2.0}},"Meditation":{"Male":{"raw":2.0,"perc":100.0,"total":2.0}},"Yoga / Bodywork":{"Male":{"raw":1.0,"perc":100.0,"total":1.0}},"Police / Customs":{"Male":{"raw":1.0,"perc":100.0,"total":1.0}},"Migraines":{"Male":{"raw":1.0,"perc":100.0,"total":1.0}}},"Kava":{"Dreams":{"Male":{"raw":4.0,"perc":100.0,"total":4.0}},"OBE":{"Male":{"raw":1.0,"perc":100.0,"total":1.0}},"Meditation":{"Male":{"raw":1.0,"perc":100.0,"total":1.0}},"Devices":{"Male":{"raw":1.0,"perc":100.0,"total":1.0}},"Devices - Mind Machine":{"Male":{"raw":1.0,"perc":100.0,"total":1.0}}},"Ayahuasca":{"Yoga / Bodywork":{"Female":{"raw":1.0,"perc":33.333333333333329,"total":3.0},"Male":{"raw":2.0,"perc":66.666666666666657,"total":3.0}},"Dreams":{"Male":{"raw":1.0,"perc":100.0,"total":1.0}},"Meditation":{"Male":{"raw":2.0,"perc":100.0,"total":2.0}},"Ritual":{"Male":{"raw":8.0,"perc":88.888888888888886,"total":9.0},"Female":{"raw":1.0,"perc":11.111111111111111,"total":9.0}}},"Diphenhydramine":{"Dreams":{"Male":{"raw":4.0,"perc":100.0,"total":4.0}},"Police / Customs":{"Male":{"raw":2.0,"perc":66.666666666666657,"total":3.0},"Female":{"raw":1.0,"perc":33.333333333333329,"total":3.0}},"Drug Testing":{"Male":{"raw":1.0,"perc":50.0,"total":2.0},"Female":{"raw":1.0,"perc":50.0,"total":2.0}}},"St. John's Wort":{"Dreams":{"Male":{"raw":1.0,"perc":100.0,"total":1.0}}},"Valerian":{"Dreams":{"Male":{"raw":19.0,"perc":95.0,"total":20.0},"Female":{"raw":1.0,"perc":5.0,"total":20.0}},"OBE":{"Male":{"raw":1.0,"perc":100.0,"total":1.0}},"Meditation":{"Male":{"raw":1.0,"perc":100.0,"total":1.0}}},"Vitamin B-6":{"Dreams":{"Male":{"raw":13.0,"perc":92.857142857142861,"total":14.0},"Female":{"raw":1.0,"perc":7.1428571428571423,"total":14.0}},"OBE":{"Male":{"raw":1.0,"perc":100.0,"total":1.0}}},"Caffeine":{"Sleep Deprivation":{"Male":{"raw":2.0,"perc":50.0,"total":4.0},"Female":{"raw":2.0,"perc":50.0,"total":4.0}},"Dreams":{"Not-Specified":{"raw":1.0,"perc":50.0,"total":2.0},"Male":{"raw":1.0,"perc":50.0,"total":2.0}},"Meditation":{"Female":{"raw":1.0,"perc":33.333333333333329,"total":3.0},"Male":{"raw":2.0,"perc":66.666666666666657,"total":3.0}},"Devices":{"Male":{"raw":1.0,"perc":100.0,"total":1.0}},"Devices - Mind Machine":{"Male":{"raw":1.0,"perc":100.0,"total":1.0}},"Fasting":{"Female":{"raw":1.0,"perc":50.0,"total":2.0},"Male":{"raw":1.0,"perc":50.0,"total":2.0}},"Migraines":{"Male":{"raw":1.0,"perc":100.0,"total":1.0}},"Music":{"Male":{"raw":1.0,"perc":100.0,"total":1.0}}},"Ephedrine":{"Sleep Deprivation":{"Male":{"raw":2.0,"perc":100.0,"total":2.0}},"Meditation":{"Female":{"raw":1.0,"perc":100.0,"total":1.0}}},"Ginseng":{"Sleep Deprivation":{"Male":{"raw":1.0,"perc":100.0,"total":1.0}}},"Nitrous Oxide":{"OBE":{"Male":{"raw":5.0,"perc":100.0,"total":5.0}},"Meditation":{"Male":{"raw":4.0,"perc":100.0,"total":4.0}},"Police / Customs":{"Male":{"raw":1.0,"perc":100.0,"total":1.0}},"Devices":{"Male":{"raw":3.0,"perc":100.0,"total":3.0}},"Devices - Mind Machine":{"Male":{"raw":3.0,"perc":100.0,"total":3.0}},"Breathing":{"Male":{"raw":1.0,"perc":100.0,"total":1.0}},"Hyperventilation":{"Male":{"raw":1.0,"perc":100.0,"total":1.0}}},"Nicotine":{"Dreams":{"Male":{"raw":2.0,"perc":100.0,"total":2.0}},"Sleep Deprivation":{"Male":{"raw":1.0,"perc":100.0,"total":1.0}}},"Tobacco":{"Dreams":{"Male":{"raw":3.0,"perc":100.0,"total":3.0}},"Sleep Deprivation":{"Male":{"raw":2.0,"perc":100.0,"total":2.0}},"Fasting":{"Male":{"raw":1.0,"perc":100.0,"total":1.0}}},"Pharms - Cyclobenzaprine":{"Sleep Deprivation":{"Male":{"raw":1.0,"perc":100.0,"total":1.0}}},"Pseudoephedrine":{"Drug Testing":{"Male":{"raw":1.0,"perc":100.0,"total":1.0}}},"Hydrocodone":{"Dreams":{"Female":{"raw":1.0,"perc":33.333333333333329,"total":3.0},"Male":{"raw":2.0,"perc":66.666666666666657,"total":3.0}},"Devices":{"Male":{"raw":1.0,"perc":100.0,"total":1.0}},"Devices - Mind Machine":{"Male":{"raw":1.0,"perc":100.0,"total":1.0}},"Drug Testing":{"Male":{"raw":1.0,"perc":100.0,"total":1.0}},"Humor":{"Male":{"raw":1.0,"perc":100.0,"total":1.0}}},"Opioids":{"Dreams":{"Female":{"raw":1.0,"perc":20.0,"total":5.0},"Male":{"raw":4.0,"perc":80.0,"total":5.0}},"Meditation":{"Male":{"raw":2.0,"perc":100.0,"total":2.0}},"Drug Testing":{"Male":{"raw":8.0,"perc":100.0,"total":8.0}},"Devices":{"Male":{"raw":1.0,"perc":100.0,"total":1.0}},"Devices - Mind Machine":{"Male":{"raw":1.0,"perc":100.0,"total":1.0}},"Police / Customs":{"Male":{"raw":1.0,"perc":100.0,"total":1.0}},"Endogenous":{"Male":{"raw":1.0,"perc":100.0,"total":1.0}},"Humor":{"Male":{"raw":1.0,"perc":100.0,"total":1.0}}},"Piracetam":{"Dreams":{"Male":{"raw":1.0,"perc":100.0,"total":1.0}}},"Cocaine":{"Drug Testing":{"Male":{"raw":6.0,"perc":100.0,"total":6.0}},"Police / Customs":{"Female":{"raw":1.0,"perc":50.0,"total":2.0},"Male":{"raw":1.0,"perc":50.0,"total":2.0}}},"GBL":{"Breathing":{"Male":{"raw":1.0,"perc":100.0,"total":1.0}}},"Lactuca spp.":{"Dreams":{"Male":{"raw":2.0,"perc":100.0,"total":2.0}},"Police / Customs":{"Male":{"raw":1.0,"perc":100.0,"total":1.0}}},"Alcohol":{"Police / Customs":{"Male":{"raw":9.0,"perc":100.0,"total":9.0}},"Meditation":{"Male":{"raw":1.0,"perc":100.0,"total":1.0}},"Dreams":{"Male":{"raw":3.0,"perc":100.0,"total":3.0}},"Drug Testing":{"Male":{"raw":1.0,"perc":100.0,"total":1.0}},"Fasting":{"Male":{"raw":1.0,"perc":100.0,"total":1.0}},"Migraines":{"Male":{"raw":1.0,"perc":100.0,"total":1.0}}},"AMT":{"Sleep Deprivation":{"Male":{"raw":2.0,"perc":100.0,"total":2.0}},"Meditation":{"Male":{"raw":1.0,"perc":100.0,"total":1.0}},"Police / Customs":{"Female":{"raw":2.0,"perc":50.0,"total":4.0},"Male":{"raw":2.0,"perc":50.0,"total":4.0}},"Dreams":{"Male":{"raw":1.0,"perc":100.0,"total":1.0}}},"4-AcO-DET":{"Meditation":{"Male":{"raw":1.0,"perc":100.0,"total":1.0}},"Migraines":{"Male":{"raw":1.0,"perc":100.0,"total":1.0}}},"Ketamine":{"Police / Customs":{"Male":{"raw":1.0,"perc":100.0,"total":1.0}},"OBE":{"Male":{"raw":2.0,"perc":100.0,"total":2.0}},"Conferences":{"Male":{"raw":1.0,"perc":100.0,"total":1.0}},"Mindfulness":{"Male":{"raw":1.0,"perc":100.0,"total":1.0}},"Meditation":{"Male":{"raw":1.0,"perc":100.0,"total":1.0}}},"NMDA Antagonists":{"Police / Customs":{"Male":{"raw":1.0,"perc":100.0,"total":1.0}},"OBE":{"Male":{"raw":2.0,"perc":100.0,"total":2.0}},"Conferences":{"Male":{"raw":1.0,"perc":100.0,"total":1.0}},"Mindfulness":{"Male":{"raw":1.0,"perc":100.0,"total":1.0}},"Meditation":{"Male":{"raw":1.0,"perc":100.0,"total":1.0}}},"Opium":{"Police / Customs":{"Male":{"raw":1.0,"perc":100.0,"total":1.0}},"Meditation":{"Male":{"raw":1.0,"perc":100.0,"total":1.0}}},"Thujone":{"Meditation":{"Male":{"raw":1.0,"perc":100.0,"total":1.0}}},"Unknown":{"Floatation Tank":{"Male":{"raw":1.0,"perc":100.0,"total":1.0}},"Meditation":{"Male":{"raw":1.0,"perc":100.0,"total":1.0}},"Humor":{"Male":{"raw":1.0,"perc":100.0,"total":1.0}}},"5-MeO-DiPT":{"Migraines":{"Male":{"raw":1.0,"perc":100.0,"total":1.0}},"Dreams":{"Male":{"raw":2.0,"perc":100.0,"total":2.0}},"Police / Customs":{"Male":{"raw":1.0,"perc":100.0,"total":1.0}},"OBE":{"Male":{"raw":1.0,"perc":100.0,"total":1.0}},"Drug Testing":{"Male":{"raw":1.0,"perc":100.0,"total":1.0}},"Yoga / Bodywork":{"Male":{"raw":1.0,"perc":100.0,"total":1.0}}},"Cacti":{"Meditation":{"Male":{"raw":2.0,"perc":66.666666666666657,"total":3.0},"Female":{"raw":1.0,"perc":33.333333333333329,"total":3.0}},"Ritual":{"Male":{"raw":1.0,"perc":50.0,"total":2.0},"Female":{"raw":1.0,"perc":50.0,"total":2.0}},"Yoga / Bodywork":{"Male":{"raw":1.0,"perc":50.0,"total":2.0},"Female":{"raw":1.0,"perc":50.0,"total":2.0}},"Drug Testing":{"Not-Specified":{"raw":1.0,"perc":100.0,"total":1.0}},"Fasting":{"Male":{"raw":1.0,"perc":100.0,"total":1.0}}},"Dimenhydrinate":{"Police / Customs":{"Male":{"raw":3.0,"perc":100.0,"total":3.0}}},"Adrafinil":{"Drug Testing":{"Female":{"raw":1.0,"perc":100.0,"total":1.0}}},"Morphine":{"Drug Testing":{"Female":{"raw":1.0,"perc":100.0,"total":1.0}}},"Heroin":{"Police / Customs":{"Male":{"raw":4.0,"perc":100.0,"total":4.0}}},"Capsicum spp.":{"Meditation":{"Male":{"raw":1.0,"perc":100.0,"total":1.0}}},"Hops":{"Meditation":{"Male":{"raw":1.0,"perc":100.0,"total":1.0}},"Dreams":{"Male":{"raw":2.0,"perc":100.0,"total":2.0}}},"Lecithin":{"Meditation":{"Male":{"raw":1.0,"perc":100.0,"total":1.0}}},"Pharms - Oxycodone":{"Meditation":{"Male":{"raw":2.0,"perc":100.0,"total":2.0}},"Drug Testing":{"Male":{"raw":6.0,"perc":100.0,"total":6.0}},"Police / Customs":{"Male":{"raw":1.0,"perc":100.0,"total":1.0}},"Endogenous":{"Male":{"raw":1.0,"perc":100.0,"total":1.0}}},"Skullcap":{"Meditation":{"Male":{"raw":1.0,"perc":100.0,"total":1.0}},"Dreams":{"Male":{"raw":1.0,"perc":100.0,"total":1.0}}},"Inhalants":{"Police / Customs":{"Male":{"raw":1.0,"perc":100.0,"total":1.0}},"OBE":{"Male":{"raw":1.0,"perc":100.0,"total":1.0}}},"Pharms - Venlafaxine":{"Endogenous":{"Not-Specified":{"raw":1.0,"perc":100.0,"total":1.0}},"Dreams":{"Male":{"raw":2.0,"perc":66.666666666666657,"total":3.0},"Female":{"raw":1.0,"perc":33.333333333333329,"total":3.0}},"Meditation":{"Male":{"raw":1.0,"perc":100.0,"total":1.0}},"Drug Testing":{"Male":{"raw":1.0,"perc":100.0,"total":1.0}}},"5-MeO-DMT":{"Ritual":{"Male":{"raw":1.0,"perc":100.0,"total":1.0}},"Meditation":{"Male":{"raw":2.0,"perc":100.0,"total":2.0}},"Dreams":{"Male":{"raw":2.0,"perc":100.0,"total":2.0}},"Police / Customs":{"Male":{"raw":3.0,"perc":100.0,"total":3.0}},"Breathing":{"Female":{"raw":1.0,"perc":100.0,"total":1.0}}},"2C-T-7":{"Migraines":{"Male":{"raw":1.0,"perc":100.0,"total":1.0}},"Police / Customs":{"Male":{"raw":1.0,"perc":100.0,"total":1.0}}},"Banisteriopsis caapi":{"Police / Customs":{"Male":{"raw":2.0,"perc":100.0,"total":2.0}},"Dreams":{"Male":{"raw":2.0,"perc":100.0,"total":2.0}},"Ritual":{"Male":{"raw":7.0,"perc":100.0,"total":7.0}},"Mindfulness":{"Female":{"raw":1.0,"perc":100.0,"total":1.0}}},"Mimosa spp.":{"Dreams":{"Male":{"raw":1.0,"perc":100.0,"total":1.0}},"Yoga / Bodywork":{"Male":{"raw":1.0,"perc":100.0,"total":1.0}}},"Ginkgo biloba":{"Migraines":{"Male":{"raw":1.0,"perc":100.0,"total":1.0}},"Dreams":{"Female":{"raw":1.0,"perc":100.0,"total":1.0}}},"PMA":{"OBE":{"Not-Specified":{"raw":1.0,"perc":100.0,"total":1.0}}},"Anadenanthera spp.":{"OBE":{"Male":{"raw":1.0,"perc":100.0,"total":1.0}},"Ritual":{"Male":{"raw":1.0,"perc":100.0,"total":1.0}}},"Mugwort":{"Dreams":{"Male":{"raw":10.0,"perc":76.923076923076934,"total":13.0},"Not-Specified":{"raw":1.0,"perc":7.6923076923076925,"total":13.0},"Female":{"raw":2.0,"perc":15.384615384615385,"total":13.0}},"Meditation":{"Female":{"raw":1.0,"perc":50.0,"total":2.0},"Male":{"raw":1.0,"perc":50.0,"total":2.0}}},"Benzodiazepines":{"Police / Customs":{"Not-Specified":{"raw":1.0,"perc":25.0,"total":4.0},"Female":{"raw":1.0,"perc":25.0,"total":4.0},"Male":{"raw":2.0,"perc":50.0,"total":4.0}},"Sleep Deprivation":{"Male":{"raw":1.0,"perc":100.0,"total":1.0}},"Drug Testing":{"Male":{"raw":1.0,"perc":50.0,"total":2.0},"Female":{"raw":1.0,"perc":50.0,"total":2.0}},"Dreams":{"Male":{"raw":1.0,"perc":100.0,"total":1.0}},"Endogenous":{"Male":{"raw":1.0,"perc":100.0,"total":1.0}}},"Pharms - Alprazolam":{"Police / Customs":{"Not-Specified":{"raw":1.0,"perc":25.0,"total":4.0},"Female":{"raw":1.0,"perc":25.0,"total":4.0},"Male":{"raw":2.0,"perc":50.0,"total":4.0}},"Dreams":{"Male":{"raw":1.0,"perc":100.0,"total":1.0}}},"H.B. Woodrose":{"Ritual":{"Male":{"raw":1.0,"perc":100.0,"total":1.0}},"Devices":{"Male":{"raw":1.0,"perc":100.0,"total":1.0}},"Devices - Mind Machine":{"Male":{"raw":1.0,"perc":100.0,"total":1.0}},"Sleep Deprivation":{"Male":{"raw":1.0,"perc":100.0,"total":1.0}},"Migraines":{"Male":{"raw":1.0,"perc":100.0,"total":1.0}}},"Modafinil":{"Sleep Deprivation":{"Male":{"raw":4.0,"perc":100.0,"total":4.0}},"OBE":{"Male":{"raw":1.0,"perc":100.0,"total":1.0}}},"2C-I":{"Drug Testing":{"Male":{"raw":1.0,"perc":50.0,"total":2.0},"Not-Specified":{"raw":1.0,"perc":50.0,"total":2.0}},"Dreams":{"Male":{"raw":1.0,"perc":50.0,"total":2.0},"Female":{"raw":1.0,"perc":50.0,"total":2.0}},"Devices":{"Male":{"raw":1.0,"perc":100.0,"total":1.0}},"Devices - Mind Machine":{"Male":{"raw":1.0,"perc":100.0,"total":1.0}},"Sleep Deprivation":{"Male":{"raw":1.0,"perc":100.0,"total":1.0}},"OBE":{"Male":{"raw":2.0,"perc":100.0,"total":2.0}},"Meditation":{"Female":{"raw":1.0,"perc":50.0,"total":2.0},"Male":{"raw":1.0,"perc":50.0,"total":2.0}}},"Chlorpheniramine Maleate":{"Drug Testing":{"Male":{"raw":1.0,"perc":100.0,"total":1.0}},"Police / Customs":{"Male":{"raw":1.0,"perc":100.0,"total":1.0}}},"Methadone":{"Drug Testing":{"Male":{"raw":1.0,"perc":100.0,"total":1.0}}},"Pharms - Quetiapine":{"Devices":{"Male":{"raw":1.0,"perc":100.0,"total":1.0}},"Devices - Mind Machine":{"Male":{"raw":1.0,"perc":100.0,"total":1.0}}},"Amphetamines":{"Sleep Deprivation":{"Male":{"raw":12.0,"perc":100.0,"total":12.0}},"Breathing":{"Male":{"raw":1.0,"perc":100.0,"total":1.0}},"Hyperventilation":{"Male":{"raw":1.0,"perc":100.0,"total":1.0}},"Drug Testing":{"Not-Specified":{"raw":1.0,"perc":50.0,"total":2.0},"Male":{"raw":1.0,"perc":50.0,"total":2.0}},"Meditation":{"Male":{"raw":1.0,"perc":100.0,"total":1.0}},"OBE":{"Female":{"raw":1.0,"perc":100.0,"total":1.0}}},"Damiana":{"Dreams":{"Not-Specified":{"raw":1.0,"perc":50.0,"total":2.0},"Female":{"raw":1.0,"perc":50.0,"total":2.0}},"Meditation":{"Female":{"raw":1.0,"perc":50.0,"total":2.0},"Male":{"raw":1.0,"perc":50.0,"total":2.0}}},"Hydromorphone":{"Dreams":{"Male":{"raw":2.0,"perc":100.0,"total":2.0}},"Drug Testing":{"Male":{"raw":2.0,"perc":100.0,"total":2.0}}},"Heimia salicifolia":{"Dreams":{"Male":{"raw":4.0,"perc":100.0,"total":4.0}}},"Pharms - Paroxetine":{"Dreams":{"Male":{"raw":3.0,"perc":100.0,"total":3.0}}},"Pharms - Corticosteroid":{"Sleep Deprivation":{"Male":{"raw":1.0,"perc":100.0,"total":1.0}}},"Pharms - Prednisone":{"Sleep Deprivation":{"Male":{"raw":1.0,"perc":100.0,"total":1.0}}},"Pharms - Tramadol":{"Dreams":{"Male":{"raw":1.0,"perc":100.0,"total":1.0}}},"Mandrake":{"Dreams":{"Male":{"raw":1.0,"perc":100.0,"total":1.0}}},"GHB":{"Devices":{"Male":{"raw":1.0,"perc":100.0,"total":1.0}},"Devices - Mind Machine":{"Male":{"raw":1.0,"perc":100.0,"total":1.0}},"Sleep Deprivation":{"Male":{"raw":1.0,"perc":100.0,"total":1.0}}},"Amanitas":{"Ritual":{"Male":{"raw":1.0,"perc":100.0,"total":1.0}},"Meditation":{"Male":{"raw":2.0,"perc":100.0,"total":2.0}},"Sleep Deprivation":{"Male":{"raw":1.0,"perc":100.0,"total":1.0}},"Dreams":{"Male":{"raw":1.0,"perc":100.0,"total":1.0}},"Sweating":{"Male":{"raw":1.0,"perc":100.0,"total":1.0}}},"DMT":{"Dreams":{"Male":{"raw":2.0,"perc":100.0,"total":2.0}},"Breathing":{"Male":{"raw":2.0,"perc":100.0,"total":2.0}},"Hyperventilation":{"Male":{"raw":1.0,"perc":100.0,"total":1.0}},"Meditation":{"Male":{"raw":1.0,"perc":100.0,"total":1.0}},"Mindfulness":{"Female":{"raw":1.0,"perc":100.0,"total":1.0}}},"4-AcO-MiPT":{"Breathing":{"Male":{"raw":1.0,"perc":100.0,"total":1.0}}},"Pharms - Zaleplon":{"Dreams":{"Male":{"raw":1.0,"perc":100.0,"total":1.0}},"Meditation":{"Not-Specified":{"raw":1.0,"perc":100.0,"total":1.0}}},"DMAE":{"Dreams":{"Not-Specified":{"raw":1.0,"perc":33.333333333333329,"total":3.0},"Male":{"raw":2.0,"perc":66.666666666666657,"total":3.0}},"Sleep Deprivation":{"Male":{"raw":1.0,"perc":100.0,"total":1.0}}},"Pharms - Butorphanol":{"Dreams":{"Male":{"raw":1.0,"perc":100.0,"total":1.0}}},"Catnip":{"Dreams":{"Male":{"raw":2.0,"perc":100.0,"total":2.0}},"Sleep Deprivation":{"Male":{"raw":1.0,"perc":100.0,"total":1.0}}},"Pharms - Promethazine":{"Dreams":{"Male":{"raw":1.0,"perc":100.0,"total":1.0}}},"Kratom":{"Meditation":{"Male":{"raw":2.0,"perc":100.0,"total":2.0}},"Police / Customs":{"Not-Specified":{"raw":1.0,"perc":100.0,"total":1.0}},"Dreams":{"Female":{"raw":1.0,"perc":100.0,"total":1.0}}},"Lotus/Lily":{"OBE":{"Male":{"raw":1.0,"perc":100.0,"total":1.0}},"Meditation":{"Female":{"raw":1.0,"perc":100.0,"total":1.0}}},"Pharms - Lorazepam":{"Sleep Deprivation":{"Male":{"raw":1.0,"perc":100.0,"total":1.0}}},"Absinthe":{"Devices":{"Male":{"raw":1.0,"perc":100.0,"total":1.0}},"Devices - Mind Machine":{"Male":{"raw":1.0,"perc":100.0,"total":1.0}}},"Pharms - Amitriptyline":{"Dreams":{"Female":{"raw":1.0,"perc":100.0,"total":1.0}},"OBE":{"Female":{"raw":1.0,"perc":100.0,"total":1.0}}},"Codeine":{"OBE":{"Male":{"raw":1.0,"perc":100.0,"total":1.0}},"Conferences":{"Female":{"raw":1.0,"perc":100.0,"total":1.0}},"Dreams":{"Male":{"raw":1.0,"perc":100.0,"total":1.0}}},"Pharms - Carisoprodol":{"Migraines":{"Not-Specified":{"raw":1.0,"perc":100.0,"total":1.0}}},"Lobelia spp.":{"Meditation":{"Male":{"raw":1.0,"perc":100.0,"total":1.0}}},"Vinpocetine":{"Sleep Deprivation":{"Male":{"raw":1.0,"perc":100.0,"total":1.0}}},"Mescaline":{"OBE":{"Male":{"raw":1.0,"perc":100.0,"total":1.0}},"Meditation":{"Male":{"raw":1.0,"perc":100.0,"total":1.0}},"Police / Customs":{"Male":{"raw":1.0,"perc":100.0,"total":1.0}},"Drug Testing":{"Not-Specified":{"raw":1.0,"perc":100.0,"total":1.0}}},"Pharms - Zolpidem":{"Police / Customs":{"Male":{"raw":2.0,"perc":66.666666666666657,"total":3.0},"Female":{"raw":1.0,"perc":33.333333333333329,"total":3.0}},"Drug Testing":{"Male":{"raw":1.0,"perc":50.0,"total":2.0},"Female":{"raw":1.0,"perc":50.0,"total":2.0}}},"Pharms - Escitalopram":{"OBE":{"Male":{"raw":1.0,"perc":100.0,"total":1.0}},"Dreams":{"Male":{"raw":1.0,"perc":100.0,"total":1.0}}},"Pharms - Mefloquine":{"Dreams":{"Male":{"raw":1.0,"perc":100.0,"total":1.0}}},"Coleus":{"Dreams":{"Male":{"raw":5.0,"perc":100.0,"total":5.0}}},"Yerba Mate":{"Meditation":{"Male":{"raw":1.0,"perc":100.0,"total":1.0}},"Yoga / Bodywork":{"Male":{"raw":1.0,"perc":100.0,"total":1.0}}},"Pharms - Lithium":{"Police / Customs":{"Male":{"raw":1.0,"perc":100.0,"total":1.0}}},"2C-E":{"Floatation Tank":{"Male":{"raw":1.0,"perc":100.0,"total":1.0}},"Meditation":{"Male":{"raw":1.0,"perc":100.0,"total":1.0}},"Drug Testing":{"Male":{"raw":1.0,"perc":100.0,"total":1.0}},"Police / Customs":{"Male":{"raw":2.0,"perc":100.0,"total":2.0}},"Yoga / Bodywork":{"Male":{"raw":1.0,"perc":100.0,"total":1.0}}},"Pharms - Atomoxetine":{"Dreams":{"Male":{"raw":1.0,"perc":100.0,"total":1.0}}},"Pharms - Diazepam":{"Police / Customs":{"Male":{"raw":1.0,"perc":100.0,"total":1.0}},"Sleep Deprivation":{"Male":{"raw":1.0,"perc":100.0,"total":1.0}},"Drug Testing":{"Male":{"raw":1.0,"perc":100.0,"total":1.0}},"Endogenous":{"Male":{"raw":1.0,"perc":100.0,"total":1.0}}},"Calamus":{"Dreams":{"Male":{"raw":1.0,"perc":100.0,"total":1.0}}},"Brugmansia":{"Police / Customs":{"Male":{"raw":6.0,"perc":100.0,"total":6.0}},"Dreams":{"Male":{"raw":1.0,"perc":100.0,"total":1.0}}},"Pharms - Mirtazapine":{"Dreams":{"Male":{"raw":4.0,"perc":80.0,"total":5.0},"Not-Specified":{"raw":1.0,"perc":20.0,"total":5.0}}},"Voacanga africana":{"Dreams":{"Male":{"raw":1.0,"perc":100.0,"total":1.0}}},"Peyote":{"Ritual":{"Male":{"raw":1.0,"perc":100.0,"total":1.0}},"Sweating":{"Male":{"raw":1.0,"perc":100.0,"total":1.0}}},"Stipa robusta":{"OBE":{"Male":{"raw":1.0,"perc":100.0,"total":1.0}}},"Passion Flower":{"Dreams":{"Male":{"raw":5.0,"perc":100.0,"total":5.0}},"Conferences":{"Male":{"raw":1.0,"perc":100.0,"total":1.0}},"Meditation":{"Male":{"raw":1.0,"perc":100.0,"total":1.0}},"Sweating":{"Male":{"raw":1.0,"perc":100.0,"total":1.0}}},"Chamomile":{"Conferences":{"Male":{"raw":1.0,"perc":100.0,"total":1.0}}},"Pharms - Phenytoin":{"Dreams":{"Male":{"raw":1.0,"perc":100.0,"total":1.0}},"Endogenous":{"Male":{"raw":1.0,"perc":100.0,"total":1.0}}},"Pharms - Zopiclone":{"Dreams":{"Male":{"raw":2.0,"perc":100.0,"total":2.0}}},"Sceletium tortuosum":{"Dreams":{"Male":{"raw":1.0,"perc":100.0,"total":1.0}}},"2C-T-2":{"Meditation":{"Male":{"raw":1.0,"perc":100.0,"total":1.0}},"OBE":{"Male":{"raw":1.0,"perc":100.0,"total":1.0}}},"Wormwood":{"Dreams":{"Male":{"raw":2.0,"perc":100.0,"total":2.0}}},"Leonotis leonurus":{"Meditation":{"Male":{"raw":1.0,"perc":100.0,"total":1.0}},"Dreams":{"Male":{"raw":1.0,"perc":100.0,"total":1.0}}},"Pharms - Fluoxetine":{"Dreams":{"Male":{"raw":1.0,"perc":100.0,"total":1.0}}},"Vitamins - Niacin":{"Drug Testing":{"Male":{"raw":1.0,"perc":100.0,"total":1.0}}},"Scopolamine":{"Police / Customs":{"Male":{"raw":1.0,"perc":100.0,"total":1.0}}},"DOC":{"Meditation":{"Male":{"raw":1.0,"perc":100.0,"total":1.0}},"Police / Customs":{"Male":{"raw":1.0,"perc":100.0,"total":1.0}}},"LSA":{"Ritual":{"Male":{"raw":1.0,"perc":100.0,"total":1.0}},"Yoga / Bodywork":{"Male":{"raw":2.0,"perc":100.0,"total":2.0}},"Sleep Deprivation":{"Male":{"raw":1.0,"perc":100.0,"total":1.0}}},"Pharms - Propylhexedrine":{"Sleep Deprivation":{"Male":{"raw":1.0,"perc":100.0,"total":1.0}}},"Moclobemide":{"Yoga / Bodywork":{"Male":{"raw":1.0,"perc":100.0,"total":1.0}}},"Carbogen":{"Breathing":{"Male":{"raw":5.0,"perc":83.333333333333343,"total":6.0},"Female":{"raw":1.0,"perc":16.666666666666664,"total":6.0}},"Hyperventilation":{"Male":{"raw":1.0,"perc":100.0,"total":1.0}}},"DOM":{"Dreams":{"Male":{"raw":1.0,"perc":100.0,"total":1.0}},"Fasting":{"Male":{"raw":1.0,"perc":100.0,"total":1.0}}},"4-AcO-DiPT":{"OBE":{"Male":{"raw":1.0,"perc":100.0,"total":1.0}}},"4-HO-DiPT":{"Dreams":{"Male":{"raw":1.0,"perc":100.0,"total":1.0}}},"4-HO-DET":{"Meditation":{"Male":{"raw":1.0,"perc":100.0,"total":1.0}}},"Pharms - Clonidine":{"Meditation":{"Male":{"raw":1.0,"perc":100.0,"total":1.0}}},"Pharms - Fentanyl":{"Migraines":{"Male":{"raw":1.0,"perc":100.0,"total":1.0}}},"Piperazines - pFPP":{"Meditation":{"Male":{"raw":1.0,"perc":100.0,"total":1.0}}},"DET":{"OBE":{"Male":{"raw":1.0,"perc":100.0,"total":1.0}}},"Pharms - Buprenorphine":{"Dreams":{"Male":{"raw":1.0,"perc":100.0,"total":1.0}}},"DOB":{"Sleep Deprivation":{"Male":{"raw":1.0,"perc":100.0,"total":1.0}}},"Acetaminophen":{"Music":{"Male":{"raw":1.0,"perc":100.0,"total":1.0}}},"Acacia":{"Breathing":{"Male":{"raw":1.0,"perc":100.0,"total":1.0}},"Hyperventilation":{"Male":{"raw":1.0,"perc":100.0,"total":1.0}}},"2C-G-N":{"Sleep Deprivation":{"Not-Specified":{"raw":1.0,"perc":100.0,"total":1.0}}},"Naltrexone":{"Dreams":{"Male":{"raw":1.0,"perc":100.0,"total":1.0}}},"Pharms - Buspirone":{"Drug Testing":{"Male":{"raw":1.0,"perc":100.0,"total":1.0}}},"Pharms - Clonazepam":{"Police / Customs":{"Male":{"raw":1.0,"perc":100.0,"total":1.0}},"Endogenous":{"Male":{"raw":1.0,"perc":100.0,"total":1.0}}},"DOI":{"Meditation":{"Male":{"raw":1.0,"perc":100.0,"total":1.0}}},"Cheese - Blue":{"Dreams":{"Male":{"raw":1.0,"perc":50.0,"total":2.0},"Not-Specified":{"raw":1.0,"perc":50.0,"total":2.0}},"Humor":{"Male":{"raw":1.0,"perc":100.0,"total":1.0}}},"Silene capensis":{"Dreams":{"Male":{"raw":10.0,"perc":76.923076923076934,"total":13.0},"Female":{"raw":2.0,"perc":15.384615384615385,"total":13.0},"Not-Specified":{"raw":1.0,"perc":7.6923076923076925,"total":13.0}}},"MDA":{"Migraines":{"Male":{"raw":1.0,"perc":100.0,"total":1.0}}},"Pharms - Aripiprazole":{"Endogenous":{"Male":{"raw":1.0,"perc":100.0,"total":1.0}}},"Methylone":{"OBE":{"Male":{"raw":1.0,"perc":100.0,"total":1.0}},"Sleep Deprivation":{"Male":{"raw":1.0,"perc":100.0,"total":1.0}},"Breathing":{"Male":{"raw":1.0,"perc":100.0,"total":1.0}}},"4-AcO-DMT":{"Police / Customs":{"Male":{"raw":1.0,"perc":100.0,"total":1.0}},"Mindfulness":{"Male":{"raw":1.0,"perc":100.0,"total":1.0}}},"Lisdexamfetamine":{"Sleep Deprivation":{"Male":{"raw":1.0,"perc":100.0,"total":1.0}}},"Turbina corymbosa":{"Migraines":{"Male":{"raw":1.0,"perc":100.0,"total":1.0}}},"MDPV":{"Drug Testing":{"Male":{"raw":1.0,"perc":100.0,"total":1.0}},"Sleep Deprivation":{"Male":{"raw":1.0,"perc":100.0,"total":1.0}}},"Pharms - Olanzapine":{"Migraines":{"Female":{"raw":1.0,"perc":100.0,"total":1.0}}},"4-Methylmethcathinone":{"Sleep Deprivation":{"Female":{"raw":2.0,"perc":66.666666666666657,"total":3.0},"Male":{"raw":1.0,"perc":33.333333333333329,"total":3.0}}},"Cannabinoid Receptor Agonists":{"Police / Customs":{"Male":{"raw":1.0,"perc":100.0,"total":1.0}},"Conferences":{"Male":{"raw":1.0,"perc":100.0,"total":1.0}}},"JWH-018":{"Police / Customs":{"Male":{"raw":1.0,"perc":100.0,"total":1.0}}},"Pharms - Methylphenidate":{"Sleep Deprivation":{"Male":{"raw":1.0,"perc":100.0,"total":1.0}}},"5-MeO-DALT":{"Sleep Deprivation":{"Not-Specified":{"raw":1.0,"perc":100.0,"total":1.0}}},"2C-D":{"Police / Customs":{"Male":{"raw":1.0,"perc":100.0,"total":1.0}}},"AB-FUBINACA":{"Drug Testing":{"Male":{"raw":1.0,"perc":100.0,"total":1.0}}},"Products - Spice and Synthetic Cannabinoids":{"Drug Testing":{"Male":{"raw":1.0,"perc":100.0,"total":1.0}}},"4-MeO-PCP":{"Sound (non-music)":{"Male":{"raw":1.0,"perc":100.0,"total":1.0}}},"Products - Bath Salts, Plant Food, etc":{"Sleep Deprivation":{"Not-Specified":{"raw":1.0,"perc":100.0,"total":1.0}}},"Vitamins - Choline":{"Dreams":{"Female":{"raw":1.0,"perc":100.0,"total":1.0}}},"MDAI":{"Chanting":{"Male":{"raw":1.0,"perc":100.0,"total":1.0}}},"25I-NBOMe":{"OBE":{"Male":{"raw":1.0,"perc":100.0,"total":1.0}}},"NBOMe Series":{"OBE":{"Male":{"raw":1.0,"perc":100.0,"total":1.0}},"Police / Customs":{"Female":{"raw":1.0,"perc":100.0,"total":1.0}}},"Ibogaine":{"Dreams":{"Male":{"raw":1.0,"perc":100.0,"total":1.0}}},"Tabernanthe iboga":{"Dreams":{"Male":{"raw":1.0,"perc":100.0,"total":1.0}},"Meditation":{"Male":{"raw":1.0,"perc":100.0,"total":1.0}}},"Methoxphenidine":{"OBE":{"Male":{"raw":1.0,"perc":100.0,"total":1.0}}},"25C-NBOMe":{"Police / Customs":{"Female":{"raw":1.0,"perc":100.0,"total":1.0}}},"Entada rheedii":{"Dreams":{"Not-Specified":{"raw":1.0,"perc":100.0,"total":1.0}}},"Coca":{"Police / Customs":{"Male":{"raw":1.0,"perc":100.0,"total":1.0}}},"Oxygen":{"Breathing":{"Male":{"raw":1.0,"perc":100.0,"total":1.0}},"Hyperventilation":{"Male":{"raw":1.0,"perc":100.0,"total":1.0}}},"3F-Phenmetrazine":{"Sleep Deprivation":{"Male":{"raw":1.0,"perc":100.0,"total":1.0}}},"Prazosin":{"Dreams":{"Male":{"raw":1.0,"perc":100.0,"total":1.0}}}}