{"Morning Glory":{"Drug Testing":{"raw":1.0,"perc":7.1428571428571423,"total":14.0},"Floatation Tank":{"raw":1.0,"perc":7.1428571428571423,"total":14.0},"Dreams":{"raw":2.0,"perc":14.285714285714285,"total":14.0},"Meditation":{"raw":4.0,"perc":28.571428571428569,"total":14.0},"Migraines":{"raw":2.0,"perc":14.285714285714285,"total":14.0},"Devices":{"raw":1.0,"perc":7.1428571428571423,"total":14.0},"Fasting":{"raw":1.0,"perc":7.1428571428571423,"total":14.0},"Ritual":{"raw":1.0,"perc":7.1428571428571423,"total":14.0},"Yoga / Bodywork":{"raw":1.0,"perc":7.1428571428571423,"total":14.0}},"Various":{"Sleep Deprivation":{"raw":23.0,"perc":21.296296296296298,"total":108.0},"Police / Customs":{"raw":27.0,"perc":25.0,"total":108.0},"Endogenous":{"raw":2.0,"perc":1.8518518518518516,"total":108.0},"Yoga / Bodywork":{"raw":3.0,"perc":2.7777777777777777,"total":108.0},"Ritual":{"raw":4.0,"perc":3.7037037037037033,"total":108.0},"Meditation":{"raw":15.0,"perc":13.888888888888889,"total":108.0},"Fasting":{"raw":7.0,"perc":6.481481481481481,"total":108.0},"Migraines":{"raw":2.0,"perc":1.8518518518518516,"total":108.0},"OBE":{"raw":3.0,"perc":2.7777777777777777,"total":108.0},"Mindfulness":{"raw":3.0,"perc":2.7777777777777777,"total":108.0},"Dreams":{"raw":7.0,"perc":6.481481481481481,"total":108.0},"Devices":{"raw":1.0,"perc":0.92592592592592582,"total":108.0},"Devices - Mind Machine":{"raw":1.0,"perc":0.92592592592592582,"total":108.0},"Conferences":{"raw":1.0,"perc":0.92592592592592582,"total":108.0},"Drug Testing":{"raw":5.0,"perc":4.62962962962963,"total":108.0},"Music":{"raw":1.0,"perc":0.92592592592592582,"total":108.0},"Nitrogen Narcosis":{"raw":1.0,"perc":0.92592592592592582,"total":108.0},"Humor":{"raw":2.0,"perc":1.8518518518518516,"total":108.0}},"LSD":{"OBE":{"raw":4.0,"perc":6.7796610169491522,"total":59.0},"Endogenous":{"raw":1.0,"perc":1.6949152542372881,"total":59.0},"Police / Customs":{"raw":19.0,"perc":32.20338983050847,"total":59.0},"Yoga / Bodywork":{"raw":9.0,"perc":15.254237288135593,"total":59.0},"Migraines":{"raw":3.0,"perc":5.0847457627118651,"total":59.0},"Meditation":{"raw":9.0,"perc":15.254237288135593,"total":59.0},"Guiding":{"raw":2.0,"perc":3.3898305084745761,"total":59.0},"Sleep Deprivation":{"raw":3.0,"perc":5.0847457627118651,"total":59.0},"Devices":{"raw":3.0,"perc":5.0847457627118651,"total":59.0},"Devices - Mind Machine":{"raw":2.0,"perc":3.3898305084745761,"total":59.0},"Mindfulness":{"raw":1.0,"perc":1.6949152542372881,"total":59.0},"Dreams":{"raw":1.0,"perc":1.6949152542372881,"total":59.0},"Breathing":{"raw":1.0,"perc":1.6949152542372881,"total":59.0},"Music":{"raw":1.0,"perc":1.6949152542372881,"total":59.0}},"DPT":{"Dreams":{"raw":1.0,"perc":20.0,"total":5.0},"Ritual":{"raw":1.0,"perc":20.0,"total":5.0},"Yoga / Bodywork":{"raw":1.0,"perc":20.0,"total":5.0},"Meditation":{"raw":1.0,"perc":20.0,"total":5.0},"Breathing":{"raw":1.0,"perc":20.0,"total":5.0}},"Opiates":{"Drug Testing":{"raw":7.0,"perc":36.84210526315789,"total":19.0},"Police / Customs":{"raw":5.0,"perc":26.315789473684209,"total":19.0},"Meditation":{"raw":2.0,"perc":10.526315789473683,"total":19.0},"Dreams":{"raw":2.0,"perc":10.526315789473683,"total":19.0},"OBE":{"raw":1.0,"perc":5.2631578947368416,"total":19.0},"Conferences":{"raw":1.0,"perc":5.2631578947368416,"total":19.0},"Endogenous":{"raw":1.0,"perc":5.2631578947368416,"total":19.0}},"Poppies - Opium":{"Drug Testing":{"raw":2.0,"perc":66.666666666666657,"total":3.0},"Dreams":{"raw":1.0,"perc":33.333333333333329,"total":3.0}},"Cannabis":{"Ritual":{"raw":3.0,"perc":3.4883720930232558,"total":86.0},"Drug Testing":{"raw":25.0,"perc":29.069767441860467,"total":86.0},"Police / Customs":{"raw":15.0,"perc":17.441860465116278,"total":86.0},"Meditation":{"raw":11.0,"perc":12.790697674418606,"total":86.0},"Migraines":{"raw":1.0,"perc":1.1627906976744187,"total":86.0},"OBE":{"raw":9.0,"perc":10.465116279069768,"total":86.0},"Devices":{"raw":2.0,"perc":2.3255813953488373,"total":86.0},"Devices - Mind Machine":{"raw":2.0,"perc":2.3255813953488373,"total":86.0},"Endogenous":{"raw":3.0,"perc":3.4883720930232558,"total":86.0},"Sleep Deprivation":{"raw":7.0,"perc":8.13953488372093,"total":86.0},"Dreams":{"raw":3.0,"perc":3.4883720930232558,"total":86.0},"Music":{"raw":1.0,"perc":1.1627906976744187,"total":86.0},"Mindfulness":{"raw":1.0,"perc":1.1627906976744187,"total":86.0},"Breathing":{"raw":1.0,"perc":1.1627906976744187,"total":86.0},"Fasting":{"raw":1.0,"perc":1.1627906976744187,"total":86.0},"Yoga / Bodywork":{"raw":1.0,"perc":1.1627906976744187,"total":86.0}},"MDMA":{"Ritual":{"raw":3.0,"perc":7.1428571428571423,"total":42.0},"Migraines":{"raw":5.0,"perc":11.904761904761903,"total":42.0},"Endogenous":{"raw":1.0,"perc":2.3809523809523809,"total":42.0},"Dreams":{"raw":3.0,"perc":7.1428571428571423,"total":42.0},"Yoga / Bodywork":{"raw":6.0,"perc":14.285714285714285,"total":42.0},"OBE":{"raw":3.0,"perc":7.1428571428571423,"total":42.0},"Meditation":{"raw":7.0,"perc":16.666666666666664,"total":42.0},"Police / Customs":{"raw":6.0,"perc":14.285714285714285,"total":42.0},"Guiding":{"raw":1.0,"perc":2.3809523809523809,"total":42.0},"Sleep Deprivation":{"raw":3.0,"perc":7.1428571428571423,"total":42.0},"Devices":{"raw":2.0,"perc":4.7619047619047619,"total":42.0},"Devices - Mind Machine":{"raw":1.0,"perc":2.3809523809523809,"total":42.0},"Music":{"raw":1.0,"perc":2.3809523809523809,"total":42.0}},"Pharmaceuticals":{"Ritual":{"raw":1.0,"perc":6.666666666666667,"total":15.0},"Dreams":{"raw":4.0,"perc":26.666666666666668,"total":15.0},"Sleep Deprivation":{"raw":2.0,"perc":13.333333333333334,"total":15.0},"Police / Customs":{"raw":6.0,"perc":40.0,"total":15.0},"Migraines":{"raw":1.0,"perc":6.666666666666667,"total":15.0},"Endogenous":{"raw":1.0,"perc":6.666666666666667,"total":15.0}},"Pharms - Sildenafil":{"Ritual":{"raw":1.0,"perc":100.0,"total":1.0}},"Stimulants":{"Ritual":{"raw":3.0,"perc":5.1724137931034484,"total":58.0},"Migraines":{"raw":5.0,"perc":8.6206896551724146,"total":58.0},"Endogenous":{"raw":1.0,"perc":1.7241379310344827,"total":58.0},"Dreams":{"raw":3.0,"perc":5.1724137931034484,"total":58.0},"Yoga / Bodywork":{"raw":6.0,"perc":10.344827586206897,"total":58.0},"OBE":{"raw":4.0,"perc":6.8965517241379306,"total":58.0},"Meditation":{"raw":8.0,"perc":13.793103448275861,"total":58.0},"Police / Customs":{"raw":6.0,"perc":10.344827586206897,"total":58.0},"Guiding":{"raw":1.0,"perc":1.7241379310344827,"total":58.0},"Sleep Deprivation":{"raw":13.0,"perc":22.413793103448278,"total":58.0},"Breathing":{"raw":1.0,"perc":1.7241379310344827,"total":58.0},"Hyperventilation":{"raw":1.0,"perc":1.7241379310344827,"total":58.0},"Drug Testing":{"raw":2.0,"perc":3.4482758620689653,"total":58.0},"Devices":{"raw":2.0,"perc":3.4482758620689653,"total":58.0},"Devices - Mind Machine":{"raw":1.0,"perc":1.7241379310344827,"total":58.0},"Music":{"raw":1.0,"perc":1.7241379310344827,"total":58.0}},"DXM":{"Drug Testing":{"raw":65.0,"perc":76.470588235294116,"total":85.0},"Police / Customs":{"raw":3.0,"perc":3.5294117647058822,"total":85.0},"Endogenous":{"raw":3.0,"perc":3.5294117647058822,"total":85.0},"Dreams":{"raw":2.0,"perc":2.3529411764705883,"total":85.0},"Devices":{"raw":3.0,"perc":3.5294117647058822,"total":85.0},"Devices - Mind Machine":{"raw":3.0,"perc":3.5294117647058822,"total":85.0},"OBE":{"raw":3.0,"perc":3.5294117647058822,"total":85.0},"Meditation":{"raw":1.0,"perc":1.1764705882352942,"total":85.0},"Sleep Deprivation":{"raw":1.0,"perc":1.1764705882352942,"total":85.0},"Fasting":{"raw":1.0,"perc":1.1764705882352942,"total":85.0}},"PCP":{"Drug Testing":{"raw":1.0,"perc":100.0,"total":1.0}},"Datura":{"OBE":{"raw":1.0,"perc":7.1428571428571423,"total":14.0},"Dreams":{"raw":4.0,"perc":28.571428571428569,"total":14.0},"Police / Customs":{"raw":9.0,"perc":64.285714285714292,"total":14.0}},"2C-B":{"Ritual":{"raw":1.0,"perc":10.0,"total":10.0},"OBE":{"raw":2.0,"perc":20.0,"total":10.0},"Police / Customs":{"raw":2.0,"perc":20.0,"total":10.0},"Drug Testing":{"raw":1.0,"perc":10.0,"total":10.0},"Sleep Deprivation":{"raw":1.0,"perc":10.0,"total":10.0},"Music":{"raw":1.0,"perc":10.0,"total":10.0},"Meditation":{"raw":2.0,"perc":20.0,"total":10.0}},"Phenethylamine":{"Ritual":{"raw":1.0,"perc":4.7619047619047619,"total":21.0},"OBE":{"raw":2.0,"perc":9.5238095238095237,"total":21.0},"Migraines":{"raw":1.0,"perc":4.7619047619047619,"total":21.0},"Police / Customs":{"raw":7.0,"perc":33.333333333333329,"total":21.0},"Floatation Tank":{"raw":1.0,"perc":4.7619047619047619,"total":21.0},"Meditation":{"raw":3.0,"perc":14.285714285714285,"total":21.0},"Drug Testing":{"raw":2.0,"perc":9.5238095238095237,"total":21.0},"Sleep Deprivation":{"raw":2.0,"perc":9.5238095238095237,"total":21.0},"Music":{"raw":1.0,"perc":4.7619047619047619,"total":21.0},"Yoga / Bodywork":{"raw":1.0,"perc":4.7619047619047619,"total":21.0}},"Tryptophan":{"Ritual":{"raw":1.0,"perc":12.5,"total":8.0},"Dreams":{"raw":6.0,"perc":75.0,"total":8.0},"Sleep Deprivation":{"raw":1.0,"perc":12.5,"total":8.0}},"Salvia divinorum":{"Ritual":{"raw":3.0,"perc":5.7692307692307692,"total":52.0},"Police / Customs":{"raw":2.0,"perc":3.8461538461538463,"total":52.0},"OBE":{"raw":13.0,"perc":25.0,"total":52.0},"Dreams":{"raw":7.0,"perc":13.461538461538462,"total":52.0},"Fasting":{"raw":4.0,"perc":7.6923076923076925,"total":52.0},"Meditation":{"raw":9.0,"perc":17.307692307692307,"total":52.0},"Yoga / Bodywork":{"raw":2.0,"perc":3.8461538461538463,"total":52.0},"Endogenous":{"raw":2.0,"perc":3.8461538461538463,"total":52.0},"Devices":{"raw":5.0,"perc":9.6153846153846168,"total":52.0},"Migraines":{"raw":1.0,"perc":1.9230769230769231,"total":52.0},"Nitrogen Narcosis":{"raw":1.0,"perc":1.9230769230769231,"total":52.0},"Mindfulness":{"raw":1.0,"perc":1.9230769230769231,"total":52.0},"Devices - Mind Machine":{"raw":2.0,"perc":3.8461538461538463,"total":52.0}},"Calea zacatechichi":{"Dreams":{"raw":45.0,"perc":88.235294117647058,"total":51.0},"Meditation":{"raw":4.0,"perc":7.8431372549019605,"total":51.0},"Devices":{"raw":1.0,"perc":1.9607843137254901,"total":51.0},"Devices - Mind Machine":{"raw":1.0,"perc":1.9607843137254901,"total":51.0}},"Pharms - Benzphetamine":{"Sleep Deprivation":{"raw":2.0,"perc":100.0,"total":2.0}},"Mushrooms":{"Police / Customs":{"raw":20.0,"perc":29.850746268656714,"total":67.0},"Meditation":{"raw":6.0,"perc":8.9552238805970141,"total":67.0},"Migraines":{"raw":8.0,"perc":11.940298507462686,"total":67.0},"Drug Testing":{"raw":1.0,"perc":1.4925373134328357,"total":67.0},"Devices":{"raw":2.0,"perc":2.9850746268656714,"total":67.0},"Guiding":{"raw":2.0,"perc":2.9850746268656714,"total":67.0},"Sleep Deprivation":{"raw":1.0,"perc":1.4925373134328357,"total":67.0},"Devices - Mind Machine":{"raw":1.0,"perc":1.4925373134328357,"total":67.0},"Yoga / Bodywork":{"raw":6.0,"perc":8.9552238805970141,"total":67.0},"OBE":{"raw":7.0,"perc":10.44776119402985,"total":67.0},"Fasting":{"raw":2.0,"perc":2.9850746268656714,"total":67.0},"Conferences":{"raw":1.0,"perc":1.4925373134328357,"total":67.0},"Ritual":{"raw":2.0,"perc":2.9850746268656714,"total":67.0},"Chanting":{"raw":1.0,"perc":1.4925373134328357,"total":67.0},"Humor":{"raw":3.0,"perc":4.4776119402985071,"total":67.0},"Nitrogen Narcosis":{"raw":1.0,"perc":1.4925373134328357,"total":67.0},"Dreams":{"raw":2.0,"perc":2.9850746268656714,"total":67.0},"Mindfulness":{"raw":1.0,"perc":1.4925373134328357,"total":67.0}},"Nutmeg":{"Dreams":{"raw":3.0,"perc":42.857142857142854,"total":7.0},"Meditation":{"raw":1.0,"perc":14.285714285714285,"total":7.0},"Fasting":{"raw":1.0,"perc":14.285714285714285,"total":7.0},"Devices":{"raw":1.0,"perc":14.285714285714285,"total":7.0},"Devices - Mind Machine":{"raw":1.0,"perc":14.285714285714285,"total":7.0}},"Yohimbe":{"Sleep Deprivation":{"raw":1.0,"perc":33.333333333333329,"total":3.0},"Dreams":{"raw":1.0,"perc":33.333333333333329,"total":3.0},"Yoga / Bodywork":{"raw":1.0,"perc":33.333333333333329,"total":3.0}},"Piperazines":{"Drug Testing":{"raw":1.0,"perc":20.0,"total":5.0},"Meditation":{"raw":2.0,"perc":40.0,"total":5.0},"Sleep Deprivation":{"raw":1.0,"perc":20.0,"total":5.0},"Migraines":{"raw":1.0,"perc":20.0,"total":5.0}},"Pharms - Sertraline":{"Sleep Deprivation":{"raw":1.0,"perc":100.0,"total":1.0}},"SSRIs":{"Sleep Deprivation":{"raw":1.0,"perc":25.0,"total":4.0},"Dreams":{"raw":3.0,"perc":75.0,"total":4.0}},"Methamphetamine":{"Sleep Deprivation":{"raw":3.0,"perc":37.5,"total":8.0},"Police / Customs":{"raw":4.0,"perc":50.0,"total":8.0},"Meditation":{"raw":1.0,"perc":12.5,"total":8.0}},"Melatonin":{"Dreams":{"raw":45.0,"perc":97.826086956521735,"total":46.0},"Sleep Deprivation":{"raw":1.0,"perc":2.1739130434782608,"total":46.0}},"Harmala Alkaloids":{"Ritual":{"raw":9.0,"perc":33.333333333333329,"total":27.0},"Police / Customs":{"raw":3.0,"perc":11.111111111111111,"total":27.0},"Dreams":{"raw":7.0,"perc":25.925925925925924,"total":27.0},"Meditation":{"raw":3.0,"perc":11.111111111111111,"total":27.0},"Conferences":{"raw":1.0,"perc":3.7037037037037033,"total":27.0},"Yoga / Bodywork":{"raw":1.0,"perc":3.7037037037037033,"total":27.0},"Sweating":{"raw":1.0,"perc":3.7037037037037033,"total":27.0},"Migraines":{"raw":1.0,"perc":3.7037037037037033,"total":27.0},"Mindfulness":{"raw":1.0,"perc":3.7037037037037033,"total":27.0}},"Psychotria viridis":{"Ritual":{"raw":8.0,"perc":88.888888888888886,"total":9.0},"Police / Customs":{"raw":1.0,"perc":11.111111111111111,"total":9.0}},"Syrian Rue":{"Ritual":{"raw":2.0,"perc":28.571428571428569,"total":7.0},"Meditation":{"raw":2.0,"perc":28.571428571428569,"total":7.0},"Yoga / Bodywork":{"raw":1.0,"perc":14.285714285714285,"total":7.0},"Police / Customs":{"raw":1.0,"perc":14.285714285714285,"total":7.0},"Migraines":{"raw":1.0,"perc":14.285714285714285,"total":7.0}},"Kava":{"Dreams":{"raw":4.0,"perc":50.0,"total":8.0},"OBE":{"raw":1.0,"perc":12.5,"total":8.0},"Meditation":{"raw":1.0,"perc":12.5,"total":8.0},"Devices":{"raw":1.0,"perc":12.5,"total":8.0},"Devices - Mind Machine":{"raw":1.0,"perc":12.5,"total":8.0}},"Ayahuasca":{"Yoga / Bodywork":{"raw":3.0,"perc":20.0,"total":15.0},"Dreams":{"raw":1.0,"perc":6.666666666666667,"total":15.0},"Meditation":{"raw":2.0,"perc":13.333333333333334,"total":15.0},"Ritual":{"raw":9.0,"perc":60.0,"total":15.0}},"Diphenhydramine":{"Dreams":{"raw":4.0,"perc":44.444444444444443,"total":9.0},"Police / Customs":{"raw":3.0,"perc":33.333333333333329,"total":9.0},"Drug Testing":{"raw":2.0,"perc":22.222222222222221,"total":9.0}},"St. John's Wort":{"Dreams":{"raw":1.0,"perc":100.0,"total":1.0}},"Valerian":{"Dreams":{"raw":20.0,"perc":90.9090909090909,"total":22.0},"OBE":{"raw":1.0,"perc":4.5454545454545459,"total":22.0},"Meditation":{"raw":1.0,"perc":4.5454545454545459,"total":22.0}},"Vitamin B-6":{"Dreams":{"raw":14.0,"perc":93.333333333333329,"total":15.0},"OBE":{"raw":1.0,"perc":6.666666666666667,"total":15.0}},"Caffeine":{"Sleep Deprivation":{"raw":4.0,"perc":26.666666666666668,"total":15.0},"Dreams":{"raw":2.0,"perc":13.333333333333334,"total":15.0},"Meditation":{"raw":3.0,"perc":20.0,"total":15.0},"Devices":{"raw":1.0,"perc":6.666666666666667,"total":15.0},"Devices - Mind Machine":{"raw":1.0,"perc":6.666666666666667,"total":15.0},"Fasting":{"raw":2.0,"perc":13.333333333333334,"total":15.0},"Migraines":{"raw":1.0,"perc":6.666666666666667,"total":15.0},"Music":{"raw":1.0,"perc":6.666666666666667,"total":15.0}},"Ephedrine":{"Sleep Deprivation":{"raw":2.0,"perc":66.666666666666657,"total":3.0},"Meditation":{"raw":1.0,"perc":33.333333333333329,"total":3.0}},"Ginseng":{"Sleep Deprivation":{"raw":1.0,"perc":100.0,"total":1.0}},"Nitrous Oxide":{"OBE":{"raw":5.0,"perc":27.777777777777779,"total":18.0},"Meditation":{"raw":4.0,"perc":22.222222222222221,"total":18.0},"Police / Customs":{"raw":1.0,"perc":5.5555555555555554,"total":18.0},"Devices":{"raw":3.0,"perc":16.666666666666664,"total":18.0},"Devices - Mind Machine":{"raw":3.0,"perc":16.666666666666664,"total":18.0},"Breathing":{"raw":1.0,"perc":5.5555555555555554,"total":18.0},"Hyperventilation":{"raw":1.0,"perc":5.5555555555555554,"total":18.0}},"Nicotine":{"Dreams":{"raw":2.0,"perc":66.666666666666657,"total":3.0},"Sleep Deprivation":{"raw":1.0,"perc":33.333333333333329,"total":3.0}},"Tobacco":{"Dreams":{"raw":3.0,"perc":50.0,"total":6.0},"Sleep Deprivation":{"raw":2.0,"perc":33.333333333333329,"total":6.0},"Fasting":{"raw":1.0,"perc":16.666666666666664,"total":6.0}},"Pharms - Cyclobenzaprine":{"Sleep Deprivation":{"raw":1.0,"perc":100.0,"total":1.0}},"Pseudoephedrine":{"Drug Testing":{"raw":1.0,"perc":100.0,"total":1.0}},"Hydrocodone":{"Dreams":{"raw":3.0,"perc":42.857142857142854,"total":7.0},"Devices":{"raw":1.0,"perc":14.285714285714285,"total":7.0},"Devices - Mind Machine":{"raw":1.0,"perc":14.285714285714285,"total":7.0},"Drug Testing":{"raw":1.0,"perc":14.285714285714285,"total":7.0},"Humor":{"raw":1.0,"perc":14.285714285714285,"total":7.0}},"Opioids":{"Dreams":{"raw":5.0,"perc":25.0,"total":20.0},"Meditation":{"raw":2.0,"perc":10.0,"total":20.0},"Drug Testing":{"raw":8.0,"perc":40.0,"total":20.0},"Devices":{"raw":1.0,"perc":5.0,"total":20.0},"Devices - Mind Machine":{"raw":1.0,"perc":5.0,"total":20.0},"Police / Customs":{"raw":1.0,"perc":5.0,"total":20.0},"Endogenous":{"raw":1.0,"perc":5.0,"total":20.0},"Humor":{"raw":1.0,"perc":5.0,"total":20.0}},"Piracetam":{"Dreams":{"raw":1.0,"perc":100.0,"total":1.0}},"Cocaine":{"Drug Testing":{"raw":6.0,"perc":75.0,"total":8.0},"Police / Customs":{"raw":2.0,"perc":25.0,"total":8.0}},"GBL":{"Breathing":{"raw":1.0,"perc":100.0,"total":1.0}},"Lactuca spp.":{"Dreams":{"raw":2.0,"perc":66.666666666666657,"total":3.0},"Police / Customs":{"raw":1.0,"perc":33.333333333333329,"total":3.0}},"Alcohol":{"Police / Customs":{"raw":9.0,"perc":56.25,"total":16.0},"Meditation":{"raw":1.0,"perc":6.25,"total":16.0},"Dreams":{"raw":3.0,"perc":18.75,"total":16.0},"Drug Testing":{"raw":1.0,"perc":6.25,"total":16.0},"Fasting":{"raw":1.0,"perc":6.25,"total":16.0},"Migraines":{"raw":1.0,"perc":6.25,"total":16.0}},"AMT":{"Sleep Deprivation":{"raw":2.0,"perc":25.0,"total":8.0},"Meditation":{"raw":1.0,"perc":12.5,"total":8.0},"Police / Customs":{"raw":4.0,"perc":50.0,"total":8.0},"Dreams":{"raw":1.0,"perc":12.5,"total":8.0}},"4-AcO-DET":{"Meditation":{"raw":1.0,"perc":50.0,"total":2.0},"Migraines":{"raw":1.0,"perc":50.0,"total":2.0}},"Ketamine":{"Police / Customs":{"raw":1.0,"perc":16.666666666666664,"total":6.0},"OBE":{"raw":2.0,"perc":33.333333333333329,"total":6.0},"Conferences":{"raw":1.0,"perc":16.666666666666664,"total":6.0},"Mindfulness":{"raw":1.0,"perc":16.666666666666664,"total":6.0},"Meditation":{"raw":1.0,"perc":16.666666666666664,"total":6.0}},"NMDA Antagonists":{"Police / Customs":{"raw":1.0,"perc":16.666666666666664,"total":6.0},"OBE":{"raw":2.0,"perc":33.333333333333329,"total":6.0},"Conferences":{"raw":1.0,"perc":16.666666666666664,"total":6.0},"Mindfulness":{"raw":1.0,"perc":16.666666666666664,"total":6.0},"Meditation":{"raw":1.0,"perc":16.666666666666664,"total":6.0}},"Opium":{"Police / Customs":{"raw":1.0,"perc":50.0,"total":2.0},"Meditation":{"raw":1.0,"perc":50.0,"total":2.0}},"Thujone":{"Meditation":{"raw":1.0,"perc":100.0,"total":1.0}},"Unknown":{"Floatation Tank":{"raw":1.0,"perc":33.333333333333329,"total":3.0},"Meditation":{"raw":1.0,"perc":33.333333333333329,"total":3.0},"Humor":{"raw":1.0,"perc":33.333333333333329,"total":3.0}},"5-MeO-DiPT":{"Migraines":{"raw":1.0,"perc":14.285714285714285,"total":7.0},"Dreams":{"raw":2.0,"perc":28.571428571428569,"total":7.0},"Police / Customs":{"raw":1.0,"perc":14.285714285714285,"total":7.0},"OBE":{"raw":1.0,"perc":14.285714285714285,"total":7.0},"Drug Testing":{"raw":1.0,"perc":14.285714285714285,"total":7.0},"Yoga / Bodywork":{"raw":1.0,"perc":14.285714285714285,"total":7.0}},"Cacti":{"Meditation":{"raw":3.0,"perc":33.333333333333329,"total":9.0},"Ritual":{"raw":2.0,"perc":22.222222222222221,"total":9.0},"Yoga / Bodywork":{"raw":2.0,"perc":22.222222222222221,"total":9.0},"Drug Testing":{"raw":1.0,"perc":11.111111111111111,"total":9.0},"Fasting":{"raw":1.0,"perc":11.111111111111111,"total":9.0}},"Dimenhydrinate":{"Police / Customs":{"raw":3.0,"perc":100.0,"total":3.0}},"Adrafinil":{"Drug Testing":{"raw":1.0,"perc":100.0,"total":1.0}},"Morphine":{"Drug Testing":{"raw":1.0,"perc":100.0,"total":1.0}},"Heroin":{"Police / Customs":{"raw":4.0,"perc":100.0,"total":4.0}},"Capsicum spp.":{"Meditation":{"raw":1.0,"perc":100.0,"total":1.0}},"Hops":{"Meditation":{"raw":1.0,"perc":33.333333333333329,"total":3.0},"Dreams":{"raw":2.0,"perc":66.666666666666657,"total":3.0}},"Lecithin":{"Meditation":{"raw":1.0,"perc":100.0,"total":1.0}},"Pharms - Oxycodone":{"Meditation":{"raw":2.0,"perc":20.0,"total":10.0},"Drug Testing":{"raw":6.0,"perc":60.0,"total":10.0},"Police / Customs":{"raw":1.0,"perc":10.0,"total":10.0},"Endogenous":{"raw":1.0,"perc":10.0,"total":10.0}},"Skullcap":{"Meditation":{"raw":1.0,"perc":50.0,"total":2.0},"Dreams":{"raw":1.0,"perc":50.0,"total":2.0}},"Inhalants":{"Police / Customs":{"raw":1.0,"perc":50.0,"total":2.0},"OBE":{"raw":1.0,"perc":50.0,"total":2.0}},"Pharms - Venlafaxine":{"Endogenous":{"raw":1.0,"perc":16.666666666666664,"total":6.0},"Dreams":{"raw":3.0,"perc":50.0,"total":6.0},"Meditation":{"raw":1.0,"perc":16.666666666666664,"total":6.0},"Drug Testing":{"raw":1.0,"perc":16.666666666666664,"total":6.0}},"5-MeO-DMT":{"Ritual":{"raw":1.0,"perc":11.111111111111111,"total":9.0},"Meditation":{"raw":2.0,"perc":22.222222222222221,"total":9.0},"Dreams":{"raw":2.0,"perc":22.222222222222221,"total":9.0},"Police / Customs":{"raw":3.0,"perc":33.333333333333329,"total":9.0},"Breathing":{"raw":1.0,"perc":11.111111111111111,"total":9.0}},"2C-T-7":{"Migraines":{"raw":1.0,"perc":50.0,"total":2.0},"Police / Customs":{"raw":1.0,"perc":50.0,"total":2.0}},"Banisteriopsis caapi":{"Police / Customs":{"raw":2.0,"perc":16.666666666666664,"total":12.0},"Dreams":{"raw":2.0,"perc":16.666666666666664,"total":12.0},"Ritual":{"raw":7.0,"perc":58.333333333333336,"total":12.0},"Mindfulness":{"raw":1.0,"perc":8.3333333333333321,"total":12.0}},"Mimosa spp.":{"Dreams":{"raw":1.0,"perc":50.0,"total":2.0},"Yoga / Bodywork":{"raw":1.0,"perc":50.0,"total":2.0}},"Ginkgo biloba":{"Migraines":{"raw":1.0,"perc":50.0,"total":2.0},"Dreams":{"raw":1.0,"perc":50.0,"total":2.0}},"PMA":{"OBE":{"raw":1.0,"perc":100.0,"total":1.0}},"Anadenanthera spp.":{"OBE":{"raw":1.0,"perc":50.0,"total":2.0},"Ritual":{"raw":1.0,"perc":50.0,"total":2.0}},"Mugwort":{"Dreams":{"raw":13.0,"perc":86.666666666666671,"total":15.0},"Meditation":{"raw":2.0,"perc":13.333333333333334,"total":15.0}},"Benzodiazepines":{"Police / Customs":{"raw":4.0,"perc":44.444444444444443,"total":9.0},"Sleep Deprivation":{"raw":1.0,"perc":11.111111111111111,"total":9.0},"Drug Testing":{"raw":2.0,"perc":22.222222222222221,"total":9.0},"Dreams":{"raw":1.0,"perc":11.111111111111111,"total":9.0},"Endogenous":{"raw":1.0,"perc":11.111111111111111,"total":9.0}},"Pharms - Alprazolam":{"Police / Customs":{"raw":4.0,"perc":80.0,"total":5.0},"Dreams":{"raw":1.0,"perc":20.0,"total":5.0}},"H.B. Woodrose":{"Ritual":{"raw":1.0,"perc":20.0,"total":5.0},"Devices":{"raw":1.0,"perc":20.0,"total":5.0},"Devices - Mind Machine":{"raw":1.0,"perc":20.0,"total":5.0},"Sleep Deprivation":{"raw":1.0,"perc":20.0,"total":5.0},"Migraines":{"raw":1.0,"perc":20.0,"total":5.0}},"Modafinil":{"Sleep Deprivation":{"raw":4.0,"perc":80.0,"total":5.0},"OBE":{"raw":1.0,"perc":20.0,"total":5.0}},"2C-I":{"Drug Testing":{"raw":2.0,"perc":18.181818181818183,"total":11.0},"Dreams":{"raw":2.0,"perc":18.181818181818183,"total":11.0},"Devices":{"raw":1.0,"perc":9.0909090909090917,"total":11.0},"Devices - Mind Machine":{"raw":1.0,"perc":9.0909090909090917,"total":11.0},"Sleep Deprivation":{"raw":1.0,"perc":9.0909090909090917,"total":11.0},"OBE":{"raw":2.0,"perc":18.181818181818183,"total":11.0},"Meditation":{"raw":2.0,"perc":18.181818181818183,"total":11.0}},"Chlorpheniramine Maleate":{"Drug Testing":{"raw":1.0,"perc":50.0,"total":2.0},"Police / Customs":{"raw":1.0,"perc":50.0,"total":2.0}},"Methadone":{"Drug Testing":{"raw":1.0,"perc":100.0,"total":1.0}},"Pharms - Quetiapine":{"Devices":{"raw":1.0,"perc":50.0,"total":2.0},"Devices - Mind Machine":{"raw":1.0,"perc":50.0,"total":2.0}},"Amphetamines":{"Sleep Deprivation":{"raw":12.0,"perc":66.666666666666657,"total":18.0},"Breathing":{"raw":1.0,"perc":5.5555555555555554,"total":18.0},"Hyperventilation":{"raw":1.0,"perc":5.5555555555555554,"total":18.0},"Drug Testing":{"raw":2.0,"perc":11.111111111111111,"total":18.0},"Meditation":{"raw":1.0,"perc":5.5555555555555554,"total":18.0},"OBE":{"raw":1.0,"perc":5.5555555555555554,"total":18.0}},"Damiana":{"Dreams":{"raw":2.0,"perc":50.0,"total":4.0},"Meditation":{"raw":2.0,"perc":50.0,"total":4.0}},"Hydromorphone":{"Dreams":{"raw":2.0,"perc":50.0,"total":4.0},"Drug Testing":{"raw":2.0,"perc":50.0,"total":4.0}},"Heimia salicifolia":{"Dreams":{"raw":4.0,"perc":100.0,"total":4.0}},"Pharms - Paroxetine":{"Dreams":{"raw":3.0,"perc":100.0,"total":3.0}},"Pharms - Corticosteroid":{"Sleep Deprivation":{"raw":1.0,"perc":100.0,"total":1.0}},"Pharms - Prednisone":{"Sleep Deprivation":{"raw":1.0,"perc":100.0,"total":1.0}},"Pharms - Tramadol":{"Dreams":{"raw":1.0,"perc":100.0,"total":1.0}},"Mandrake":{"Dreams":{"raw":1.0,"perc":100.0,"total":1.0}},"GHB":{"Devices":{"raw":1.0,"perc":33.333333333333329,"total":3.0},"Devices - Mind Machine":{"raw":1.0,"perc":33.333333333333329,"total":3.0},"Sleep Deprivation":{"raw":1.0,"perc":33.333333333333329,"total":3.0}},"Amanitas":{"Ritual":{"raw":1.0,"perc":16.666666666666664,"total":6.0},"Meditation":{"raw":2.0,"perc":33.333333333333329,"total":6.0},"Sleep Deprivation":{"raw":1.0,"perc":16.666666666666664,"total":6.0},"Dreams":{"raw":1.0,"perc":16.666666666666664,"total":6.0},"Sweating":{"raw":1.0,"perc":16.666666666666664,"total":6.0}},"DMT":{"Dreams":{"raw":2.0,"perc":28.571428571428569,"total":7.0},"Breathing":{"raw":2.0,"perc":28.571428571428569,"total":7.0},"Hyperventilation":{"raw":1.0,"perc":14.285714285714285,"total":7.0},"Meditation":{"raw":1.0,"perc":14.285714285714285,"total":7.0},"Mindfulness":{"raw":1.0,"perc":14.285714285714285,"total":7.0}},"4-AcO-MiPT":{"Breathing":{"raw":1.0,"perc":100.0,"total":1.0}},"Pharms - Zaleplon":{"Dreams":{"raw":1.0,"perc":50.0,"total":2.0},"Meditation":{"raw":1.0,"perc":50.0,"total":2.0}},"DMAE":{"Dreams":{"raw":3.0,"perc":75.0,"total":4.0},"Sleep Deprivation":{"raw":1.0,"perc":25.0,"total":4.0}},"Pharms - Butorphanol":{"Dreams":{"raw":1.0,"perc":100.0,"total":1.0}},"Catnip":{"Dreams":{"raw":2.0,"perc":66.666666666666657,"total":3.0},"Sleep Deprivation":{"raw":1.0,"perc":33.333333333333329,"total":3.0}},"Pharms - Promethazine":{"Dreams":{"raw":1.0,"perc":100.0,"total":1.0}},"Kratom":{"Meditation":{"raw":2.0,"perc":50.0,"total":4.0},"Police / Customs":{"raw":1.0,"perc":25.0,"total":4.0},"Dreams":{"raw":1.0,"perc":25.0,"total":4.0}},"Lotus/Lily":{"OBE":{"raw":1.0,"perc":50.0,"total":2.0},"Meditation":{"raw":1.0,"perc":50.0,"total":2.0}},"Pharms - Lorazepam":{"Sleep Deprivation":{"raw":1.0,"perc":100.0,"total":1.0}},"Absinthe":{"Devices":{"raw":1.0,"perc":50.0,"total":2.0},"Devices - Mind Machine":{"raw":1.0,"perc":50.0,"total":2.0}},"Pharms - Amitriptyline":{"Dreams":{"raw":1.0,"perc":50.0,"total":2.0},"OBE":{"raw":1.0,"perc":50.0,"total":2.0}},"Codeine":{"OBE":{"raw":1.0,"perc":33.333333333333329,"total":3.0},"Conferences":{"raw":1.0,"perc":33.333333333333329,"total":3.0},"Dreams":{"raw":1.0,"perc":33.333333333333329,"total":3.0}},"Pharms - Carisoprodol":{"Migraines":{"raw":1.0,"perc":100.0,"total":1.0}},"Lobelia spp.":{"Meditation":{"raw":1.0,"perc":100.0,"total":1.0}},"Vinpocetine":{"Sleep Deprivation":{"raw":1.0,"perc":100.0,"total":1.0}},"Mescaline":{"OBE":{"raw":1.0,"perc":25.0,"total":4.0},"Meditation":{"raw":1.0,"perc":25.0,"total":4.0},"Police / Customs":{"raw":1.0,"perc":25.0,"total":4.0},"Drug Testing":{"raw":1.0,"perc":25.0,"total":4.0}},"Pharms - Zolpidem":{"Police / Customs":{"raw":3.0,"perc":60.0,"total":5.0},"Drug Testing":{"raw":2.0,"perc":40.0,"total":5.0}},"Pharms - Escitalopram":{"OBE":{"raw":1.0,"perc":50.0,"total":2.0},"Dreams":{"raw":1.0,"perc":50.0,"total":2.0}},"Pharms - Mefloquine":{"Dreams":{"raw":1.0,"perc":100.0,"total":1.0}},"Coleus":{"Dreams":{"raw":5.0,"perc":100.0,"total":5.0}},"Yerba Mate":{"Meditation":{"raw":1.0,"perc":50.0,"total":2.0},"Yoga / Bodywork":{"raw":1.0,"perc":50.0,"total":2.0}},"Pharms - Lithium":{"Police / Customs":{"raw":1.0,"perc":100.0,"total":1.0}},"2C-E":{"Floatation Tank":{"raw":1.0,"perc":16.666666666666664,"total":6.0},"Meditation":{"raw":1.0,"perc":16.666666666666664,"total":6.0},"Drug Testing":{"raw":1.0,"perc":16.666666666666664,"total":6.0},"Police / Customs":{"raw":2.0,"perc":33.333333333333329,"total":6.0},"Yoga / Bodywork":{"raw":1.0,"perc":16.666666666666664,"total":6.0}},"Pharms - Atomoxetine":{"Dreams":{"raw":1.0,"perc":100.0,"total":1.0}},"Pharms - Diazepam":{"Police / Customs":{"raw":1.0,"perc":25.0,"total":4.0},"Sleep Deprivation":{"raw":1.0,"perc":25.0,"total":4.0},"Drug Testing":{"raw":1.0,"perc":25.0,"total":4.0},"Endogenous":{"raw":1.0,"perc":25.0,"total":4.0}},"Calamus":{"Dreams":{"raw":1.0,"perc":100.0,"total":1.0}},"Brugmansia":{"Police / Customs":{"raw":6.0,"perc":85.714285714285708,"total":7.0},"Dreams":{"raw":1.0,"perc":14.285714285714285,"total":7.0}},"Pharms - Mirtazapine":{"Dreams":{"raw":5.0,"perc":100.0,"total":5.0}},"Voacanga africana":{"Dreams":{"raw":1.0,"perc":100.0,"total":1.0}},"Peyote":{"Ritual":{"raw":1.0,"perc":50.0,"total":2.0},"Sweating":{"raw":1.0,"perc":50.0,"total":2.0}},"Stipa robusta":{"OBE":{"raw":1.0,"perc":100.0,"total":1.0}},"Passion Flower":{"Dreams":{"raw":5.0,"perc":62.5,"total":8.0},"Conferences":{"raw":1.0,"perc":12.5,"total":8.0},"Meditation":{"raw":1.0,"perc":12.5,"total":8.0},"Sweating":{"raw":1.0,"perc":12.5,"total":8.0}},"Chamomile":{"Conferences":{"raw":1.0,"perc":100.0,"total":1.0}},"Pharms - Phenytoin":{"Dreams":{"raw":1.0,"perc":50.0,"total":2.0},"Endogenous":{"raw":1.0,"perc":50.0,"total":2.0}},"Pharms - Zopiclone":{"Dreams":{"raw":2.0,"perc":100.0,"total":2.0}},"Sceletium tortuosum":{"Dreams":{"raw":1.0,"perc":100.0,"total":1.0}},"2C-T-2":{"Meditation":{"raw":1.0,"perc":50.0,"total":2.0},"OBE":{"raw":1.0,"perc":50.0,"total":2.0}},"Wormwood":{"Dreams":{"raw":2.0,"perc":100.0,"total":2.0}},"Leonotis leonurus":{"Meditation":{"raw":1.0,"perc":50.0,"total":2.0},"Dreams":{"raw":1.0,"perc":50.0,"total":2.0}},"Pharms - Fluoxetine":{"Dreams":{"raw":1.0,"perc":100.0,"total":1.0}},"Vitamins - Niacin":{"Drug Testing":{"raw":1.0,"perc":100.0,"total":1.0}},"Scopolamine":{"Police / Customs":{"raw":1.0,"perc":100.0,"total":1.0}},"DOC":{"Meditation":{"raw":1.0,"perc":50.0,"total":2.0},"Police / Customs":{"raw":1.0,"perc":50.0,"total":2.0}},"LSA":{"Ritual":{"raw":1.0,"perc":25.0,"total":4.0},"Yoga / Bodywork":{"raw":2.0,"perc":50.0,"total":4.0},"Sleep Deprivation":{"raw":1.0,"perc":25.0,"total":4.0}},"Pharms - Propylhexedrine":{"Sleep Deprivation":{"raw":1.0,"perc":100.0,"total":1.0}},"Moclobemide":{"Yoga / Bodywork":{"raw":1.0,"perc":100.0,"total":1.0}},"Carbogen":{"Breathing":{"raw":6.0,"perc":85.714285714285708,"total":7.0},"Hyperventilation":{"raw":1.0,"perc":14.285714285714285,"total":7.0}},"DOM":{"Dreams":{"raw":1.0,"perc":50.0,"total":2.0},"Fasting":{"raw":1.0,"perc":50.0,"total":2.0}},"4-AcO-DiPT":{"OBE":{"raw":1.0,"perc":100.0,"total":1.0}},"4-HO-DiPT":{"Dreams":{"raw":1.0,"perc":100.0,"total":1.0}},"4-HO-DET":{"Meditation":{"raw":1.0,"perc":100.0,"total":1.0}},"Pharms - Clonidine":{"Meditation":{"raw":1.0,"perc":100.0,"total":1.0}},"Pharms - Fentanyl":{"Migraines":{"raw":1.0,"perc":100.0,"total":1.0}},"Piperazines - pFPP":{"Meditation":{"raw":1.0,"perc":100.0,"total":1.0}},"DET":{"OBE":{"raw":1.0,"perc":100.0,"total":1.0}},"Pharms - Buprenorphine":{"Dreams":{"raw":1.0,"perc":100.0,"total":1.0}},"DOB":{"Sleep Deprivation":{"raw":1.0,"perc":100.0,"total":1.0}},"Acetaminophen":{"Music":{"raw":1.0,"perc":100.0,"total":1.0}},"Acacia":{"Breathing":{"raw":1.0,"perc":50.0,"total":2.0},"Hyperventilation":{"raw":1.0,"perc":50.0,"total":2.0}},"2C-G-N":{"Sleep Deprivation":{"raw":1.0,"perc":100.0,"total":1.0}},"Naltrexone":{"Dreams":{"raw":1.0,"perc":100.0,"total":1.0}},"Pharms - Buspirone":{"Drug Testing":{"raw":1.0,"perc":100.0,"total":1.0}},"Pharms - Clonazepam":{"Police / Customs":{"raw":1.0,"perc":50.0,"total":2.0},"Endogenous":{"raw":1.0,"perc":50.0,"total":2.0}},"DOI":{"Meditation":{"raw":1.0,"perc":100.0,"total":1.0}},"Cheese - Blue":{"Dreams":{"raw":2.0,"perc":66.666666666666657,"total":3.0},"Humor":{"raw":1.0,"perc":33.333333333333329,"total":3.0}},"Silene capensis":{"Dreams":{"raw":13.0,"perc":100.0,"total":13.0}},"MDA":{"Migraines":{"raw":1.0,"perc":100.0,"total":1.0}},"Pharms - Aripiprazole":{"Endogenous":{"raw":1.0,"perc":100.0,"total":1.0}},"Methylone":{"OBE":{"raw":1.0,"perc":33.333333333333329,"total":3.0},"Sleep Deprivation":{"raw":1.0,"perc":33.333333333333329,"total":3.0},"Breathing":{"raw":1.0,"perc":33.333333333333329,"total":3.0}},"4-AcO-DMT":{"Police / Customs":{"raw":1.0,"perc":50.0,"total":2.0},"Mindfulness":{"raw":1.0,"perc":50.0,"total":2.0}},"Lisdexamfetamine":{"Sleep Deprivation":{"raw":1.0,"perc":100.0,"total":1.0}},"Turbina corymbosa":{"Migraines":{"raw":1.0,"perc":100.0,"total":1.0}},"MDPV":{"Drug Testing":{"raw":1.0,"perc":50.0,"total":2.0},"Sleep Deprivation":{"raw":1.0,"perc":50.0,"total":2.0}},"Pharms - Olanzapine":{"Migraines":{"raw":1.0,"perc":100.0,"total":1.0}},"4-Methylmethcathinone":{"Sleep Deprivation":{"raw":3.0,"perc":100.0,"total":3.0}},"Cannabinoid Receptor Agonists":{"Police / Customs":{"raw":1.0,"perc":50.0,"total":2.0},"Conferences":{"raw":1.0,"perc":50.0,"total":2.0}},"JWH-018":{"Police / Customs":{"raw":1.0,"perc":100.0,"total":1.0}},"Pharms - Methylphenidate":{"Sleep Deprivation":{"raw":1.0,"perc":100.0,"total":1.0}},"5-MeO-DALT":{"Sleep Deprivation":{"raw":1.0,"perc":100.0,"total":1.0}},"2C-D":{"Police / Customs":{"raw":1.0,"perc":100.0,"total":1.0}},"AB-FUBINACA":{"Drug Testing":{"raw":1.0,"perc":100.0,"total":1.0}},"Products - Spice and Synthetic Cannabinoids":{"Drug Testing":{"raw":1.0,"perc":100.0,"total":1.0}},"2C-P":{"Police / Customs":{"raw":1.0,"perc":100.0,"total":1.0}},"4-MeO-PCP":{"Sound (non-music)":{"raw":1.0,"perc":100.0,"total":1.0}},"Products - Bath Salts, Plant Food, etc":{"Sleep Deprivation":{"raw":1.0,"perc":100.0,"total":1.0}},"Vitamins - Choline":{"Dreams":{"raw":1.0,"perc":100.0,"total":1.0}},"MDAI":{"Chanting":{"raw":1.0,"perc":100.0,"total":1.0}},"25I-NBOMe":{"OBE":{"raw":1.0,"perc":100.0,"total":1.0}},"NBOMe Series":{"OBE":{"raw":1.0,"perc":50.0,"total":2.0},"Police / Customs":{"raw":1.0,"perc":50.0,"total":2.0}},"Ibogaine":{"Dreams":{"raw":1.0,"perc":100.0,"total":1.0}},"Tabernanthe iboga":{"Dreams":{"raw":1.0,"perc":50.0,"total":2.0},"Meditation":{"raw":1.0,"perc":50.0,"total":2.0}},"Methoxphenidine":{"OBE":{"raw":1.0,"perc":100.0,"total":1.0}},"25C-NBOMe":{"Police / Customs":{"raw":1.0,"perc":100.0,"total":1.0}},"Entada rheedii":{"Dreams":{"raw":1.0,"perc":100.0,"total":1.0}},"Coca":{"Police / Customs":{"raw":1.0,"perc":100.0,"total":1.0}},"Oxygen":{"Breathing":{"raw":1.0,"perc":50.0,"total":2.0},"Hyperventilation":{"raw":1.0,"perc":50.0,"total":2.0}},"3F-Phenmetrazine":{"Sleep Deprivation":{"raw":1.0,"perc":100.0,"total":1.0}},"Prazosin":{"Dreams":{"raw":1.0,"perc":100.0,"total":1.0}}}