{"Not-Specified":{"Drug Testing":{"General":{"raw":9.0,"perc":60.0,"total":15.0},"Retrospective / Summary":{"raw":3.0,"perc":20.0,"total":15.0},"Post Trip Problems":{"raw":2.0,"perc":13.333333333333334,"total":15.0},"Preparation / Recipes":{"raw":1.0,"perc":6.666666666666667,"total":15.0}},"Sleep Deprivation":{"General":{"raw":1.0,"perc":9.0909090909090917,"total":11.0},"Difficult Experiences":{"raw":3.0,"perc":27.27272727272727,"total":11.0},"Mystical Experiences":{"raw":1.0,"perc":9.0909090909090917,"total":11.0},"Multi-Day Experience":{"raw":2.0,"perc":18.181818181818183,"total":11.0},"Health Problems":{"raw":1.0,"perc":9.0909090909090917,"total":11.0},"Overdose":{"raw":1.0,"perc":9.0909090909090917,"total":11.0},"Post Trip Problems":{"raw":1.0,"perc":9.0909090909090917,"total":11.0},"Hangover / Days After":{"raw":1.0,"perc":9.0909090909090917,"total":11.0}},"OBE":{"General":{"raw":3.0,"perc":60.0,"total":5.0},"Difficult Experiences":{"raw":1.0,"perc":20.0,"total":5.0},"Entities / Beings":{"raw":1.0,"perc":20.0,"total":5.0}},"Endogenous":{"Bad Trips":{"raw":1.0,"perc":20.0,"total":5.0},"Health Problems":{"raw":2.0,"perc":40.0,"total":5.0},"First Times":{"raw":1.0,"perc":20.0,"total":5.0},"Difficult Experiences":{"raw":1.0,"perc":20.0,"total":5.0}},"Dreams":{"General":{"raw":10.0,"perc":43.478260869565219,"total":23.0},"Preparation / Recipes":{"raw":1.0,"perc":4.3478260869565215,"total":23.0},"Glowing Experiences":{"raw":1.0,"perc":4.3478260869565215,"total":23.0},"First Times":{"raw":3.0,"perc":13.043478260869565,"total":23.0},"Sex Discussion":{"raw":1.0,"perc":4.3478260869565215,"total":23.0},"Retrospective / Summary":{"raw":4.0,"perc":17.391304347826086,"total":23.0},"Multi-Day Experience":{"raw":1.0,"perc":4.3478260869565215,"total":23.0},"Difficult Experiences":{"raw":1.0,"perc":4.3478260869565215,"total":23.0},"Medical Use":{"raw":1.0,"perc":4.3478260869565215,"total":23.0}},"Breathing":{"Mystical Experiences":{"raw":1.0,"perc":33.333333333333329,"total":3.0},"Families":{"raw":1.0,"perc":33.333333333333329,"total":3.0},"Guides / Sitters":{"raw":1.0,"perc":33.333333333333329,"total":3.0}},"Hyperventilation":{"Mystical Experiences":{"raw":1.0,"perc":33.333333333333329,"total":3.0},"Families":{"raw":1.0,"perc":33.333333333333329,"total":3.0},"Guides / Sitters":{"raw":1.0,"perc":33.333333333333329,"total":3.0}},"Police / Customs":{"Second Hand Report":{"raw":1.0,"perc":50.0,"total":2.0},"Preparation / Recipes":{"raw":1.0,"perc":50.0,"total":2.0}},"Meditation":{"Retrospective / Summary":{"raw":3.0,"perc":18.75,"total":16.0},"Mystical Experiences":{"raw":3.0,"perc":18.75,"total":16.0},"General":{"raw":3.0,"perc":18.75,"total":16.0},"Glowing Experiences":{"raw":2.0,"perc":12.5,"total":16.0},"First Times":{"raw":1.0,"perc":6.25,"total":16.0},"Therapeutic Intent or Outcome":{"raw":1.0,"perc":6.25,"total":16.0},"Guides / Sitters":{"raw":1.0,"perc":6.25,"total":16.0},"Relationships":{"raw":1.0,"perc":6.25,"total":16.0},"Loss of Magic":{"raw":1.0,"perc":6.25,"total":16.0}},"Yoga / Bodywork":{"Retrospective / Summary":{"raw":1.0,"perc":33.333333333333329,"total":3.0},"Mystical Experiences":{"raw":1.0,"perc":33.333333333333329,"total":3.0},"General":{"raw":1.0,"perc":33.333333333333329,"total":3.0}},"Fasting":{"Glowing Experiences":{"raw":1.0,"perc":33.333333333333329,"total":3.0},"Retrospective / Summary":{"raw":1.0,"perc":33.333333333333329,"total":3.0},"Multi-Day Experience":{"raw":1.0,"perc":33.333333333333329,"total":3.0}},"Migraines":{"Medical Use":{"raw":1.0,"perc":20.0,"total":5.0},"Hangover / Days After":{"raw":1.0,"perc":20.0,"total":5.0},"Health Benefits":{"raw":2.0,"perc":40.0,"total":5.0},"Therapeutic Intent or Outcome":{"raw":1.0,"perc":20.0,"total":5.0}},"Conferences":{"General":{"raw":9.0,"perc":90.0,"total":10.0},"Glowing Experiences":{"raw":1.0,"perc":10.0,"total":10.0}},"Floatation Tank":{"First Times":{"raw":1.0,"perc":50.0,"total":2.0},"Hangover / Days After":{"raw":1.0,"perc":50.0,"total":2.0}},"Devices":{"First Times":{"raw":1.0,"perc":50.0,"total":2.0},"Glowing Experiences":{"raw":1.0,"perc":50.0,"total":2.0}}},"Male":{"Sleep Deprivation":{"Difficult Experiences":{"raw":11.0,"perc":10.091743119266056,"total":109.0},"Health Problems":{"raw":6.0,"perc":5.5045871559633035,"total":109.0},"General":{"raw":25.0,"perc":22.935779816513762,"total":109.0},"Multi-Day Experience":{"raw":16.0,"perc":14.678899082568808,"total":109.0},"Retrospective / Summary":{"raw":5.0,"perc":4.5871559633027523,"total":109.0},"Health Benefits":{"raw":2.0,"perc":1.834862385321101,"total":109.0},"Music Discussion":{"raw":4.0,"perc":3.669724770642202,"total":109.0},"Entities / Beings":{"raw":3.0,"perc":2.7522935779816518,"total":109.0},"Mystical Experiences":{"raw":3.0,"perc":2.7522935779816518,"total":109.0},"Depression":{"raw":1.0,"perc":0.91743119266055051,"total":109.0},"First Times":{"raw":6.0,"perc":5.5045871559633035,"total":109.0},"Bad Trips":{"raw":3.0,"perc":2.7522935779816518,"total":109.0},"Loss of Magic":{"raw":1.0,"perc":0.91743119266055051,"total":109.0},"Hangover / Days After":{"raw":7.0,"perc":6.4220183486238538,"total":109.0},"Medical Use":{"raw":1.0,"perc":0.91743119266055051,"total":109.0},"HPPD / Lasting Visuals":{"raw":2.0,"perc":1.834862385321101,"total":109.0},"Glowing Experiences":{"raw":2.0,"perc":1.834862385321101,"total":109.0},"Sex Discussion":{"raw":1.0,"perc":0.91743119266055051,"total":109.0},"What Was in That?":{"raw":1.0,"perc":0.91743119266055051,"total":109.0},"Guides / Sitters":{"raw":2.0,"perc":1.834862385321101,"total":109.0},"Relationships":{"raw":1.0,"perc":0.91743119266055051,"total":109.0},"Overdose":{"raw":1.0,"perc":0.91743119266055051,"total":109.0},"Post Trip Problems":{"raw":1.0,"perc":0.91743119266055051,"total":109.0},"Performance Enhancement":{"raw":3.0,"perc":2.7522935779816518,"total":109.0},"Preparation / Recipes":{"raw":1.0,"perc":0.91743119266055051,"total":109.0}},"Dreams":{"General":{"raw":89.0,"perc":31.448763250883395,"total":283.0},"Difficult Experiences":{"raw":6.0,"perc":2.1201413427561837,"total":283.0},"First Times":{"raw":27.0,"perc":9.5406360424028271,"total":283.0},"Retrospective / Summary":{"raw":48.0,"perc":16.96113074204947,"total":283.0},"Health Problems":{"raw":4.0,"perc":1.4134275618374559,"total":283.0},"Post Trip Problems":{"raw":5.0,"perc":1.76678445229682,"total":283.0},"Mystical Experiences":{"raw":8.0,"perc":2.8268551236749118,"total":283.0},"Entities / Beings":{"raw":19.0,"perc":6.7137809187279158,"total":283.0},"Sex Discussion":{"raw":4.0,"perc":1.4134275618374559,"total":283.0},"Glowing Experiences":{"raw":24.0,"perc":8.4805653710247348,"total":283.0},"Hangover / Days After":{"raw":6.0,"perc":2.1201413427561837,"total":283.0},"Medical Use":{"raw":9.0,"perc":3.1802120141342751,"total":283.0},"Preparation / Recipes":{"raw":6.0,"perc":2.1201413427561837,"total":283.0},"Health Benefits":{"raw":5.0,"perc":1.76678445229682,"total":283.0},"Depression":{"raw":6.0,"perc":2.1201413427561837,"total":283.0},"Overdose":{"raw":2.0,"perc":0.70671378091872794,"total":283.0},"Relationships":{"raw":1.0,"perc":0.35335689045936397,"total":283.0},"Multi-Day Experience":{"raw":4.0,"perc":1.4134275618374559,"total":283.0},"Second Hand Report":{"raw":2.0,"perc":0.70671378091872794,"total":283.0},"Music Discussion":{"raw":1.0,"perc":0.35335689045936397,"total":283.0},"Nature / Outdoors":{"raw":1.0,"perc":0.35335689045936397,"total":283.0},"Therapeutic Intent or Outcome":{"raw":6.0,"perc":2.1201413427561837,"total":283.0}},"Drug Testing":{"General":{"raw":94.0,"perc":73.4375,"total":128.0},"Post Trip Problems":{"raw":5.0,"perc":3.90625,"total":128.0},"Personal Preparation":{"raw":1.0,"perc":0.78125,"total":128.0},"Health Problems":{"raw":2.0,"perc":1.5625,"total":128.0},"Second Hand Report":{"raw":3.0,"perc":2.34375,"total":128.0},"Preparation / Recipes":{"raw":3.0,"perc":2.34375,"total":128.0},"Bad Trips":{"raw":2.0,"perc":1.5625,"total":128.0},"Retrospective / Summary":{"raw":8.0,"perc":6.25,"total":128.0},"Medical Use":{"raw":5.0,"perc":3.90625,"total":128.0},"Difficult Experiences":{"raw":2.0,"perc":1.5625,"total":128.0},"Multi-Day Experience":{"raw":3.0,"perc":2.34375,"total":128.0}},"Police / Customs":{"General":{"raw":34.0,"perc":20.73170731707317,"total":164.0},"First Times":{"raw":10.0,"perc":6.0975609756097562,"total":164.0},"Retrospective / Summary":{"raw":11.0,"perc":6.7073170731707323,"total":164.0},"Glowing Experiences":{"raw":5.0,"perc":3.0487804878048781,"total":164.0},"Bad Trips":{"raw":13.0,"perc":7.9268292682926829,"total":164.0},"Preparation / Recipes":{"raw":3.0,"perc":1.8292682926829267,"total":164.0},"Post Trip Problems":{"raw":14.0,"perc":8.536585365853659,"total":164.0},"Health Problems":{"raw":4.0,"perc":2.4390243902439024,"total":164.0},"Entities / Beings":{"raw":8.0,"perc":4.8780487804878048,"total":164.0},"Difficult Experiences":{"raw":21.0,"perc":12.804878048780488,"total":164.0},"Second Hand Report":{"raw":7.0,"perc":4.2682926829268295,"total":164.0},"Overdose":{"raw":5.0,"perc":3.0487804878048781,"total":164.0},"Health Benefits":{"raw":1.0,"perc":0.6097560975609756,"total":164.0},"Depression":{"raw":3.0,"perc":1.8292682926829267,"total":164.0},"Nature / Outdoors":{"raw":3.0,"perc":1.8292682926829267,"total":164.0},"HPPD / Lasting Visuals":{"raw":1.0,"perc":0.6097560975609756,"total":164.0},"Music Discussion":{"raw":5.0,"perc":3.0487804878048781,"total":164.0},"Hangover / Days After":{"raw":6.0,"perc":3.6585365853658534,"total":164.0},"Mystical Experiences":{"raw":2.0,"perc":1.2195121951219512,"total":164.0},"Relationships":{"raw":2.0,"perc":1.2195121951219512,"total":164.0},"Personal Preparation":{"raw":1.0,"perc":0.6097560975609756,"total":164.0},"Guides / Sitters":{"raw":1.0,"perc":0.6097560975609756,"total":164.0},"Multi-Day Experience":{"raw":1.0,"perc":0.6097560975609756,"total":164.0},"Families":{"raw":1.0,"perc":0.6097560975609756,"total":164.0},"Therapeutic Intent or Outcome":{"raw":1.0,"perc":0.6097560975609756,"total":164.0},"Performance Enhancement":{"raw":1.0,"perc":0.6097560975609756,"total":164.0}},"Meditation":{"General":{"raw":32.0,"perc":19.393939393939394,"total":165.0},"Retrospective / Summary":{"raw":25.0,"perc":15.151515151515152,"total":165.0},"Bad Trips":{"raw":1.0,"perc":0.60606060606060608,"total":165.0},"Mystical Experiences":{"raw":14.0,"perc":8.4848484848484862,"total":165.0},"Glowing Experiences":{"raw":24.0,"perc":14.545454545454545,"total":165.0},"Health Benefits":{"raw":5.0,"perc":3.0303030303030303,"total":165.0},"Personal Preparation":{"raw":5.0,"perc":3.0303030303030303,"total":165.0},"Depression":{"raw":1.0,"perc":0.60606060606060608,"total":165.0},"Preparation / Recipes":{"raw":2.0,"perc":1.2121212121212122,"total":165.0},"Health Problems":{"raw":2.0,"perc":1.2121212121212122,"total":165.0},"First Times":{"raw":7.0,"perc":4.2424242424242431,"total":165.0},"Therapeutic Intent or Outcome":{"raw":4.0,"perc":2.4242424242424243,"total":165.0},"Guides / Sitters":{"raw":2.0,"perc":1.2121212121212122,"total":165.0},"Multi-Day Experience":{"raw":4.0,"perc":2.4242424242424243,"total":165.0},"Entities / Beings":{"raw":11.0,"perc":6.666666666666667,"total":165.0},"Hangover / Days After":{"raw":3.0,"perc":1.8181818181818181,"total":165.0},"Music Discussion":{"raw":7.0,"perc":4.2424242424242431,"total":165.0},"Difficult Experiences":{"raw":4.0,"perc":2.4242424242424243,"total":165.0},"Poetry":{"raw":1.0,"perc":0.60606060606060608,"total":165.0},"Post Trip Problems":{"raw":2.0,"perc":1.2121212121212122,"total":165.0},"Relationships":{"raw":2.0,"perc":1.2121212121212122,"total":165.0},"Sex Discussion":{"raw":2.0,"perc":1.2121212121212122,"total":165.0},"Nature / Outdoors":{"raw":4.0,"perc":2.4242424242424243,"total":165.0},"What Was in That?":{"raw":1.0,"perc":0.60606060606060608,"total":165.0}},"OBE":{"General":{"raw":17.0,"perc":18.478260869565215,"total":92.0},"Nature / Outdoors":{"raw":1.0,"perc":1.0869565217391304,"total":92.0},"Mystical Experiences":{"raw":13.0,"perc":14.130434782608695,"total":92.0},"Difficult Experiences":{"raw":8.0,"perc":8.695652173913043,"total":92.0},"Entities / Beings":{"raw":12.0,"perc":13.043478260869565,"total":92.0},"Guides / Sitters":{"raw":3.0,"perc":3.2608695652173911,"total":92.0},"First Times":{"raw":7.0,"perc":7.608695652173914,"total":92.0},"Depression":{"raw":2.0,"perc":2.1739130434782608,"total":92.0},"Post Trip Problems":{"raw":2.0,"perc":2.1739130434782608,"total":92.0},"Medical Use":{"raw":1.0,"perc":1.0869565217391304,"total":92.0},"Retrospective / Summary":{"raw":3.0,"perc":3.2608695652173911,"total":92.0},"Glowing Experiences":{"raw":10.0,"perc":10.869565217391305,"total":92.0},"Sex Discussion":{"raw":2.0,"perc":2.1739130434782608,"total":92.0},"Second Hand Report":{"raw":1.0,"perc":1.0869565217391304,"total":92.0},"Overdose":{"raw":1.0,"perc":1.0869565217391304,"total":92.0},"Hangover / Days After":{"raw":2.0,"perc":2.1739130434782608,"total":92.0},"Bad Trips":{"raw":1.0,"perc":1.0869565217391304,"total":92.0},"Music Discussion":{"raw":1.0,"perc":1.0869565217391304,"total":92.0},"Multi-Day Experience":{"raw":2.0,"perc":2.1739130434782608,"total":92.0},"What Was in That?":{"raw":1.0,"perc":1.0869565217391304,"total":92.0},"Personal Preparation":{"raw":1.0,"perc":1.0869565217391304,"total":92.0},"Relationships":{"raw":1.0,"perc":1.0869565217391304,"total":92.0}},"Ritual":{"Sex Discussion":{"raw":4.0,"perc":4.8192771084337354,"total":83.0},"Difficult Experiences":{"raw":4.0,"perc":4.8192771084337354,"total":83.0},"Glowing Experiences":{"raw":7.0,"perc":8.4337349397590362,"total":83.0},"Mystical Experiences":{"raw":15.0,"perc":18.072289156626507,"total":83.0},"Multi-Day Experience":{"raw":1.0,"perc":1.2048192771084338,"total":83.0},"Retrospective / Summary":{"raw":5.0,"perc":6.024096385542169,"total":83.0},"Preparation / Recipes":{"raw":3.0,"perc":3.6144578313253009,"total":83.0},"Personal Preparation":{"raw":3.0,"perc":3.6144578313253009,"total":83.0},"First Times":{"raw":5.0,"perc":6.024096385542169,"total":83.0},"General":{"raw":6.0,"perc":7.2289156626506017,"total":83.0},"Relationships":{"raw":2.0,"perc":2.4096385542168677,"total":83.0},"Health Benefits":{"raw":1.0,"perc":1.2048192771084338,"total":83.0},"Depression":{"raw":1.0,"perc":1.2048192771084338,"total":83.0},"Entities / Beings":{"raw":8.0,"perc":9.63855421686747,"total":83.0},"Nature / Outdoors":{"raw":3.0,"perc":3.6144578313253009,"total":83.0},"Music Discussion":{"raw":2.0,"perc":2.4096385542168677,"total":83.0},"Guides / Sitters":{"raw":7.0,"perc":8.4337349397590362,"total":83.0},"Therapeutic Intent or Outcome":{"raw":6.0,"perc":7.2289156626506017,"total":83.0}},"Endogenous":{"General":{"raw":7.0,"perc":13.725490196078432,"total":51.0},"First Times":{"raw":4.0,"perc":7.8431372549019605,"total":51.0},"Multi-Day Experience":{"raw":2.0,"perc":3.9215686274509802,"total":51.0},"Retrospective / Summary":{"raw":4.0,"perc":7.8431372549019605,"total":51.0},"HPPD / Lasting Visuals":{"raw":2.0,"perc":3.9215686274509802,"total":51.0},"Overdose":{"raw":1.0,"perc":1.9607843137254901,"total":51.0},"Depression":{"raw":3.0,"perc":5.88235294117647,"total":51.0},"Post Trip Problems":{"raw":3.0,"perc":5.88235294117647,"total":51.0},"Glowing Experiences":{"raw":2.0,"perc":3.9215686274509802,"total":51.0},"Difficult Experiences":{"raw":4.0,"perc":7.8431372549019605,"total":51.0},"Bad Trips":{"raw":3.0,"perc":5.88235294117647,"total":51.0},"Health Problems":{"raw":6.0,"perc":11.76470588235294,"total":51.0},"Mystical Experiences":{"raw":3.0,"perc":5.88235294117647,"total":51.0},"Entities / Beings":{"raw":2.0,"perc":3.9215686274509802,"total":51.0},"Therapeutic Intent or Outcome":{"raw":1.0,"perc":1.9607843137254901,"total":51.0},"Guides / Sitters":{"raw":1.0,"perc":1.9607843137254901,"total":51.0},"Medical Use":{"raw":2.0,"perc":3.9215686274509802,"total":51.0},"Hangover / Days After":{"raw":1.0,"perc":1.9607843137254901,"total":51.0}},"Breathing":{"General":{"raw":10.0,"perc":28.571428571428569,"total":35.0},"Entities / Beings":{"raw":2.0,"perc":5.7142857142857144,"total":35.0},"Health Problems":{"raw":3.0,"perc":8.5714285714285712,"total":35.0},"Glowing Experiences":{"raw":4.0,"perc":11.428571428571429,"total":35.0},"First Times":{"raw":3.0,"perc":8.5714285714285712,"total":35.0},"Post Trip Problems":{"raw":2.0,"perc":5.7142857142857144,"total":35.0},"Retrospective / Summary":{"raw":3.0,"perc":8.5714285714285712,"total":35.0},"Mystical Experiences":{"raw":3.0,"perc":8.5714285714285712,"total":35.0},"Preparation / Recipes":{"raw":1.0,"perc":2.8571428571428572,"total":35.0},"Nature / Outdoors":{"raw":1.0,"perc":2.8571428571428572,"total":35.0},"Medical Use":{"raw":1.0,"perc":2.8571428571428572,"total":35.0},"Therapeutic Intent or Outcome":{"raw":1.0,"perc":2.8571428571428572,"total":35.0},"Depression":{"raw":1.0,"perc":2.8571428571428572,"total":35.0}},"Hyperventilation":{"General":{"raw":5.0,"perc":38.461538461538467,"total":13.0},"Health Problems":{"raw":2.0,"perc":15.384615384615385,"total":13.0},"First Times":{"raw":3.0,"perc":23.076923076923077,"total":13.0},"Post Trip Problems":{"raw":1.0,"perc":7.6923076923076925,"total":13.0},"Glowing Experiences":{"raw":1.0,"perc":7.6923076923076925,"total":13.0},"Mystical Experiences":{"raw":1.0,"perc":7.6923076923076925,"total":13.0}},"Floatation Tank":{"General":{"raw":3.0,"perc":42.857142857142854,"total":7.0},"Health Problems":{"raw":1.0,"perc":14.285714285714285,"total":7.0},"Health Benefits":{"raw":1.0,"perc":14.285714285714285,"total":7.0},"First Times":{"raw":1.0,"perc":14.285714285714285,"total":7.0},"Preparation / Recipes":{"raw":1.0,"perc":14.285714285714285,"total":7.0}},"Fasting":{"General":{"raw":8.0,"perc":20.0,"total":40.0},"Health Benefits":{"raw":2.0,"perc":5.0,"total":40.0},"Difficult Experiences":{"raw":3.0,"perc":7.5,"total":40.0},"Mystical Experiences":{"raw":5.0,"perc":12.5,"total":40.0},"Entities / Beings":{"raw":4.0,"perc":10.0,"total":40.0},"Multi-Day Experience":{"raw":3.0,"perc":7.5,"total":40.0},"Retrospective / Summary":{"raw":6.0,"perc":15.0,"total":40.0},"Relationships":{"raw":1.0,"perc":2.5,"total":40.0},"Personal Preparation":{"raw":3.0,"perc":7.5,"total":40.0},"Nature / Outdoors":{"raw":2.0,"perc":5.0,"total":40.0},"Post Trip Problems":{"raw":1.0,"perc":2.5,"total":40.0},"First Times":{"raw":1.0,"perc":2.5,"total":40.0},"Therapeutic Intent or Outcome":{"raw":1.0,"perc":2.5,"total":40.0}},"Guiding":{"Retrospective / Summary":{"raw":2.0,"perc":22.222222222222221,"total":9.0},"Glowing Experiences":{"raw":2.0,"perc":22.222222222222221,"total":9.0},"Mystical Experiences":{"raw":1.0,"perc":11.111111111111111,"total":9.0},"Guides / Sitters":{"raw":2.0,"perc":22.222222222222221,"total":9.0},"General":{"raw":1.0,"perc":11.111111111111111,"total":9.0},"Nature / Outdoors":{"raw":1.0,"perc":11.111111111111111,"total":9.0}},"Nitrogen Narcosis":{"General":{"raw":5.0,"perc":45.454545454545453,"total":11.0},"Nature / Outdoors":{"raw":1.0,"perc":9.0909090909090917,"total":11.0},"First Times":{"raw":2.0,"perc":18.181818181818183,"total":11.0},"Retrospective / Summary":{"raw":1.0,"perc":9.0909090909090917,"total":11.0},"Difficult Experiences":{"raw":1.0,"perc":9.0909090909090917,"total":11.0},"Entities / Beings":{"raw":1.0,"perc":9.0909090909090917,"total":11.0}},"Yoga / Bodywork":{"Glowing Experiences":{"raw":14.0,"perc":21.875,"total":64.0},"Mystical Experiences":{"raw":8.0,"perc":12.5,"total":64.0},"Entities / Beings":{"raw":5.0,"perc":7.8125,"total":64.0},"General":{"raw":11.0,"perc":17.1875,"total":64.0},"Multi-Day Experience":{"raw":1.0,"perc":1.5625,"total":64.0},"Preparation / Recipes":{"raw":1.0,"perc":1.5625,"total":64.0},"Music Discussion":{"raw":4.0,"perc":6.25,"total":64.0},"Retrospective / Summary":{"raw":4.0,"perc":6.25,"total":64.0},"Sex Discussion":{"raw":1.0,"perc":1.5625,"total":64.0},"First Times":{"raw":4.0,"perc":6.25,"total":64.0},"Health Benefits":{"raw":2.0,"perc":3.125,"total":64.0},"Nature / Outdoors":{"raw":3.0,"perc":4.6875,"total":64.0},"Guides / Sitters":{"raw":1.0,"perc":1.5625,"total":64.0},"Families":{"raw":1.0,"perc":1.5625,"total":64.0},"Therapeutic Intent or Outcome":{"raw":2.0,"perc":3.125,"total":64.0},"Depression":{"raw":1.0,"perc":1.5625,"total":64.0},"Performance Enhancement":{"raw":1.0,"perc":1.5625,"total":64.0}},"Migraines":{"Retrospective / Summary":{"raw":4.0,"perc":11.111111111111111,"total":36.0},"Health Benefits":{"raw":8.0,"perc":22.222222222222221,"total":36.0},"Health Problems":{"raw":5.0,"perc":13.888888888888889,"total":36.0},"Post Trip Problems":{"raw":3.0,"perc":8.3333333333333321,"total":36.0},"Medical Use":{"raw":6.0,"perc":16.666666666666664,"total":36.0},"Second Hand Report":{"raw":1.0,"perc":2.7777777777777777,"total":36.0},"General":{"raw":1.0,"perc":2.7777777777777777,"total":36.0},"Difficult Experiences":{"raw":1.0,"perc":2.7777777777777777,"total":36.0},"Depression":{"raw":2.0,"perc":5.5555555555555554,"total":36.0},"Entities / Beings":{"raw":1.0,"perc":2.7777777777777777,"total":36.0},"Music Discussion":{"raw":1.0,"perc":2.7777777777777777,"total":36.0},"Hangover / Days After":{"raw":2.0,"perc":5.5555555555555554,"total":36.0},"What Was in That?":{"raw":1.0,"perc":2.7777777777777777,"total":36.0}},"Devices":{"Music Discussion":{"raw":3.0,"perc":9.67741935483871,"total":31.0},"General":{"raw":7.0,"perc":22.58064516129032,"total":31.0},"First Times":{"raw":6.0,"perc":19.35483870967742,"total":31.0},"Difficult Experiences":{"raw":1.0,"perc":3.225806451612903,"total":31.0},"Glowing Experiences":{"raw":5.0,"perc":16.129032258064516,"total":31.0},"Mystical Experiences":{"raw":4.0,"perc":12.903225806451612,"total":31.0},"Health Benefits":{"raw":1.0,"perc":3.225806451612903,"total":31.0},"Retrospective / Summary":{"raw":1.0,"perc":3.225806451612903,"total":31.0},"Entities / Beings":{"raw":2.0,"perc":6.4516129032258061,"total":31.0},"Relationships":{"raw":1.0,"perc":3.225806451612903,"total":31.0}},"Devices - Mind Machine":{"General":{"raw":4.0,"perc":22.222222222222221,"total":18.0},"First Times":{"raw":2.0,"perc":11.111111111111111,"total":18.0},"Difficult Experiences":{"raw":1.0,"perc":5.5555555555555554,"total":18.0},"Glowing Experiences":{"raw":4.0,"perc":22.222222222222221,"total":18.0},"Mystical Experiences":{"raw":3.0,"perc":16.666666666666664,"total":18.0},"Music Discussion":{"raw":1.0,"perc":5.5555555555555554,"total":18.0},"Health Benefits":{"raw":1.0,"perc":5.5555555555555554,"total":18.0},"Retrospective / Summary":{"raw":1.0,"perc":5.5555555555555554,"total":18.0},"Entities / Beings":{"raw":1.0,"perc":5.5555555555555554,"total":18.0}},"Mindfulness":{"Retrospective / Summary":{"raw":2.0,"perc":7.4074074074074066,"total":27.0},"Health Benefits":{"raw":2.0,"perc":7.4074074074074066,"total":27.0},"Depression":{"raw":2.0,"perc":7.4074074074074066,"total":27.0},"General":{"raw":2.0,"perc":7.4074074074074066,"total":27.0},"Music Discussion":{"raw":1.0,"perc":3.7037037037037033,"total":27.0},"Glowing Experiences":{"raw":3.0,"perc":11.111111111111111,"total":27.0},"Mystical Experiences":{"raw":4.0,"perc":14.814814814814813,"total":27.0},"Nature / Outdoors":{"raw":2.0,"perc":7.4074074074074066,"total":27.0},"First Times":{"raw":2.0,"perc":7.4074074074074066,"total":27.0},"Entities / Beings":{"raw":2.0,"perc":7.4074074074074066,"total":27.0},"Guides / Sitters":{"raw":1.0,"perc":3.7037037037037033,"total":27.0},"Relationships":{"raw":2.0,"perc":7.4074074074074066,"total":27.0},"Therapeutic Intent or Outcome":{"raw":1.0,"perc":3.7037037037037033,"total":27.0},"Personal Preparation":{"raw":1.0,"perc":3.7037037037037033,"total":27.0}},"Devices - Magnetic":{"First Times":{"raw":2.0,"perc":100.0,"total":2.0}},"Sweating":{"First Times":{"raw":4.0,"perc":25.0,"total":16.0},"General":{"raw":3.0,"perc":18.75,"total":16.0},"Retrospective / Summary":{"raw":2.0,"perc":12.5,"total":16.0},"Depression":{"raw":1.0,"perc":6.25,"total":16.0},"Glowing Experiences":{"raw":1.0,"perc":6.25,"total":16.0},"Entities / Beings":{"raw":1.0,"perc":6.25,"total":16.0},"Preparation / Recipes":{"raw":2.0,"perc":12.5,"total":16.0},"Health Benefits":{"raw":1.0,"perc":6.25,"total":16.0},"Sex Discussion":{"raw":1.0,"perc":6.25,"total":16.0}},"Conferences":{"General":{"raw":3.0,"perc":27.27272727272727,"total":11.0},"Entities / Beings":{"raw":1.0,"perc":9.0909090909090917,"total":11.0},"Nature / Outdoors":{"raw":1.0,"perc":9.0909090909090917,"total":11.0},"Poetry":{"raw":1.0,"perc":9.0909090909090917,"total":11.0},"Retrospective / Summary":{"raw":1.0,"perc":9.0909090909090917,"total":11.0},"Mystical Experiences":{"raw":1.0,"perc":9.0909090909090917,"total":11.0},"Post Trip Problems":{"raw":1.0,"perc":9.0909090909090917,"total":11.0},"Difficult Experiences":{"raw":1.0,"perc":9.0909090909090917,"total":11.0},"Second Hand Report":{"raw":1.0,"perc":9.0909090909090917,"total":11.0}},"Chanting":{"Difficult Experiences":{"raw":1.0,"perc":33.333333333333329,"total":3.0},"Mystical Experiences":{"raw":1.0,"perc":33.333333333333329,"total":3.0},"Entities / Beings":{"raw":1.0,"perc":33.333333333333329,"total":3.0}},"Humor":{"General":{"raw":3.0,"perc":18.75,"total":16.0},"Glowing Experiences":{"raw":1.0,"perc":6.25,"total":16.0},"Entities / Beings":{"raw":1.0,"perc":6.25,"total":16.0},"Nature / Outdoors":{"raw":1.0,"perc":6.25,"total":16.0},"Multi-Day Experience":{"raw":2.0,"perc":12.5,"total":16.0},"Retrospective / Summary":{"raw":1.0,"perc":6.25,"total":16.0},"Difficult Experiences":{"raw":2.0,"perc":12.5,"total":16.0},"Mystical Experiences":{"raw":1.0,"perc":6.25,"total":16.0},"Therapeutic Intent or Outcome":{"raw":1.0,"perc":6.25,"total":16.0},"Performance Enhancement":{"raw":1.0,"perc":6.25,"total":16.0},"Bad Trips":{"raw":1.0,"perc":6.25,"total":16.0},"Health Problems":{"raw":1.0,"perc":6.25,"total":16.0}},"Music":{"General":{"raw":3.0,"perc":33.333333333333329,"total":9.0},"Mystical Experiences":{"raw":1.0,"perc":11.111111111111111,"total":9.0},"What Was in That?":{"raw":1.0,"perc":11.111111111111111,"total":9.0},"Hangover / Days After":{"raw":1.0,"perc":11.111111111111111,"total":9.0},"Glowing Experiences":{"raw":1.0,"perc":11.111111111111111,"total":9.0},"Nature / Outdoors":{"raw":1.0,"perc":11.111111111111111,"total":9.0},"Therapeutic Intent or Outcome":{"raw":1.0,"perc":11.111111111111111,"total":9.0}},"Sound (non-music)":{"Difficult Experiences":{"raw":1.0,"perc":50.0,"total":2.0},"Hangover / Days After":{"raw":1.0,"perc":50.0,"total":2.0}}},"Female":{"Migraines":{"Retrospective / Summary":{"raw":2.0,"perc":18.181818181818183,"total":11.0},"Health Problems":{"raw":1.0,"perc":9.0909090909090917,"total":11.0},"Depression":{"raw":1.0,"perc":9.0909090909090917,"total":11.0},"Post Trip Problems":{"raw":1.0,"perc":9.0909090909090917,"total":11.0},"Health Benefits":{"raw":2.0,"perc":18.181818181818183,"total":11.0},"Glowing Experiences":{"raw":1.0,"perc":9.0909090909090917,"total":11.0},"Mystical Experiences":{"raw":1.0,"perc":9.0909090909090917,"total":11.0},"Relationships":{"raw":1.0,"perc":9.0909090909090917,"total":11.0},"Medical Use":{"raw":1.0,"perc":9.0909090909090917,"total":11.0}},"Yoga / Bodywork":{"General":{"raw":6.0,"perc":28.571428571428569,"total":21.0},"Glowing Experiences":{"raw":4.0,"perc":19.047619047619047,"total":21.0},"Health Problems":{"raw":1.0,"perc":4.7619047619047619,"total":21.0},"Music Discussion":{"raw":1.0,"perc":4.7619047619047619,"total":21.0},"Relationships":{"raw":1.0,"perc":4.7619047619047619,"total":21.0},"Hangover / Days After":{"raw":1.0,"perc":4.7619047619047619,"total":21.0},"First Times":{"raw":2.0,"perc":9.5238095238095237,"total":21.0},"Mystical Experiences":{"raw":1.0,"perc":4.7619047619047619,"total":21.0},"Guides / Sitters":{"raw":1.0,"perc":4.7619047619047619,"total":21.0},"Sex Discussion":{"raw":1.0,"perc":4.7619047619047619,"total":21.0},"Retrospective / Summary":{"raw":1.0,"perc":4.7619047619047619,"total":21.0},"Post Trip Problems":{"raw":1.0,"perc":4.7619047619047619,"total":21.0}},"Meditation":{"General":{"raw":1.0,"perc":5.0,"total":20.0},"Retrospective / Summary":{"raw":2.0,"perc":10.0,"total":20.0},"Health Benefits":{"raw":2.0,"perc":10.0,"total":20.0},"First Times":{"raw":4.0,"perc":20.0,"total":20.0},"Entities / Beings":{"raw":1.0,"perc":5.0,"total":20.0},"Glowing Experiences":{"raw":5.0,"perc":25.0,"total":20.0},"Relationships":{"raw":1.0,"perc":5.0,"total":20.0},"Second Hand Report":{"raw":1.0,"perc":5.0,"total":20.0},"Sex Discussion":{"raw":1.0,"perc":5.0,"total":20.0},"Mystical Experiences":{"raw":1.0,"perc":5.0,"total":20.0},"Guides / Sitters":{"raw":1.0,"perc":5.0,"total":20.0}},"Dreams":{"General":{"raw":10.0,"perc":28.571428571428569,"total":35.0},"Difficult Experiences":{"raw":5.0,"perc":14.285714285714285,"total":35.0},"First Times":{"raw":6.0,"perc":17.142857142857142,"total":35.0},"Guides / Sitters":{"raw":1.0,"perc":2.8571428571428572,"total":35.0},"Post Trip Problems":{"raw":1.0,"perc":2.8571428571428572,"total":35.0},"Glowing Experiences":{"raw":3.0,"perc":8.5714285714285712,"total":35.0},"Medical Use":{"raw":1.0,"perc":2.8571428571428572,"total":35.0},"Sex Discussion":{"raw":1.0,"perc":2.8571428571428572,"total":35.0},"Retrospective / Summary":{"raw":2.0,"perc":5.7142857142857144,"total":35.0},"Health Benefits":{"raw":2.0,"perc":5.7142857142857144,"total":35.0},"Nature / Outdoors":{"raw":1.0,"perc":2.8571428571428572,"total":35.0},"Hangover / Days After":{"raw":1.0,"perc":2.8571428571428572,"total":35.0},"Entities / Beings":{"raw":1.0,"perc":2.8571428571428572,"total":35.0}},"Drug Testing":{"General":{"raw":18.0,"perc":78.260869565217391,"total":23.0},"Depression":{"raw":1.0,"perc":4.3478260869565215,"total":23.0},"Health Problems":{"raw":1.0,"perc":4.3478260869565215,"total":23.0},"Overdose":{"raw":1.0,"perc":4.3478260869565215,"total":23.0},"Bad Trips":{"raw":1.0,"perc":4.3478260869565215,"total":23.0},"Retrospective / Summary":{"raw":1.0,"perc":4.3478260869565215,"total":23.0}},"Ritual":{"First Times":{"raw":4.0,"perc":21.052631578947366,"total":19.0},"General":{"raw":2.0,"perc":10.526315789473683,"total":19.0},"Guides / Sitters":{"raw":3.0,"perc":15.789473684210526,"total":19.0},"Relationships":{"raw":1.0,"perc":5.2631578947368416,"total":19.0},"Glowing Experiences":{"raw":2.0,"perc":10.526315789473683,"total":19.0},"Mystical Experiences":{"raw":2.0,"perc":10.526315789473683,"total":19.0},"Entities / Beings":{"raw":1.0,"perc":5.2631578947368416,"total":19.0},"Personal Preparation":{"raw":2.0,"perc":10.526315789473683,"total":19.0},"Music Discussion":{"raw":1.0,"perc":5.2631578947368416,"total":19.0},"Retrospective / Summary":{"raw":1.0,"perc":5.2631578947368416,"total":19.0}},"Police / Customs":{"Glowing Experiences":{"raw":1.0,"perc":4.1666666666666661,"total":24.0},"Bad Trips":{"raw":2.0,"perc":8.3333333333333321,"total":24.0},"Overdose":{"raw":1.0,"perc":4.1666666666666661,"total":24.0},"General":{"raw":3.0,"perc":12.5,"total":24.0},"Retrospective / Summary":{"raw":2.0,"perc":8.3333333333333321,"total":24.0},"Difficult Experiences":{"raw":3.0,"perc":12.5,"total":24.0},"Depression":{"raw":1.0,"perc":4.1666666666666661,"total":24.0},"Post Trip Problems":{"raw":2.0,"perc":8.3333333333333321,"total":24.0},"Multi-Day Experience":{"raw":2.0,"perc":8.3333333333333321,"total":24.0},"Hangover / Days After":{"raw":2.0,"perc":8.3333333333333321,"total":24.0},"First Times":{"raw":2.0,"perc":8.3333333333333321,"total":24.0},"Relationships":{"raw":1.0,"perc":4.1666666666666661,"total":24.0},"Guides / Sitters":{"raw":1.0,"perc":4.1666666666666661,"total":24.0},"Music Discussion":{"raw":1.0,"perc":4.1666666666666661,"total":24.0}},"Fasting":{"General":{"raw":1.0,"perc":20.0,"total":5.0},"Multi-Day Experience":{"raw":1.0,"perc":20.0,"total":5.0},"Retrospective / Summary":{"raw":1.0,"perc":20.0,"total":5.0},"Personal Preparation":{"raw":1.0,"perc":20.0,"total":5.0},"Health Benefits":{"raw":1.0,"perc":20.0,"total":5.0}},"Sleep Deprivation":{"General":{"raw":3.0,"perc":20.0,"total":15.0},"Multi-Day Experience":{"raw":4.0,"perc":26.666666666666668,"total":15.0},"Bad Trips":{"raw":1.0,"perc":6.666666666666667,"total":15.0},"Retrospective / Summary":{"raw":1.0,"perc":6.666666666666667,"total":15.0},"Health Problems":{"raw":2.0,"perc":13.333333333333334,"total":15.0},"Loss of Magic":{"raw":1.0,"perc":6.666666666666667,"total":15.0},"Sex Discussion":{"raw":1.0,"perc":6.666666666666667,"total":15.0},"Difficult Experiences":{"raw":1.0,"perc":6.666666666666667,"total":15.0},"Hangover / Days After":{"raw":1.0,"perc":6.666666666666667,"total":15.0}},"OBE":{"General":{"raw":2.0,"perc":20.0,"total":10.0},"Difficult Experiences":{"raw":2.0,"perc":20.0,"total":10.0},"Hangover / Days After":{"raw":2.0,"perc":20.0,"total":10.0},"First Times":{"raw":1.0,"perc":10.0,"total":10.0},"Health Problems":{"raw":1.0,"perc":10.0,"total":10.0},"Overdose":{"raw":1.0,"perc":10.0,"total":10.0},"Post Trip Problems":{"raw":1.0,"perc":10.0,"total":10.0}},"Sweating":{"General":{"raw":1.0,"perc":100.0,"total":1.0}},"Guiding":{"First Times":{"raw":1.0,"perc":33.333333333333329,"total":3.0},"Guides / Sitters":{"raw":1.0,"perc":33.333333333333329,"total":3.0},"Nature / Outdoors":{"raw":1.0,"perc":33.333333333333329,"total":3.0}},"Devices":{"General":{"raw":3.0,"perc":33.333333333333329,"total":9.0},"Glowing Experiences":{"raw":2.0,"perc":22.222222222222221,"total":9.0},"Mystical Experiences":{"raw":1.0,"perc":11.111111111111111,"total":9.0},"Health Benefits":{"raw":1.0,"perc":11.111111111111111,"total":9.0},"Music Discussion":{"raw":1.0,"perc":11.111111111111111,"total":9.0},"Relationships":{"raw":1.0,"perc":11.111111111111111,"total":9.0}},"Devices - Mind Machine":{"General":{"raw":2.0,"perc":28.571428571428569,"total":7.0},"Glowing Experiences":{"raw":1.0,"perc":14.285714285714285,"total":7.0},"Mystical Experiences":{"raw":1.0,"perc":14.285714285714285,"total":7.0},"Health Benefits":{"raw":1.0,"perc":14.285714285714285,"total":7.0},"Music Discussion":{"raw":1.0,"perc":14.285714285714285,"total":7.0},"Relationships":{"raw":1.0,"perc":14.285714285714285,"total":7.0}},"Conferences":{"General":{"raw":1.0,"perc":14.285714285714285,"total":7.0},"Retrospective / Summary":{"raw":1.0,"perc":14.285714285714285,"total":7.0},"Health Problems":{"raw":1.0,"perc":14.285714285714285,"total":7.0},"Guides / Sitters":{"raw":1.0,"perc":14.285714285714285,"total":7.0},"Overdose":{"raw":1.0,"perc":14.285714285714285,"total":7.0},"Hangover / Days After":{"raw":1.0,"perc":14.285714285714285,"total":7.0},"Glowing Experiences":{"raw":1.0,"perc":14.285714285714285,"total":7.0}},"Breathing":{"Glowing Experiences":{"raw":1.0,"perc":25.0,"total":4.0},"Health Benefits":{"raw":1.0,"perc":25.0,"total":4.0},"Sex Discussion":{"raw":1.0,"perc":25.0,"total":4.0},"First Times":{"raw":1.0,"perc":25.0,"total":4.0}},"Endogenous":{"General":{"raw":2.0,"perc":40.0,"total":5.0},"Hangover / Days After":{"raw":1.0,"perc":20.0,"total":5.0},"Medical Use":{"raw":1.0,"perc":20.0,"total":5.0},"Second Hand Report":{"raw":1.0,"perc":20.0,"total":5.0}},"Floatation Tank":{"First Times":{"raw":1.0,"perc":100.0,"total":1.0}},"Mindfulness":{"General":{"raw":2.0,"perc":15.384615384615385,"total":13.0},"Retrospective / Summary":{"raw":1.0,"perc":7.6923076923076925,"total":13.0},"Glowing Experiences":{"raw":2.0,"perc":15.384615384615385,"total":13.0},"Mystical Experiences":{"raw":1.0,"perc":7.6923076923076925,"total":13.0},"Entities / Beings":{"raw":2.0,"perc":15.384615384615385,"total":13.0},"Therapeutic Intent or Outcome":{"raw":1.0,"perc":7.6923076923076925,"total":13.0},"Personal Preparation":{"raw":1.0,"perc":7.6923076923076925,"total":13.0},"Relationships":{"raw":1.0,"perc":7.6923076923076925,"total":13.0},"Preparation / Recipes":{"raw":1.0,"perc":7.6923076923076925,"total":13.0},"Nature / Outdoors":{"raw":1.0,"perc":7.6923076923076925,"total":13.0}}}}