{"Not-Specified":{"Medium":{"First Times":{"raw":178.0,"perc":11.803713527851459,"total":1508.0},"General":{"raw":431.0,"perc":28.580901856763923,"total":1508.0},"Glowing Experiences":{"raw":91.0,"perc":6.0344827586206895,"total":1508.0},"Multi-Day Experience":{"raw":15.0,"perc":0.9946949602122015,"total":1508.0},"Retrospective / Summary":{"raw":189.0,"perc":12.533156498673739,"total":1508.0},"Health Problems":{"raw":87.0,"perc":5.7692307692307692,"total":1508.0},"Difficult Experiences":{"raw":85.0,"perc":5.636604774535809,"total":1508.0},"Overdose":{"raw":17.0,"perc":1.1273209549071617,"total":1508.0},"Post Trip Problems":{"raw":24.0,"perc":1.5915119363395225,"total":1508.0},"Mystical Experiences":{"raw":32.0,"perc":2.1220159151193632,"total":1508.0},"Depression":{"raw":17.0,"perc":1.1273209549071617,"total":1508.0},"Sex Discussion":{"raw":19.0,"perc":1.2599469496021221,"total":1508.0},"Preparation / Recipes":{"raw":66.0,"perc":4.3766578249336874,"total":1508.0},"Nature / Outdoors":{"raw":17.0,"perc":1.1273209549071617,"total":1508.0},"Entities / Beings":{"raw":32.0,"perc":2.1220159151193632,"total":1508.0},"What Was in That?":{"raw":12.0,"perc":0.79575596816976124,"total":1508.0},"Music Discussion":{"raw":16.0,"perc":1.0610079575596816,"total":1508.0},"Bad Trips":{"raw":27.0,"perc":1.790450928381963,"total":1508.0},"Cultivation / Synthesis":{"raw":8.0,"perc":0.53050397877984079,"total":1508.0},"Guides / Sitters":{"raw":14.0,"perc":0.92838196286472141,"total":1508.0},"Second Hand Report":{"raw":12.0,"perc":0.79575596816976124,"total":1508.0},"HPPD / Lasting Visuals":{"raw":4.0,"perc":0.2652519893899204,"total":1508.0},"Health Benefits":{"raw":23.0,"perc":1.5251989389920424,"total":1508.0},"Poetry":{"raw":7.0,"perc":0.46419098143236071,"total":1508.0},"Hangover / Days After":{"raw":26.0,"perc":1.7241379310344827,"total":1508.0},"Families":{"raw":11.0,"perc":0.72944297082228116,"total":1508.0},"Loss of Magic":{"raw":4.0,"perc":0.2652519893899204,"total":1508.0},"Relationships":{"raw":13.0,"perc":0.86206896551724133,"total":1508.0},"Medical Use":{"raw":15.0,"perc":0.9946949602122015,"total":1508.0},"Personal Preparation":{"raw":3.0,"perc":0.19893899204244031,"total":1508.0},"Therapeutic Intent or Outcome":{"raw":13.0,"perc":0.86206896551724133,"total":1508.0}},"Strong":{"General":{"raw":140.0,"perc":22.913256955810148,"total":611.0},"First Times":{"raw":71.0,"perc":11.620294599018004,"total":611.0},"Difficult Experiences":{"raw":84.0,"perc":13.747954173486088,"total":611.0},"Nature / Outdoors":{"raw":7.0,"perc":1.1456628477905073,"total":611.0},"Post Trip Problems":{"raw":9.0,"perc":1.4729950900163666,"total":611.0},"Retrospective / Summary":{"raw":26.0,"perc":4.25531914893617,"total":611.0},"Mystical Experiences":{"raw":39.0,"perc":6.3829787234042552,"total":611.0},"Bad Trips":{"raw":37.0,"perc":6.0556464811783961,"total":611.0},"Glowing Experiences":{"raw":32.0,"perc":5.2373158756137483,"total":611.0},"Overdose":{"raw":22.0,"perc":3.6006546644844519,"total":611.0},"Health Problems":{"raw":37.0,"perc":6.0556464811783961,"total":611.0},"Music Discussion":{"raw":9.0,"perc":1.4729950900163666,"total":611.0},"Preparation / Recipes":{"raw":5.0,"perc":0.81833060556464821,"total":611.0},"Entities / Beings":{"raw":25.0,"perc":4.0916530278232406,"total":611.0},"Multi-Day Experience":{"raw":11.0,"perc":1.800327332242226,"total":611.0},"What Was in That?":{"raw":7.0,"perc":1.1456628477905073,"total":611.0},"Sex Discussion":{"raw":6.0,"perc":0.98199672667757776,"total":611.0},"Hangover / Days After":{"raw":19.0,"perc":3.1096563011456628,"total":611.0},"Second Hand Report":{"raw":3.0,"perc":0.49099836333878888,"total":611.0},"Depression":{"raw":3.0,"perc":0.49099836333878888,"total":611.0},"Guides / Sitters":{"raw":4.0,"perc":0.65466448445171854,"total":611.0},"Relationships":{"raw":5.0,"perc":0.81833060556464821,"total":611.0},"Poetry":{"raw":2.0,"perc":0.32733224222585927,"total":611.0},"Therapeutic Intent or Outcome":{"raw":4.0,"perc":0.65466448445171854,"total":611.0},"Personal Preparation":{"raw":1.0,"perc":0.16366612111292964,"total":611.0},"Loss of Magic":{"raw":1.0,"perc":0.16366612111292964,"total":611.0},"Health Benefits":{"raw":1.0,"perc":0.16366612111292964,"total":611.0},"Families":{"raw":1.0,"perc":0.16366612111292964,"total":611.0}},"No Effect":{"General":{"raw":23.0,"perc":53.488372093023251,"total":43.0},"Preparation / Recipes":{"raw":8.0,"perc":18.6046511627907,"total":43.0},"What Was in That?":{"raw":1.0,"perc":2.3255813953488373,"total":43.0},"Cultivation / Synthesis":{"raw":2.0,"perc":4.6511627906976747,"total":43.0},"First Times":{"raw":1.0,"perc":2.3255813953488373,"total":43.0},"Families":{"raw":2.0,"perc":4.6511627906976747,"total":43.0},"Post Trip Problems":{"raw":1.0,"perc":2.3255813953488373,"total":43.0},"Guides / Sitters":{"raw":1.0,"perc":2.3255813953488373,"total":43.0},"Second Hand Report":{"raw":1.0,"perc":2.3255813953488373,"total":43.0},"Glowing Experiences":{"raw":1.0,"perc":2.3255813953488373,"total":43.0},"Health Benefits":{"raw":1.0,"perc":2.3255813953488373,"total":43.0},"Retrospective / Summary":{"raw":1.0,"perc":2.3255813953488373,"total":43.0}},"Extreme":{"General":{"raw":9.0,"perc":6.4748201438848918,"total":139.0},"Preparation / Recipes":{"raw":3.0,"perc":2.1582733812949639,"total":139.0},"Difficult Experiences":{"raw":13.0,"perc":9.3525179856115113,"total":139.0},"Health Problems":{"raw":19.0,"perc":13.669064748201439,"total":139.0},"Overdose":{"raw":19.0,"perc":13.669064748201439,"total":139.0},"Mystical Experiences":{"raw":6.0,"perc":4.3165467625899279,"total":139.0},"Entities / Beings":{"raw":13.0,"perc":9.3525179856115113,"total":139.0},"Retrospective / Summary":{"raw":5.0,"perc":3.5971223021582732,"total":139.0},"Bad Trips":{"raw":15.0,"perc":10.791366906474821,"total":139.0},"Post Trip Problems":{"raw":9.0,"perc":6.4748201438848918,"total":139.0},"First Times":{"raw":6.0,"perc":4.3165467625899279,"total":139.0},"Families":{"raw":1.0,"perc":0.71942446043165476,"total":139.0},"Second Hand Report":{"raw":3.0,"perc":2.1582733812949639,"total":139.0},"Glowing Experiences":{"raw":3.0,"perc":2.1582733812949639,"total":139.0},"Health Benefits":{"raw":1.0,"perc":0.71942446043165476,"total":139.0},"Therapeutic Intent or Outcome":{"raw":1.0,"perc":0.71942446043165476,"total":139.0},"Nature / Outdoors":{"raw":1.0,"perc":0.71942446043165476,"total":139.0},"Relationships":{"raw":2.0,"perc":1.4388489208633095,"total":139.0},"Pregnancy / Baby":{"raw":1.0,"perc":0.71942446043165476,"total":139.0},"Hangover / Days After":{"raw":1.0,"perc":0.71942446043165476,"total":139.0},"Music Discussion":{"raw":2.0,"perc":1.4388489208633095,"total":139.0},"Guides / Sitters":{"raw":1.0,"perc":0.71942446043165476,"total":139.0},"Multi-Day Experience":{"raw":2.0,"perc":1.4388489208633095,"total":139.0},"Sex Discussion":{"raw":1.0,"perc":0.71942446043165476,"total":139.0},"Medical Use":{"raw":2.0,"perc":1.4388489208633095,"total":139.0}}},"Male":{"Medium":{"General":{"raw":4248.0,"perc":23.380483240684683,"total":18169.0},"Music Discussion":{"raw":513.0,"perc":2.823490560845396,"total":18169.0},"Nature / Outdoors":{"raw":406.0,"perc":2.2345753756398259,"total":18169.0},"First Times":{"raw":2958.0,"perc":16.280477736804446,"total":18169.0},"Retrospective / Summary":{"raw":1737.0,"perc":9.5602399691782711,"total":18169.0},"Health Problems":{"raw":695.0,"perc":3.8251967637184214,"total":18169.0},"Glowing Experiences":{"raw":1704.0,"perc":9.3786119214045911,"total":18169.0},"Mystical Experiences":{"raw":406.0,"perc":2.2345753756398259,"total":18169.0},"Difficult Experiences":{"raw":921.0,"perc":5.0690736969563543,"total":18169.0},"Sex Discussion":{"raw":321.0,"perc":1.7667455556167098,"total":18169.0},"Bad Trips":{"raw":211.0,"perc":1.1613187297044416,"total":18169.0},"Preparation / Recipes":{"raw":479.0,"perc":2.6363586328361497,"total":18169.0},"Multi-Day Experience":{"raw":221.0,"perc":1.2163575320601023,"total":18169.0},"Overdose":{"raw":133.0,"perc":0.7320160713302879,"total":18169.0},"Post Trip Problems":{"raw":279.0,"perc":1.5355825857229346,"total":18169.0},"What Was in That?":{"raw":73.0,"perc":0.40178325719632346,"total":18169.0},"Hangover / Days After":{"raw":558.0,"perc":3.0711651714458692,"total":18169.0},"Entities / Beings":{"raw":365.0,"perc":2.0089162859816172,"total":18169.0},"Cultivation / Synthesis":{"raw":19.0,"perc":0.1045737244757554,"total":18169.0},"Second Hand Report":{"raw":63.0,"perc":0.34674445484066269,"total":18169.0},"Health Benefits":{"raw":343.0,"perc":1.8878309207991633,"total":18169.0},"Depression":{"raw":243.0,"perc":1.3374428972425558,"total":18169.0},"Guides / Sitters":{"raw":109.0,"perc":0.59992294567670212,"total":18169.0},"Families":{"raw":74.0,"perc":0.40728713743188949,"total":18169.0},"HPPD / Lasting Visuals":{"raw":80.0,"perc":0.44031041884528588,"total":18169.0},"Relationships":{"raw":263.0,"perc":1.4475205019538775,"total":18169.0},"Poetry":{"raw":40.0,"perc":0.22015520942264294,"total":18169.0},"Pregnancy / Baby":{"raw":1.0,"perc":0.0055038802355660745,"total":18169.0},"Loss of Magic":{"raw":49.0,"perc":0.26969013154273763,"total":18169.0},"Personal Preparation":{"raw":92.0,"perc":0.50635698167207877,"total":18169.0},"Medical Use":{"raw":285.0,"perc":1.5686058671363312,"total":18169.0},"Therapeutic Intent or Outcome":{"raw":213.0,"perc":1.1723264901755739,"total":18169.0},"Performance Enhancement":{"raw":66.0,"perc":0.36325609554736088,"total":18169.0},"Video":{"raw":1.0,"perc":0.0055038802355660745,"total":18169.0}},"Strong":{"General":{"raw":1901.0,"perc":17.067696175255882,"total":11138.0},"First Times":{"raw":1402.0,"perc":12.587538157658468,"total":11138.0},"Glowing Experiences":{"raw":896.0,"perc":8.0445322319985628,"total":11138.0},"Mystical Experiences":{"raw":633.0,"perc":5.6832465433650565,"total":11138.0},"Nature / Outdoors":{"raw":201.0,"perc":1.8046327886514633,"total":11138.0},"Health Problems":{"raw":437.0,"perc":3.9235051176153708,"total":11138.0},"Overdose":{"raw":264.0,"perc":2.3702639612138627,"total":11138.0},"Difficult Experiences":{"raw":1470.0,"perc":13.198060693122644,"total":11138.0},"What Was in That?":{"raw":74.0,"perc":0.66439217094630987,"total":11138.0},"Bad Trips":{"raw":477.0,"perc":4.2826360208295924,"total":11138.0},"Retrospective / Summary":{"raw":439.0,"perc":3.9414616627760823,"total":11138.0},"Post Trip Problems":{"raw":235.0,"perc":2.1098940563835518,"total":11138.0},"Entities / Beings":{"raw":634.0,"perc":5.6922248159454121,"total":11138.0},"Guides / Sitters":{"raw":166.0,"perc":1.4903932483390196,"total":11138.0},"Sex Discussion":{"raw":100.0,"perc":0.89782725803555408,"total":11138.0},"Preparation / Recipes":{"raw":122.0,"perc":1.0953492548033759,"total":11138.0},"Multi-Day Experience":{"raw":177.0,"perc":1.5891542467229305,"total":11138.0},"Depression":{"raw":133.0,"perc":1.1941102531872867,"total":11138.0},"HPPD / Lasting Visuals":{"raw":56.0,"perc":0.50278326449991018,"total":11138.0},"Music Discussion":{"raw":270.0,"perc":2.4241335966959956,"total":11138.0},"Families":{"raw":65.0,"perc":0.58358771772311013,"total":11138.0},"Health Benefits":{"raw":66.0,"perc":0.59256599030346568,"total":11138.0},"Hangover / Days After":{"raw":419.0,"perc":3.7618962111689713,"total":11138.0},"Personal Preparation":{"raw":60.0,"perc":0.53869635482133238,"total":11138.0},"Relationships":{"raw":175.0,"perc":1.5711977015622194,"total":11138.0},"Loss of Magic":{"raw":10.0,"perc":0.0897827258035554,"total":11138.0},"Second Hand Report":{"raw":44.0,"perc":0.39504399353564373,"total":11138.0},"Cultivation / Synthesis":{"raw":3.0,"perc":0.026934817741066618,"total":11138.0},"Medical Use":{"raw":67.0,"perc":0.60154426288382112,"total":11138.0},"Poetry":{"raw":14.0,"perc":0.12569581612497754,"total":11138.0},"Performance Enhancement":{"raw":9.0,"perc":0.08080445322319986,"total":11138.0},"Pregnancy / Baby":{"raw":1.0,"perc":0.00897827258035554,"total":11138.0},"Therapeutic Intent or Outcome":{"raw":117.0,"perc":1.0504578919015981,"total":11138.0},"Video":{"raw":1.0,"perc":0.00897827258035554,"total":11138.0}},"No Effect":{"Retrospective / Summary":{"raw":34.0,"perc":10.493827160493826,"total":324.0},"Preparation / Recipes":{"raw":21.0,"perc":6.481481481481481,"total":324.0},"General":{"raw":160.0,"perc":49.382716049382715,"total":324.0},"First Times":{"raw":52.0,"perc":16.049382716049383,"total":324.0},"Health Problems":{"raw":7.0,"perc":2.1604938271604937,"total":324.0},"Difficult Experiences":{"raw":4.0,"perc":1.2345679012345678,"total":324.0},"What Was in That?":{"raw":6.0,"perc":1.8518518518518516,"total":324.0},"Second Hand Report":{"raw":7.0,"perc":2.1604938271604937,"total":324.0},"Post Trip Problems":{"raw":3.0,"perc":0.92592592592592582,"total":324.0},"Depression":{"raw":1.0,"perc":0.30864197530864196,"total":324.0},"Personal Preparation":{"raw":3.0,"perc":0.92592592592592582,"total":324.0},"Families":{"raw":1.0,"perc":0.30864197530864196,"total":324.0},"Medical Use":{"raw":12.0,"perc":3.7037037037037033,"total":324.0},"Cultivation / Synthesis":{"raw":1.0,"perc":0.30864197530864196,"total":324.0},"Health Benefits":{"raw":2.0,"perc":0.61728395061728392,"total":324.0},"Nature / Outdoors":{"raw":2.0,"perc":0.61728395061728392,"total":324.0},"Multi-Day Experience":{"raw":5.0,"perc":1.5432098765432098,"total":324.0},"Therapeutic Intent or Outcome":{"raw":2.0,"perc":0.61728395061728392,"total":324.0},"Performance Enhancement":{"raw":1.0,"perc":0.30864197530864196,"total":324.0}},"Extreme":{"General":{"raw":169.0,"perc":6.467661691542288,"total":2613.0},"Retrospective / Summary":{"raw":66.0,"perc":2.525832376578645,"total":2613.0},"Health Problems":{"raw":283.0,"perc":10.830463069269038,"total":2613.0},"Bad Trips":{"raw":239.0,"perc":9.1465748182166084,"total":2613.0},"Guides / Sitters":{"raw":61.0,"perc":2.3344814389590507,"total":2613.0},"First Times":{"raw":191.0,"perc":7.3096058170685039,"total":2613.0},"Difficult Experiences":{"raw":369.0,"perc":14.121699196326063,"total":2613.0},"Overdose":{"raw":244.0,"perc":9.3379257558362028,"total":2613.0},"Post Trip Problems":{"raw":145.0,"perc":5.5491771909682361,"total":2613.0},"Mystical Experiences":{"raw":136.0,"perc":5.2047455032529655,"total":2613.0},"Glowing Experiences":{"raw":61.0,"perc":2.3344814389590507,"total":2613.0},"Entities / Beings":{"raw":154.0,"perc":5.893608878683505,"total":2613.0},"Multi-Day Experience":{"raw":76.0,"perc":2.9085342518178341,"total":2613.0},"Second Hand Report":{"raw":58.0,"perc":2.2196708763872941,"total":2613.0},"Music Discussion":{"raw":28.0,"perc":1.0715652506697282,"total":2613.0},"What Was in That?":{"raw":13.0,"perc":0.49751243781094528,"total":2613.0},"Families":{"raw":30.0,"perc":1.1481056257175661,"total":2613.0},"Preparation / Recipes":{"raw":12.0,"perc":0.45924225028702642,"total":2613.0},"Nature / Outdoors":{"raw":15.0,"perc":0.57405281285878307,"total":2613.0},"Depression":{"raw":30.0,"perc":1.1481056257175661,"total":2613.0},"Personal Preparation":{"raw":9.0,"perc":0.34443168771526977,"total":2613.0},"Relationships":{"raw":40.0,"perc":1.5308075009567548,"total":2613.0},"HPPD / Lasting Visuals":{"raw":24.0,"perc":0.91848450057405284,"total":2613.0},"Hangover / Days After":{"raw":100.0,"perc":3.8270187523918864,"total":2613.0},"Sex Discussion":{"raw":9.0,"perc":0.34443168771526977,"total":2613.0},"Poetry":{"raw":4.0,"perc":0.15308075009567548,"total":2613.0},"Loss of Magic":{"raw":2.0,"perc":0.076540375047837741,"total":2613.0},"Medical Use":{"raw":17.0,"perc":0.65059318790662068,"total":2613.0},"Therapeutic Intent or Outcome":{"raw":19.0,"perc":0.72713356295445852,"total":2613.0},"Pregnancy / Baby":{"raw":1.0,"perc":0.038270187523918871,"total":2613.0},"Health Benefits":{"raw":4.0,"perc":0.15308075009567548,"total":2613.0},"Performance Enhancement":{"raw":3.0,"perc":0.11481056257175661,"total":2613.0},"Cultivation / Synthesis":{"raw":1.0,"perc":0.038270187523918871,"total":2613.0}}},"Female":{"Medium":{"First Times":{"raw":493.0,"perc":15.258433921386569,"total":3231.0},"Sex Discussion":{"raw":78.0,"perc":2.4141132776230272,"total":3231.0},"General":{"raw":516.0,"perc":15.970287836583102,"total":3231.0},"Post Trip Problems":{"raw":90.0,"perc":2.785515320334262,"total":3231.0},"Retrospective / Summary":{"raw":332.0,"perc":10.275456515010832,"total":3231.0},"Health Problems":{"raw":190.0,"perc":5.8805323429278866,"total":3231.0},"Nature / Outdoors":{"raw":58.0,"perc":1.795109873104302,"total":3231.0},"Bad Trips":{"raw":58.0,"perc":1.795109873104302,"total":3231.0},"Mystical Experiences":{"raw":56.0,"perc":1.7332095326524295,"total":3231.0},"Second Hand Report":{"raw":28.0,"perc":0.86660476632621475,"total":3231.0},"Difficult Experiences":{"raw":200.0,"perc":6.1900340451872484,"total":3231.0},"Overdose":{"raw":25.0,"perc":0.773754255648406,"total":3231.0},"Glowing Experiences":{"raw":294.0,"perc":9.0993500464252559,"total":3231.0},"What Was in That?":{"raw":25.0,"perc":0.773754255648406,"total":3231.0},"Depression":{"raw":93.0,"perc":2.8783658310120708,"total":3231.0},"Poetry":{"raw":13.0,"perc":0.40235221293717111,"total":3231.0},"Loss of Magic":{"raw":22.0,"perc":0.68090374497059736,"total":3231.0},"Music Discussion":{"raw":69.0,"perc":2.1355617455896008,"total":3231.0},"Multi-Day Experience":{"raw":29.0,"perc":0.897554936552151,"total":3231.0},"Health Benefits":{"raw":72.0,"perc":2.2284122562674096,"total":3231.0},"Preparation / Recipes":{"raw":34.0,"perc":1.0523057876818322,"total":3231.0},"Families":{"raw":21.0,"perc":0.64995357474466109,"total":3231.0},"Guides / Sitters":{"raw":30.0,"perc":0.92850510677808717,"total":3231.0},"Entities / Beings":{"raw":38.0,"perc":1.1761064685855771,"total":3231.0},"Pregnancy / Baby":{"raw":4.0,"perc":0.12380068090374496,"total":3231.0},"HPPD / Lasting Visuals":{"raw":9.0,"perc":0.2785515320334262,"total":3231.0},"Relationships":{"raw":82.0,"perc":2.5379139585267718,"total":3231.0},"Hangover / Days After":{"raw":116.0,"perc":3.5902197462086041,"total":3231.0},"Personal Preparation":{"raw":14.0,"perc":0.43330238316310737,"total":3231.0},"Medical Use":{"raw":86.0,"perc":2.6617146394305169,"total":3231.0},"Therapeutic Intent or Outcome":{"raw":47.0,"perc":1.4546580006190035,"total":3231.0},"Performance Enhancement":{"raw":9.0,"perc":0.2785515320334262,"total":3231.0}},"Strong":{"First Times":{"raw":261.0,"perc":12.657613967022307,"total":2062.0},"Health Problems":{"raw":145.0,"perc":7.0320077594568371,"total":2062.0},"Post Trip Problems":{"raw":53.0,"perc":2.5703200775945687,"total":2062.0},"Retrospective / Summary":{"raw":101.0,"perc":4.89815712900097,"total":2062.0},"Difficult Experiences":{"raw":285.0,"perc":13.821532492725508,"total":2062.0},"Bad Trips":{"raw":124.0,"perc":6.0135790494665375,"total":2062.0},"Glowing Experiences":{"raw":135.0,"perc":6.5470417070805045,"total":2062.0},"Depression":{"raw":43.0,"perc":2.0853540252182348,"total":2062.0},"Overdose":{"raw":62.0,"perc":3.0067895247332688,"total":2062.0},"What Was in That?":{"raw":22.0,"perc":1.0669253152279341,"total":2062.0},"General":{"raw":239.0,"perc":11.590688651794375,"total":2062.0},"Sex Discussion":{"raw":39.0,"perc":1.8913676042677012,"total":2062.0},"Entities / Beings":{"raw":59.0,"perc":2.8612997090203685,"total":2062.0},"Mystical Experiences":{"raw":68.0,"perc":3.2977691561590685,"total":2062.0},"Multi-Day Experience":{"raw":36.0,"perc":1.7458777885548011,"total":2062.0},"Music Discussion":{"raw":31.0,"perc":1.5033947623666344,"total":2062.0},"Second Hand Report":{"raw":18.0,"perc":0.87293889427740057,"total":2062.0},"Preparation / Recipes":{"raw":8.0,"perc":0.38797284190106696,"total":2062.0},"Nature / Outdoors":{"raw":22.0,"perc":1.0669253152279341,"total":2062.0},"Hangover / Days After":{"raw":101.0,"perc":4.89815712900097,"total":2062.0},"Families":{"raw":16.0,"perc":0.77594568380213391,"total":2062.0},"Guides / Sitters":{"raw":40.0,"perc":1.9398642095053349,"total":2062.0},"Health Benefits":{"raw":17.0,"perc":0.82444228903976713,"total":2062.0},"HPPD / Lasting Visuals":{"raw":5.0,"perc":0.24248302618816686,"total":2062.0},"Relationships":{"raw":54.0,"perc":2.6188166828322017,"total":2062.0},"Personal Preparation":{"raw":11.0,"perc":0.533462657613967,"total":2062.0},"Medical Use":{"raw":38.0,"perc":1.842870999030068,"total":2062.0},"Poetry":{"raw":3.0,"perc":0.14548981571290009,"total":2062.0},"Loss of Magic":{"raw":2.0,"perc":0.096993210475266739,"total":2062.0},"Therapeutic Intent or Outcome":{"raw":19.0,"perc":0.921435499515034,"total":2062.0},"Pregnancy / Baby":{"raw":2.0,"perc":0.096993210475266739,"total":2062.0},"Performance Enhancement":{"raw":3.0,"perc":0.14548981571290009,"total":2062.0}},"Extreme":{"First Times":{"raw":21.0,"perc":3.6395147313691507,"total":577.0},"Bad Trips":{"raw":67.0,"perc":11.611785095320624,"total":577.0},"Health Problems":{"raw":98.0,"perc":16.984402079722706,"total":577.0},"Overdose":{"raw":78.0,"perc":13.518197573656845,"total":577.0},"Post Trip Problems":{"raw":46.0,"perc":7.9722703639514725,"total":577.0},"Difficult Experiences":{"raw":78.0,"perc":13.518197573656845,"total":577.0},"Mystical Experiences":{"raw":10.0,"perc":1.733102253032929,"total":577.0},"Depression":{"raw":13.0,"perc":2.2530329289428077,"total":577.0},"Entities / Beings":{"raw":11.0,"perc":1.9064124783362217,"total":577.0},"Retrospective / Summary":{"raw":15.0,"perc":2.5996533795493932,"total":577.0},"Sex Discussion":{"raw":6.0,"perc":1.0398613518197575,"total":577.0},"Guides / Sitters":{"raw":9.0,"perc":1.559792027729636,"total":577.0},"General":{"raw":28.0,"perc":4.852686308492201,"total":577.0},"What Was in That?":{"raw":4.0,"perc":0.6932409012131715,"total":577.0},"Relationships":{"raw":11.0,"perc":1.9064124783362217,"total":577.0},"Hangover / Days After":{"raw":24.0,"perc":4.15944540727903,"total":577.0},"Nature / Outdoors":{"raw":2.0,"perc":0.34662045060658575,"total":577.0},"Glowing Experiences":{"raw":3.0,"perc":0.51993067590987874,"total":577.0},"Second Hand Report":{"raw":22.0,"perc":3.8128249566724435,"total":577.0},"Health Benefits":{"raw":2.0,"perc":0.34662045060658575,"total":577.0},"Families":{"raw":6.0,"perc":1.0398613518197575,"total":577.0},"Medical Use":{"raw":2.0,"perc":0.34662045060658575,"total":577.0},"Multi-Day Experience":{"raw":9.0,"perc":1.559792027729636,"total":577.0},"HPPD / Lasting Visuals":{"raw":3.0,"perc":0.51993067590987874,"total":577.0},"Preparation / Recipes":{"raw":3.0,"perc":0.51993067590987874,"total":577.0},"Music Discussion":{"raw":1.0,"perc":0.17331022530329288,"total":577.0},"Pregnancy / Baby":{"raw":2.0,"perc":0.34662045060658575,"total":577.0},"Therapeutic Intent or Outcome":{"raw":2.0,"perc":0.34662045060658575,"total":577.0},"Personal Preparation":{"raw":1.0,"perc":0.17331022530329288,"total":577.0}},"No Effect":{"General":{"raw":19.0,"perc":41.304347826086953,"total":46.0},"Post Trip Problems":{"raw":1.0,"perc":2.1739130434782608,"total":46.0},"First Times":{"raw":9.0,"perc":19.565217391304348,"total":46.0},"Preparation / Recipes":{"raw":2.0,"perc":4.3478260869565215,"total":46.0},"Health Problems":{"raw":5.0,"perc":10.869565217391305,"total":46.0},"Cultivation / Synthesis":{"raw":1.0,"perc":2.1739130434782608,"total":46.0},"Medical Use":{"raw":2.0,"perc":4.3478260869565215,"total":46.0},"Overdose":{"raw":1.0,"perc":2.1739130434782608,"total":46.0},"Hangover / Days After":{"raw":1.0,"perc":2.1739130434782608,"total":46.0},"Relationships":{"raw":1.0,"perc":2.1739130434782608,"total":46.0},"Retrospective / Summary":{"raw":2.0,"perc":4.3478260869565215,"total":46.0},"Second Hand Report":{"raw":2.0,"perc":4.3478260869565215,"total":46.0}}}}