{"Not-Specified":{"First Times":{"Small Group (2-9)":{"raw":116.0,"perc":38.15789473684211,"total":304.0},"Rave / Dance Event":{"raw":9.0,"perc":2.9605263157894735,"total":304.0},"Club / Bar":{"raw":8.0,"perc":2.6315789473684208,"total":304.0},"Large Group (10+)":{"raw":14.0,"perc":4.6052631578947363,"total":304.0},"Unknown Context":{"raw":20.0,"perc":6.5789473684210522,"total":304.0},"Festival / Lg. Crowd":{"raw":8.0,"perc":2.6315789473684208,"total":304.0},"Various":{"raw":27.0,"perc":8.8815789473684212,"total":304.0},"Alone":{"raw":92.0,"perc":30.263157894736842,"total":304.0},"Not Applicable":{"raw":4.0,"perc":1.3157894736842104,"total":304.0},"School":{"raw":2.0,"perc":0.6578947368421052,"total":304.0},"Hospital":{"raw":1.0,"perc":0.3289473684210526,"total":304.0},"Group Ceremony":{"raw":2.0,"perc":0.6578947368421052,"total":304.0},"Public Space (Museum, Park, etc)":{"raw":1.0,"perc":0.3289473684210526,"total":304.0}},"General":{"Unknown Context":{"raw":128.0,"perc":17.089452603471294,"total":749.0},"Festival / Lg. Crowd":{"raw":20.0,"perc":2.67022696929239,"total":749.0},"Small Group (2-9)":{"raw":246.0,"perc":32.843791722296395,"total":749.0},"Club / Bar":{"raw":11.0,"perc":1.4686248331108143,"total":749.0},"Large Group (10+)":{"raw":28.0,"perc":3.7383177570093453,"total":749.0},"Alone":{"raw":186.0,"perc":24.833110814419225,"total":749.0},"Various":{"raw":94.0,"perc":12.550066755674234,"total":749.0},"Rave / Dance Event":{"raw":5.0,"perc":0.66755674232309747,"total":749.0},"Group Ceremony":{"raw":1.0,"perc":0.13351134846461948,"total":749.0},"Not Applicable":{"raw":24.0,"perc":3.2042723631508681,"total":749.0},"School":{"raw":4.0,"perc":0.53404539385847793,"total":749.0},"Hospital":{"raw":2.0,"perc":0.26702269692923897,"total":749.0}},"Difficult Experiences":{"Small Group (2-9)":{"raw":77.0,"perc":40.74074074074074,"total":189.0},"Various":{"raw":34.0,"perc":17.989417989417987,"total":189.0},"Alone":{"raw":40.0,"perc":21.164021164021165,"total":189.0},"Large Group (10+)":{"raw":7.0,"perc":3.7037037037037033,"total":189.0},"Unknown Context":{"raw":14.0,"perc":7.4074074074074066,"total":189.0},"Rave / Dance Event":{"raw":7.0,"perc":3.7037037037037033,"total":189.0},"Club / Bar":{"raw":3.0,"perc":1.5873015873015872,"total":189.0},"Festival / Lg. Crowd":{"raw":4.0,"perc":2.1164021164021163,"total":189.0},"Not Applicable":{"raw":2.0,"perc":1.0582010582010581,"total":189.0},"Group Ceremony":{"raw":1.0,"perc":0.52910052910052907,"total":189.0}},"Nature / Outdoors":{"Small Group (2-9)":{"raw":17.0,"perc":56.666666666666664,"total":30.0},"Festival / Lg. Crowd":{"raw":1.0,"perc":3.3333333333333335,"total":30.0},"Unknown Context":{"raw":2.0,"perc":6.666666666666667,"total":30.0},"Various":{"raw":3.0,"perc":10.0,"total":30.0},"Alone":{"raw":7.0,"perc":23.333333333333332,"total":30.0}},"Glowing Experiences":{"Rave / Dance Event":{"raw":6.0,"perc":4.4776119402985071,"total":134.0},"Small Group (2-9)":{"raw":57.0,"perc":42.537313432835823,"total":134.0},"Club / Bar":{"raw":2.0,"perc":1.4925373134328357,"total":134.0},"Alone":{"raw":30.0,"perc":22.388059701492537,"total":134.0},"Various":{"raw":13.0,"perc":9.7014925373134329,"total":134.0},"Unknown Context":{"raw":10.0,"perc":7.4626865671641784,"total":134.0},"Festival / Lg. Crowd":{"raw":4.0,"perc":2.9850746268656714,"total":134.0},"Large Group (10+)":{"raw":7.0,"perc":5.2238805970149249,"total":134.0},"Not Applicable":{"raw":2.0,"perc":1.4925373134328357,"total":134.0},"Hospital":{"raw":1.0,"perc":0.74626865671641784,"total":134.0},"Group Ceremony":{"raw":1.0,"perc":0.74626865671641784,"total":134.0},"School":{"raw":1.0,"perc":0.74626865671641784,"total":134.0}},"Post Trip Problems":{"Small Group (2-9)":{"raw":8.0,"perc":17.391304347826086,"total":46.0},"Various":{"raw":10.0,"perc":21.739130434782609,"total":46.0},"Rave / Dance Event":{"raw":1.0,"perc":2.1739130434782608,"total":46.0},"Unknown Context":{"raw":8.0,"perc":17.391304347826086,"total":46.0},"Alone":{"raw":7.0,"perc":15.217391304347828,"total":46.0},"Club / Bar":{"raw":2.0,"perc":4.3478260869565215,"total":46.0},"Large Group (10+)":{"raw":1.0,"perc":2.1739130434782608,"total":46.0},"Hospital":{"raw":2.0,"perc":4.3478260869565215,"total":46.0},"Not Applicable":{"raw":5.0,"perc":10.869565217391305,"total":46.0},"Festival / Lg. Crowd":{"raw":1.0,"perc":2.1739130434782608,"total":46.0},"Group Ceremony":{"raw":1.0,"perc":2.1739130434782608,"total":46.0}},"Retrospective / Summary":{"Club / Bar":{"raw":4.0,"perc":1.4925373134328357,"total":268.0},"Various":{"raw":77.0,"perc":28.731343283582088,"total":268.0},"Small Group (2-9)":{"raw":29.0,"perc":10.820895522388058,"total":268.0},"Unknown Context":{"raw":69.0,"perc":25.746268656716421,"total":268.0},"Large Group (10+)":{"raw":3.0,"perc":1.1194029850746268,"total":268.0},"Alone":{"raw":23.0,"perc":8.5820895522388057,"total":268.0},"Rave / Dance Event":{"raw":3.0,"perc":1.1194029850746268,"total":268.0},"Not Applicable":{"raw":57.0,"perc":21.268656716417912,"total":268.0},"Hospital":{"raw":2.0,"perc":0.74626865671641784,"total":268.0},"Festival / Lg. Crowd":{"raw":1.0,"perc":0.37313432835820892,"total":268.0}},"Multi-Day Experience":{"Small Group (2-9)":{"raw":5.0,"perc":17.241379310344829,"total":29.0},"Various":{"raw":10.0,"perc":34.482758620689658,"total":29.0},"Alone":{"raw":9.0,"perc":31.03448275862069,"total":29.0},"Unknown Context":{"raw":2.0,"perc":6.8965517241379306,"total":29.0},"Not Applicable":{"raw":2.0,"perc":6.8965517241379306,"total":29.0},"Group Ceremony":{"raw":1.0,"perc":3.4482758620689653,"total":29.0}},"Health Problems":{"Various":{"raw":39.0,"perc":25.324675324675322,"total":154.0},"Small Group (2-9)":{"raw":30.0,"perc":19.480519480519483,"total":154.0},"Alone":{"raw":27.0,"perc":17.532467532467532,"total":154.0},"Unknown Context":{"raw":29.0,"perc":18.831168831168831,"total":154.0},"Large Group (10+)":{"raw":5.0,"perc":3.2467532467532463,"total":154.0},"Club / Bar":{"raw":2.0,"perc":1.2987012987012987,"total":154.0},"Festival / Lg. Crowd":{"raw":1.0,"perc":0.64935064935064934,"total":154.0},"Rave / Dance Event":{"raw":1.0,"perc":0.64935064935064934,"total":154.0},"Not Applicable":{"raw":14.0,"perc":9.0909090909090917,"total":154.0},"Hospital":{"raw":4.0,"perc":2.5974025974025974,"total":154.0},"Group Ceremony":{"raw":1.0,"perc":0.64935064935064934,"total":154.0},"Workplace":{"raw":1.0,"perc":0.64935064935064934,"total":154.0}},"Mystical Experiences":{"Small Group (2-9)":{"raw":26.0,"perc":33.766233766233768,"total":77.0},"Alone":{"raw":24.0,"perc":31.168831168831169,"total":77.0},"Unknown Context":{"raw":8.0,"perc":10.38961038961039,"total":77.0},"Various":{"raw":6.0,"perc":7.7922077922077921,"total":77.0},"Festival / Lg. Crowd":{"raw":3.0,"perc":3.8961038961038961,"total":77.0},"Group Ceremony":{"raw":4.0,"perc":5.1948051948051948,"total":77.0},"Large Group (10+)":{"raw":2.0,"perc":2.5974025974025974,"total":77.0},"Not Applicable":{"raw":3.0,"perc":3.8961038961038961,"total":77.0},"Rave / Dance Event":{"raw":1.0,"perc":1.2987012987012987,"total":77.0}},"Preparation / Recipes":{"Unknown Context":{"raw":26.0,"perc":24.299065420560748,"total":107.0},"Small Group (2-9)":{"raw":16.0,"perc":14.953271028037381,"total":107.0},"Alone":{"raw":23.0,"perc":21.495327102803738,"total":107.0},"Various":{"raw":11.0,"perc":10.2803738317757,"total":107.0},"Large Group (10+)":{"raw":1.0,"perc":0.93457943925233633,"total":107.0},"Not Applicable":{"raw":29.0,"perc":27.102803738317753,"total":107.0},"Rave / Dance Event":{"raw":1.0,"perc":0.93457943925233633,"total":107.0}},"Overdose":{"Various":{"raw":11.0,"perc":18.96551724137931,"total":58.0},"Alone":{"raw":19.0,"perc":32.758620689655174,"total":58.0},"Small Group (2-9)":{"raw":14.0,"perc":24.137931034482758,"total":58.0},"Unknown Context":{"raw":5.0,"perc":8.6206896551724146,"total":58.0},"Large Group (10+)":{"raw":2.0,"perc":3.4482758620689653,"total":58.0},"Club / Bar":{"raw":2.0,"perc":3.4482758620689653,"total":58.0},"Rave / Dance Event":{"raw":1.0,"perc":1.7241379310344827,"total":58.0},"Not Applicable":{"raw":2.0,"perc":3.4482758620689653,"total":58.0},"Hospital":{"raw":2.0,"perc":3.4482758620689653,"total":58.0}},"Bad Trips":{"Small Group (2-9)":{"raw":27.0,"perc":34.177215189873415,"total":79.0},"Alone":{"raw":24.0,"perc":30.37974683544304,"total":79.0},"Rave / Dance Event":{"raw":3.0,"perc":3.79746835443038,"total":79.0},"Large Group (10+)":{"raw":5.0,"perc":6.3291139240506329,"total":79.0},"Various":{"raw":11.0,"perc":13.924050632911392,"total":79.0},"Unknown Context":{"raw":7.0,"perc":8.8607594936708853,"total":79.0},"School":{"raw":1.0,"perc":1.2658227848101267,"total":79.0},"Not Applicable":{"raw":1.0,"perc":1.2658227848101267,"total":79.0}},"Depression":{"Small Group (2-9)":{"raw":3.0,"perc":13.636363636363635,"total":22.0},"Rave / Dance Event":{"raw":1.0,"perc":4.5454545454545459,"total":22.0},"Unknown Context":{"raw":2.0,"perc":9.0909090909090917,"total":22.0},"Various":{"raw":6.0,"perc":27.27272727272727,"total":22.0},"Alone":{"raw":2.0,"perc":9.0909090909090917,"total":22.0},"Not Applicable":{"raw":6.0,"perc":27.27272727272727,"total":22.0},"School":{"raw":1.0,"perc":4.5454545454545459,"total":22.0},"Group Ceremony":{"raw":1.0,"perc":4.5454545454545459,"total":22.0}},"Sex Discussion":{"Small Group (2-9)":{"raw":14.0,"perc":51.851851851851848,"total":27.0},"Alone":{"raw":4.0,"perc":14.814814814814813,"total":27.0},"Various":{"raw":4.0,"perc":14.814814814814813,"total":27.0},"Not Applicable":{"raw":3.0,"perc":11.111111111111111,"total":27.0},"Unknown Context":{"raw":1.0,"perc":3.7037037037037033,"total":27.0},"Group Ceremony":{"raw":1.0,"perc":3.7037037037037033,"total":27.0}},"Entities / Beings":{"Alone":{"raw":26.0,"perc":35.61643835616438,"total":73.0},"Small Group (2-9)":{"raw":27.0,"perc":36.986301369863014,"total":73.0},"Unknown Context":{"raw":9.0,"perc":12.328767123287671,"total":73.0},"Rave / Dance Event":{"raw":1.0,"perc":1.36986301369863,"total":73.0},"Festival / Lg. Crowd":{"raw":2.0,"perc":2.73972602739726,"total":73.0},"Various":{"raw":4.0,"perc":5.47945205479452,"total":73.0},"Not Applicable":{"raw":1.0,"perc":1.36986301369863,"total":73.0},"Group Ceremony":{"raw":1.0,"perc":1.36986301369863,"total":73.0},"Large Group (10+)":{"raw":1.0,"perc":1.36986301369863,"total":73.0},"Club / Bar":{"raw":1.0,"perc":1.36986301369863,"total":73.0}},"What Was in That?":{"Rave / Dance Event":{"raw":1.0,"perc":4.0,"total":25.0},"Small Group (2-9)":{"raw":11.0,"perc":44.0,"total":25.0},"Various":{"raw":6.0,"perc":24.0,"total":25.0},"Club / Bar":{"raw":2.0,"perc":8.0,"total":25.0},"Unknown Context":{"raw":3.0,"perc":12.0,"total":25.0},"Large Group (10+)":{"raw":1.0,"perc":4.0,"total":25.0},"Not Applicable":{"raw":1.0,"perc":4.0,"total":25.0}},"Music Discussion":{"Alone":{"raw":13.0,"perc":48.148148148148145,"total":27.0},"Rave / Dance Event":{"raw":2.0,"perc":7.4074074074074066,"total":27.0},"Various":{"raw":5.0,"perc":18.518518518518519,"total":27.0},"Large Group (10+)":{"raw":3.0,"perc":11.111111111111111,"total":27.0},"Festival / Lg. Crowd":{"raw":1.0,"perc":3.7037037037037033,"total":27.0},"Small Group (2-9)":{"raw":3.0,"perc":11.111111111111111,"total":27.0}},"Cultivation / Synthesis":{"Small Group (2-9)":{"raw":1.0,"perc":9.0909090909090917,"total":11.0},"Various":{"raw":1.0,"perc":9.0909090909090917,"total":11.0},"Unknown Context":{"raw":4.0,"perc":36.363636363636367,"total":11.0},"Not Applicable":{"raw":3.0,"perc":27.27272727272727,"total":11.0},"Alone":{"raw":2.0,"perc":18.181818181818183,"total":11.0}},"Guides / Sitters":{"Small Group (2-9)":{"raw":11.0,"perc":52.380952380952387,"total":21.0},"Large Group (10+)":{"raw":3.0,"perc":14.285714285714285,"total":21.0},"Group Ceremony":{"raw":3.0,"perc":14.285714285714285,"total":21.0},"Unknown Context":{"raw":1.0,"perc":4.7619047619047619,"total":21.0},"Not Applicable":{"raw":1.0,"perc":4.7619047619047619,"total":21.0},"Alone":{"raw":2.0,"perc":9.5238095238095237,"total":21.0}},"Second Hand Report":{"Large Group (10+)":{"raw":2.0,"perc":8.695652173913043,"total":23.0},"Not Applicable":{"raw":3.0,"perc":13.043478260869565,"total":23.0},"Various":{"raw":2.0,"perc":8.695652173913043,"total":23.0},"Small Group (2-9)":{"raw":9.0,"perc":39.130434782608695,"total":23.0},"Unknown Context":{"raw":4.0,"perc":17.391304347826086,"total":23.0},"Hospital":{"raw":2.0,"perc":8.695652173913043,"total":23.0},"Alone":{"raw":1.0,"perc":4.3478260869565215,"total":23.0}},"HPPD / Lasting Visuals":{"Rave / Dance Event":{"raw":1.0,"perc":25.0,"total":4.0},"Various":{"raw":2.0,"perc":50.0,"total":4.0},"Unknown Context":{"raw":1.0,"perc":25.0,"total":4.0}},"Health Benefits":{"Various":{"raw":5.0,"perc":14.285714285714285,"total":35.0},"School":{"raw":1.0,"perc":2.8571428571428572,"total":35.0},"Festival / Lg. Crowd":{"raw":1.0,"perc":2.8571428571428572,"total":35.0},"Alone":{"raw":6.0,"perc":17.142857142857142,"total":35.0},"Hospital":{"raw":1.0,"perc":2.8571428571428572,"total":35.0},"Not Applicable":{"raw":9.0,"perc":25.714285714285712,"total":35.0},"Unknown Context":{"raw":8.0,"perc":22.857142857142858,"total":35.0},"Large Group (10+)":{"raw":2.0,"perc":5.7142857142857144,"total":35.0},"Small Group (2-9)":{"raw":2.0,"perc":5.7142857142857144,"total":35.0}},"Poetry":{"Small Group (2-9)":{"raw":3.0,"perc":33.333333333333329,"total":9.0},"Various":{"raw":1.0,"perc":11.111111111111111,"total":9.0},"Alone":{"raw":1.0,"perc":11.111111111111111,"total":9.0},"Not Applicable":{"raw":1.0,"perc":11.111111111111111,"total":9.0},"Unknown Context":{"raw":2.0,"perc":22.222222222222221,"total":9.0},"Rave / Dance Event":{"raw":1.0,"perc":11.111111111111111,"total":9.0}},"Hangover / Days After":{"Small Group (2-9)":{"raw":8.0,"perc":15.384615384615385,"total":52.0},"Alone":{"raw":12.0,"perc":23.076923076923077,"total":52.0},"Various":{"raw":15.0,"perc":28.846153846153843,"total":52.0},"Unknown Context":{"raw":2.0,"perc":3.8461538461538463,"total":52.0},"Not Applicable":{"raw":7.0,"perc":13.461538461538462,"total":52.0},"Large Group (10+)":{"raw":4.0,"perc":7.6923076923076925,"total":52.0},"School":{"raw":2.0,"perc":3.8461538461538463,"total":52.0},"Club / Bar":{"raw":1.0,"perc":1.9230769230769231,"total":52.0},"Group Ceremony":{"raw":1.0,"perc":1.9230769230769231,"total":52.0}},"Families":{"Small Group (2-9)":{"raw":9.0,"perc":60.0,"total":15.0},"Group Ceremony":{"raw":1.0,"perc":6.666666666666667,"total":15.0},"Hospital":{"raw":1.0,"perc":6.666666666666667,"total":15.0},"Not Applicable":{"raw":2.0,"perc":13.333333333333334,"total":15.0},"Large Group (10+)":{"raw":1.0,"perc":6.666666666666667,"total":15.0},"Various":{"raw":1.0,"perc":6.666666666666667,"total":15.0}},"Loss of Magic":{"Alone":{"raw":1.0,"perc":16.666666666666664,"total":6.0},"Various":{"raw":2.0,"perc":33.333333333333329,"total":6.0},"Not Applicable":{"raw":2.0,"perc":33.333333333333329,"total":6.0},"Rave / Dance Event":{"raw":1.0,"perc":16.666666666666664,"total":6.0}},"Medical Use":{"Alone":{"raw":6.0,"perc":24.0,"total":25.0},"Unknown Context":{"raw":2.0,"perc":8.0,"total":25.0},"Not Applicable":{"raw":12.0,"perc":48.0,"total":25.0},"Hospital":{"raw":1.0,"perc":4.0,"total":25.0},"Large Group (10+)":{"raw":1.0,"perc":4.0,"total":25.0},"Various":{"raw":2.0,"perc":8.0,"total":25.0},"Small Group (2-9)":{"raw":1.0,"perc":4.0,"total":25.0}},"Relationships":{"Various":{"raw":5.0,"perc":25.0,"total":20.0},"Small Group (2-9)":{"raw":5.0,"perc":25.0,"total":20.0},"Large Group (10+)":{"raw":3.0,"perc":15.0,"total":20.0},"Not Applicable":{"raw":2.0,"perc":10.0,"total":20.0},"Alone":{"raw":3.0,"perc":15.0,"total":20.0},"Unknown Context":{"raw":1.0,"perc":5.0,"total":20.0},"Rave / Dance Event":{"raw":1.0,"perc":5.0,"total":20.0}},"Therapeutic Intent or Outcome":{"Various":{"raw":2.0,"perc":10.526315789473683,"total":19.0},"Alone":{"raw":7.0,"perc":36.84210526315789,"total":19.0},"Large Group (10+)":{"raw":1.0,"perc":5.2631578947368416,"total":19.0},"Small Group (2-9)":{"raw":4.0,"perc":21.052631578947366,"total":19.0},"Group Ceremony":{"raw":2.0,"perc":10.526315789473683,"total":19.0},"Not Applicable":{"raw":1.0,"perc":5.2631578947368416,"total":19.0},"Unknown Context":{"raw":1.0,"perc":5.2631578947368416,"total":19.0},"School":{"raw":1.0,"perc":5.2631578947368416,"total":19.0}},"Pregnancy / Baby":{"Various":{"raw":1.0,"perc":100.0,"total":1.0}},"Personal Preparation":{"Alone":{"raw":2.0,"perc":50.0,"total":4.0},"Small Group (2-9)":{"raw":1.0,"perc":25.0,"total":4.0},"Large Group (10+)":{"raw":1.0,"perc":25.0,"total":4.0}},"Performance Enhancement":{"Not Applicable":{"raw":2.0,"perc":100.0,"total":2.0}}},"Male":{"General":{"Small Group (2-9)":{"raw":2598.0,"perc":34.474522292993633,"total":7536.0},"Alone":{"raw":2593.0,"perc":34.408174097664542,"total":7536.0},"Unknown Context":{"raw":749.0,"perc":9.93895966029724,"total":7536.0},"Various":{"raw":727.0,"perc":9.6470276008492579,"total":7536.0},"Club / Bar":{"raw":81.0,"perc":1.0748407643312101,"total":7536.0},"Festival / Lg. Crowd":{"raw":109.0,"perc":1.4463906581740977,"total":7536.0},"Large Group (10+)":{"raw":135.0,"perc":1.7914012738853502,"total":7536.0},"Rave / Dance Event":{"raw":63.0,"perc":0.8359872611464968,"total":7536.0},"Group Ceremony":{"raw":23.0,"perc":0.30520169851380047,"total":7536.0},"Hospital":{"raw":44.0,"perc":0.583864118895966,"total":7536.0},"School":{"raw":88.0,"perc":1.167728237791932,"total":7536.0},"Not Applicable":{"raw":305.0,"perc":4.04723991507431,"total":7536.0},"Public Space (Museum, Park, etc)":{"raw":10.0,"perc":0.1326963906581741,"total":7536.0},"Military":{"raw":5.0,"perc":0.066348195329087048,"total":7536.0},"Workplace":{"raw":6.0,"perc":0.079617834394904469,"total":7536.0}},"Music Discussion":{"Small Group (2-9)":{"raw":321.0,"perc":37.809187279151942,"total":849.0},"Alone":{"raw":296.0,"perc":34.86454652532391,"total":849.0},"Festival / Lg. Crowd":{"raw":31.0,"perc":3.6513545347467611,"total":849.0},"Various":{"raw":124.0,"perc":14.605418138987044,"total":849.0},"Large Group (10+)":{"raw":24.0,"perc":2.8268551236749118,"total":849.0},"Club / Bar":{"raw":10.0,"perc":1.1778563015312131,"total":849.0},"Rave / Dance Event":{"raw":12.0,"perc":1.4134275618374559,"total":849.0},"Not Applicable":{"raw":14.0,"perc":1.6489988221436984,"total":849.0},"Unknown Context":{"raw":10.0,"perc":1.1778563015312131,"total":849.0},"School":{"raw":2.0,"perc":0.23557126030624262,"total":849.0},"Group Ceremony":{"raw":4.0,"perc":0.47114252061248524,"total":849.0},"Public Space (Museum, Park, etc)":{"raw":1.0,"perc":0.11778563015312131,"total":849.0}},"Nature / Outdoors":{"Small Group (2-9)":{"raw":355.0,"perc":54.699537750385204,"total":649.0},"Alone":{"raw":145.0,"perc":22.342064714946073,"total":649.0},"Large Group (10+)":{"raw":8.0,"perc":1.2326656394453006,"total":649.0},"Various":{"raw":98.0,"perc":15.100154083204931,"total":649.0},"Unknown Context":{"raw":2.0,"perc":0.30816640986132515,"total":649.0},"Festival / Lg. Crowd":{"raw":17.0,"perc":2.6194144838212634,"total":649.0},"Not Applicable":{"raw":7.0,"perc":1.078582434514638,"total":649.0},"Rave / Dance Event":{"raw":5.0,"perc":0.77041602465331283,"total":649.0},"Club / Bar":{"raw":2.0,"perc":0.30816640986132515,"total":649.0},"Group Ceremony":{"raw":5.0,"perc":0.77041602465331283,"total":649.0},"Public Space (Museum, Park, etc)":{"raw":5.0,"perc":0.77041602465331283,"total":649.0}},"First Times":{"Small Group (2-9)":{"raw":2309.0,"perc":43.905685491538314,"total":5259.0},"Alone":{"raw":1869.0,"perc":35.53907586993725,"total":5259.0},"Club / Bar":{"raw":47.0,"perc":0.893706027761932,"total":5259.0},"Various":{"raw":478.0,"perc":9.08918045255752,"total":5259.0},"Festival / Lg. Crowd":{"raw":73.0,"perc":1.3880965963110856,"total":5259.0},"Large Group (10+)":{"raw":105.0,"perc":1.9965772960638906,"total":5259.0},"Unknown Context":{"raw":186.0,"perc":3.5367940673131772,"total":5259.0},"Rave / Dance Event":{"raw":47.0,"perc":0.893706027761932,"total":5259.0},"Hospital":{"raw":27.0,"perc":0.513405590416429,"total":5259.0},"Not Applicable":{"raw":27.0,"perc":0.513405590416429,"total":5259.0},"School":{"raw":60.0,"perc":1.1409013120365088,"total":5259.0},"Group Ceremony":{"raw":15.0,"perc":0.2852253280091272,"total":5259.0},"Military":{"raw":2.0,"perc":0.038030043734550295,"total":5259.0},"Public Space (Museum, Park, etc)":{"raw":7.0,"perc":0.13310515307092605,"total":5259.0},"Workplace":{"raw":7.0,"perc":0.13310515307092605,"total":5259.0}},"Glowing Experiences":{"Small Group (2-9)":{"raw":1188.0,"perc":42.172523961661341,"total":2817.0},"Alone":{"raw":884.0,"perc":31.380901668441602,"total":2817.0},"Club / Bar":{"raw":37.0,"perc":1.3134540291089811,"total":2817.0},"Unknown Context":{"raw":107.0,"perc":3.7983670571529995,"total":2817.0},"Rave / Dance Event":{"raw":67.0,"perc":2.3784167554135602,"total":2817.0},"Large Group (10+)":{"raw":57.0,"perc":2.023429179978701,"total":2817.0},"Various":{"raw":294.0,"perc":10.436634717784878,"total":2817.0},"Festival / Lg. Crowd":{"raw":76.0,"perc":2.6979055733049342,"total":2817.0},"School":{"raw":26.0,"perc":0.92296769613063545,"total":2817.0},"Group Ceremony":{"raw":15.0,"perc":0.53248136315228967,"total":2817.0},"Not Applicable":{"raw":51.0,"perc":1.8104366347177849,"total":2817.0},"Hospital":{"raw":8.0,"perc":0.28399006034788782,"total":2817.0},"Public Space (Museum, Park, etc)":{"raw":4.0,"perc":0.14199503017394391,"total":2817.0},"Large Party":{"raw":1.0,"perc":0.035498757543485977,"total":2817.0},"Workplace":{"raw":2.0,"perc":0.070997515086971955,"total":2817.0}},"Mystical Experiences":{"Small Group (2-9)":{"raw":528.0,"perc":44.369747899159663,"total":1190.0},"Alone":{"raw":426.0,"perc":35.798319327731093,"total":1190.0},"Unknown Context":{"raw":38.0,"perc":3.1932773109243695,"total":1190.0},"Various":{"raw":83.0,"perc":6.9747899159663866,"total":1190.0},"Large Group (10+)":{"raw":23.0,"perc":1.9327731092436975,"total":1190.0},"Group Ceremony":{"raw":25.0,"perc":2.1008403361344539,"total":1190.0},"Club / Bar":{"raw":3.0,"perc":0.25210084033613445,"total":1190.0},"Festival / Lg. Crowd":{"raw":28.0,"perc":2.3529411764705883,"total":1190.0},"Rave / Dance Event":{"raw":8.0,"perc":0.67226890756302526,"total":1190.0},"Hospital":{"raw":3.0,"perc":0.25210084033613445,"total":1190.0},"Not Applicable":{"raw":21.0,"perc":1.7647058823529411,"total":1190.0},"School":{"raw":3.0,"perc":0.25210084033613445,"total":1190.0},"Large Party":{"raw":1.0,"perc":0.084033613445378158,"total":1190.0}},"Retrospective / Summary":{"Alone":{"raw":533.0,"perc":18.714887640449437,"total":2848.0},"Unknown Context":{"raw":275.0,"perc":9.6558988764044944,"total":2848.0},"Club / Bar":{"raw":18.0,"perc":0.63202247191011229,"total":2848.0},"Not Applicable":{"raw":762.0,"perc":26.75561797752809,"total":2848.0},"Various":{"raw":877.0,"perc":30.793539325842694,"total":2848.0},"Small Group (2-9)":{"raw":284.0,"perc":9.97191011235955,"total":2848.0},"Group Ceremony":{"raw":5.0,"perc":0.17556179775280897,"total":2848.0},"Rave / Dance Event":{"raw":12.0,"perc":0.42134831460674155,"total":2848.0},"Hospital":{"raw":17.0,"perc":0.59691011235955049,"total":2848.0},"Festival / Lg. Crowd":{"raw":10.0,"perc":0.35112359550561795,"total":2848.0},"School":{"raw":28.0,"perc":0.9831460674157303,"total":2848.0},"Large Group (10+)":{"raw":14.0,"perc":0.49157303370786515,"total":2848.0},"Military":{"raw":5.0,"perc":0.17556179775280897,"total":2848.0},"Large Party":{"raw":2.0,"perc":0.0702247191011236,"total":2848.0},"Workplace":{"raw":5.0,"perc":0.17556179775280897,"total":2848.0},"Public Space (Museum, Park, etc)":{"raw":1.0,"perc":0.0351123595505618,"total":2848.0}},"Health Problems":{"Unknown Context":{"raw":180.0,"perc":11.464968152866243,"total":1570.0},"Small Group (2-9)":{"raw":381.0,"perc":24.267515923566879,"total":1570.0},"Alone":{"raw":360.0,"perc":22.929936305732486,"total":1570.0},"Various":{"raw":279.0,"perc":17.770700636942674,"total":1570.0},"Club / Bar":{"raw":17.0,"perc":1.0828025477707006,"total":1570.0},"Not Applicable":{"raw":227.0,"perc":14.45859872611465,"total":1570.0},"Large Group (10+)":{"raw":28.0,"perc":1.78343949044586,"total":1570.0},"Rave / Dance Event":{"raw":14.0,"perc":0.89171974522293,"total":1570.0},"School":{"raw":18.0,"perc":1.1464968152866242,"total":1570.0},"Hospital":{"raw":52.0,"perc":3.3121019108280256,"total":1570.0},"Festival / Lg. Crowd":{"raw":8.0,"perc":0.50955414012738853,"total":1570.0},"Military":{"raw":3.0,"perc":0.19108280254777071,"total":1570.0},"Workplace":{"raw":2.0,"perc":0.12738853503184713,"total":1570.0},"Group Ceremony":{"raw":1.0,"perc":0.063694267515923567,"total":1570.0}},"Overdose":{"Alone":{"raw":170.0,"perc":26.194144838212637,"total":649.0},"Small Group (2-9)":{"raw":229.0,"perc":35.285053929121723,"total":649.0},"Various":{"raw":107.0,"perc":16.486902927580893,"total":649.0},"Unknown Context":{"raw":34.0,"perc":5.2388289676425268,"total":649.0},"School":{"raw":18.0,"perc":2.773497688751926,"total":649.0},"Large Group (10+)":{"raw":15.0,"perc":2.3112480739599381,"total":649.0},"Club / Bar":{"raw":10.0,"perc":1.5408320493066257,"total":649.0},"Hospital":{"raw":44.0,"perc":6.7796610169491522,"total":649.0},"Rave / Dance Event":{"raw":7.0,"perc":1.078582434514638,"total":649.0},"Not Applicable":{"raw":11.0,"perc":1.6949152542372881,"total":649.0},"Festival / Lg. Crowd":{"raw":4.0,"perc":0.6163328197226503,"total":649.0}},"Preparation / Recipes":{"Alone":{"raw":322.0,"perc":38.287752675386443,"total":841.0},"Not Applicable":{"raw":115.0,"perc":13.674197384066588,"total":841.0},"Small Group (2-9)":{"raw":185.0,"perc":21.997621878715815,"total":841.0},"Unknown Context":{"raw":133.0,"perc":15.81450653983353,"total":841.0},"Various":{"raw":69.0,"perc":8.2045184304399523,"total":841.0},"Club / Bar":{"raw":1.0,"perc":0.11890606420927466,"total":841.0},"School":{"raw":3.0,"perc":0.356718192627824,"total":841.0},"Festival / Lg. Crowd":{"raw":5.0,"perc":0.59453032104637338,"total":841.0},"Large Group (10+)":{"raw":3.0,"perc":0.356718192627824,"total":841.0},"Hospital":{"raw":1.0,"perc":0.11890606420927466,"total":841.0},"Group Ceremony":{"raw":2.0,"perc":0.23781212841854932,"total":841.0},"Rave / Dance Event":{"raw":1.0,"perc":0.11890606420927466,"total":841.0},"Public Space (Museum, Park, etc)":{"raw":1.0,"perc":0.11890606420927466,"total":841.0}},"Difficult Experiences":{"Various":{"raw":377.0,"perc":13.232713232713234,"total":2849.0},"Small Group (2-9)":{"raw":1187.0,"perc":41.663741663741668,"total":2849.0},"Festival / Lg. Crowd":{"raw":44.0,"perc":1.5444015444015444,"total":2849.0},"Alone":{"raw":892.0,"perc":31.309231309231311,"total":2849.0},"Unknown Context":{"raw":100.0,"perc":3.51000351000351,"total":2849.0},"Rave / Dance Event":{"raw":27.0,"perc":0.9477009477009477,"total":2849.0},"Large Group (10+)":{"raw":55.0,"perc":1.9305019305019304,"total":2849.0},"School":{"raw":33.0,"perc":1.1583011583011582,"total":2849.0},"Club / Bar":{"raw":21.0,"perc":0.73710073710073709,"total":2849.0},"Hospital":{"raw":49.0,"perc":1.71990171990172,"total":2849.0},"Not Applicable":{"raw":46.0,"perc":1.6146016146016147,"total":2849.0},"Public Space (Museum, Park, etc)":{"raw":3.0,"perc":0.10530010530010531,"total":2849.0},"Group Ceremony":{"raw":11.0,"perc":0.38610038610038611,"total":2849.0},"Military":{"raw":1.0,"perc":0.0351000351000351,"total":2849.0},"Workplace":{"raw":1.0,"perc":0.0351000351000351,"total":2849.0},"Large Party":{"raw":2.0,"perc":0.0702000702000702,"total":2849.0}},"Sex Discussion":{"Various":{"raw":95.0,"perc":19.0,"total":500.0},"Club / Bar":{"raw":2.0,"perc":0.4,"total":500.0},"Alone":{"raw":119.0,"perc":23.799999999999997,"total":500.0},"Small Group (2-9)":{"raw":206.0,"perc":41.199999999999996,"total":500.0},"Unknown Context":{"raw":21.0,"perc":4.2,"total":500.0},"Rave / Dance Event":{"raw":3.0,"perc":0.6,"total":500.0},"Not Applicable":{"raw":41.0,"perc":8.2000000000000011,"total":500.0},"Large Group (10+)":{"raw":4.0,"perc":0.8,"total":500.0},"Festival / Lg. Crowd":{"raw":6.0,"perc":1.2,"total":500.0},"Hospital":{"raw":1.0,"perc":0.2,"total":500.0},"School":{"raw":1.0,"perc":0.2,"total":500.0},"Group Ceremony":{"raw":1.0,"perc":0.2,"total":500.0}},"Bad Trips":{"Alone":{"raw":254.0,"perc":27.107790821771609,"total":937.0},"Small Group (2-9)":{"raw":414.0,"perc":44.18356456776948,"total":937.0},"Unknown Context":{"raw":32.0,"perc":3.4151547491995733,"total":937.0},"Various":{"raw":126.0,"perc":13.447171824973319,"total":937.0},"Rave / Dance Event":{"raw":6.0,"perc":0.64034151547491991,"total":937.0},"Club / Bar":{"raw":5.0,"perc":0.53361792956243326,"total":937.0},"School":{"raw":11.0,"perc":1.1739594450373532,"total":937.0},"Large Group (10+)":{"raw":23.0,"perc":2.454642475987193,"total":937.0},"Not Applicable":{"raw":19.0,"perc":2.0277481323372464,"total":937.0},"Festival / Lg. Crowd":{"raw":13.0,"perc":1.3874066168623265,"total":937.0},"Hospital":{"raw":33.0,"perc":3.5218783351120595,"total":937.0},"Workplace":{"raw":1.0,"perc":0.10672358591248667,"total":937.0}},"Guides / Sitters":{"Small Group (2-9)":{"raw":259.0,"perc":76.8545994065282,"total":337.0},"Alone":{"raw":16.0,"perc":4.7477744807121667,"total":337.0},"Various":{"raw":24.0,"perc":7.1216617210682491,"total":337.0},"Unknown Context":{"raw":3.0,"perc":0.89020771513353114,"total":337.0},"Festival / Lg. Crowd":{"raw":3.0,"perc":0.89020771513353114,"total":337.0},"Large Group (10+)":{"raw":7.0,"perc":2.0771513353115725,"total":337.0},"Rave / Dance Event":{"raw":2.0,"perc":0.59347181008902083,"total":337.0},"Club / Bar":{"raw":1.0,"perc":0.29673590504451042,"total":337.0},"Not Applicable":{"raw":2.0,"perc":0.59347181008902083,"total":337.0},"Group Ceremony":{"raw":20.0,"perc":5.9347181008902083,"total":337.0}},"Multi-Day Experience":{"Various":{"raw":144.0,"perc":28.07017543859649,"total":513.0},"Large Group (10+)":{"raw":5.0,"perc":0.97465886939571145,"total":513.0},"Alone":{"raw":113.0,"perc":22.027290448343077,"total":513.0},"Small Group (2-9)":{"raw":94.0,"perc":18.323586744639375,"total":513.0},"Festival / Lg. Crowd":{"raw":12.0,"perc":2.3391812865497075,"total":513.0},"Club / Bar":{"raw":1.0,"perc":0.19493177387914229,"total":513.0},"Not Applicable":{"raw":98.0,"perc":19.103313840155945,"total":513.0},"Hospital":{"raw":14.0,"perc":2.7290448343079921,"total":513.0},"Unknown Context":{"raw":18.0,"perc":3.5087719298245612,"total":513.0},"School":{"raw":7.0,"perc":1.364522417153996,"total":513.0},"Rave / Dance Event":{"raw":3.0,"perc":0.58479532163742687,"total":513.0},"Group Ceremony":{"raw":3.0,"perc":0.58479532163742687,"total":513.0},"Workplace":{"raw":1.0,"perc":0.19493177387914229,"total":513.0}},"What Was in That?":{"Various":{"raw":34.0,"perc":18.888888888888889,"total":180.0},"Small Group (2-9)":{"raw":73.0,"perc":40.555555555555557,"total":180.0},"Rave / Dance Event":{"raw":4.0,"perc":2.2222222222222223,"total":180.0},"Unknown Context":{"raw":19.0,"perc":10.555555555555555,"total":180.0},"Alone":{"raw":29.0,"perc":16.111111111111111,"total":180.0},"Large Group (10+)":{"raw":2.0,"perc":1.1111111111111112,"total":180.0},"Festival / Lg. Crowd":{"raw":7.0,"perc":3.8888888888888888,"total":180.0},"Club / Bar":{"raw":7.0,"perc":3.8888888888888888,"total":180.0},"School":{"raw":2.0,"perc":1.1111111111111112,"total":180.0},"Not Applicable":{"raw":2.0,"perc":1.1111111111111112,"total":180.0},"Hospital":{"raw":1.0,"perc":0.55555555555555558,"total":180.0}},"Post Trip Problems":{"Alone":{"raw":124.0,"perc":17.714285714285712,"total":700.0},"Unknown Context":{"raw":77.0,"perc":11.0,"total":700.0},"Various":{"raw":153.0,"perc":21.857142857142858,"total":700.0},"Small Group (2-9)":{"raw":176.0,"perc":25.142857142857146,"total":700.0},"Large Group (10+)":{"raw":11.0,"perc":1.5714285714285716,"total":700.0},"Club / Bar":{"raw":6.0,"perc":0.85714285714285721,"total":700.0},"Not Applicable":{"raw":99.0,"perc":14.142857142857142,"total":700.0},"Festival / Lg. Crowd":{"raw":3.0,"perc":0.4285714285714286,"total":700.0},"Hospital":{"raw":27.0,"perc":3.8571428571428568,"total":700.0},"Rave / Dance Event":{"raw":12.0,"perc":1.7142857142857144,"total":700.0},"School":{"raw":9.0,"perc":1.2857142857142856,"total":700.0},"Group Ceremony":{"raw":3.0,"perc":0.4285714285714286,"total":700.0}},"Entities / Beings":{"Alone":{"raw":536.0,"perc":45.655877342419082,"total":1174.0},"Small Group (2-9)":{"raw":447.0,"perc":38.074957410562185,"total":1174.0},"Various":{"raw":85.0,"perc":7.2402044293015333,"total":1174.0},"Unknown Context":{"raw":28.0,"perc":2.385008517887564,"total":1174.0},"Hospital":{"raw":8.0,"perc":0.68143100511073251,"total":1174.0},"Large Group (10+)":{"raw":11.0,"perc":0.9369676320272573,"total":1174.0},"Club / Bar":{"raw":1.0,"perc":0.085178875638841564,"total":1174.0},"Not Applicable":{"raw":22.0,"perc":1.8739352640545146,"total":1174.0},"Festival / Lg. Crowd":{"raw":7.0,"perc":0.596252129471891,"total":1174.0},"Group Ceremony":{"raw":22.0,"perc":1.8739352640545146,"total":1174.0},"Rave / Dance Event":{"raw":3.0,"perc":0.25553662691652468,"total":1174.0},"Military":{"raw":1.0,"perc":0.085178875638841564,"total":1174.0},"School":{"raw":2.0,"perc":0.17035775127768313,"total":1174.0},"Public Space (Museum, Park, etc)":{"raw":1.0,"perc":0.085178875638841564,"total":1174.0}},"Hangover / Days After":{"Various":{"raw":189.0,"perc":16.420503909643788,"total":1151.0},"Small Group (2-9)":{"raw":347.0,"perc":30.147697654213729,"total":1151.0},"Alone":{"raw":358.0,"perc":31.103388357949608,"total":1151.0},"Club / Bar":{"raw":18.0,"perc":1.5638575152041705,"total":1151.0},"Not Applicable":{"raw":99.0,"perc":8.6012163336229364,"total":1151.0},"Rave / Dance Event":{"raw":13.0,"perc":1.1294526498696786,"total":1151.0},"School":{"raw":16.0,"perc":1.3900955690703736,"total":1151.0},"Unknown Context":{"raw":50.0,"perc":4.3440486533449176,"total":1151.0},"Large Group (10+)":{"raw":32.0,"perc":2.7801911381407471,"total":1151.0},"Hospital":{"raw":11.0,"perc":0.95569070373588194,"total":1151.0},"Festival / Lg. Crowd":{"raw":7.0,"perc":0.60816681146828844,"total":1151.0},"Group Ceremony":{"raw":4.0,"perc":0.34752389226759339,"total":1151.0},"Military":{"raw":2.0,"perc":0.1737619461337967,"total":1151.0},"Public Space (Museum, Park, etc)":{"raw":2.0,"perc":0.1737619461337967,"total":1151.0},"Workplace":{"raw":3.0,"perc":0.26064291920069504,"total":1151.0}},"Cultivation / Synthesis":{"Unknown Context":{"raw":4.0,"perc":13.793103448275861,"total":29.0},"Not Applicable":{"raw":12.0,"perc":41.379310344827587,"total":29.0},"Alone":{"raw":6.0,"perc":20.689655172413794,"total":29.0},"Small Group (2-9)":{"raw":2.0,"perc":6.8965517241379306,"total":29.0},"Various":{"raw":4.0,"perc":13.793103448275861,"total":29.0},"Festival / Lg. Crowd":{"raw":1.0,"perc":3.4482758620689653,"total":29.0}},"Second Hand Report":{"Rave / Dance Event":{"raw":4.0,"perc":2.1857923497267762,"total":183.0},"Various":{"raw":16.0,"perc":8.7431693989071047,"total":183.0},"Small Group (2-9)":{"raw":86.0,"perc":46.994535519125684,"total":183.0},"Large Group (10+)":{"raw":5.0,"perc":2.73224043715847,"total":183.0},"Club / Bar":{"raw":3.0,"perc":1.639344262295082,"total":183.0},"Unknown Context":{"raw":14.0,"perc":7.6502732240437163,"total":183.0},"Hospital":{"raw":15.0,"perc":8.19672131147541,"total":183.0},"Not Applicable":{"raw":25.0,"perc":13.661202185792352,"total":183.0},"School":{"raw":2.0,"perc":1.0928961748633881,"total":183.0},"Alone":{"raw":8.0,"perc":4.3715846994535523,"total":183.0},"Festival / Lg. Crowd":{"raw":2.0,"perc":1.0928961748633881,"total":183.0},"Military":{"raw":1.0,"perc":0.546448087431694,"total":183.0},"Group Ceremony":{"raw":1.0,"perc":0.546448087431694,"total":183.0},"Public Space (Museum, Park, etc)":{"raw":1.0,"perc":0.546448087431694,"total":183.0}},"Health Benefits":{"Large Group (10+)":{"raw":4.0,"perc":0.684931506849315,"total":584.0},"Club / Bar":{"raw":2.0,"perc":0.34246575342465752,"total":584.0},"Alone":{"raw":158.0,"perc":27.054794520547947,"total":584.0},"Various":{"raw":85.0,"perc":14.554794520547945,"total":584.0},"Unknown Context":{"raw":58.0,"perc":9.9315068493150687,"total":584.0},"Not Applicable":{"raw":189.0,"perc":32.363013698630141,"total":584.0},"Rave / Dance Event":{"raw":2.0,"perc":0.34246575342465752,"total":584.0},"School":{"raw":7.0,"perc":1.1986301369863013,"total":584.0},"Small Group (2-9)":{"raw":62.0,"perc":10.616438356164384,"total":584.0},"Hospital":{"raw":9.0,"perc":1.5410958904109588,"total":584.0},"Group Ceremony":{"raw":4.0,"perc":0.684931506849315,"total":584.0},"Festival / Lg. Crowd":{"raw":1.0,"perc":0.17123287671232876,"total":584.0},"Workplace":{"raw":2.0,"perc":0.34246575342465752,"total":584.0},"Public Space (Museum, Park, etc)":{"raw":1.0,"perc":0.17123287671232876,"total":584.0}},"Depression":{"Various":{"raw":124.0,"perc":25.514403292181072,"total":486.0},"Alone":{"raw":126.0,"perc":25.925925925925924,"total":486.0},"Unknown Context":{"raw":26.0,"perc":5.3497942386831276,"total":486.0},"Large Group (10+)":{"raw":8.0,"perc":1.6460905349794239,"total":486.0},"Not Applicable":{"raw":106.0,"perc":21.810699588477366,"total":486.0},"Small Group (2-9)":{"raw":75.0,"perc":15.432098765432098,"total":486.0},"Hospital":{"raw":8.0,"perc":1.6460905349794239,"total":486.0},"School":{"raw":6.0,"perc":1.2345679012345678,"total":486.0},"Club / Bar":{"raw":2.0,"perc":0.411522633744856,"total":486.0},"Group Ceremony":{"raw":1.0,"perc":0.205761316872428,"total":486.0},"Rave / Dance Event":{"raw":2.0,"perc":0.411522633744856,"total":486.0},"Festival / Lg. Crowd":{"raw":1.0,"perc":0.205761316872428,"total":486.0},"Large Party":{"raw":1.0,"perc":0.205761316872428,"total":486.0}},"Families":{"Various":{"raw":30.0,"perc":16.483516483516482,"total":182.0},"Small Group (2-9)":{"raw":79.0,"perc":43.406593406593409,"total":182.0},"Alone":{"raw":39.0,"perc":21.428571428571427,"total":182.0},"Not Applicable":{"raw":19.0,"perc":10.43956043956044,"total":182.0},"Hospital":{"raw":7.0,"perc":3.8461538461538463,"total":182.0},"Large Group (10+)":{"raw":3.0,"perc":1.6483516483516485,"total":182.0},"Unknown Context":{"raw":1.0,"perc":0.5494505494505495,"total":182.0},"Club / Bar":{"raw":2.0,"perc":1.098901098901099,"total":182.0},"School":{"raw":1.0,"perc":0.5494505494505495,"total":182.0},"Festival / Lg. Crowd":{"raw":1.0,"perc":0.5494505494505495,"total":182.0}},"HPPD / Lasting Visuals":{"Large Group (10+)":{"raw":2.0,"perc":1.1299435028248588,"total":177.0},"Various":{"raw":37.0,"perc":20.903954802259886,"total":177.0},"Small Group (2-9)":{"raw":46.0,"perc":25.988700564971751,"total":177.0},"Not Applicable":{"raw":33.0,"perc":18.64406779661017,"total":177.0},"Hospital":{"raw":2.0,"perc":1.1299435028248588,"total":177.0},"Alone":{"raw":40.0,"perc":22.598870056497177,"total":177.0},"Unknown Context":{"raw":14.0,"perc":7.9096045197740121,"total":177.0},"Group Ceremony":{"raw":1.0,"perc":0.56497175141242939,"total":177.0},"Festival / Lg. Crowd":{"raw":1.0,"perc":0.56497175141242939,"total":177.0},"Rave / Dance Event":{"raw":1.0,"perc":0.56497175141242939,"total":177.0}},"Relationships":{"Small Group (2-9)":{"raw":266.0,"perc":53.413654618473892,"total":498.0},"Various":{"raw":67.0,"perc":13.453815261044177,"total":498.0},"Alone":{"raw":76.0,"perc":15.261044176706829,"total":498.0},"Rave / Dance Event":{"raw":9.0,"perc":1.8072289156626504,"total":498.0},"Not Applicable":{"raw":42.0,"perc":8.4337349397590362,"total":498.0},"School":{"raw":2.0,"perc":0.40160642570281119,"total":498.0},"Large Group (10+)":{"raw":15.0,"perc":3.0120481927710845,"total":498.0},"Club / Bar":{"raw":7.0,"perc":1.4056224899598393,"total":498.0},"Festival / Lg. Crowd":{"raw":10.0,"perc":2.0080321285140563,"total":498.0},"Unknown Context":{"raw":1.0,"perc":0.20080321285140559,"total":498.0},"Military":{"raw":1.0,"perc":0.20080321285140559,"total":498.0},"Group Ceremony":{"raw":2.0,"perc":0.40160642570281119,"total":498.0}},"Poetry":{"Not Applicable":{"raw":15.0,"perc":23.809523809523807,"total":63.0},"Rave / Dance Event":{"raw":1.0,"perc":1.5873015873015872,"total":63.0},"Unknown Context":{"raw":17.0,"perc":26.984126984126984,"total":63.0},"Alone":{"raw":14.0,"perc":22.222222222222221,"total":63.0},"Small Group (2-9)":{"raw":12.0,"perc":19.047619047619047,"total":63.0},"Various":{"raw":4.0,"perc":6.3492063492063489,"total":63.0}},"Pregnancy / Baby":{"Various":{"raw":2.0,"perc":66.666666666666657,"total":3.0},"Small Group (2-9)":{"raw":1.0,"perc":33.333333333333329,"total":3.0}},"Loss of Magic":{"Various":{"raw":22.0,"perc":32.835820895522389,"total":67.0},"Alone":{"raw":5.0,"perc":7.4626865671641784,"total":67.0},"Small Group (2-9)":{"raw":6.0,"perc":8.9552238805970141,"total":67.0},"Club / Bar":{"raw":2.0,"perc":2.9850746268656714,"total":67.0},"Rave / Dance Event":{"raw":5.0,"perc":7.4626865671641784,"total":67.0},"Unknown Context":{"raw":11.0,"perc":16.417910447761194,"total":67.0},"Not Applicable":{"raw":14.0,"perc":20.8955223880597,"total":67.0},"Large Group (10+)":{"raw":1.0,"perc":1.4925373134328357,"total":67.0},"Festival / Lg. Crowd":{"raw":1.0,"perc":1.4925373134328357,"total":67.0}},"Personal Preparation":{"Alone":{"raw":71.0,"perc":41.279069767441861,"total":172.0},"Small Group (2-9)":{"raw":59.0,"perc":34.302325581395351,"total":172.0},"Various":{"raw":16.0,"perc":9.30232558139535,"total":172.0},"Large Group (10+)":{"raw":3.0,"perc":1.7441860465116279,"total":172.0},"Not Applicable":{"raw":3.0,"perc":1.7441860465116279,"total":172.0},"Unknown Context":{"raw":8.0,"perc":4.6511627906976747,"total":172.0},"Festival / Lg. Crowd":{"raw":3.0,"perc":1.7441860465116279,"total":172.0},"Club / Bar":{"raw":2.0,"perc":1.1627906976744187,"total":172.0},"Military":{"raw":1.0,"perc":0.58139534883720934,"total":172.0},"Group Ceremony":{"raw":5.0,"perc":2.9069767441860463,"total":172.0},"Hospital":{"raw":1.0,"perc":0.58139534883720934,"total":172.0}},"Medical Use":{"Not Applicable":{"raw":196.0,"perc":38.506876227897841,"total":509.0},"School":{"raw":9.0,"perc":1.768172888015717,"total":509.0},"Alone":{"raw":110.0,"perc":21.611001964636543,"total":509.0},"Unknown Context":{"raw":34.0,"perc":6.6797642436149314,"total":509.0},"Hospital":{"raw":41.0,"perc":8.0550098231827114,"total":509.0},"Various":{"raw":100.0,"perc":19.646365422396855,"total":509.0},"Small Group (2-9)":{"raw":14.0,"perc":2.75049115913556,"total":509.0},"Group Ceremony":{"raw":1.0,"perc":0.19646365422396855,"total":509.0},"Workplace":{"raw":3.0,"perc":0.58939096267190572,"total":509.0},"Public Space (Museum, Park, etc)":{"raw":1.0,"perc":0.19646365422396855,"total":509.0}},"Performance Enhancement":{"Various":{"raw":21.0,"perc":20.588235294117645,"total":102.0},"Public Space (Museum, Park, etc)":{"raw":1.0,"perc":0.98039215686274506,"total":102.0},"Alone":{"raw":25.0,"perc":24.509803921568626,"total":102.0},"Not Applicable":{"raw":23.0,"perc":22.549019607843139,"total":102.0},"School":{"raw":12.0,"perc":11.76470588235294,"total":102.0},"Large Group (10+)":{"raw":1.0,"perc":0.98039215686274506,"total":102.0},"Unknown Context":{"raw":9.0,"perc":8.8235294117647065,"total":102.0},"Small Group (2-9)":{"raw":7.0,"perc":6.8627450980392162,"total":102.0},"Workplace":{"raw":3.0,"perc":2.9411764705882351,"total":102.0}},"Therapeutic Intent or Outcome":{"Small Group (2-9)":{"raw":88.0,"perc":22.916666666666664,"total":384.0},"Alone":{"raw":154.0,"perc":40.104166666666671,"total":384.0},"Various":{"raw":40.0,"perc":10.416666666666668,"total":384.0},"Unknown Context":{"raw":25.0,"perc":6.510416666666667,"total":384.0},"Not Applicable":{"raw":44.0,"perc":11.458333333333332,"total":384.0},"Large Group (10+)":{"raw":2.0,"perc":0.52083333333333326,"total":384.0},"Rave / Dance Event":{"raw":2.0,"perc":0.52083333333333326,"total":384.0},"School":{"raw":1.0,"perc":0.26041666666666663,"total":384.0},"Festival / Lg. Crowd":{"raw":4.0,"perc":1.0416666666666665,"total":384.0},"Group Ceremony":{"raw":15.0,"perc":3.90625,"total":384.0},"Hospital":{"raw":7.0,"perc":1.8229166666666667,"total":384.0},"Workplace":{"raw":1.0,"perc":0.26041666666666663,"total":384.0},"Military":{"raw":1.0,"perc":0.26041666666666663,"total":384.0}},"Video":{"Alone":{"raw":1.0,"perc":50.0,"total":2.0},"Small Group (2-9)":{"raw":1.0,"perc":50.0,"total":2.0}}},"Female":{"First Times":{"Small Group (2-9)":{"raw":474.0,"perc":54.357798165137616,"total":872.0},"Large Group (10+)":{"raw":24.0,"perc":2.7522935779816518,"total":872.0},"Rave / Dance Event":{"raw":34.0,"perc":3.89908256880734,"total":872.0},"Various":{"raw":83.0,"perc":9.51834862385321,"total":872.0},"Festival / Lg. Crowd":{"raw":13.0,"perc":1.4908256880733946,"total":872.0},"Club / Bar":{"raw":13.0,"perc":1.4908256880733946,"total":872.0},"School":{"raw":9.0,"perc":1.0321100917431194,"total":872.0},"Alone":{"raw":167.0,"perc":19.151376146788991,"total":872.0},"Unknown Context":{"raw":29.0,"perc":3.3256880733944958,"total":872.0},"Not Applicable":{"raw":11.0,"perc":1.261467889908257,"total":872.0},"Group Ceremony":{"raw":6.0,"perc":0.68807339449541294,"total":872.0},"Hospital":{"raw":7.0,"perc":0.80275229357798172,"total":872.0},"Workplace":{"raw":1.0,"perc":0.11467889908256881,"total":872.0},"Public Space (Museum, Park, etc)":{"raw":1.0,"perc":0.11467889908256881,"total":872.0}},"Health Problems":{"Small Group (2-9)":{"raw":129.0,"perc":27.801724137931032,"total":464.0},"Rave / Dance Event":{"raw":12.0,"perc":2.5862068965517242,"total":464.0},"Large Group (10+)":{"raw":11.0,"perc":2.3706896551724137,"total":464.0},"Unknown Context":{"raw":42.0,"perc":9.0517241379310338,"total":464.0},"Various":{"raw":102.0,"perc":21.982758620689655,"total":464.0},"Alone":{"raw":52.0,"perc":11.206896551724139,"total":464.0},"Club / Bar":{"raw":8.0,"perc":1.7241379310344827,"total":464.0},"Hospital":{"raw":30.0,"perc":6.4655172413793105,"total":464.0},"School":{"raw":10.0,"perc":2.1551724137931036,"total":464.0},"Not Applicable":{"raw":61.0,"perc":13.146551724137931,"total":464.0},"Festival / Lg. Crowd":{"raw":7.0,"perc":1.5086206896551724,"total":464.0}},"Post Trip Problems":{"Small Group (2-9)":{"raw":58.0,"perc":29.292929292929294,"total":198.0},"Large Group (10+)":{"raw":4.0,"perc":2.0202020202020203,"total":198.0},"Rave / Dance Event":{"raw":15.0,"perc":7.5757575757575761,"total":198.0},"Alone":{"raw":19.0,"perc":9.5959595959595951,"total":198.0},"Various":{"raw":49.0,"perc":24.747474747474747,"total":198.0},"Unknown Context":{"raw":14.0,"perc":7.07070707070707,"total":198.0},"Hospital":{"raw":7.0,"perc":3.535353535353535,"total":198.0},"Club / Bar":{"raw":6.0,"perc":3.0303030303030303,"total":198.0},"Not Applicable":{"raw":25.0,"perc":12.626262626262626,"total":198.0},"School":{"raw":1.0,"perc":0.50505050505050508,"total":198.0}},"Sex Discussion":{"Large Group (10+)":{"raw":2.0,"perc":1.3986013986013985,"total":143.0},"Various":{"raw":23.0,"perc":16.083916083916083,"total":143.0},"Small Group (2-9)":{"raw":82.0,"perc":57.342657342657347,"total":143.0},"Rave / Dance Event":{"raw":2.0,"perc":1.3986013986013985,"total":143.0},"Not Applicable":{"raw":14.0,"perc":9.79020979020979,"total":143.0},"Alone":{"raw":14.0,"perc":9.79020979020979,"total":143.0},"Club / Bar":{"raw":3.0,"perc":2.0979020979020979,"total":143.0},"Group Ceremony":{"raw":1.0,"perc":0.69930069930069927,"total":143.0},"Unknown Context":{"raw":2.0,"perc":1.3986013986013985,"total":143.0}},"General":{"Large Group (10+)":{"raw":26.0,"perc":2.7455121436114043,"total":947.0},"Small Group (2-9)":{"raw":378.0,"perc":39.915522703273496,"total":947.0},"Various":{"raw":112.0,"perc":11.826821541710665,"total":947.0},"Unknown Context":{"raw":71.0,"perc":7.4973600844772958,"total":947.0},"Alone":{"raw":235.0,"perc":24.815205913410772,"total":947.0},"Club / Bar":{"raw":9.0,"perc":0.9503695881731784,"total":947.0},"Not Applicable":{"raw":54.0,"perc":5.70221752903907,"total":947.0},"Festival / Lg. Crowd":{"raw":16.0,"perc":1.6895459345300949,"total":947.0},"Rave / Dance Event":{"raw":11.0,"perc":1.1615628299894403,"total":947.0},"Hospital":{"raw":10.0,"perc":1.0559662090813093,"total":947.0},"School":{"raw":12.0,"perc":1.2671594508975714,"total":947.0},"Group Ceremony":{"raw":11.0,"perc":1.1615628299894403,"total":947.0},"Workplace":{"raw":1.0,"perc":0.10559662090813093,"total":947.0},"Public Space (Museum, Park, etc)":{"raw":1.0,"perc":0.10559662090813093,"total":947.0}},"Retrospective / Summary":{"Not Applicable":{"raw":172.0,"perc":31.79297597042514,"total":541.0},"Small Group (2-9)":{"raw":65.0,"perc":12.014787430683919,"total":541.0},"Unknown Context":{"raw":44.0,"perc":8.1330868761552679,"total":541.0},"Various":{"raw":179.0,"perc":33.086876155268023,"total":541.0},"Alone":{"raw":57.0,"perc":10.536044362292053,"total":541.0},"Rave / Dance Event":{"raw":6.0,"perc":1.1090573012939002,"total":541.0},"School":{"raw":4.0,"perc":0.73937153419593349,"total":541.0},"Club / Bar":{"raw":6.0,"perc":1.1090573012939002,"total":541.0},"Large Group (10+)":{"raw":3.0,"perc":0.55452865064695012,"total":541.0},"Hospital":{"raw":3.0,"perc":0.55452865064695012,"total":541.0},"Festival / Lg. Crowd":{"raw":1.0,"perc":0.18484288354898337,"total":541.0},"Group Ceremony":{"raw":1.0,"perc":0.18484288354898337,"total":541.0}},"Nature / Outdoors":{"Small Group (2-9)":{"raw":48.0,"perc":58.536585365853654,"total":82.0},"Large Group (10+)":{"raw":1.0,"perc":1.2195121951219512,"total":82.0},"Rave / Dance Event":{"raw":5.0,"perc":6.0975609756097562,"total":82.0},"Alone":{"raw":13.0,"perc":15.853658536585366,"total":82.0},"Various":{"raw":8.0,"perc":9.75609756097561,"total":82.0},"Group Ceremony":{"raw":3.0,"perc":3.6585365853658534,"total":82.0},"Not Applicable":{"raw":1.0,"perc":1.2195121951219512,"total":82.0},"Public Space (Museum, Park, etc)":{"raw":1.0,"perc":1.2195121951219512,"total":82.0},"Festival / Lg. Crowd":{"raw":1.0,"perc":1.2195121951219512,"total":82.0},"Unknown Context":{"raw":1.0,"perc":1.2195121951219512,"total":82.0}},"Bad Trips":{"Large Group (10+)":{"raw":7.0,"perc":2.788844621513944,"total":251.0},"Rave / Dance Event":{"raw":13.0,"perc":5.1792828685258963,"total":251.0},"Small Group (2-9)":{"raw":126.0,"perc":50.199203187250994,"total":251.0},"Various":{"raw":35.0,"perc":13.944223107569719,"total":251.0},"Club / Bar":{"raw":2.0,"perc":0.796812749003984,"total":251.0},"Unknown Context":{"raw":7.0,"perc":2.788844621513944,"total":251.0},"Alone":{"raw":41.0,"perc":16.334661354581673,"total":251.0},"School":{"raw":2.0,"perc":0.796812749003984,"total":251.0},"Hospital":{"raw":9.0,"perc":3.5856573705179287,"total":251.0},"Group Ceremony":{"raw":1.0,"perc":0.398406374501992,"total":251.0},"Not Applicable":{"raw":5.0,"perc":1.9920318725099602,"total":251.0},"Festival / Lg. Crowd":{"raw":2.0,"perc":0.796812749003984,"total":251.0},"Workplace":{"raw":1.0,"perc":0.398406374501992,"total":251.0}},"Mystical Experiences":{"Small Group (2-9)":{"raw":76.0,"perc":56.2962962962963,"total":135.0},"Festival / Lg. Crowd":{"raw":5.0,"perc":3.7037037037037033,"total":135.0},"Club / Bar":{"raw":1.0,"perc":0.74074074074074081,"total":135.0},"Various":{"raw":10.0,"perc":7.4074074074074066,"total":135.0},"Unknown Context":{"raw":10.0,"perc":7.4074074074074066,"total":135.0},"Rave / Dance Event":{"raw":3.0,"perc":2.2222222222222223,"total":135.0},"Alone":{"raw":22.0,"perc":16.296296296296298,"total":135.0},"Group Ceremony":{"raw":5.0,"perc":3.7037037037037033,"total":135.0},"Large Group (10+)":{"raw":2.0,"perc":1.4814814814814816,"total":135.0},"Hospital":{"raw":1.0,"perc":0.74074074074074081,"total":135.0}},"Difficult Experiences":{"Various":{"raw":83.0,"perc":14.188034188034187,"total":585.0},"Small Group (2-9)":{"raw":283.0,"perc":48.376068376068375,"total":585.0},"Large Group (10+)":{"raw":14.0,"perc":2.3931623931623935,"total":585.0},"Alone":{"raw":95.0,"perc":16.239316239316238,"total":585.0},"Rave / Dance Event":{"raw":20.0,"perc":3.4188034188034191,"total":585.0},"Club / Bar":{"raw":10.0,"perc":1.7094017094017095,"total":585.0},"Unknown Context":{"raw":22.0,"perc":3.7606837606837606,"total":585.0},"Festival / Lg. Crowd":{"raw":15.0,"perc":2.5641025641025639,"total":585.0},"Not Applicable":{"raw":20.0,"perc":3.4188034188034191,"total":585.0},"Hospital":{"raw":11.0,"perc":1.8803418803418803,"total":585.0},"School":{"raw":5.0,"perc":0.85470085470085477,"total":585.0},"Group Ceremony":{"raw":4.0,"perc":0.68376068376068377,"total":585.0},"Large Party":{"raw":1.0,"perc":0.17094017094017094,"total":585.0},"Workplace":{"raw":2.0,"perc":0.34188034188034189,"total":585.0}},"Health Benefits":{"Not Applicable":{"raw":49.0,"perc":40.833333333333336,"total":120.0},"Alone":{"raw":27.0,"perc":22.5,"total":120.0},"Small Group (2-9)":{"raw":12.0,"perc":10.0,"total":120.0},"Various":{"raw":19.0,"perc":15.833333333333332,"total":120.0},"Hospital":{"raw":3.0,"perc":2.5,"total":120.0},"Unknown Context":{"raw":6.0,"perc":5.0,"total":120.0},"School":{"raw":1.0,"perc":0.83333333333333337,"total":120.0},"Rave / Dance Event":{"raw":1.0,"perc":0.83333333333333337,"total":120.0},"Large Group (10+)":{"raw":1.0,"perc":0.83333333333333337,"total":120.0},"Festival / Lg. Crowd":{"raw":1.0,"perc":0.83333333333333337,"total":120.0}},"Depression":{"Not Applicable":{"raw":55.0,"perc":32.352941176470587,"total":170.0},"Various":{"raw":47.0,"perc":27.647058823529413,"total":170.0},"Alone":{"raw":21.0,"perc":12.352941176470589,"total":170.0},"Unknown Context":{"raw":10.0,"perc":5.88235294117647,"total":170.0},"Club / Bar":{"raw":3.0,"perc":1.7647058823529411,"total":170.0},"Small Group (2-9)":{"raw":23.0,"perc":13.529411764705882,"total":170.0},"Rave / Dance Event":{"raw":4.0,"perc":2.3529411764705883,"total":170.0},"Hospital":{"raw":3.0,"perc":1.7647058823529411,"total":170.0},"School":{"raw":1.0,"perc":0.58823529411764708,"total":170.0},"Group Ceremony":{"raw":2.0,"perc":1.1764705882352942,"total":170.0},"Festival / Lg. Crowd":{"raw":1.0,"perc":0.58823529411764708,"total":170.0}},"Second Hand Report":{"Rave / Dance Event":{"raw":3.0,"perc":4.10958904109589,"total":73.0},"Small Group (2-9)":{"raw":33.0,"perc":45.205479452054789,"total":73.0},"Not Applicable":{"raw":13.0,"perc":17.80821917808219,"total":73.0},"Various":{"raw":2.0,"perc":2.73972602739726,"total":73.0},"Unknown Context":{"raw":8.0,"perc":10.95890410958904,"total":73.0},"Alone":{"raw":4.0,"perc":5.47945205479452,"total":73.0},"Hospital":{"raw":5.0,"perc":6.8493150684931505,"total":73.0},"Festival / Lg. Crowd":{"raw":2.0,"perc":2.73972602739726,"total":73.0},"Large Group (10+)":{"raw":3.0,"perc":4.10958904109589,"total":73.0}},"Overdose":{"Small Group (2-9)":{"raw":54.0,"perc":32.335329341317362,"total":167.0},"Various":{"raw":31.0,"perc":18.562874251497004,"total":167.0},"Unknown Context":{"raw":10.0,"perc":5.9880239520958085,"total":167.0},"Large Group (10+)":{"raw":2.0,"perc":1.1976047904191618,"total":167.0},"Festival / Lg. Crowd":{"raw":2.0,"perc":1.1976047904191618,"total":167.0},"Hospital":{"raw":18.0,"perc":10.778443113772456,"total":167.0},"Alone":{"raw":33.0,"perc":19.760479041916167,"total":167.0},"Club / Bar":{"raw":1.0,"perc":0.5988023952095809,"total":167.0},"School":{"raw":8.0,"perc":4.7904191616766472,"total":167.0},"Rave / Dance Event":{"raw":4.0,"perc":2.3952095808383236,"total":167.0},"Not Applicable":{"raw":4.0,"perc":2.3952095808383236,"total":167.0}},"Glowing Experiences":{"Rave / Dance Event":{"raw":23.0,"perc":5.0218340611353707,"total":458.0},"Various":{"raw":58.0,"perc":12.663755458515283,"total":458.0},"Small Group (2-9)":{"raw":226.0,"perc":49.344978165938862,"total":458.0},"Club / Bar":{"raw":8.0,"perc":1.7467248908296942,"total":458.0},"Large Group (10+)":{"raw":6.0,"perc":1.3100436681222707,"total":458.0},"Unknown Context":{"raw":17.0,"perc":3.7117903930131009,"total":458.0},"Not Applicable":{"raw":11.0,"perc":2.4017467248908297,"total":458.0},"Festival / Lg. Crowd":{"raw":13.0,"perc":2.8384279475982535,"total":458.0},"Alone":{"raw":81.0,"perc":17.685589519650655,"total":458.0},"School":{"raw":6.0,"perc":1.3100436681222707,"total":458.0},"Group Ceremony":{"raw":5.0,"perc":1.0917030567685588,"total":458.0},"Hospital":{"raw":2.0,"perc":0.43668122270742354,"total":458.0},"Public Space (Museum, Park, etc)":{"raw":2.0,"perc":0.43668122270742354,"total":458.0}},"What Was in That?":{"Various":{"raw":8.0,"perc":15.09433962264151,"total":53.0},"Small Group (2-9)":{"raw":22.0,"perc":41.509433962264154,"total":53.0},"Alone":{"raw":5.0,"perc":9.433962264150944,"total":53.0},"Rave / Dance Event":{"raw":9.0,"perc":16.9811320754717,"total":53.0},"Club / Bar":{"raw":4.0,"perc":7.5471698113207548,"total":53.0},"Unknown Context":{"raw":3.0,"perc":5.6603773584905666,"total":53.0},"Hospital":{"raw":1.0,"perc":1.8867924528301887,"total":53.0},"Large Group (10+)":{"raw":1.0,"perc":1.8867924528301887,"total":53.0}},"Entities / Beings":{"Small Group (2-9)":{"raw":59.0,"perc":53.63636363636364,"total":110.0},"Not Applicable":{"raw":2.0,"perc":1.8181818181818181,"total":110.0},"Alone":{"raw":27.0,"perc":24.545454545454547,"total":110.0},"Club / Bar":{"raw":1.0,"perc":0.90909090909090906,"total":110.0},"Various":{"raw":9.0,"perc":8.1818181818181817,"total":110.0},"Hospital":{"raw":2.0,"perc":1.8181818181818181,"total":110.0},"Festival / Lg. Crowd":{"raw":1.0,"perc":0.90909090909090906,"total":110.0},"Large Group (10+)":{"raw":2.0,"perc":1.8181818181818181,"total":110.0},"Group Ceremony":{"raw":5.0,"perc":4.5454545454545459,"total":110.0},"Unknown Context":{"raw":1.0,"perc":0.90909090909090906,"total":110.0},"School":{"raw":1.0,"perc":0.90909090909090906,"total":110.0}},"Multi-Day Experience":{"Rave / Dance Event":{"raw":2.0,"perc":2.3809523809523809,"total":84.0},"Various":{"raw":16.0,"perc":19.047619047619047,"total":84.0},"Small Group (2-9)":{"raw":18.0,"perc":21.428571428571427,"total":84.0},"Hospital":{"raw":3.0,"perc":3.5714285714285712,"total":84.0},"Not Applicable":{"raw":20.0,"perc":23.809523809523807,"total":84.0},"Alone":{"raw":13.0,"perc":15.476190476190476,"total":84.0},"School":{"raw":3.0,"perc":3.5714285714285712,"total":84.0},"Club / Bar":{"raw":1.0,"perc":1.1904761904761905,"total":84.0},"Festival / Lg. Crowd":{"raw":3.0,"perc":3.5714285714285712,"total":84.0},"Large Group (10+)":{"raw":2.0,"perc":2.3809523809523809,"total":84.0},"Group Ceremony":{"raw":3.0,"perc":3.5714285714285712,"total":84.0}},"Poetry":{"Not Applicable":{"raw":6.0,"perc":37.5,"total":16.0},"Unknown Context":{"raw":5.0,"perc":31.25,"total":16.0},"Various":{"raw":3.0,"perc":18.75,"total":16.0},"Alone":{"raw":1.0,"perc":6.25,"total":16.0},"Small Group (2-9)":{"raw":1.0,"perc":6.25,"total":16.0}},"Loss of Magic":{"Various":{"raw":12.0,"perc":46.153846153846153,"total":26.0},"Club / Bar":{"raw":1.0,"perc":3.8461538461538463,"total":26.0},"Unknown Context":{"raw":4.0,"perc":15.384615384615385,"total":26.0},"Not Applicable":{"raw":3.0,"perc":11.538461538461538,"total":26.0},"Rave / Dance Event":{"raw":2.0,"perc":7.6923076923076925,"total":26.0},"Small Group (2-9)":{"raw":3.0,"perc":11.538461538461538,"total":26.0},"Alone":{"raw":1.0,"perc":3.8461538461538463,"total":26.0}},"Music Discussion":{"Various":{"raw":14.0,"perc":13.333333333333334,"total":105.0},"Alone":{"raw":34.0,"perc":32.38095238095238,"total":105.0},"Club / Bar":{"raw":7.0,"perc":6.666666666666667,"total":105.0},"Small Group (2-9)":{"raw":35.0,"perc":33.333333333333329,"total":105.0},"Not Applicable":{"raw":4.0,"perc":3.8095238095238098,"total":105.0},"Rave / Dance Event":{"raw":1.0,"perc":0.95238095238095244,"total":105.0},"Festival / Lg. Crowd":{"raw":5.0,"perc":4.7619047619047619,"total":105.0},"Large Group (10+)":{"raw":3.0,"perc":2.8571428571428572,"total":105.0},"Unknown Context":{"raw":2.0,"perc":1.9047619047619049,"total":105.0}},"Preparation / Recipes":{"Various":{"raw":5.0,"perc":8.6206896551724146,"total":58.0},"Alone":{"raw":20.0,"perc":34.482758620689658,"total":58.0},"Not Applicable":{"raw":4.0,"perc":6.8965517241379306,"total":58.0},"Small Group (2-9)":{"raw":22.0,"perc":37.931034482758619,"total":58.0},"Unknown Context":{"raw":5.0,"perc":8.6206896551724146,"total":58.0},"Hospital":{"raw":1.0,"perc":1.7241379310344827,"total":58.0},"Festival / Lg. Crowd":{"raw":1.0,"perc":1.7241379310344827,"total":58.0}},"Families":{"Not Applicable":{"raw":10.0,"perc":23.255813953488371,"total":43.0},"Various":{"raw":9.0,"perc":20.930232558139537,"total":43.0},"Rave / Dance Event":{"raw":1.0,"perc":2.3255813953488373,"total":43.0},"Small Group (2-9)":{"raw":15.0,"perc":34.883720930232556,"total":43.0},"Hospital":{"raw":4.0,"perc":9.30232558139535,"total":43.0},"Unknown Context":{"raw":1.0,"perc":2.3255813953488373,"total":43.0},"Alone":{"raw":2.0,"perc":4.6511627906976747,"total":43.0},"Club / Bar":{"raw":1.0,"perc":2.3255813953488373,"total":43.0}},"Guides / Sitters":{"Small Group (2-9)":{"raw":60.0,"perc":73.170731707317074,"total":82.0},"Various":{"raw":8.0,"perc":9.75609756097561,"total":82.0},"Large Group (10+)":{"raw":3.0,"perc":3.6585365853658534,"total":82.0},"Festival / Lg. Crowd":{"raw":2.0,"perc":2.4390243902439024,"total":82.0},"Alone":{"raw":3.0,"perc":3.6585365853658534,"total":82.0},"Rave / Dance Event":{"raw":2.0,"perc":2.4390243902439024,"total":82.0},"Group Ceremony":{"raw":3.0,"perc":3.6585365853658534,"total":82.0},"Hospital":{"raw":1.0,"perc":1.2195121951219512,"total":82.0}},"Pregnancy / Baby":{"Small Group (2-9)":{"raw":3.0,"perc":33.333333333333329,"total":9.0},"Various":{"raw":2.0,"perc":22.222222222222221,"total":9.0},"Not Applicable":{"raw":3.0,"perc":33.333333333333329,"total":9.0},"Alone":{"raw":1.0,"perc":11.111111111111111,"total":9.0}},"HPPD / Lasting Visuals":{"Not Applicable":{"raw":1.0,"perc":5.5555555555555554,"total":18.0},"Alone":{"raw":4.0,"perc":22.222222222222221,"total":18.0},"Small Group (2-9)":{"raw":5.0,"perc":27.777777777777779,"total":18.0},"Large Group (10+)":{"raw":1.0,"perc":5.5555555555555554,"total":18.0},"Various":{"raw":4.0,"perc":22.222222222222221,"total":18.0},"Unknown Context":{"raw":3.0,"perc":16.666666666666664,"total":18.0}},"Hangover / Days After":{"Small Group (2-9)":{"raw":86.0,"perc":32.950191570881223,"total":261.0},"Alone":{"raw":58.0,"perc":22.222222222222221,"total":261.0},"Rave / Dance Event":{"raw":9.0,"perc":3.4482758620689653,"total":261.0},"School":{"raw":3.0,"perc":1.1494252873563218,"total":261.0},"Unknown Context":{"raw":12.0,"perc":4.5977011494252871,"total":261.0},"Various":{"raw":36.0,"perc":13.793103448275861,"total":261.0},"Group Ceremony":{"raw":1.0,"perc":0.38314176245210724,"total":261.0},"Not Applicable":{"raw":33.0,"perc":12.643678160919542,"total":261.0},"Hospital":{"raw":8.0,"perc":3.0651340996168579,"total":261.0},"Large Group (10+)":{"raw":8.0,"perc":3.0651340996168579,"total":261.0},"Club / Bar":{"raw":3.0,"perc":1.1494252873563218,"total":261.0},"Festival / Lg. Crowd":{"raw":4.0,"perc":1.5325670498084289,"total":261.0}},"Relationships":{"Various":{"raw":26.0,"perc":16.560509554140125,"total":157.0},"Not Applicable":{"raw":17.0,"perc":10.828025477707007,"total":157.0},"Rave / Dance Event":{"raw":6.0,"perc":3.8216560509554141,"total":157.0},"Club / Bar":{"raw":4.0,"perc":2.547770700636943,"total":157.0},"Small Group (2-9)":{"raw":87.0,"perc":55.4140127388535,"total":157.0},"Alone":{"raw":5.0,"perc":3.1847133757961785,"total":157.0},"Large Group (10+)":{"raw":5.0,"perc":3.1847133757961785,"total":157.0},"Group Ceremony":{"raw":1.0,"perc":0.63694267515923575,"total":157.0},"School":{"raw":1.0,"perc":0.63694267515923575,"total":157.0},"Unknown Context":{"raw":4.0,"perc":2.547770700636943,"total":157.0},"Festival / Lg. Crowd":{"raw":1.0,"perc":0.63694267515923575,"total":157.0}},"Cultivation / Synthesis":{"Unknown Context":{"raw":1.0,"perc":50.0,"total":2.0},"Alone":{"raw":1.0,"perc":50.0,"total":2.0}},"Medical Use":{"Hospital":{"raw":16.0,"perc":9.1954022988505741,"total":174.0},"Not Applicable":{"raw":83.0,"perc":47.701149425287355,"total":174.0},"Small Group (2-9)":{"raw":6.0,"perc":3.4482758620689653,"total":174.0},"Alone":{"raw":32.0,"perc":18.390804597701148,"total":174.0},"School":{"raw":4.0,"perc":2.2988505747126435,"total":174.0},"Various":{"raw":23.0,"perc":13.218390804597702,"total":174.0},"Unknown Context":{"raw":9.0,"perc":5.1724137931034484,"total":174.0},"Festival / Lg. Crowd":{"raw":1.0,"perc":0.57471264367816088,"total":174.0}},"Personal Preparation":{"Small Group (2-9)":{"raw":10.0,"perc":37.037037037037038,"total":27.0},"Alone":{"raw":8.0,"perc":29.629629629629626,"total":27.0},"Various":{"raw":7.0,"perc":25.925925925925924,"total":27.0},"Rave / Dance Event":{"raw":1.0,"perc":3.7037037037037033,"total":27.0},"Group Ceremony":{"raw":1.0,"perc":3.7037037037037033,"total":27.0}},"Therapeutic Intent or Outcome":{"Not Applicable":{"raw":11.0,"perc":14.473684210526317,"total":76.0},"Alone":{"raw":24.0,"perc":31.578947368421051,"total":76.0},"Rave / Dance Event":{"raw":1.0,"perc":1.3157894736842104,"total":76.0},"Small Group (2-9)":{"raw":19.0,"perc":25.0,"total":76.0},"Various":{"raw":9.0,"perc":11.842105263157894,"total":76.0},"Hospital":{"raw":3.0,"perc":3.9473684210526314,"total":76.0},"Group Ceremony":{"raw":3.0,"perc":3.9473684210526314,"total":76.0},"Unknown Context":{"raw":5.0,"perc":6.5789473684210522,"total":76.0},"Club / Bar":{"raw":1.0,"perc":1.3157894736842104,"total":76.0}},"Performance Enhancement":{"Various":{"raw":4.0,"perc":25.0,"total":16.0},"Not Applicable":{"raw":6.0,"perc":37.5,"total":16.0},"Alone":{"raw":6.0,"perc":37.5,"total":16.0}}}}