{"Not-Specified":{"Morning Glory":{"Drug Testing":{"raw":1.0,"perc":100.0,"total":1.0}},"Various":{"Sleep Deprivation":{"raw":2.0,"perc":33.333333333333329,"total":6.0},"OBE":{"raw":1.0,"perc":16.666666666666664,"total":6.0},"Meditation":{"raw":1.0,"perc":16.666666666666664,"total":6.0},"Yoga / Bodywork":{"raw":1.0,"perc":16.666666666666664,"total":6.0},"Dreams":{"raw":1.0,"perc":16.666666666666664,"total":6.0}},"LSD":{"OBE":{"raw":1.0,"perc":25.0,"total":4.0},"Meditation":{"raw":1.0,"perc":25.0,"total":4.0},"Yoga / Bodywork":{"raw":1.0,"perc":25.0,"total":4.0},"Migraines":{"raw":1.0,"perc":25.0,"total":4.0}},"Opiates":{"Drug Testing":{"raw":1.0,"perc":100.0,"total":1.0}},"Poppies - Opium":{"Drug Testing":{"raw":1.0,"perc":100.0,"total":1.0}},"MDMA":{"Ritual":{"raw":1.0,"perc":16.666666666666664,"total":6.0},"OBE":{"raw":1.0,"perc":16.666666666666664,"total":6.0},"Migraines":{"raw":1.0,"perc":16.666666666666664,"total":6.0},"Meditation":{"raw":2.0,"perc":33.333333333333329,"total":6.0},"Yoga / Bodywork":{"raw":1.0,"perc":16.666666666666664,"total":6.0}},"Salvia divinorum":{"Ritual":{"raw":1.0,"perc":100.0,"total":1.0}},"Stimulants":{"Ritual":{"raw":1.0,"perc":14.285714285714285,"total":7.0},"OBE":{"raw":1.0,"perc":14.285714285714285,"total":7.0},"Drug Testing":{"raw":1.0,"perc":14.285714285714285,"total":7.0},"Migraines":{"raw":1.0,"perc":14.285714285714285,"total":7.0},"Meditation":{"raw":2.0,"perc":28.571428571428569,"total":7.0},"Yoga / Bodywork":{"raw":1.0,"perc":14.285714285714285,"total":7.0}},"Calea zacatechichi":{"Dreams":{"raw":3.0,"perc":100.0,"total":3.0}},"Caffeine":{"Dreams":{"raw":1.0,"perc":100.0,"total":1.0}},"Pharms - Venlafaxine":{"Endogenous":{"raw":1.0,"perc":100.0,"total":1.0}},"PMA":{"OBE":{"raw":1.0,"perc":100.0,"total":1.0}},"Benzodiazepines":{"Police / Customs":{"raw":1.0,"perc":100.0,"total":1.0}},"Pharmaceuticals":{"Police / Customs":{"raw":1.0,"perc":50.0,"total":2.0},"Dreams":{"raw":1.0,"perc":50.0,"total":2.0}},"Pharms - Alprazolam":{"Police / Customs":{"raw":1.0,"perc":100.0,"total":1.0}},"Damiana":{"Dreams":{"raw":1.0,"perc":100.0,"total":1.0}},"DMAE":{"Dreams":{"raw":1.0,"perc":100.0,"total":1.0}},"Melatonin":{"Dreams":{"raw":1.0,"perc":100.0,"total":1.0}},"Mushrooms":{"Fasting":{"raw":1.0,"perc":100.0,"total":1.0}},"Pharms - Carisoprodol":{"Migraines":{"raw":1.0,"perc":100.0,"total":1.0}},"Amphetamines":{"Drug Testing":{"raw":1.0,"perc":100.0,"total":1.0}},"DXM":{"Drug Testing":{"raw":3.0,"perc":100.0,"total":3.0}},"Kratom":{"Police / Customs":{"raw":1.0,"perc":100.0,"total":1.0}},"2C-I":{"Drug Testing":{"raw":1.0,"perc":100.0,"total":1.0}},"Cannabis":{"OBE":{"raw":1.0,"perc":100.0,"total":1.0}},"Mugwort":{"Dreams":{"raw":1.0,"perc":100.0,"total":1.0}},"Pharms - Mirtazapine":{"Dreams":{"raw":1.0,"perc":100.0,"total":1.0}},"Pharms - Zaleplon":{"Meditation":{"raw":1.0,"perc":100.0,"total":1.0}},"Cacti":{"Drug Testing":{"raw":1.0,"perc":100.0,"total":1.0}},"Mescaline":{"Drug Testing":{"raw":1.0,"perc":100.0,"total":1.0}},"2C-G-N":{"Sleep Deprivation":{"raw":1.0,"perc":100.0,"total":1.0}},"Phenethylamine":{"Sleep Deprivation":{"raw":1.0,"perc":100.0,"total":1.0}},"5-MeO-DALT":{"Sleep Deprivation":{"raw":1.0,"perc":100.0,"total":1.0}},"Cheese - Blue":{"Dreams":{"raw":1.0,"perc":100.0,"total":1.0}},"Products - Bath Salts, Plant Food, etc":{"Sleep Deprivation":{"raw":1.0,"perc":100.0,"total":1.0}},"Silene capensis":{"Dreams":{"raw":1.0,"perc":100.0,"total":1.0}},"Entada rheedii":{"Dreams":{"raw":1.0,"perc":100.0,"total":1.0}}},"Male":{"Various":{"Sleep Deprivation":{"raw":18.0,"perc":20.930232558139537,"total":86.0},"Police / Customs":{"raw":22.0,"perc":25.581395348837212,"total":86.0},"Endogenous":{"raw":2.0,"perc":2.3255813953488373,"total":86.0},"Yoga / Bodywork":{"raw":2.0,"perc":2.3255813953488373,"total":86.0},"Ritual":{"raw":3.0,"perc":3.4883720930232558,"total":86.0},"Meditation":{"raw":13.0,"perc":15.11627906976744,"total":86.0},"Fasting":{"raw":5.0,"perc":5.8139534883720927,"total":86.0},"Migraines":{"raw":2.0,"perc":2.3255813953488373,"total":86.0},"Mindfulness":{"raw":1.0,"perc":1.1627906976744187,"total":86.0},"Dreams":{"raw":5.0,"perc":5.8139534883720927,"total":86.0},"Devices":{"raw":1.0,"perc":1.1627906976744187,"total":86.0},"Devices - Mind Machine":{"raw":1.0,"perc":1.1627906976744187,"total":86.0},"Conferences":{"raw":1.0,"perc":1.1627906976744187,"total":86.0},"OBE":{"raw":2.0,"perc":2.3255813953488373,"total":86.0},"Drug Testing":{"raw":4.0,"perc":4.6511627906976747,"total":86.0},"Music":{"raw":1.0,"perc":1.1627906976744187,"total":86.0},"Nitrogen Narcosis":{"raw":1.0,"perc":1.1627906976744187,"total":86.0},"Humor":{"raw":2.0,"perc":2.3255813953488373,"total":86.0}},"DPT":{"Dreams":{"raw":1.0,"perc":20.0,"total":5.0},"Ritual":{"raw":1.0,"perc":20.0,"total":5.0},"Yoga / Bodywork":{"raw":1.0,"perc":20.0,"total":5.0},"Meditation":{"raw":1.0,"perc":20.0,"total":5.0},"Breathing":{"raw":1.0,"perc":20.0,"total":5.0}},"LSD":{"OBE":{"raw":3.0,"perc":6.3829787234042552,"total":47.0},"Endogenous":{"raw":1.0,"perc":2.1276595744680851,"total":47.0},"Police / Customs":{"raw":18.0,"perc":38.297872340425535,"total":47.0},"Yoga / Bodywork":{"raw":5.0,"perc":10.638297872340425,"total":47.0},"Migraines":{"raw":2.0,"perc":4.25531914893617,"total":47.0},"Meditation":{"raw":8.0,"perc":17.021276595744681,"total":47.0},"Guiding":{"raw":1.0,"perc":2.1276595744680851,"total":47.0},"Sleep Deprivation":{"raw":3.0,"perc":6.3829787234042552,"total":47.0},"Mindfulness":{"raw":1.0,"perc":2.1276595744680851,"total":47.0},"Dreams":{"raw":1.0,"perc":2.1276595744680851,"total":47.0},"Devices":{"raw":1.0,"perc":2.1276595744680851,"total":47.0},"Devices - Mind Machine":{"raw":1.0,"perc":2.1276595744680851,"total":47.0},"Breathing":{"raw":1.0,"perc":2.1276595744680851,"total":47.0},"Music":{"raw":1.0,"perc":2.1276595744680851,"total":47.0}},"Cannabis":{"Ritual":{"raw":3.0,"perc":3.8961038961038961,"total":77.0},"Drug Testing":{"raw":19.0,"perc":24.675324675324674,"total":77.0},"Police / Customs":{"raw":15.0,"perc":19.480519480519483,"total":77.0},"Meditation":{"raw":11.0,"perc":14.285714285714285,"total":77.0},"Migraines":{"raw":1.0,"perc":1.2987012987012987,"total":77.0},"OBE":{"raw":6.0,"perc":7.7922077922077921,"total":77.0},"Devices":{"raw":2.0,"perc":2.5974025974025974,"total":77.0},"Devices - Mind Machine":{"raw":2.0,"perc":2.5974025974025974,"total":77.0},"Endogenous":{"raw":3.0,"perc":3.8961038961038961,"total":77.0},"Sleep Deprivation":{"raw":7.0,"perc":9.0909090909090917,"total":77.0},"Dreams":{"raw":3.0,"perc":3.8961038961038961,"total":77.0},"Music":{"raw":1.0,"perc":1.2987012987012987,"total":77.0},"Mindfulness":{"raw":1.0,"perc":1.2987012987012987,"total":77.0},"Breathing":{"raw":1.0,"perc":1.2987012987012987,"total":77.0},"Fasting":{"raw":1.0,"perc":1.2987012987012987,"total":77.0},"Yoga / Bodywork":{"raw":1.0,"perc":1.2987012987012987,"total":77.0}},"MDMA":{"Ritual":{"raw":2.0,"perc":9.5238095238095237,"total":21.0},"Endogenous":{"raw":1.0,"perc":4.7619047619047619,"total":21.0},"Dreams":{"raw":2.0,"perc":9.5238095238095237,"total":21.0},"Yoga / Bodywork":{"raw":2.0,"perc":9.5238095238095237,"total":21.0},"OBE":{"raw":2.0,"perc":9.5238095238095237,"total":21.0},"Meditation":{"raw":4.0,"perc":19.047619047619047,"total":21.0},"Migraines":{"raw":1.0,"perc":4.7619047619047619,"total":21.0},"Guiding":{"raw":1.0,"perc":4.7619047619047619,"total":21.0},"Sleep Deprivation":{"raw":2.0,"perc":9.5238095238095237,"total":21.0},"Police / Customs":{"raw":3.0,"perc":14.285714285714285,"total":21.0},"Music":{"raw":1.0,"perc":4.7619047619047619,"total":21.0}},"Pharmaceuticals":{"Ritual":{"raw":1.0,"perc":8.3333333333333321,"total":12.0},"Dreams":{"raw":3.0,"perc":25.0,"total":12.0},"Sleep Deprivation":{"raw":2.0,"perc":16.666666666666664,"total":12.0},"Police / Customs":{"raw":4.0,"perc":33.333333333333329,"total":12.0},"Migraines":{"raw":1.0,"perc":8.3333333333333321,"total":12.0},"Endogenous":{"raw":1.0,"perc":8.3333333333333321,"total":12.0}},"Pharms - Sildenafil":{"Ritual":{"raw":1.0,"perc":100.0,"total":1.0}},"Stimulants":{"Ritual":{"raw":2.0,"perc":5.7142857142857144,"total":35.0},"Endogenous":{"raw":1.0,"perc":2.8571428571428572,"total":35.0},"Dreams":{"raw":2.0,"perc":5.7142857142857144,"total":35.0},"Yoga / Bodywork":{"raw":2.0,"perc":5.7142857142857144,"total":35.0},"OBE":{"raw":2.0,"perc":5.7142857142857144,"total":35.0},"Meditation":{"raw":5.0,"perc":14.285714285714285,"total":35.0},"Migraines":{"raw":1.0,"perc":2.8571428571428572,"total":35.0},"Guiding":{"raw":1.0,"perc":2.8571428571428572,"total":35.0},"Sleep Deprivation":{"raw":12.0,"perc":34.285714285714285,"total":35.0},"Breathing":{"raw":1.0,"perc":2.8571428571428572,"total":35.0},"Hyperventilation":{"raw":1.0,"perc":2.8571428571428572,"total":35.0},"Police / Customs":{"raw":3.0,"perc":8.5714285714285712,"total":35.0},"Drug Testing":{"raw":1.0,"perc":2.8571428571428572,"total":35.0},"Music":{"raw":1.0,"perc":2.8571428571428572,"total":35.0}},"DXM":{"Drug Testing":{"raw":55.0,"perc":74.324324324324323,"total":74.0},"Police / Customs":{"raw":3.0,"perc":4.0540540540540544,"total":74.0},"Endogenous":{"raw":2.0,"perc":2.7027027027027026,"total":74.0},"Dreams":{"raw":2.0,"perc":2.7027027027027026,"total":74.0},"Devices":{"raw":3.0,"perc":4.0540540540540544,"total":74.0},"Devices - Mind Machine":{"raw":3.0,"perc":4.0540540540540544,"total":74.0},"OBE":{"raw":3.0,"perc":4.0540540540540544,"total":74.0},"Meditation":{"raw":1.0,"perc":1.3513513513513513,"total":74.0},"Sleep Deprivation":{"raw":1.0,"perc":1.3513513513513513,"total":74.0},"Fasting":{"raw":1.0,"perc":1.3513513513513513,"total":74.0}},"PCP":{"Drug Testing":{"raw":1.0,"perc":100.0,"total":1.0}},"Datura":{"OBE":{"raw":1.0,"perc":7.1428571428571423,"total":14.0},"Dreams":{"raw":4.0,"perc":28.571428571428569,"total":14.0},"Police / Customs":{"raw":9.0,"perc":64.285714285714292,"total":14.0}},"2C-B":{"Ritual":{"raw":1.0,"perc":11.111111111111111,"total":9.0},"OBE":{"raw":2.0,"perc":22.222222222222221,"total":9.0},"Police / Customs":{"raw":2.0,"perc":22.222222222222221,"total":9.0},"Drug Testing":{"raw":1.0,"perc":11.111111111111111,"total":9.0},"Sleep Deprivation":{"raw":1.0,"perc":11.111111111111111,"total":9.0},"Music":{"raw":1.0,"perc":11.111111111111111,"total":9.0},"Meditation":{"raw":1.0,"perc":11.111111111111111,"total":9.0}},"Phenethylamine":{"Ritual":{"raw":1.0,"perc":5.5555555555555554,"total":18.0},"OBE":{"raw":2.0,"perc":11.111111111111111,"total":18.0},"Migraines":{"raw":1.0,"perc":5.5555555555555554,"total":18.0},"Police / Customs":{"raw":6.0,"perc":33.333333333333329,"total":18.0},"Floatation Tank":{"raw":1.0,"perc":5.5555555555555554,"total":18.0},"Meditation":{"raw":2.0,"perc":11.111111111111111,"total":18.0},"Drug Testing":{"raw":2.0,"perc":11.111111111111111,"total":18.0},"Sleep Deprivation":{"raw":1.0,"perc":5.5555555555555554,"total":18.0},"Music":{"raw":1.0,"perc":5.5555555555555554,"total":18.0},"Yoga / Bodywork":{"raw":1.0,"perc":5.5555555555555554,"total":18.0}},"Tryptophan":{"Ritual":{"raw":1.0,"perc":14.285714285714285,"total":7.0},"Dreams":{"raw":5.0,"perc":71.428571428571431,"total":7.0},"Sleep Deprivation":{"raw":1.0,"perc":14.285714285714285,"total":7.0}},"Calea zacatechichi":{"Dreams":{"raw":42.0,"perc":87.5,"total":48.0},"Meditation":{"raw":4.0,"perc":8.3333333333333321,"total":48.0},"Devices":{"raw":1.0,"perc":2.083333333333333,"total":48.0},"Devices - Mind Machine":{"raw":1.0,"perc":2.083333333333333,"total":48.0}},"Pharms - Benzphetamine":{"Sleep Deprivation":{"raw":2.0,"perc":100.0,"total":2.0}},"Morning Glory":{"Floatation Tank":{"raw":1.0,"perc":9.0909090909090917,"total":11.0},"Dreams":{"raw":2.0,"perc":18.181818181818183,"total":11.0},"Meditation":{"raw":3.0,"perc":27.27272727272727,"total":11.0},"Migraines":{"raw":2.0,"perc":18.181818181818183,"total":11.0},"Devices":{"raw":1.0,"perc":9.0909090909090917,"total":11.0},"Fasting":{"raw":1.0,"perc":9.0909090909090917,"total":11.0},"Yoga / Bodywork":{"raw":1.0,"perc":9.0909090909090917,"total":11.0}},"Mushrooms":{"Police / Customs":{"raw":17.0,"perc":30.357142857142854,"total":56.0},"Meditation":{"raw":6.0,"perc":10.714285714285714,"total":56.0},"Migraines":{"raw":5.0,"perc":8.9285714285714288,"total":56.0},"Drug Testing":{"raw":1.0,"perc":1.7857142857142856,"total":56.0},"Devices":{"raw":2.0,"perc":3.5714285714285712,"total":56.0},"Guiding":{"raw":2.0,"perc":3.5714285714285712,"total":56.0},"Sleep Deprivation":{"raw":1.0,"perc":1.7857142857142856,"total":56.0},"Devices - Mind Machine":{"raw":1.0,"perc":1.7857142857142856,"total":56.0},"Yoga / Bodywork":{"raw":4.0,"perc":7.1428571428571423,"total":56.0},"OBE":{"raw":7.0,"perc":12.5,"total":56.0},"Conferences":{"raw":1.0,"perc":1.7857142857142856,"total":56.0},"Chanting":{"raw":1.0,"perc":1.7857142857142856,"total":56.0},"Humor":{"raw":3.0,"perc":5.3571428571428568,"total":56.0},"Nitrogen Narcosis":{"raw":1.0,"perc":1.7857142857142856,"total":56.0},"Fasting":{"raw":1.0,"perc":1.7857142857142856,"total":56.0},"Dreams":{"raw":2.0,"perc":3.5714285714285712,"total":56.0},"Ritual":{"raw":1.0,"perc":1.7857142857142856,"total":56.0}},"Salvia divinorum":{"Police / Customs":{"raw":2.0,"perc":4.25531914893617,"total":47.0},"Ritual":{"raw":2.0,"perc":4.25531914893617,"total":47.0},"OBE":{"raw":13.0,"perc":27.659574468085108,"total":47.0},"Dreams":{"raw":5.0,"perc":10.638297872340425,"total":47.0},"Fasting":{"raw":4.0,"perc":8.51063829787234,"total":47.0},"Meditation":{"raw":7.0,"perc":14.893617021276595,"total":47.0},"Yoga / Bodywork":{"raw":2.0,"perc":4.25531914893617,"total":47.0},"Endogenous":{"raw":2.0,"perc":4.25531914893617,"total":47.0},"Devices":{"raw":5.0,"perc":10.638297872340425,"total":47.0},"Migraines":{"raw":1.0,"perc":2.1276595744680851,"total":47.0},"Nitrogen Narcosis":{"raw":1.0,"perc":2.1276595744680851,"total":47.0},"Mindfulness":{"raw":1.0,"perc":2.1276595744680851,"total":47.0},"Devices - Mind Machine":{"raw":2.0,"perc":4.25531914893617,"total":47.0}},"Nutmeg":{"Dreams":{"raw":3.0,"perc":42.857142857142854,"total":7.0},"Meditation":{"raw":1.0,"perc":14.285714285714285,"total":7.0},"Fasting":{"raw":1.0,"perc":14.285714285714285,"total":7.0},"Devices":{"raw":1.0,"perc":14.285714285714285,"total":7.0},"Devices - Mind Machine":{"raw":1.0,"perc":14.285714285714285,"total":7.0}},"Yohimbe":{"Sleep Deprivation":{"raw":1.0,"perc":50.0,"total":2.0},"Dreams":{"raw":1.0,"perc":50.0,"total":2.0}},"Piperazines":{"Drug Testing":{"raw":1.0,"perc":20.0,"total":5.0},"Meditation":{"raw":2.0,"perc":40.0,"total":5.0},"Sleep Deprivation":{"raw":1.0,"perc":20.0,"total":5.0},"Migraines":{"raw":1.0,"perc":20.0,"total":5.0}},"Pharms - Sertraline":{"Sleep Deprivation":{"raw":1.0,"perc":100.0,"total":1.0}},"SSRIs":{"Sleep Deprivation":{"raw":1.0,"perc":25.0,"total":4.0},"Dreams":{"raw":3.0,"perc":75.0,"total":4.0}},"Methamphetamine":{"Sleep Deprivation":{"raw":3.0,"perc":50.0,"total":6.0},"Police / Customs":{"raw":2.0,"perc":33.333333333333329,"total":6.0},"Meditation":{"raw":1.0,"perc":16.666666666666664,"total":6.0}},"Melatonin":{"Dreams":{"raw":40.0,"perc":97.5609756097561,"total":41.0},"Sleep Deprivation":{"raw":1.0,"perc":2.4390243902439024,"total":41.0}},"Harmala Alkaloids":{"Ritual":{"raw":9.0,"perc":34.615384615384613,"total":26.0},"Police / Customs":{"raw":3.0,"perc":11.538461538461538,"total":26.0},"Dreams":{"raw":7.0,"perc":26.923076923076923,"total":26.0},"Meditation":{"raw":3.0,"perc":11.538461538461538,"total":26.0},"Conferences":{"raw":1.0,"perc":3.8461538461538463,"total":26.0},"Yoga / Bodywork":{"raw":1.0,"perc":3.8461538461538463,"total":26.0},"Sweating":{"raw":1.0,"perc":3.8461538461538463,"total":26.0},"Migraines":{"raw":1.0,"perc":3.8461538461538463,"total":26.0}},"Psychotria viridis":{"Ritual":{"raw":8.0,"perc":88.888888888888886,"total":9.0},"Police / Customs":{"raw":1.0,"perc":11.111111111111111,"total":9.0}},"Syrian Rue":{"Ritual":{"raw":2.0,"perc":28.571428571428569,"total":7.0},"Meditation":{"raw":2.0,"perc":28.571428571428569,"total":7.0},"Yoga / Bodywork":{"raw":1.0,"perc":14.285714285714285,"total":7.0},"Police / Customs":{"raw":1.0,"perc":14.285714285714285,"total":7.0},"Migraines":{"raw":1.0,"perc":14.285714285714285,"total":7.0}},"Kava":{"Dreams":{"raw":4.0,"perc":50.0,"total":8.0},"OBE":{"raw":1.0,"perc":12.5,"total":8.0},"Meditation":{"raw":1.0,"perc":12.5,"total":8.0},"Devices":{"raw":1.0,"perc":12.5,"total":8.0},"Devices - Mind Machine":{"raw":1.0,"perc":12.5,"total":8.0}},"Ayahuasca":{"Yoga / Bodywork":{"raw":2.0,"perc":15.384615384615385,"total":13.0},"Dreams":{"raw":1.0,"perc":7.6923076923076925,"total":13.0},"Meditation":{"raw":2.0,"perc":15.384615384615385,"total":13.0},"Ritual":{"raw":8.0,"perc":61.53846153846154,"total":13.0}},"Diphenhydramine":{"Dreams":{"raw":4.0,"perc":57.142857142857139,"total":7.0},"Police / Customs":{"raw":2.0,"perc":28.571428571428569,"total":7.0},"Drug Testing":{"raw":1.0,"perc":14.285714285714285,"total":7.0}},"St. John's Wort":{"Dreams":{"raw":1.0,"perc":100.0,"total":1.0}},"Valerian":{"Dreams":{"raw":19.0,"perc":90.476190476190482,"total":21.0},"OBE":{"raw":1.0,"perc":4.7619047619047619,"total":21.0},"Meditation":{"raw":1.0,"perc":4.7619047619047619,"total":21.0}},"Vitamin B-6":{"Dreams":{"raw":13.0,"perc":92.857142857142861,"total":14.0},"OBE":{"raw":1.0,"perc":7.1428571428571423,"total":14.0}},"Caffeine":{"Sleep Deprivation":{"raw":2.0,"perc":20.0,"total":10.0},"Devices":{"raw":1.0,"perc":10.0,"total":10.0},"Devices - Mind Machine":{"raw":1.0,"perc":10.0,"total":10.0},"Meditation":{"raw":2.0,"perc":20.0,"total":10.0},"Dreams":{"raw":1.0,"perc":10.0,"total":10.0},"Migraines":{"raw":1.0,"perc":10.0,"total":10.0},"Fasting":{"raw":1.0,"perc":10.0,"total":10.0},"Music":{"raw":1.0,"perc":10.0,"total":10.0}},"Ephedrine":{"Sleep Deprivation":{"raw":2.0,"perc":100.0,"total":2.0}},"Ginseng":{"Sleep Deprivation":{"raw":1.0,"perc":100.0,"total":1.0}},"Nitrous Oxide":{"OBE":{"raw":5.0,"perc":27.777777777777779,"total":18.0},"Meditation":{"raw":4.0,"perc":22.222222222222221,"total":18.0},"Police / Customs":{"raw":1.0,"perc":5.5555555555555554,"total":18.0},"Devices":{"raw":3.0,"perc":16.666666666666664,"total":18.0},"Devices - Mind Machine":{"raw":3.0,"perc":16.666666666666664,"total":18.0},"Breathing":{"raw":1.0,"perc":5.5555555555555554,"total":18.0},"Hyperventilation":{"raw":1.0,"perc":5.5555555555555554,"total":18.0}},"Nicotine":{"Dreams":{"raw":2.0,"perc":66.666666666666657,"total":3.0},"Sleep Deprivation":{"raw":1.0,"perc":33.333333333333329,"total":3.0}},"Tobacco":{"Dreams":{"raw":3.0,"perc":50.0,"total":6.0},"Sleep Deprivation":{"raw":2.0,"perc":33.333333333333329,"total":6.0},"Fasting":{"raw":1.0,"perc":16.666666666666664,"total":6.0}},"Pharms - Cyclobenzaprine":{"Sleep Deprivation":{"raw":1.0,"perc":100.0,"total":1.0}},"Pseudoephedrine":{"Drug Testing":{"raw":1.0,"perc":100.0,"total":1.0}},"Piracetam":{"Dreams":{"raw":1.0,"perc":100.0,"total":1.0}},"Cocaine":{"Drug Testing":{"raw":6.0,"perc":85.714285714285708,"total":7.0},"Police / Customs":{"raw":1.0,"perc":14.285714285714285,"total":7.0}},"GBL":{"Breathing":{"raw":1.0,"perc":100.0,"total":1.0}},"Lactuca spp.":{"Dreams":{"raw":2.0,"perc":66.666666666666657,"total":3.0},"Police / Customs":{"raw":1.0,"perc":33.333333333333329,"total":3.0}},"Alcohol":{"Police / Customs":{"raw":9.0,"perc":56.25,"total":16.0},"Meditation":{"raw":1.0,"perc":6.25,"total":16.0},"Dreams":{"raw":3.0,"perc":18.75,"total":16.0},"Drug Testing":{"raw":1.0,"perc":6.25,"total":16.0},"Fasting":{"raw":1.0,"perc":6.25,"total":16.0},"Migraines":{"raw":1.0,"perc":6.25,"total":16.0}},"AMT":{"Sleep Deprivation":{"raw":2.0,"perc":33.333333333333329,"total":6.0},"Meditation":{"raw":1.0,"perc":16.666666666666664,"total":6.0},"Police / Customs":{"raw":2.0,"perc":33.333333333333329,"total":6.0},"Dreams":{"raw":1.0,"perc":16.666666666666664,"total":6.0}},"4-AcO-DET":{"Meditation":{"raw":1.0,"perc":50.0,"total":2.0},"Migraines":{"raw":1.0,"perc":50.0,"total":2.0}},"Ketamine":{"Police / Customs":{"raw":1.0,"perc":16.666666666666664,"total":6.0},"OBE":{"raw":2.0,"perc":33.333333333333329,"total":6.0},"Conferences":{"raw":1.0,"perc":16.666666666666664,"total":6.0},"Mindfulness":{"raw":1.0,"perc":16.666666666666664,"total":6.0},"Meditation":{"raw":1.0,"perc":16.666666666666664,"total":6.0}},"NMDA Antagonists":{"Police / Customs":{"raw":1.0,"perc":16.666666666666664,"total":6.0},"OBE":{"raw":2.0,"perc":33.333333333333329,"total":6.0},"Conferences":{"raw":1.0,"perc":16.666666666666664,"total":6.0},"Mindfulness":{"raw":1.0,"perc":16.666666666666664,"total":6.0},"Meditation":{"raw":1.0,"perc":16.666666666666664,"total":6.0}},"Opiates":{"Police / Customs":{"raw":5.0,"perc":38.461538461538467,"total":13.0},"Meditation":{"raw":2.0,"perc":15.384615384615385,"total":13.0},"Drug Testing":{"raw":2.0,"perc":15.384615384615385,"total":13.0},"Dreams":{"raw":2.0,"perc":15.384615384615385,"total":13.0},"OBE":{"raw":1.0,"perc":7.6923076923076925,"total":13.0},"Endogenous":{"raw":1.0,"perc":7.6923076923076925,"total":13.0}},"Opium":{"Police / Customs":{"raw":1.0,"perc":50.0,"total":2.0},"Meditation":{"raw":1.0,"perc":50.0,"total":2.0}},"Thujone":{"Meditation":{"raw":1.0,"perc":100.0,"total":1.0}},"Unknown":{"Floatation Tank":{"raw":1.0,"perc":33.333333333333329,"total":3.0},"Meditation":{"raw":1.0,"perc":33.333333333333329,"total":3.0},"Humor":{"raw":1.0,"perc":33.333333333333329,"total":3.0}},"5-MeO-DiPT":{"Migraines":{"raw":1.0,"perc":14.285714285714285,"total":7.0},"Dreams":{"raw":2.0,"perc":28.571428571428569,"total":7.0},"Police / Customs":{"raw":1.0,"perc":14.285714285714285,"total":7.0},"OBE":{"raw":1.0,"perc":14.285714285714285,"total":7.0},"Drug Testing":{"raw":1.0,"perc":14.285714285714285,"total":7.0},"Yoga / Bodywork":{"raw":1.0,"perc":14.285714285714285,"total":7.0}},"Cacti":{"Meditation":{"raw":2.0,"perc":40.0,"total":5.0},"Ritual":{"raw":1.0,"perc":20.0,"total":5.0},"Yoga / Bodywork":{"raw":1.0,"perc":20.0,"total":5.0},"Fasting":{"raw":1.0,"perc":20.0,"total":5.0}},"Dimenhydrinate":{"Police / Customs":{"raw":3.0,"perc":100.0,"total":3.0}},"Heroin":{"Police / Customs":{"raw":4.0,"perc":100.0,"total":4.0}},"Capsicum spp.":{"Meditation":{"raw":1.0,"perc":100.0,"total":1.0}},"Hops":{"Meditation":{"raw":1.0,"perc":33.333333333333329,"total":3.0},"Dreams":{"raw":2.0,"perc":66.666666666666657,"total":3.0}},"Lecithin":{"Meditation":{"raw":1.0,"perc":100.0,"total":1.0}},"Opioids":{"Meditation":{"raw":2.0,"perc":10.526315789473683,"total":19.0},"Drug Testing":{"raw":8.0,"perc":42.105263157894733,"total":19.0},"Devices":{"raw":1.0,"perc":5.2631578947368416,"total":19.0},"Devices - Mind Machine":{"raw":1.0,"perc":5.2631578947368416,"total":19.0},"Dreams":{"raw":4.0,"perc":21.052631578947366,"total":19.0},"Police / Customs":{"raw":1.0,"perc":5.2631578947368416,"total":19.0},"Endogenous":{"raw":1.0,"perc":5.2631578947368416,"total":19.0},"Humor":{"raw":1.0,"perc":5.2631578947368416,"total":19.0}},"Pharms - Oxycodone":{"Meditation":{"raw":2.0,"perc":20.0,"total":10.0},"Drug Testing":{"raw":6.0,"perc":60.0,"total":10.0},"Police / Customs":{"raw":1.0,"perc":10.0,"total":10.0},"Endogenous":{"raw":1.0,"perc":10.0,"total":10.0}},"Skullcap":{"Meditation":{"raw":1.0,"perc":50.0,"total":2.0},"Dreams":{"raw":1.0,"perc":50.0,"total":2.0}},"Inhalants":{"Police / Customs":{"raw":1.0,"perc":50.0,"total":2.0},"OBE":{"raw":1.0,"perc":50.0,"total":2.0}},"5-MeO-DMT":{"Ritual":{"raw":1.0,"perc":12.5,"total":8.0},"Meditation":{"raw":2.0,"perc":25.0,"total":8.0},"Dreams":{"raw":2.0,"perc":25.0,"total":8.0},"Police / Customs":{"raw":3.0,"perc":37.5,"total":8.0}},"2C-T-7":{"Migraines":{"raw":1.0,"perc":50.0,"total":2.0},"Police / Customs":{"raw":1.0,"perc":50.0,"total":2.0}},"Banisteriopsis caapi":{"Police / Customs":{"raw":2.0,"perc":18.181818181818183,"total":11.0},"Dreams":{"raw":2.0,"perc":18.181818181818183,"total":11.0},"Ritual":{"raw":7.0,"perc":63.636363636363633,"total":11.0}},"Mimosa spp.":{"Dreams":{"raw":1.0,"perc":50.0,"total":2.0},"Yoga / Bodywork":{"raw":1.0,"perc":50.0,"total":2.0}},"Ginkgo biloba":{"Migraines":{"raw":1.0,"perc":100.0,"total":1.0}},"Anadenanthera spp.":{"OBE":{"raw":1.0,"perc":50.0,"total":2.0},"Ritual":{"raw":1.0,"perc":50.0,"total":2.0}},"Mugwort":{"Dreams":{"raw":10.0,"perc":90.9090909090909,"total":11.0},"Meditation":{"raw":1.0,"perc":9.0909090909090917,"total":11.0}},"H.B. Woodrose":{"Ritual":{"raw":1.0,"perc":20.0,"total":5.0},"Devices":{"raw":1.0,"perc":20.0,"total":5.0},"Devices - Mind Machine":{"raw":1.0,"perc":20.0,"total":5.0},"Sleep Deprivation":{"raw":1.0,"perc":20.0,"total":5.0},"Migraines":{"raw":1.0,"perc":20.0,"total":5.0}},"Modafinil":{"Sleep Deprivation":{"raw":4.0,"perc":80.0,"total":5.0},"OBE":{"raw":1.0,"perc":20.0,"total":5.0}},"2C-I":{"Drug Testing":{"raw":1.0,"perc":12.5,"total":8.0},"Dreams":{"raw":1.0,"perc":12.5,"total":8.0},"Devices":{"raw":1.0,"perc":12.5,"total":8.0},"Devices - Mind Machine":{"raw":1.0,"perc":12.5,"total":8.0},"Sleep Deprivation":{"raw":1.0,"perc":12.5,"total":8.0},"OBE":{"raw":2.0,"perc":25.0,"total":8.0},"Meditation":{"raw":1.0,"perc":12.5,"total":8.0}},"Chlorpheniramine Maleate":{"Drug Testing":{"raw":1.0,"perc":50.0,"total":2.0},"Police / Customs":{"raw":1.0,"perc":50.0,"total":2.0}},"Methadone":{"Drug Testing":{"raw":1.0,"perc":100.0,"total":1.0}},"Hydrocodone":{"Devices":{"raw":1.0,"perc":16.666666666666664,"total":6.0},"Devices - Mind Machine":{"raw":1.0,"perc":16.666666666666664,"total":6.0},"Dreams":{"raw":2.0,"perc":33.333333333333329,"total":6.0},"Drug Testing":{"raw":1.0,"perc":16.666666666666664,"total":6.0},"Humor":{"raw":1.0,"perc":16.666666666666664,"total":6.0}},"Pharms - Quetiapine":{"Devices":{"raw":1.0,"perc":50.0,"total":2.0},"Devices - Mind Machine":{"raw":1.0,"perc":50.0,"total":2.0}},"Amphetamines":{"Sleep Deprivation":{"raw":12.0,"perc":75.0,"total":16.0},"Breathing":{"raw":1.0,"perc":6.25,"total":16.0},"Hyperventilation":{"raw":1.0,"perc":6.25,"total":16.0},"Drug Testing":{"raw":1.0,"perc":6.25,"total":16.0},"Meditation":{"raw":1.0,"perc":6.25,"total":16.0}},"Hydromorphone":{"Dreams":{"raw":2.0,"perc":50.0,"total":4.0},"Drug Testing":{"raw":2.0,"perc":50.0,"total":4.0}},"Heimia salicifolia":{"Dreams":{"raw":4.0,"perc":100.0,"total":4.0}},"Poppies - Opium":{"Dreams":{"raw":1.0,"perc":100.0,"total":1.0}},"Pharms - Paroxetine":{"Dreams":{"raw":3.0,"perc":100.0,"total":3.0}},"Pharms - Corticosteroid":{"Sleep Deprivation":{"raw":1.0,"perc":100.0,"total":1.0}},"Pharms - Prednisone":{"Sleep Deprivation":{"raw":1.0,"perc":100.0,"total":1.0}},"Pharms - Tramadol":{"Dreams":{"raw":1.0,"perc":100.0,"total":1.0}},"Mandrake":{"Dreams":{"raw":1.0,"perc":100.0,"total":1.0}},"GHB":{"Devices":{"raw":1.0,"perc":33.333333333333329,"total":3.0},"Devices - Mind Machine":{"raw":1.0,"perc":33.333333333333329,"total":3.0},"Sleep Deprivation":{"raw":1.0,"perc":33.333333333333329,"total":3.0}},"Amanitas":{"Ritual":{"raw":1.0,"perc":16.666666666666664,"total":6.0},"Meditation":{"raw":2.0,"perc":33.333333333333329,"total":6.0},"Sleep Deprivation":{"raw":1.0,"perc":16.666666666666664,"total":6.0},"Dreams":{"raw":1.0,"perc":16.666666666666664,"total":6.0},"Sweating":{"raw":1.0,"perc":16.666666666666664,"total":6.0}},"DMT":{"Dreams":{"raw":2.0,"perc":33.333333333333329,"total":6.0},"Breathing":{"raw":2.0,"perc":33.333333333333329,"total":6.0},"Hyperventilation":{"raw":1.0,"perc":16.666666666666664,"total":6.0},"Meditation":{"raw":1.0,"perc":16.666666666666664,"total":6.0}},"4-AcO-MiPT":{"Breathing":{"raw":1.0,"perc":100.0,"total":1.0}},"Pharms - Zaleplon":{"Dreams":{"raw":1.0,"perc":100.0,"total":1.0}},"Pharms - Butorphanol":{"Dreams":{"raw":1.0,"perc":100.0,"total":1.0}},"Catnip":{"Dreams":{"raw":2.0,"perc":66.666666666666657,"total":3.0},"Sleep Deprivation":{"raw":1.0,"perc":33.333333333333329,"total":3.0}},"Pharms - Promethazine":{"Dreams":{"raw":1.0,"perc":100.0,"total":1.0}},"Kratom":{"Meditation":{"raw":2.0,"perc":100.0,"total":2.0}},"Lotus/Lily":{"OBE":{"raw":1.0,"perc":100.0,"total":1.0}},"Pharms - Lorazepam":{"Sleep Deprivation":{"raw":1.0,"perc":100.0,"total":1.0}},"Absinthe":{"Devices":{"raw":1.0,"perc":50.0,"total":2.0},"Devices - Mind Machine":{"raw":1.0,"perc":50.0,"total":2.0}},"DMAE":{"Dreams":{"raw":2.0,"perc":66.666666666666657,"total":3.0},"Sleep Deprivation":{"raw":1.0,"perc":33.333333333333329,"total":3.0}},"Codeine":{"OBE":{"raw":1.0,"perc":50.0,"total":2.0},"Dreams":{"raw":1.0,"perc":50.0,"total":2.0}},"Lobelia spp.":{"Meditation":{"raw":1.0,"perc":100.0,"total":1.0}},"Vinpocetine":{"Sleep Deprivation":{"raw":1.0,"perc":100.0,"total":1.0}},"Mescaline":{"OBE":{"raw":1.0,"perc":33.333333333333329,"total":3.0},"Meditation":{"raw":1.0,"perc":33.333333333333329,"total":3.0},"Police / Customs":{"raw":1.0,"perc":33.333333333333329,"total":3.0}},"Pharms - Zolpidem":{"Police / Customs":{"raw":2.0,"perc":66.666666666666657,"total":3.0},"Drug Testing":{"raw":1.0,"perc":33.333333333333329,"total":3.0}},"Pharms - Escitalopram":{"OBE":{"raw":1.0,"perc":50.0,"total":2.0},"Dreams":{"raw":1.0,"perc":50.0,"total":2.0}},"Pharms - Mefloquine":{"Dreams":{"raw":1.0,"perc":100.0,"total":1.0}},"Pharms - Venlafaxine":{"Dreams":{"raw":2.0,"perc":50.0,"total":4.0},"Meditation":{"raw":1.0,"perc":25.0,"total":4.0},"Drug Testing":{"raw":1.0,"perc":25.0,"total":4.0}},"Coleus":{"Dreams":{"raw":5.0,"perc":100.0,"total":5.0}},"Yerba Mate":{"Meditation":{"raw":1.0,"perc":50.0,"total":2.0},"Yoga / Bodywork":{"raw":1.0,"perc":50.0,"total":2.0}},"Pharms - Lithium":{"Police / Customs":{"raw":1.0,"perc":100.0,"total":1.0}},"2C-E":{"Floatation Tank":{"raw":1.0,"perc":16.666666666666664,"total":6.0},"Meditation":{"raw":1.0,"perc":16.666666666666664,"total":6.0},"Drug Testing":{"raw":1.0,"perc":16.666666666666664,"total":6.0},"Police / Customs":{"raw":2.0,"perc":33.333333333333329,"total":6.0},"Yoga / Bodywork":{"raw":1.0,"perc":16.666666666666664,"total":6.0}},"Pharms - Atomoxetine":{"Dreams":{"raw":1.0,"perc":100.0,"total":1.0}},"Benzodiazepines":{"Police / Customs":{"raw":2.0,"perc":33.333333333333329,"total":6.0},"Sleep Deprivation":{"raw":1.0,"perc":16.666666666666664,"total":6.0},"Drug Testing":{"raw":1.0,"perc":16.666666666666664,"total":6.0},"Dreams":{"raw":1.0,"perc":16.666666666666664,"total":6.0},"Endogenous":{"raw":1.0,"perc":16.666666666666664,"total":6.0}},"Pharms - Alprazolam":{"Police / Customs":{"raw":2.0,"perc":66.666666666666657,"total":3.0},"Dreams":{"raw":1.0,"perc":33.333333333333329,"total":3.0}},"Pharms - Diazepam":{"Police / Customs":{"raw":1.0,"perc":25.0,"total":4.0},"Sleep Deprivation":{"raw":1.0,"perc":25.0,"total":4.0},"Drug Testing":{"raw":1.0,"perc":25.0,"total":4.0},"Endogenous":{"raw":1.0,"perc":25.0,"total":4.0}},"Calamus":{"Dreams":{"raw":1.0,"perc":100.0,"total":1.0}},"Brugmansia":{"Police / Customs":{"raw":6.0,"perc":85.714285714285708,"total":7.0},"Dreams":{"raw":1.0,"perc":14.285714285714285,"total":7.0}},"Pharms - Mirtazapine":{"Dreams":{"raw":4.0,"perc":100.0,"total":4.0}},"Voacanga africana":{"Dreams":{"raw":1.0,"perc":100.0,"total":1.0}},"Peyote":{"Ritual":{"raw":1.0,"perc":50.0,"total":2.0},"Sweating":{"raw":1.0,"perc":50.0,"total":2.0}},"Stipa robusta":{"OBE":{"raw":1.0,"perc":100.0,"total":1.0}},"Passion Flower":{"Dreams":{"raw":5.0,"perc":62.5,"total":8.0},"Conferences":{"raw":1.0,"perc":12.5,"total":8.0},"Meditation":{"raw":1.0,"perc":12.5,"total":8.0},"Sweating":{"raw":1.0,"perc":12.5,"total":8.0}},"Chamomile":{"Conferences":{"raw":1.0,"perc":100.0,"total":1.0}},"Pharms - Phenytoin":{"Dreams":{"raw":1.0,"perc":50.0,"total":2.0},"Endogenous":{"raw":1.0,"perc":50.0,"total":2.0}},"Pharms - Zopiclone":{"Dreams":{"raw":2.0,"perc":100.0,"total":2.0}},"Sceletium tortuosum":{"Dreams":{"raw":1.0,"perc":100.0,"total":1.0}},"2C-T-2":{"Meditation":{"raw":1.0,"perc":50.0,"total":2.0},"OBE":{"raw":1.0,"perc":50.0,"total":2.0}},"Wormwood":{"Dreams":{"raw":2.0,"perc":100.0,"total":2.0}},"Damiana":{"Meditation":{"raw":1.0,"perc":100.0,"total":1.0}},"Leonotis leonurus":{"Meditation":{"raw":1.0,"perc":50.0,"total":2.0},"Dreams":{"raw":1.0,"perc":50.0,"total":2.0}},"Pharms - Fluoxetine":{"Dreams":{"raw":1.0,"perc":100.0,"total":1.0}},"Vitamins - Niacin":{"Drug Testing":{"raw":1.0,"perc":100.0,"total":1.0}},"Scopolamine":{"Police / Customs":{"raw":1.0,"perc":100.0,"total":1.0}},"DOC":{"Meditation":{"raw":1.0,"perc":50.0,"total":2.0},"Police / Customs":{"raw":1.0,"perc":50.0,"total":2.0}},"LSA":{"Ritual":{"raw":1.0,"perc":25.0,"total":4.0},"Yoga / Bodywork":{"raw":2.0,"perc":50.0,"total":4.0},"Sleep Deprivation":{"raw":1.0,"perc":25.0,"total":4.0}},"Pharms - Propylhexedrine":{"Sleep Deprivation":{"raw":1.0,"perc":100.0,"total":1.0}},"Moclobemide":{"Yoga / Bodywork":{"raw":1.0,"perc":100.0,"total":1.0}},"Carbogen":{"Breathing":{"raw":5.0,"perc":83.333333333333343,"total":6.0},"Hyperventilation":{"raw":1.0,"perc":16.666666666666664,"total":6.0}},"DOM":{"Dreams":{"raw":1.0,"perc":50.0,"total":2.0},"Fasting":{"raw":1.0,"perc":50.0,"total":2.0}},"4-AcO-DiPT":{"OBE":{"raw":1.0,"perc":100.0,"total":1.0}},"4-HO-DiPT":{"Dreams":{"raw":1.0,"perc":100.0,"total":1.0}},"4-HO-DET":{"Meditation":{"raw":1.0,"perc":100.0,"total":1.0}},"Pharms - Clonidine":{"Meditation":{"raw":1.0,"perc":100.0,"total":1.0}},"Pharms - Fentanyl":{"Migraines":{"raw":1.0,"perc":100.0,"total":1.0}},"Piperazines - pFPP":{"Meditation":{"raw":1.0,"perc":100.0,"total":1.0}},"DET":{"OBE":{"raw":1.0,"perc":100.0,"total":1.0}},"Pharms - Buprenorphine":{"Dreams":{"raw":1.0,"perc":100.0,"total":1.0}},"DOB":{"Sleep Deprivation":{"raw":1.0,"perc":100.0,"total":1.0}},"Acetaminophen":{"Music":{"raw":1.0,"perc":100.0,"total":1.0}},"Acacia":{"Breathing":{"raw":1.0,"perc":50.0,"total":2.0},"Hyperventilation":{"raw":1.0,"perc":50.0,"total":2.0}},"Naltrexone":{"Dreams":{"raw":1.0,"perc":100.0,"total":1.0}},"Pharms - Buspirone":{"Drug Testing":{"raw":1.0,"perc":100.0,"total":1.0}},"Pharms - Clonazepam":{"Police / Customs":{"raw":1.0,"perc":50.0,"total":2.0},"Endogenous":{"raw":1.0,"perc":50.0,"total":2.0}},"DOI":{"Meditation":{"raw":1.0,"perc":100.0,"total":1.0}},"Cheese - Blue":{"Dreams":{"raw":1.0,"perc":50.0,"total":2.0},"Humor":{"raw":1.0,"perc":50.0,"total":2.0}},"Silene capensis":{"Dreams":{"raw":10.0,"perc":100.0,"total":10.0}},"MDA":{"Migraines":{"raw":1.0,"perc":100.0,"total":1.0}},"Pharms - Aripiprazole":{"Endogenous":{"raw":1.0,"perc":100.0,"total":1.0}},"Methylone":{"OBE":{"raw":1.0,"perc":33.333333333333329,"total":3.0},"Sleep Deprivation":{"raw":1.0,"perc":33.333333333333329,"total":3.0},"Breathing":{"raw":1.0,"perc":33.333333333333329,"total":3.0}},"4-AcO-DMT":{"Police / Customs":{"raw":1.0,"perc":50.0,"total":2.0},"Mindfulness":{"raw":1.0,"perc":50.0,"total":2.0}},"Lisdexamfetamine":{"Sleep Deprivation":{"raw":1.0,"perc":100.0,"total":1.0}},"Turbina corymbosa":{"Migraines":{"raw":1.0,"perc":100.0,"total":1.0}},"MDPV":{"Drug Testing":{"raw":1.0,"perc":50.0,"total":2.0},"Sleep Deprivation":{"raw":1.0,"perc":50.0,"total":2.0}},"Cannabinoid Receptor Agonists":{"Police / Customs":{"raw":1.0,"perc":50.0,"total":2.0},"Conferences":{"raw":1.0,"perc":50.0,"total":2.0}},"JWH-018":{"Police / Customs":{"raw":1.0,"perc":100.0,"total":1.0}},"4-Methylmethcathinone":{"Sleep Deprivation":{"raw":1.0,"perc":100.0,"total":1.0}},"Pharms - Methylphenidate":{"Sleep Deprivation":{"raw":1.0,"perc":100.0,"total":1.0}},"2C-D":{"Police / Customs":{"raw":1.0,"perc":100.0,"total":1.0}},"AB-FUBINACA":{"Drug Testing":{"raw":1.0,"perc":100.0,"total":1.0}},"Products - Spice and Synthetic Cannabinoids":{"Drug Testing":{"raw":1.0,"perc":100.0,"total":1.0}},"4-MeO-PCP":{"Sound (non-music)":{"raw":1.0,"perc":100.0,"total":1.0}},"MDAI":{"Chanting":{"raw":1.0,"perc":100.0,"total":1.0}},"25I-NBOMe":{"OBE":{"raw":1.0,"perc":100.0,"total":1.0}},"NBOMe Series":{"OBE":{"raw":1.0,"perc":100.0,"total":1.0}},"Ibogaine":{"Dreams":{"raw":1.0,"perc":100.0,"total":1.0}},"Tabernanthe iboga":{"Dreams":{"raw":1.0,"perc":50.0,"total":2.0},"Meditation":{"raw":1.0,"perc":50.0,"total":2.0}},"Methoxphenidine":{"OBE":{"raw":1.0,"perc":100.0,"total":1.0}},"Coca":{"Police / Customs":{"raw":1.0,"perc":100.0,"total":1.0}},"Oxygen":{"Breathing":{"raw":1.0,"perc":50.0,"total":2.0},"Hyperventilation":{"raw":1.0,"perc":50.0,"total":2.0}},"3F-Phenmetrazine":{"Sleep Deprivation":{"raw":1.0,"perc":100.0,"total":1.0}},"Prazosin":{"Dreams":{"raw":1.0,"perc":100.0,"total":1.0}}},"Female":{"MDMA":{"Migraines":{"raw":3.0,"perc":20.0,"total":15.0},"Police / Customs":{"raw":3.0,"perc":20.0,"total":15.0},"Yoga / Bodywork":{"raw":3.0,"perc":20.0,"total":15.0},"Dreams":{"raw":1.0,"perc":6.666666666666667,"total":15.0},"Devices":{"raw":2.0,"perc":13.333333333333334,"total":15.0},"Devices - Mind Machine":{"raw":1.0,"perc":6.666666666666667,"total":15.0},"Sleep Deprivation":{"raw":1.0,"perc":6.666666666666667,"total":15.0},"Meditation":{"raw":1.0,"perc":6.666666666666667,"total":15.0}},"Stimulants":{"Migraines":{"raw":3.0,"perc":18.75,"total":16.0},"Police / Customs":{"raw":3.0,"perc":18.75,"total":16.0},"Yoga / Bodywork":{"raw":3.0,"perc":18.75,"total":16.0},"Dreams":{"raw":1.0,"perc":6.25,"total":16.0},"Devices":{"raw":2.0,"perc":12.5,"total":16.0},"Devices - Mind Machine":{"raw":1.0,"perc":6.25,"total":16.0},"Sleep Deprivation":{"raw":1.0,"perc":6.25,"total":16.0},"Meditation":{"raw":1.0,"perc":6.25,"total":16.0},"OBE":{"raw":1.0,"perc":6.25,"total":16.0}},"Ayahuasca":{"Yoga / Bodywork":{"raw":1.0,"perc":50.0,"total":2.0},"Ritual":{"raw":1.0,"perc":50.0,"total":2.0}},"Opiates":{"Drug Testing":{"raw":4.0,"perc":80.0,"total":5.0},"Conferences":{"raw":1.0,"perc":20.0,"total":5.0}},"Caffeine":{"Meditation":{"raw":1.0,"perc":25.0,"total":4.0},"Fasting":{"raw":1.0,"perc":25.0,"total":4.0},"Sleep Deprivation":{"raw":2.0,"perc":50.0,"total":4.0}},"Ephedrine":{"Meditation":{"raw":1.0,"perc":100.0,"total":1.0}},"Hydrocodone":{"Dreams":{"raw":1.0,"perc":100.0,"total":1.0}},"Opioids":{"Dreams":{"raw":1.0,"perc":100.0,"total":1.0}},"Methamphetamine":{"Police / Customs":{"raw":2.0,"perc":100.0,"total":2.0}},"DXM":{"Drug Testing":{"raw":7.0,"perc":87.5,"total":8.0},"Endogenous":{"raw":1.0,"perc":12.5,"total":8.0}},"Mushrooms":{"Police / Customs":{"raw":3.0,"perc":30.0,"total":10.0},"Yoga / Bodywork":{"raw":2.0,"perc":20.0,"total":10.0},"Migraines":{"raw":3.0,"perc":30.0,"total":10.0},"Ritual":{"raw":1.0,"perc":10.0,"total":10.0},"Mindfulness":{"raw":1.0,"perc":10.0,"total":10.0}},"Adrafinil":{"Drug Testing":{"raw":1.0,"perc":100.0,"total":1.0}},"Morphine":{"Drug Testing":{"raw":1.0,"perc":100.0,"total":1.0}},"Cannabis":{"Drug Testing":{"raw":6.0,"perc":75.0,"total":8.0},"OBE":{"raw":2.0,"perc":25.0,"total":8.0}},"Various":{"Police / Customs":{"raw":5.0,"perc":31.25,"total":16.0},"Fasting":{"raw":2.0,"perc":12.5,"total":16.0},"Sleep Deprivation":{"raw":3.0,"perc":18.75,"total":16.0},"Dreams":{"raw":1.0,"perc":6.25,"total":16.0},"Drug Testing":{"raw":1.0,"perc":6.25,"total":16.0},"Ritual":{"raw":1.0,"perc":6.25,"total":16.0},"Meditation":{"raw":1.0,"perc":6.25,"total":16.0},"Mindfulness":{"raw":2.0,"perc":12.5,"total":16.0}},"AMT":{"Police / Customs":{"raw":2.0,"perc":100.0,"total":2.0}},"Benzodiazepines":{"Police / Customs":{"raw":1.0,"perc":50.0,"total":2.0},"Drug Testing":{"raw":1.0,"perc":50.0,"total":2.0}},"Pharmaceuticals":{"Police / Customs":{"raw":1.0,"perc":100.0,"total":1.0}},"Pharms - Alprazolam":{"Police / Customs":{"raw":1.0,"perc":100.0,"total":1.0}},"Melatonin":{"Dreams":{"raw":4.0,"perc":100.0,"total":4.0}},"Cocaine":{"Police / Customs":{"raw":1.0,"perc":100.0,"total":1.0}},"LSD":{"Yoga / Bodywork":{"raw":3.0,"perc":37.5,"total":8.0},"Guiding":{"raw":1.0,"perc":12.5,"total":8.0},"Devices":{"raw":2.0,"perc":25.0,"total":8.0},"Devices - Mind Machine":{"raw":1.0,"perc":12.5,"total":8.0},"Police / Customs":{"raw":1.0,"perc":12.5,"total":8.0}},"Salvia divinorum":{"Dreams":{"raw":2.0,"perc":50.0,"total":4.0},"Meditation":{"raw":2.0,"perc":50.0,"total":4.0}},"Pharms - Amitriptyline":{"Dreams":{"raw":1.0,"perc":50.0,"total":2.0},"OBE":{"raw":1.0,"perc":50.0,"total":2.0}},"Codeine":{"Conferences":{"raw":1.0,"perc":100.0,"total":1.0}},"Damiana":{"Dreams":{"raw":1.0,"perc":50.0,"total":2.0},"Meditation":{"raw":1.0,"perc":50.0,"total":2.0}},"Pharms - Venlafaxine":{"Dreams":{"raw":1.0,"perc":100.0,"total":1.0}},"Valerian":{"Dreams":{"raw":1.0,"perc":100.0,"total":1.0}},"Vitamin B-6":{"Dreams":{"raw":1.0,"perc":100.0,"total":1.0}},"Morning Glory":{"Ritual":{"raw":1.0,"perc":50.0,"total":2.0},"Meditation":{"raw":1.0,"perc":50.0,"total":2.0}},"2C-I":{"Dreams":{"raw":1.0,"perc":50.0,"total":2.0},"Meditation":{"raw":1.0,"perc":50.0,"total":2.0}},"Mugwort":{"Meditation":{"raw":1.0,"perc":33.333333333333329,"total":3.0},"Dreams":{"raw":2.0,"perc":66.666666666666657,"total":3.0}},"Tryptophan":{"Dreams":{"raw":1.0,"perc":100.0,"total":1.0}},"Lotus/Lily":{"Meditation":{"raw":1.0,"perc":100.0,"total":1.0}},"5-MeO-DMT":{"Breathing":{"raw":1.0,"perc":100.0,"total":1.0}},"Cacti":{"Meditation":{"raw":1.0,"perc":33.333333333333329,"total":3.0},"Ritual":{"raw":1.0,"perc":33.333333333333329,"total":3.0},"Yoga / Bodywork":{"raw":1.0,"perc":33.333333333333329,"total":3.0}},"Ginkgo biloba":{"Dreams":{"raw":1.0,"perc":100.0,"total":1.0}},"Pharms - Zolpidem":{"Police / Customs":{"raw":1.0,"perc":50.0,"total":2.0},"Drug Testing":{"raw":1.0,"perc":50.0,"total":2.0}},"Diphenhydramine":{"Police / Customs":{"raw":1.0,"perc":50.0,"total":2.0},"Drug Testing":{"raw":1.0,"perc":50.0,"total":2.0}},"Carbogen":{"Breathing":{"raw":1.0,"perc":100.0,"total":1.0}},"Amphetamines":{"OBE":{"raw":1.0,"perc":100.0,"total":1.0}},"Yohimbe":{"Yoga / Bodywork":{"raw":1.0,"perc":100.0,"total":1.0}},"Pharms - Olanzapine":{"Migraines":{"raw":1.0,"perc":100.0,"total":1.0}},"Silene capensis":{"Dreams":{"raw":2.0,"perc":100.0,"total":2.0}},"4-Methylmethcathinone":{"Sleep Deprivation":{"raw":2.0,"perc":100.0,"total":2.0}},"Poppies - Opium":{"Drug Testing":{"raw":1.0,"perc":100.0,"total":1.0}},"Vitamins - Choline":{"Dreams":{"raw":1.0,"perc":100.0,"total":1.0}},"DMT":{"Mindfulness":{"raw":1.0,"perc":100.0,"total":1.0}},"Banisteriopsis caapi":{"Mindfulness":{"raw":1.0,"perc":100.0,"total":1.0}},"Harmala Alkaloids":{"Mindfulness":{"raw":1.0,"perc":100.0,"total":1.0}},"Kratom":{"Dreams":{"raw":1.0,"perc":100.0,"total":1.0}},"25C-NBOMe":{"Police / Customs":{"raw":1.0,"perc":100.0,"total":1.0}},"NBOMe Series":{"Police / Customs":{"raw":1.0,"perc":100.0,"total":1.0}},"2C-B":{"Meditation":{"raw":1.0,"perc":100.0,"total":1.0}},"Phenethylamine":{"Meditation":{"raw":1.0,"perc":100.0,"total":1.0}}}}