{"Not-Specified":{"Small Group (2-9)":{"First Times":{"raw":116.0,"perc":14.871794871794872,"total":780.0},"Difficult Experiences":{"raw":77.0,"perc":9.8717948717948723,"total":780.0},"Nature / Outdoors":{"raw":17.0,"perc":2.1794871794871793,"total":780.0},"General":{"raw":246.0,"perc":31.538461538461537,"total":780.0},"Post Trip Problems":{"raw":8.0,"perc":1.0256410256410255,"total":780.0},"Multi-Day Experience":{"raw":5.0,"perc":0.641025641025641,"total":780.0},"Retrospective / Summary":{"raw":29.0,"perc":3.7179487179487181,"total":780.0},"Mystical Experiences":{"raw":26.0,"perc":3.3333333333333335,"total":780.0},"Bad Trips":{"raw":27.0,"perc":3.4615384615384617,"total":780.0},"Glowing Experiences":{"raw":57.0,"perc":7.3076923076923084,"total":780.0},"Depression":{"raw":3.0,"perc":0.38461538461538464,"total":780.0},"Sex Discussion":{"raw":14.0,"perc":1.7948717948717947,"total":780.0},"Health Problems":{"raw":30.0,"perc":3.8461538461538463,"total":780.0},"Preparation / Recipes":{"raw":16.0,"perc":2.0512820512820511,"total":780.0},"Entities / Beings":{"raw":27.0,"perc":3.4615384615384617,"total":780.0},"Cultivation / Synthesis":{"raw":1.0,"perc":0.12820512820512819,"total":780.0},"What Was in That?":{"raw":11.0,"perc":1.4102564102564104,"total":780.0},"Overdose":{"raw":14.0,"perc":1.7948717948717947,"total":780.0},"Guides / Sitters":{"raw":11.0,"perc":1.4102564102564104,"total":780.0},"Poetry":{"raw":3.0,"perc":0.38461538461538464,"total":780.0},"Hangover / Days After":{"raw":8.0,"perc":1.0256410256410255,"total":780.0},"Families":{"raw":9.0,"perc":1.153846153846154,"total":780.0},"Second Hand Report":{"raw":9.0,"perc":1.153846153846154,"total":780.0},"Relationships":{"raw":5.0,"perc":0.641025641025641,"total":780.0},"Health Benefits":{"raw":2.0,"perc":0.25641025641025639,"total":780.0},"Personal Preparation":{"raw":1.0,"perc":0.12820512820512819,"total":780.0},"Music Discussion":{"raw":3.0,"perc":0.38461538461538464,"total":780.0},"Therapeutic Intent or Outcome":{"raw":4.0,"perc":0.51282051282051277,"total":780.0},"Medical Use":{"raw":1.0,"perc":0.12820512820512819,"total":780.0}},"Unknown Context":{"General":{"raw":128.0,"perc":34.688346883468832,"total":369.0},"First Times":{"raw":20.0,"perc":5.4200542005420056,"total":369.0},"Preparation / Recipes":{"raw":26.0,"perc":7.0460704607046063,"total":369.0},"Retrospective / Summary":{"raw":69.0,"perc":18.699186991869919,"total":369.0},"Nature / Outdoors":{"raw":2.0,"perc":0.54200542005420049,"total":369.0},"Mystical Experiences":{"raw":8.0,"perc":2.168021680216802,"total":369.0},"Difficult Experiences":{"raw":14.0,"perc":3.7940379403794036,"total":369.0},"Entities / Beings":{"raw":9.0,"perc":2.4390243902439024,"total":369.0},"Health Problems":{"raw":29.0,"perc":7.8590785907859075,"total":369.0},"Post Trip Problems":{"raw":8.0,"perc":2.168021680216802,"total":369.0},"Depression":{"raw":2.0,"perc":0.54200542005420049,"total":369.0},"Overdose":{"raw":5.0,"perc":1.3550135501355014,"total":369.0},"Glowing Experiences":{"raw":10.0,"perc":2.7100271002710028,"total":369.0},"What Was in That?":{"raw":3.0,"perc":0.81300813008130091,"total":369.0},"Bad Trips":{"raw":7.0,"perc":1.8970189701897018,"total":369.0},"Cultivation / Synthesis":{"raw":4.0,"perc":1.084010840108401,"total":369.0},"Second Hand Report":{"raw":4.0,"perc":1.084010840108401,"total":369.0},"Guides / Sitters":{"raw":1.0,"perc":0.27100271002710025,"total":369.0},"Hangover / Days After":{"raw":2.0,"perc":0.54200542005420049,"total":369.0},"Health Benefits":{"raw":8.0,"perc":2.168021680216802,"total":369.0},"HPPD / Lasting Visuals":{"raw":1.0,"perc":0.27100271002710025,"total":369.0},"Multi-Day Experience":{"raw":2.0,"perc":0.54200542005420049,"total":369.0},"Medical Use":{"raw":2.0,"perc":0.54200542005420049,"total":369.0},"Sex Discussion":{"raw":1.0,"perc":0.27100271002710025,"total":369.0},"Poetry":{"raw":2.0,"perc":0.54200542005420049,"total":369.0},"Relationships":{"raw":1.0,"perc":0.27100271002710025,"total":369.0},"Therapeutic Intent or Outcome":{"raw":1.0,"perc":0.27100271002710025,"total":369.0}},"Festival / Lg. Crowd":{"General":{"raw":20.0,"perc":42.5531914893617,"total":47.0},"First Times":{"raw":8.0,"perc":17.021276595744681,"total":47.0},"Nature / Outdoors":{"raw":1.0,"perc":2.1276595744680851,"total":47.0},"Difficult Experiences":{"raw":4.0,"perc":8.51063829787234,"total":47.0},"Health Problems":{"raw":1.0,"perc":2.1276595744680851,"total":47.0},"Mystical Experiences":{"raw":3.0,"perc":6.3829787234042552,"total":47.0},"Glowing Experiences":{"raw":4.0,"perc":8.51063829787234,"total":47.0},"Entities / Beings":{"raw":2.0,"perc":4.25531914893617,"total":47.0},"Music Discussion":{"raw":1.0,"perc":2.1276595744680851,"total":47.0},"Health Benefits":{"raw":1.0,"perc":2.1276595744680851,"total":47.0},"Post Trip Problems":{"raw":1.0,"perc":2.1276595744680851,"total":47.0},"Retrospective / Summary":{"raw":1.0,"perc":2.1276595744680851,"total":47.0}},"Rave / Dance Event":{"First Times":{"raw":9.0,"perc":19.148936170212767,"total":47.0},"Glowing Experiences":{"raw":6.0,"perc":12.76595744680851,"total":47.0},"Post Trip Problems":{"raw":1.0,"perc":2.1276595744680851,"total":47.0},"General":{"raw":5.0,"perc":10.638297872340425,"total":47.0},"What Was in That?":{"raw":1.0,"perc":2.1276595744680851,"total":47.0},"Bad Trips":{"raw":3.0,"perc":6.3829787234042552,"total":47.0},"Difficult Experiences":{"raw":7.0,"perc":14.893617021276595,"total":47.0},"Depression":{"raw":1.0,"perc":2.1276595744680851,"total":47.0},"Entities / Beings":{"raw":1.0,"perc":2.1276595744680851,"total":47.0},"Music Discussion":{"raw":2.0,"perc":4.25531914893617,"total":47.0},"Retrospective / Summary":{"raw":3.0,"perc":6.3829787234042552,"total":47.0},"Health Problems":{"raw":1.0,"perc":2.1276595744680851,"total":47.0},"Overdose":{"raw":1.0,"perc":2.1276595744680851,"total":47.0},"HPPD / Lasting Visuals":{"raw":1.0,"perc":2.1276595744680851,"total":47.0},"Mystical Experiences":{"raw":1.0,"perc":2.1276595744680851,"total":47.0},"Loss of Magic":{"raw":1.0,"perc":2.1276595744680851,"total":47.0},"Relationships":{"raw":1.0,"perc":2.1276595744680851,"total":47.0},"Preparation / Recipes":{"raw":1.0,"perc":2.1276595744680851,"total":47.0},"Poetry":{"raw":1.0,"perc":2.1276595744680851,"total":47.0}},"Club / Bar":{"First Times":{"raw":8.0,"perc":21.052631578947366,"total":38.0},"General":{"raw":11.0,"perc":28.947368421052634,"total":38.0},"Retrospective / Summary":{"raw":4.0,"perc":10.526315789473683,"total":38.0},"Glowing Experiences":{"raw":2.0,"perc":5.2631578947368416,"total":38.0},"Difficult Experiences":{"raw":3.0,"perc":7.8947368421052628,"total":38.0},"Post Trip Problems":{"raw":2.0,"perc":5.2631578947368416,"total":38.0},"Health Problems":{"raw":2.0,"perc":5.2631578947368416,"total":38.0},"What Was in That?":{"raw":2.0,"perc":5.2631578947368416,"total":38.0},"Overdose":{"raw":2.0,"perc":5.2631578947368416,"total":38.0},"Hangover / Days After":{"raw":1.0,"perc":2.6315789473684208,"total":38.0},"Entities / Beings":{"raw":1.0,"perc":2.6315789473684208,"total":38.0}},"Large Group (10+)":{"First Times":{"raw":14.0,"perc":14.285714285714285,"total":98.0},"General":{"raw":28.0,"perc":28.571428571428569,"total":98.0},"Difficult Experiences":{"raw":7.0,"perc":7.1428571428571423,"total":98.0},"Retrospective / Summary":{"raw":3.0,"perc":3.0612244897959182,"total":98.0},"Bad Trips":{"raw":5.0,"perc":5.1020408163265305,"total":98.0},"Post Trip Problems":{"raw":1.0,"perc":1.0204081632653061,"total":98.0},"Health Problems":{"raw":5.0,"perc":5.1020408163265305,"total":98.0},"Overdose":{"raw":2.0,"perc":2.0408163265306123,"total":98.0},"Glowing Experiences":{"raw":7.0,"perc":7.1428571428571423,"total":98.0},"Music Discussion":{"raw":3.0,"perc":3.0612244897959182,"total":98.0},"Preparation / Recipes":{"raw":1.0,"perc":1.0204081632653061,"total":98.0},"Guides / Sitters":{"raw":3.0,"perc":3.0612244897959182,"total":98.0},"Second Hand Report":{"raw":2.0,"perc":2.0408163265306123,"total":98.0},"What Was in That?":{"raw":1.0,"perc":1.0204081632653061,"total":98.0},"Health Benefits":{"raw":2.0,"perc":2.0408163265306123,"total":98.0},"Mystical Experiences":{"raw":2.0,"perc":2.0408163265306123,"total":98.0},"Relationships":{"raw":3.0,"perc":3.0612244897959182,"total":98.0},"Families":{"raw":1.0,"perc":1.0204081632653061,"total":98.0},"Hangover / Days After":{"raw":4.0,"perc":4.0816326530612246,"total":98.0},"Personal Preparation":{"raw":1.0,"perc":1.0204081632653061,"total":98.0},"Medical Use":{"raw":1.0,"perc":1.0204081632653061,"total":98.0},"Therapeutic Intent or Outcome":{"raw":1.0,"perc":1.0204081632653061,"total":98.0},"Entities / Beings":{"raw":1.0,"perc":1.0204081632653061,"total":98.0}},"Various":{"Retrospective / Summary":{"raw":77.0,"perc":18.780487804878049,"total":410.0},"Health Problems":{"raw":39.0,"perc":9.5121951219512191,"total":410.0},"General":{"raw":94.0,"perc":22.926829268292686,"total":410.0},"Difficult Experiences":{"raw":34.0,"perc":8.2926829268292686,"total":410.0},"Overdose":{"raw":11.0,"perc":2.6829268292682928,"total":410.0},"Post Trip Problems":{"raw":10.0,"perc":2.4390243902439024,"total":410.0},"Multi-Day Experience":{"raw":10.0,"perc":2.4390243902439024,"total":410.0},"First Times":{"raw":27.0,"perc":6.5853658536585371,"total":410.0},"Mystical Experiences":{"raw":6.0,"perc":1.4634146341463417,"total":410.0},"Bad Trips":{"raw":11.0,"perc":2.6829268292682928,"total":410.0},"What Was in That?":{"raw":6.0,"perc":1.4634146341463417,"total":410.0},"Nature / Outdoors":{"raw":3.0,"perc":0.73170731707317083,"total":410.0},"Glowing Experiences":{"raw":13.0,"perc":3.1707317073170733,"total":410.0},"Music Discussion":{"raw":5.0,"perc":1.2195121951219512,"total":410.0},"Preparation / Recipes":{"raw":11.0,"perc":2.6829268292682928,"total":410.0},"Depression":{"raw":6.0,"perc":1.4634146341463417,"total":410.0},"Cultivation / Synthesis":{"raw":1.0,"perc":0.24390243902439024,"total":410.0},"Sex Discussion":{"raw":4.0,"perc":0.975609756097561,"total":410.0},"Health Benefits":{"raw":5.0,"perc":1.2195121951219512,"total":410.0},"Second Hand Report":{"raw":2.0,"perc":0.48780487804878048,"total":410.0},"HPPD / Lasting Visuals":{"raw":2.0,"perc":0.48780487804878048,"total":410.0},"Loss of Magic":{"raw":2.0,"perc":0.48780487804878048,"total":410.0},"Hangover / Days After":{"raw":15.0,"perc":3.6585365853658534,"total":410.0},"Relationships":{"raw":5.0,"perc":1.2195121951219512,"total":410.0},"Therapeutic Intent or Outcome":{"raw":2.0,"perc":0.48780487804878048,"total":410.0},"Families":{"raw":1.0,"perc":0.24390243902439024,"total":410.0},"Poetry":{"raw":1.0,"perc":0.24390243902439024,"total":410.0},"Entities / Beings":{"raw":4.0,"perc":0.975609756097561,"total":410.0},"Pregnancy / Baby":{"raw":1.0,"perc":0.24390243902439024,"total":410.0},"Medical Use":{"raw":2.0,"perc":0.48780487804878048,"total":410.0}},"Alone":{"General":{"raw":186.0,"perc":31.05175292153589,"total":599.0},"Mystical Experiences":{"raw":24.0,"perc":4.006677796327212,"total":599.0},"First Times":{"raw":92.0,"perc":15.358931552587645,"total":599.0},"Bad Trips":{"raw":24.0,"perc":4.006677796327212,"total":599.0},"Overdose":{"raw":19.0,"perc":3.1719532554257093,"total":599.0},"Entities / Beings":{"raw":26.0,"perc":4.3405676126878134,"total":599.0},"Health Problems":{"raw":27.0,"perc":4.5075125208681133,"total":599.0},"Music Discussion":{"raw":13.0,"perc":2.1702838063439067,"total":599.0},"Preparation / Recipes":{"raw":23.0,"perc":3.8397328881469113,"total":599.0},"Difficult Experiences":{"raw":40.0,"perc":6.67779632721202,"total":599.0},"Glowing Experiences":{"raw":30.0,"perc":5.0083472454090154,"total":599.0},"Post Trip Problems":{"raw":7.0,"perc":1.1686143572621035,"total":599.0},"Retrospective / Summary":{"raw":23.0,"perc":3.8397328881469113,"total":599.0},"Nature / Outdoors":{"raw":7.0,"perc":1.1686143572621035,"total":599.0},"Multi-Day Experience":{"raw":9.0,"perc":1.5025041736227045,"total":599.0},"Sex Discussion":{"raw":4.0,"perc":0.667779632721202,"total":599.0},"Depression":{"raw":2.0,"perc":0.333889816360601,"total":599.0},"Cultivation / Synthesis":{"raw":2.0,"perc":0.333889816360601,"total":599.0},"Loss of Magic":{"raw":1.0,"perc":0.1669449081803005,"total":599.0},"Hangover / Days After":{"raw":12.0,"perc":2.003338898163606,"total":599.0},"Medical Use":{"raw":6.0,"perc":1.001669449081803,"total":599.0},"Health Benefits":{"raw":6.0,"perc":1.001669449081803,"total":599.0},"Personal Preparation":{"raw":2.0,"perc":0.333889816360601,"total":599.0},"Poetry":{"raw":1.0,"perc":0.1669449081803005,"total":599.0},"Therapeutic Intent or Outcome":{"raw":7.0,"perc":1.1686143572621035,"total":599.0},"Relationships":{"raw":3.0,"perc":0.5008347245409015,"total":599.0},"Guides / Sitters":{"raw":2.0,"perc":0.333889816360601,"total":599.0},"Second Hand Report":{"raw":1.0,"perc":0.1669449081803005,"total":599.0}},"Group Ceremony":{"General":{"raw":1.0,"perc":4.5454545454545459,"total":22.0},"Mystical Experiences":{"raw":4.0,"perc":18.181818181818183,"total":22.0},"Families":{"raw":1.0,"perc":4.5454545454545459,"total":22.0},"Guides / Sitters":{"raw":3.0,"perc":13.636363636363635,"total":22.0},"First Times":{"raw":2.0,"perc":9.0909090909090917,"total":22.0},"Therapeutic Intent or Outcome":{"raw":2.0,"perc":9.0909090909090917,"total":22.0},"Difficult Experiences":{"raw":1.0,"perc":4.5454545454545459,"total":22.0},"Entities / Beings":{"raw":1.0,"perc":4.5454545454545459,"total":22.0},"Sex Discussion":{"raw":1.0,"perc":4.5454545454545459,"total":22.0},"Health Problems":{"raw":1.0,"perc":4.5454545454545459,"total":22.0},"Depression":{"raw":1.0,"perc":4.5454545454545459,"total":22.0},"Post Trip Problems":{"raw":1.0,"perc":4.5454545454545459,"total":22.0},"Multi-Day Experience":{"raw":1.0,"perc":4.5454545454545459,"total":22.0},"Hangover / Days After":{"raw":1.0,"perc":4.5454545454545459,"total":22.0},"Glowing Experiences":{"raw":1.0,"perc":4.5454545454545459,"total":22.0}},"Not Applicable":{"Preparation / Recipes":{"raw":29.0,"perc":14.427860696517413,"total":201.0},"Retrospective / Summary":{"raw":57.0,"perc":28.35820895522388,"total":201.0},"Second Hand Report":{"raw":3.0,"perc":1.4925373134328357,"total":201.0},"Cultivation / Synthesis":{"raw":3.0,"perc":1.4925373134328357,"total":201.0},"General":{"raw":24.0,"perc":11.940298507462686,"total":201.0},"Difficult Experiences":{"raw":2.0,"perc":0.99502487562189057,"total":201.0},"Health Problems":{"raw":14.0,"perc":6.9651741293532341,"total":201.0},"What Was in That?":{"raw":1.0,"perc":0.49751243781094528,"total":201.0},"Depression":{"raw":6.0,"perc":2.9850746268656714,"total":201.0},"Sex Discussion":{"raw":3.0,"perc":1.4925373134328357,"total":201.0},"Glowing Experiences":{"raw":2.0,"perc":0.99502487562189057,"total":201.0},"First Times":{"raw":4.0,"perc":1.9900497512437811,"total":201.0},"Health Benefits":{"raw":9.0,"perc":4.4776119402985071,"total":201.0},"Overdose":{"raw":2.0,"perc":0.99502487562189057,"total":201.0},"Post Trip Problems":{"raw":5.0,"perc":2.4875621890547266,"total":201.0},"Families":{"raw":2.0,"perc":0.99502487562189057,"total":201.0},"Hangover / Days After":{"raw":7.0,"perc":3.4825870646766171,"total":201.0},"Relationships":{"raw":2.0,"perc":0.99502487562189057,"total":201.0},"Guides / Sitters":{"raw":1.0,"perc":0.49751243781094528,"total":201.0},"Medical Use":{"raw":12.0,"perc":5.9701492537313428,"total":201.0},"Multi-Day Experience":{"raw":2.0,"perc":0.99502487562189057,"total":201.0},"Mystical Experiences":{"raw":3.0,"perc":1.4925373134328357,"total":201.0},"Poetry":{"raw":1.0,"perc":0.49751243781094528,"total":201.0},"Entities / Beings":{"raw":1.0,"perc":0.49751243781094528,"total":201.0},"Loss of Magic":{"raw":2.0,"perc":0.99502487562189057,"total":201.0},"Bad Trips":{"raw":1.0,"perc":0.49751243781094528,"total":201.0},"Performance Enhancement":{"raw":2.0,"perc":0.99502487562189057,"total":201.0},"Therapeutic Intent or Outcome":{"raw":1.0,"perc":0.49751243781094528,"total":201.0}},"School":{"General":{"raw":4.0,"perc":30.76923076923077,"total":13.0},"Health Benefits":{"raw":1.0,"perc":7.6923076923076925,"total":13.0},"First Times":{"raw":2.0,"perc":15.384615384615385,"total":13.0},"Depression":{"raw":1.0,"perc":7.6923076923076925,"total":13.0},"Hangover / Days After":{"raw":2.0,"perc":15.384615384615385,"total":13.0},"Bad Trips":{"raw":1.0,"perc":7.6923076923076925,"total":13.0},"Glowing Experiences":{"raw":1.0,"perc":7.6923076923076925,"total":13.0},"Therapeutic Intent or Outcome":{"raw":1.0,"perc":7.6923076923076925,"total":13.0}},"Hospital":{"Health Problems":{"raw":4.0,"perc":21.052631578947366,"total":19.0},"Glowing Experiences":{"raw":1.0,"perc":5.2631578947368416,"total":19.0},"Health Benefits":{"raw":1.0,"perc":5.2631578947368416,"total":19.0},"Families":{"raw":1.0,"perc":5.2631578947368416,"total":19.0},"Second Hand Report":{"raw":2.0,"perc":10.526315789473683,"total":19.0},"Post Trip Problems":{"raw":2.0,"perc":10.526315789473683,"total":19.0},"General":{"raw":2.0,"perc":10.526315789473683,"total":19.0},"Retrospective / Summary":{"raw":2.0,"perc":10.526315789473683,"total":19.0},"Overdose":{"raw":2.0,"perc":10.526315789473683,"total":19.0},"Medical Use":{"raw":1.0,"perc":5.2631578947368416,"total":19.0},"First Times":{"raw":1.0,"perc":5.2631578947368416,"total":19.0}},"Workplace":{"Health Problems":{"raw":1.0,"perc":100.0,"total":1.0}},"Public Space (Museum, Park, etc)":{"First Times":{"raw":1.0,"perc":100.0,"total":1.0}}},"Male":{"Small Group (2-9)":{"General":{"raw":2598.0,"perc":20.976988292289057,"total":12385.0},"Music Discussion":{"raw":321.0,"perc":2.5918449737585791,"total":12385.0},"Nature / Outdoors":{"raw":355.0,"perc":2.866370609608397,"total":12385.0},"First Times":{"raw":2309.0,"perc":18.643520387565605,"total":12385.0},"Glowing Experiences":{"raw":1188.0,"perc":9.5922486879289455,"total":12385.0},"Mystical Experiences":{"raw":528.0,"perc":4.2632216390795321,"total":12385.0},"Health Problems":{"raw":381.0,"perc":3.0763019781994347,"total":12385.0},"Difficult Experiences":{"raw":1187.0,"perc":9.5841744045216,"total":12385.0},"Bad Trips":{"raw":414.0,"perc":3.3427533306419051,"total":12385.0},"Guides / Sitters":{"raw":259.0,"perc":2.0912394025030276,"total":12385.0},"Overdose":{"raw":229.0,"perc":1.8490109002825998,"total":12385.0},"Preparation / Recipes":{"raw":185.0,"perc":1.4937424303593057,"total":12385.0},"Sex Discussion":{"raw":206.0,"perc":1.663302381913605,"total":12385.0},"What Was in That?":{"raw":73.0,"perc":0.5894226887363746,"total":12385.0},"Post Trip Problems":{"raw":176.0,"perc":1.4210738796931772,"total":12385.0},"Retrospective / Summary":{"raw":284.0,"perc":2.2930964876867179,"total":12385.0},"Entities / Beings":{"raw":447.0,"perc":3.6092046830843763,"total":12385.0},"Multi-Day Experience":{"raw":94.0,"perc":0.75898264029067419,"total":12385.0},"Families":{"raw":79.0,"perc":0.63786838918046018,"total":12385.0},"Relationships":{"raw":266.0,"perc":2.1477593863544611,"total":12385.0},"Second Hand Report":{"raw":86.0,"perc":0.69438837303189338,"total":12385.0},"HPPD / Lasting Visuals":{"raw":46.0,"perc":0.37141703673798948,"total":12385.0},"Depression":{"raw":75.0,"perc":0.60557125555106983,"total":12385.0},"Hangover / Days After":{"raw":347.0,"perc":2.8017763423496165,"total":12385.0},"Personal Preparation":{"raw":59.0,"perc":0.47638272103350826,"total":12385.0},"Loss of Magic":{"raw":6.0,"perc":0.048445700444085589,"total":12385.0},"Health Benefits":{"raw":62.0,"perc":0.500605571255551,"total":12385.0},"Poetry":{"raw":12.0,"perc":0.096891400888171178,"total":12385.0},"Cultivation / Synthesis":{"raw":2.0,"perc":0.016148566814695196,"total":12385.0},"Therapeutic Intent or Outcome":{"raw":88.0,"perc":0.71053693984658861,"total":12385.0},"Medical Use":{"raw":14.0,"perc":0.11303996770286637,"total":12385.0},"Pregnancy / Baby":{"raw":1.0,"perc":0.0080742834073475982,"total":12385.0},"Performance Enhancement":{"raw":7.0,"perc":0.056519983851433184,"total":12385.0},"Video":{"raw":1.0,"perc":0.0080742834073475982,"total":12385.0}},"Alone":{"General":{"raw":2593.0,"perc":23.850257542310523,"total":10872.0},"Nature / Outdoors":{"raw":145.0,"perc":1.3337012509197939,"total":10872.0},"First Times":{"raw":1869.0,"perc":17.190949227373068,"total":10872.0},"Retrospective / Summary":{"raw":533.0,"perc":4.9025018395879325,"total":10872.0},"Mystical Experiences":{"raw":426.0,"perc":3.9183222958057393,"total":10872.0},"Glowing Experiences":{"raw":884.0,"perc":8.1309786607799843,"total":10872.0},"Health Problems":{"raw":360.0,"perc":3.3112582781456954,"total":10872.0},"Overdose":{"raw":170.0,"perc":1.5636497424576894,"total":10872.0},"Preparation / Recipes":{"raw":322.0,"perc":2.9617365710080943,"total":10872.0},"Bad Trips":{"raw":254.0,"perc":2.3362766740250183,"total":10872.0},"Sex Discussion":{"raw":119.0,"perc":1.0945548197203825,"total":10872.0},"Post Trip Problems":{"raw":124.0,"perc":1.1405445180279619,"total":10872.0},"Difficult Experiences":{"raw":892.0,"perc":8.204562178072111,"total":10872.0},"Entities / Beings":{"raw":536.0,"perc":4.93009565857248,"total":10872.0},"Guides / Sitters":{"raw":16.0,"perc":0.14716703458425312,"total":10872.0},"What Was in That?":{"raw":29.0,"perc":0.2667402501839588,"total":10872.0},"Music Discussion":{"raw":296.0,"perc":2.7225901398086827,"total":10872.0},"Depression":{"raw":126.0,"perc":1.1589403973509933,"total":10872.0},"Multi-Day Experience":{"raw":113.0,"perc":1.0393671817512877,"total":10872.0},"Health Benefits":{"raw":158.0,"perc":1.4532744665194997,"total":10872.0},"Families":{"raw":39.0,"perc":0.358719646799117,"total":10872.0},"Hangover / Days After":{"raw":358.0,"perc":3.2928623988226637,"total":10872.0},"Personal Preparation":{"raw":71.0,"perc":0.65305371596762329,"total":10872.0},"Loss of Magic":{"raw":5.0,"perc":0.045989698307579104,"total":10872.0},"HPPD / Lasting Visuals":{"raw":40.0,"perc":0.36791758646063283,"total":10872.0},"Poetry":{"raw":14.0,"perc":0.12877115526122149,"total":10872.0},"Relationships":{"raw":76.0,"perc":0.69904341427520245,"total":10872.0},"Medical Use":{"raw":110.0,"perc":1.0117733627667402,"total":10872.0},"Cultivation / Synthesis":{"raw":6.0,"perc":0.05518763796909492,"total":10872.0},"Second Hand Report":{"raw":8.0,"perc":0.07358351729212656,"total":10872.0},"Therapeutic Intent or Outcome":{"raw":154.0,"perc":1.4164827078734363,"total":10872.0},"Performance Enhancement":{"raw":25.0,"perc":0.22994849153789551,"total":10872.0},"Video":{"raw":1.0,"perc":0.00919793966151582,"total":10872.0}},"Unknown Context":{"General":{"raw":749.0,"perc":32.793345008756567,"total":2284.0},"Health Problems":{"raw":180.0,"perc":7.8809106830122584,"total":2284.0},"Retrospective / Summary":{"raw":275.0,"perc":12.040280210157619,"total":2284.0},"Glowing Experiences":{"raw":107.0,"perc":4.6847635726795094,"total":2284.0},"Preparation / Recipes":{"raw":133.0,"perc":5.8231173380035024,"total":2284.0},"Mystical Experiences":{"raw":38.0,"perc":1.6637478108581436,"total":2284.0},"Bad Trips":{"raw":32.0,"perc":1.4010507880910683,"total":2284.0},"Post Trip Problems":{"raw":77.0,"perc":3.3712784588441331,"total":2284.0},"Difficult Experiences":{"raw":100.0,"perc":4.3782837127845884,"total":2284.0},"Overdose":{"raw":34.0,"perc":1.4886164623467601,"total":2284.0},"First Times":{"raw":186.0,"perc":8.1436077057793348,"total":2284.0},"Entities / Beings":{"raw":28.0,"perc":1.2259194395796849,"total":2284.0},"What Was in That?":{"raw":19.0,"perc":0.8318739054290718,"total":2284.0},"Sex Discussion":{"raw":21.0,"perc":0.91943957968476353,"total":2284.0},"Cultivation / Synthesis":{"raw":4.0,"perc":0.17513134851138354,"total":2284.0},"Depression":{"raw":26.0,"perc":1.138353765323993,"total":2284.0},"Nature / Outdoors":{"raw":2.0,"perc":0.087565674255691769,"total":2284.0},"Health Benefits":{"raw":58.0,"perc":2.5394045534150611,"total":2284.0},"Guides / Sitters":{"raw":3.0,"perc":0.13134851138353765,"total":2284.0},"Second Hand Report":{"raw":14.0,"perc":0.61295971978984243,"total":2284.0},"Poetry":{"raw":17.0,"perc":0.74430823117338007,"total":2284.0},"Hangover / Days After":{"raw":50.0,"perc":2.1891418563922942,"total":2284.0},"HPPD / Lasting Visuals":{"raw":14.0,"perc":0.61295971978984243,"total":2284.0},"Families":{"raw":1.0,"perc":0.043782837127845885,"total":2284.0},"Personal Preparation":{"raw":8.0,"perc":0.35026269702276708,"total":2284.0},"Medical Use":{"raw":34.0,"perc":1.4886164623467601,"total":2284.0},"Loss of Magic":{"raw":11.0,"perc":0.48161120840630472,"total":2284.0},"Multi-Day Experience":{"raw":18.0,"perc":0.78809106830122588,"total":2284.0},"Music Discussion":{"raw":10.0,"perc":0.43782837127845886,"total":2284.0},"Relationships":{"raw":1.0,"perc":0.043782837127845885,"total":2284.0},"Therapeutic Intent or Outcome":{"raw":25.0,"perc":1.0945709281961471,"total":2284.0},"Performance Enhancement":{"raw":9.0,"perc":0.39404553415061294,"total":2284.0}},"Various":{"General":{"raw":727.0,"perc":14.743459744473739,"total":4931.0},"Difficult Experiences":{"raw":377.0,"perc":7.6455080105455275,"total":4931.0},"Sex Discussion":{"raw":95.0,"perc":1.9265868992090853,"total":4931.0},"Multi-Day Experience":{"raw":144.0,"perc":2.9203001419590349,"total":4931.0},"First Times":{"raw":478.0,"perc":9.69377408233624,"total":4931.0},"What Was in That?":{"raw":34.0,"perc":0.68951531129588317,"total":4931.0},"Retrospective / Summary":{"raw":877.0,"perc":17.7854390590144,"total":4931.0},"Health Problems":{"raw":279.0,"perc":5.6580815250456293,"total":4931.0},"Overdose":{"raw":107.0,"perc":2.1699452443723382,"total":4931.0},"Post Trip Problems":{"raw":153.0,"perc":3.1028189008314744,"total":4931.0},"Glowing Experiences":{"raw":294.0,"perc":5.9622794564996955,"total":4931.0},"Hangover / Days After":{"raw":189.0,"perc":3.8328939363212329,"total":4931.0},"Mystical Experiences":{"raw":83.0,"perc":1.6832285540458327,"total":4931.0},"Entities / Beings":{"raw":85.0,"perc":1.723788278239708,"total":4931.0},"Bad Trips":{"raw":126.0,"perc":2.555262624214155,"total":4931.0},"Preparation / Recipes":{"raw":69.0,"perc":1.3993104846887041,"total":4931.0},"Depression":{"raw":124.0,"perc":2.51470290002028,"total":4931.0},"Families":{"raw":30.0,"perc":0.60839586290813219,"total":4931.0},"Music Discussion":{"raw":124.0,"perc":2.51470290002028,"total":4931.0},"Second Hand Report":{"raw":16.0,"perc":0.32447779355100387,"total":4931.0},"Nature / Outdoors":{"raw":98.0,"perc":1.9874264854998986,"total":4931.0},"Guides / Sitters":{"raw":24.0,"perc":0.48671669032650572,"total":4931.0},"Health Benefits":{"raw":85.0,"perc":1.723788278239708,"total":4931.0},"HPPD / Lasting Visuals":{"raw":37.0,"perc":0.75035489758669638,"total":4931.0},"Pregnancy / Baby":{"raw":2.0,"perc":0.040559724193875484,"total":4931.0},"Loss of Magic":{"raw":22.0,"perc":0.44615696613263028,"total":4931.0},"Relationships":{"raw":67.0,"perc":1.3587507604948286,"total":4931.0},"Personal Preparation":{"raw":16.0,"perc":0.32447779355100387,"total":4931.0},"Medical Use":{"raw":100.0,"perc":2.0279862096937742,"total":4931.0},"Poetry":{"raw":4.0,"perc":0.081119448387750967,"total":4931.0},"Performance Enhancement":{"raw":21.0,"perc":0.42587710403569257,"total":4931.0},"Therapeutic Intent or Outcome":{"raw":40.0,"perc":0.81119448387750959,"total":4931.0},"Cultivation / Synthesis":{"raw":4.0,"perc":0.081119448387750967,"total":4931.0}},"Club / Bar":{"General":{"raw":81.0,"perc":26.2987012987013,"total":308.0},"First Times":{"raw":47.0,"perc":15.259740259740258,"total":308.0},"Retrospective / Summary":{"raw":18.0,"perc":5.8441558441558437,"total":308.0},"Glowing Experiences":{"raw":37.0,"perc":12.012987012987013,"total":308.0},"Sex Discussion":{"raw":2.0,"perc":0.64935064935064934,"total":308.0},"Health Problems":{"raw":17.0,"perc":5.51948051948052,"total":308.0},"Health Benefits":{"raw":2.0,"perc":0.64935064935064934,"total":308.0},"Bad Trips":{"raw":5.0,"perc":1.6233766233766231,"total":308.0},"Post Trip Problems":{"raw":6.0,"perc":1.948051948051948,"total":308.0},"Mystical Experiences":{"raw":3.0,"perc":0.974025974025974,"total":308.0},"Preparation / Recipes":{"raw":1.0,"perc":0.32467532467532467,"total":308.0},"Difficult Experiences":{"raw":21.0,"perc":6.8181818181818175,"total":308.0},"Multi-Day Experience":{"raw":1.0,"perc":0.32467532467532467,"total":308.0},"Overdose":{"raw":10.0,"perc":3.2467532467532463,"total":308.0},"Music Discussion":{"raw":10.0,"perc":3.2467532467532463,"total":308.0},"Hangover / Days After":{"raw":18.0,"perc":5.8441558441558437,"total":308.0},"Second Hand Report":{"raw":3.0,"perc":0.974025974025974,"total":308.0},"What Was in That?":{"raw":7.0,"perc":2.2727272727272729,"total":308.0},"Loss of Magic":{"raw":2.0,"perc":0.64935064935064934,"total":308.0},"Guides / Sitters":{"raw":1.0,"perc":0.32467532467532467,"total":308.0},"Entities / Beings":{"raw":1.0,"perc":0.32467532467532467,"total":308.0},"Relationships":{"raw":7.0,"perc":2.2727272727272729,"total":308.0},"Families":{"raw":2.0,"perc":0.64935064935064934,"total":308.0},"Personal Preparation":{"raw":2.0,"perc":0.64935064935064934,"total":308.0},"Depression":{"raw":2.0,"perc":0.64935064935064934,"total":308.0},"Nature / Outdoors":{"raw":2.0,"perc":0.64935064935064934,"total":308.0}},"Not Applicable":{"Preparation / Recipes":{"raw":115.0,"perc":4.2766827817032356,"total":2689.0},"Retrospective / Summary":{"raw":762.0,"perc":28.337671997024916,"total":2689.0},"Health Problems":{"raw":227.0,"perc":8.44179992562291,"total":2689.0},"Post Trip Problems":{"raw":99.0,"perc":3.6816660468575679,"total":2689.0},"General":{"raw":305.0,"perc":11.342506507995537,"total":2689.0},"Cultivation / Synthesis":{"raw":12.0,"perc":0.44626255113425062,"total":2689.0},"Bad Trips":{"raw":19.0,"perc":0.70658237262923018,"total":2689.0},"Depression":{"raw":106.0,"perc":3.9419858683525475,"total":2689.0},"Poetry":{"raw":15.0,"perc":0.55782818891781327,"total":2689.0},"Health Benefits":{"raw":189.0,"perc":7.0286351803644482,"total":2689.0},"Sex Discussion":{"raw":41.0,"perc":1.5247303830420231,"total":2689.0},"First Times":{"raw":27.0,"perc":1.004090740052064,"total":2689.0},"Difficult Experiences":{"raw":46.0,"perc":1.7106731126812942,"total":2689.0},"Hangover / Days After":{"raw":99.0,"perc":3.6816660468575679,"total":2689.0},"HPPD / Lasting Visuals":{"raw":33.0,"perc":1.2272220156191893,"total":2689.0},"Medical Use":{"raw":196.0,"perc":7.2889550018594278,"total":2689.0},"Families":{"raw":19.0,"perc":0.70658237262923018,"total":2689.0},"Overdose":{"raw":11.0,"perc":0.40907400520639642,"total":2689.0},"Glowing Experiences":{"raw":51.0,"perc":1.8966158423205652,"total":2689.0},"Multi-Day Experience":{"raw":98.0,"perc":3.6444775009297139,"total":2689.0},"Second Hand Report":{"raw":25.0,"perc":0.92971364819635549,"total":2689.0},"Mystical Experiences":{"raw":21.0,"perc":0.78095946448493858,"total":2689.0},"Relationships":{"raw":42.0,"perc":1.5619189289698772,"total":2689.0},"Personal Preparation":{"raw":3.0,"perc":0.11156563778356265,"total":2689.0},"Music Discussion":{"raw":14.0,"perc":0.52063964298995913,"total":2689.0},"Entities / Beings":{"raw":22.0,"perc":0.81814801041279284,"total":2689.0},"Nature / Outdoors":{"raw":7.0,"perc":0.26031982149497956,"total":2689.0},"Loss of Magic":{"raw":14.0,"perc":0.52063964298995913,"total":2689.0},"Guides / Sitters":{"raw":2.0,"perc":0.074377091855708441,"total":2689.0},"What Was in That?":{"raw":2.0,"perc":0.074377091855708441,"total":2689.0},"Performance Enhancement":{"raw":23.0,"perc":0.85533655634064709,"total":2689.0},"Therapeutic Intent or Outcome":{"raw":44.0,"perc":1.6362960208255857,"total":2689.0}},"Festival / Lg. Crowd":{"First Times":{"raw":73.0,"perc":14.959016393442623,"total":488.0},"Difficult Experiences":{"raw":44.0,"perc":9.01639344262295,"total":488.0},"General":{"raw":109.0,"perc":22.33606557377049,"total":488.0},"Music Discussion":{"raw":31.0,"perc":6.3524590163934427,"total":488.0},"Glowing Experiences":{"raw":76.0,"perc":15.573770491803279,"total":488.0},"Mystical Experiences":{"raw":28.0,"perc":5.7377049180327866,"total":488.0},"Multi-Day Experience":{"raw":12.0,"perc":2.459016393442623,"total":488.0},"Bad Trips":{"raw":13.0,"perc":2.6639344262295079,"total":488.0},"Retrospective / Summary":{"raw":10.0,"perc":2.0491803278688523,"total":488.0},"Post Trip Problems":{"raw":3.0,"perc":0.61475409836065575,"total":488.0},"Preparation / Recipes":{"raw":5.0,"perc":1.0245901639344261,"total":488.0},"What Was in That?":{"raw":7.0,"perc":1.4344262295081966,"total":488.0},"Nature / Outdoors":{"raw":17.0,"perc":3.4836065573770489,"total":488.0},"Guides / Sitters":{"raw":3.0,"perc":0.61475409836065575,"total":488.0},"Health Problems":{"raw":8.0,"perc":1.639344262295082,"total":488.0},"Entities / Beings":{"raw":7.0,"perc":1.4344262295081966,"total":488.0},"Relationships":{"raw":10.0,"perc":2.0491803278688523,"total":488.0},"Sex Discussion":{"raw":6.0,"perc":1.2295081967213115,"total":488.0},"Hangover / Days After":{"raw":7.0,"perc":1.4344262295081966,"total":488.0},"Second Hand Report":{"raw":2.0,"perc":0.4098360655737705,"total":488.0},"Personal Preparation":{"raw":3.0,"perc":0.61475409836065575,"total":488.0},"Health Benefits":{"raw":1.0,"perc":0.20491803278688525,"total":488.0},"Depression":{"raw":1.0,"perc":0.20491803278688525,"total":488.0},"Families":{"raw":1.0,"perc":0.20491803278688525,"total":488.0},"Overdose":{"raw":4.0,"perc":0.819672131147541,"total":488.0},"Therapeutic Intent or Outcome":{"raw":4.0,"perc":0.819672131147541,"total":488.0},"Loss of Magic":{"raw":1.0,"perc":0.20491803278688525,"total":488.0},"HPPD / Lasting Visuals":{"raw":1.0,"perc":0.20491803278688525,"total":488.0},"Cultivation / Synthesis":{"raw":1.0,"perc":0.20491803278688525,"total":488.0}},"Large Group (10+)":{"First Times":{"raw":105.0,"perc":17.326732673267326,"total":606.0},"General":{"raw":135.0,"perc":22.277227722772277,"total":606.0},"Glowing Experiences":{"raw":57.0,"perc":9.4059405940594054,"total":606.0},"Post Trip Problems":{"raw":11.0,"perc":1.8151815181518154,"total":606.0},"Mystical Experiences":{"raw":23.0,"perc":3.7953795379537953,"total":606.0},"Difficult Experiences":{"raw":55.0,"perc":9.0759075907590763,"total":606.0},"Multi-Day Experience":{"raw":5.0,"perc":0.825082508250825,"total":606.0},"Health Benefits":{"raw":4.0,"perc":0.66006600660066006,"total":606.0},"Nature / Outdoors":{"raw":8.0,"perc":1.3201320132013201,"total":606.0},"Health Problems":{"raw":28.0,"perc":4.62046204620462,"total":606.0},"What Was in That?":{"raw":2.0,"perc":0.33003300330033003,"total":606.0},"Bad Trips":{"raw":23.0,"perc":3.7953795379537953,"total":606.0},"HPPD / Lasting Visuals":{"raw":2.0,"perc":0.33003300330033003,"total":606.0},"Depression":{"raw":8.0,"perc":1.3201320132013201,"total":606.0},"Overdose":{"raw":15.0,"perc":2.4752475247524752,"total":606.0},"Music Discussion":{"raw":24.0,"perc":3.9603960396039604,"total":606.0},"Second Hand Report":{"raw":5.0,"perc":0.825082508250825,"total":606.0},"Preparation / Recipes":{"raw":3.0,"perc":0.49504950495049505,"total":606.0},"Sex Discussion":{"raw":4.0,"perc":0.66006600660066006,"total":606.0},"Personal Preparation":{"raw":3.0,"perc":0.49504950495049505,"total":606.0},"Guides / Sitters":{"raw":7.0,"perc":1.1551155115511551,"total":606.0},"Entities / Beings":{"raw":11.0,"perc":1.8151815181518154,"total":606.0},"Families":{"raw":3.0,"perc":0.49504950495049505,"total":606.0},"Hangover / Days After":{"raw":32.0,"perc":5.2805280528052805,"total":606.0},"Relationships":{"raw":15.0,"perc":2.4752475247524752,"total":606.0},"Retrospective / Summary":{"raw":14.0,"perc":2.31023102310231,"total":606.0},"Loss of Magic":{"raw":1.0,"perc":0.16501650165016502,"total":606.0},"Performance Enhancement":{"raw":1.0,"perc":0.16501650165016502,"total":606.0},"Therapeutic Intent or Outcome":{"raw":2.0,"perc":0.33003300330033003,"total":606.0}},"Rave / Dance Event":{"General":{"raw":63.0,"perc":18.805970149253731,"total":335.0},"Glowing Experiences":{"raw":67.0,"perc":20.0,"total":335.0},"What Was in That?":{"raw":4.0,"perc":1.1940298507462688,"total":335.0},"First Times":{"raw":47.0,"perc":14.029850746268657,"total":335.0},"Difficult Experiences":{"raw":27.0,"perc":8.0597014925373127,"total":335.0},"Bad Trips":{"raw":6.0,"perc":1.791044776119403,"total":335.0},"Second Hand Report":{"raw":4.0,"perc":1.1940298507462688,"total":335.0},"Sex Discussion":{"raw":3.0,"perc":0.89552238805970152,"total":335.0},"Retrospective / Summary":{"raw":12.0,"perc":3.5820895522388061,"total":335.0},"Health Problems":{"raw":14.0,"perc":4.1791044776119408,"total":335.0},"Mystical Experiences":{"raw":8.0,"perc":2.3880597014925375,"total":335.0},"Health Benefits":{"raw":2.0,"perc":0.59701492537313439,"total":335.0},"Music Discussion":{"raw":12.0,"perc":3.5820895522388061,"total":335.0},"Post Trip Problems":{"raw":12.0,"perc":3.5820895522388061,"total":335.0},"Overdose":{"raw":7.0,"perc":2.0895522388059704,"total":335.0},"Poetry":{"raw":1.0,"perc":0.29850746268656719,"total":335.0},"Hangover / Days After":{"raw":13.0,"perc":3.8805970149253728,"total":335.0},"Guides / Sitters":{"raw":2.0,"perc":0.59701492537313439,"total":335.0},"Relationships":{"raw":9.0,"perc":2.6865671641791042,"total":335.0},"Loss of Magic":{"raw":5.0,"perc":1.4925373134328357,"total":335.0},"Nature / Outdoors":{"raw":5.0,"perc":1.4925373134328357,"total":335.0},"Entities / Beings":{"raw":3.0,"perc":0.89552238805970152,"total":335.0},"Multi-Day Experience":{"raw":3.0,"perc":0.89552238805970152,"total":335.0},"Depression":{"raw":2.0,"perc":0.59701492537313439,"total":335.0},"Preparation / Recipes":{"raw":1.0,"perc":0.29850746268656719,"total":335.0},"Therapeutic Intent or Outcome":{"raw":2.0,"perc":0.59701492537313439,"total":335.0},"HPPD / Lasting Visuals":{"raw":1.0,"perc":0.29850746268656719,"total":335.0}},"Group Ceremony":{"General":{"raw":23.0,"perc":12.169312169312169,"total":189.0},"Retrospective / Summary":{"raw":5.0,"perc":2.6455026455026456,"total":189.0},"Mystical Experiences":{"raw":25.0,"perc":13.227513227513226,"total":189.0},"Glowing Experiences":{"raw":15.0,"perc":7.9365079365079358,"total":189.0},"Difficult Experiences":{"raw":11.0,"perc":5.82010582010582,"total":189.0},"Health Benefits":{"raw":4.0,"perc":2.1164021164021163,"total":189.0},"Entities / Beings":{"raw":22.0,"perc":11.640211640211639,"total":189.0},"First Times":{"raw":15.0,"perc":7.9365079365079358,"total":189.0},"Depression":{"raw":1.0,"perc":0.52910052910052907,"total":189.0},"Hangover / Days After":{"raw":4.0,"perc":2.1164021164021163,"total":189.0},"Multi-Day Experience":{"raw":3.0,"perc":1.5873015873015872,"total":189.0},"Music Discussion":{"raw":4.0,"perc":2.1164021164021163,"total":189.0},"Medical Use":{"raw":1.0,"perc":0.52910052910052907,"total":189.0},"Preparation / Recipes":{"raw":2.0,"perc":1.0582010582010581,"total":189.0},"Guides / Sitters":{"raw":20.0,"perc":10.582010582010582,"total":189.0},"HPPD / Lasting Visuals":{"raw":1.0,"perc":0.52910052910052907,"total":189.0},"Nature / Outdoors":{"raw":5.0,"perc":2.6455026455026456,"total":189.0},"Second Hand Report":{"raw":1.0,"perc":0.52910052910052907,"total":189.0},"Post Trip Problems":{"raw":3.0,"perc":1.5873015873015872,"total":189.0},"Personal Preparation":{"raw":5.0,"perc":2.6455026455026456,"total":189.0},"Sex Discussion":{"raw":1.0,"perc":0.52910052910052907,"total":189.0},"Therapeutic Intent or Outcome":{"raw":15.0,"perc":7.9365079365079358,"total":189.0},"Health Problems":{"raw":1.0,"perc":0.52910052910052907,"total":189.0},"Relationships":{"raw":2.0,"perc":1.0582010582010581,"total":189.0}},"Hospital":{"First Times":{"raw":27.0,"perc":6.279069767441861,"total":430.0},"General":{"raw":44.0,"perc":10.232558139534884,"total":430.0},"Retrospective / Summary":{"raw":17.0,"perc":3.9534883720930232,"total":430.0},"Health Problems":{"raw":52.0,"perc":12.093023255813954,"total":430.0},"Difficult Experiences":{"raw":49.0,"perc":11.395348837209303,"total":430.0},"Bad Trips":{"raw":33.0,"perc":7.6744186046511631,"total":430.0},"Overdose":{"raw":44.0,"perc":10.232558139534884,"total":430.0},"Post Trip Problems":{"raw":27.0,"perc":6.279069767441861,"total":430.0},"HPPD / Lasting Visuals":{"raw":2.0,"perc":0.46511627906976744,"total":430.0},"Depression":{"raw":8.0,"perc":1.8604651162790697,"total":430.0},"Families":{"raw":7.0,"perc":1.6279069767441861,"total":430.0},"Second Hand Report":{"raw":15.0,"perc":3.4883720930232558,"total":430.0},"Health Benefits":{"raw":9.0,"perc":2.0930232558139537,"total":430.0},"Mystical Experiences":{"raw":3.0,"perc":0.69767441860465118,"total":430.0},"Entities / Beings":{"raw":8.0,"perc":1.8604651162790697,"total":430.0},"Glowing Experiences":{"raw":8.0,"perc":1.8604651162790697,"total":430.0},"Multi-Day Experience":{"raw":14.0,"perc":3.2558139534883721,"total":430.0},"Hangover / Days After":{"raw":11.0,"perc":2.558139534883721,"total":430.0},"Medical Use":{"raw":41.0,"perc":9.5348837209302335,"total":430.0},"Preparation / Recipes":{"raw":1.0,"perc":0.23255813953488372,"total":430.0},"Sex Discussion":{"raw":1.0,"perc":0.23255813953488372,"total":430.0},"What Was in That?":{"raw":1.0,"perc":0.23255813953488372,"total":430.0},"Personal Preparation":{"raw":1.0,"perc":0.23255813953488372,"total":430.0},"Therapeutic Intent or Outcome":{"raw":7.0,"perc":1.6279069767441861,"total":430.0}},"School":{"Difficult Experiences":{"raw":33.0,"perc":8.9918256130790191,"total":367.0},"Bad Trips":{"raw":11.0,"perc":2.9972752043596729,"total":367.0},"Health Problems":{"raw":18.0,"perc":4.9046321525885563,"total":367.0},"Overdose":{"raw":18.0,"perc":4.9046321525885563,"total":367.0},"General":{"raw":88.0,"perc":23.978201634877383,"total":367.0},"Glowing Experiences":{"raw":26.0,"perc":7.0844686648501369,"total":367.0},"First Times":{"raw":60.0,"perc":16.348773841961854,"total":367.0},"Preparation / Recipes":{"raw":3.0,"perc":0.81743869209809261,"total":367.0},"Health Benefits":{"raw":7.0,"perc":1.9073569482288828,"total":367.0},"Hangover / Days After":{"raw":16.0,"perc":4.35967302452316,"total":367.0},"What Was in That?":{"raw":2.0,"perc":0.544959128065395,"total":367.0},"Retrospective / Summary":{"raw":28.0,"perc":7.6294277929155312,"total":367.0},"Medical Use":{"raw":9.0,"perc":2.4523160762942782,"total":367.0},"Relationships":{"raw":2.0,"perc":0.544959128065395,"total":367.0},"Second Hand Report":{"raw":2.0,"perc":0.544959128065395,"total":367.0},"Mystical Experiences":{"raw":3.0,"perc":0.81743869209809261,"total":367.0},"Post Trip Problems":{"raw":9.0,"perc":2.4523160762942782,"total":367.0},"Depression":{"raw":6.0,"perc":1.6348773841961852,"total":367.0},"Families":{"raw":1.0,"perc":0.27247956403269752,"total":367.0},"Multi-Day Experience":{"raw":7.0,"perc":1.9073569482288828,"total":367.0},"Music Discussion":{"raw":2.0,"perc":0.544959128065395,"total":367.0},"Performance Enhancement":{"raw":12.0,"perc":3.2697547683923704,"total":367.0},"Entities / Beings":{"raw":2.0,"perc":0.544959128065395,"total":367.0},"Therapeutic Intent or Outcome":{"raw":1.0,"perc":0.27247956403269752,"total":367.0},"Sex Discussion":{"raw":1.0,"perc":0.27247956403269752,"total":367.0}},"Public Space (Museum, Park, etc)":{"Difficult Experiences":{"raw":3.0,"perc":7.6923076923076925,"total":39.0},"General":{"raw":10.0,"perc":25.641025641025639,"total":39.0},"Glowing Experiences":{"raw":4.0,"perc":10.256410256410255,"total":39.0},"Performance Enhancement":{"raw":1.0,"perc":2.5641025641025639,"total":39.0},"First Times":{"raw":7.0,"perc":17.948717948717949,"total":39.0},"Entities / Beings":{"raw":1.0,"perc":2.5641025641025639,"total":39.0},"Hangover / Days After":{"raw":2.0,"perc":5.1282051282051277,"total":39.0},"Nature / Outdoors":{"raw":5.0,"perc":12.820512820512819,"total":39.0},"Music Discussion":{"raw":1.0,"perc":2.5641025641025639,"total":39.0},"Preparation / Recipes":{"raw":1.0,"perc":2.5641025641025639,"total":39.0},"Retrospective / Summary":{"raw":1.0,"perc":2.5641025641025639,"total":39.0},"Health Benefits":{"raw":1.0,"perc":2.5641025641025639,"total":39.0},"Medical Use":{"raw":1.0,"perc":2.5641025641025639,"total":39.0},"Second Hand Report":{"raw":1.0,"perc":2.5641025641025639,"total":39.0}},"Military":{"General":{"raw":5.0,"perc":21.739130434782609,"total":23.0},"Health Problems":{"raw":3.0,"perc":13.043478260869565,"total":23.0},"Difficult Experiences":{"raw":1.0,"perc":4.3478260869565215,"total":23.0},"Second Hand Report":{"raw":1.0,"perc":4.3478260869565215,"total":23.0},"Hangover / Days After":{"raw":2.0,"perc":8.695652173913043,"total":23.0},"First Times":{"raw":2.0,"perc":8.695652173913043,"total":23.0},"Personal Preparation":{"raw":1.0,"perc":4.3478260869565215,"total":23.0},"Relationships":{"raw":1.0,"perc":4.3478260869565215,"total":23.0},"Entities / Beings":{"raw":1.0,"perc":4.3478260869565215,"total":23.0},"Retrospective / Summary":{"raw":5.0,"perc":21.739130434782609,"total":23.0},"Therapeutic Intent or Outcome":{"raw":1.0,"perc":4.3478260869565215,"total":23.0}},"Workplace":{"Difficult Experiences":{"raw":1.0,"perc":2.7027027027027026,"total":37.0},"Bad Trips":{"raw":1.0,"perc":2.7027027027027026,"total":37.0},"Health Problems":{"raw":2.0,"perc":5.4054054054054053,"total":37.0},"General":{"raw":6.0,"perc":16.216216216216218,"total":37.0},"Retrospective / Summary":{"raw":5.0,"perc":13.513513513513514,"total":37.0},"Health Benefits":{"raw":2.0,"perc":5.4054054054054053,"total":37.0},"Medical Use":{"raw":3.0,"perc":8.1081081081081088,"total":37.0},"Therapeutic Intent or Outcome":{"raw":1.0,"perc":2.7027027027027026,"total":37.0},"Performance Enhancement":{"raw":3.0,"perc":8.1081081081081088,"total":37.0},"First Times":{"raw":7.0,"perc":18.918918918918919,"total":37.0},"Hangover / Days After":{"raw":3.0,"perc":8.1081081081081088,"total":37.0},"Glowing Experiences":{"raw":2.0,"perc":5.4054054054054053,"total":37.0},"Multi-Day Experience":{"raw":1.0,"perc":2.7027027027027026,"total":37.0}},"Large Party":{"Retrospective / Summary":{"raw":2.0,"perc":28.571428571428569,"total":7.0},"Difficult Experiences":{"raw":2.0,"perc":28.571428571428569,"total":7.0},"Glowing Experiences":{"raw":1.0,"perc":14.285714285714285,"total":7.0},"Depression":{"raw":1.0,"perc":14.285714285714285,"total":7.0},"Mystical Experiences":{"raw":1.0,"perc":14.285714285714285,"total":7.0}}},"Female":{"Small Group (2-9)":{"First Times":{"raw":474.0,"perc":18.824463860206514,"total":2518.0},"Health Problems":{"raw":129.0,"perc":5.1231135822081022,"total":2518.0},"Post Trip Problems":{"raw":58.0,"perc":2.3034154090548054,"total":2518.0},"General":{"raw":378.0,"perc":15.011914217633043,"total":2518.0},"Nature / Outdoors":{"raw":48.0,"perc":1.9062748212867358,"total":2518.0},"Mystical Experiences":{"raw":76.0,"perc":3.0182684670373314,"total":2518.0},"Retrospective / Summary":{"raw":65.0,"perc":2.5814138204924544,"total":2518.0},"Difficult Experiences":{"raw":283.0,"perc":11.239078633836378,"total":2518.0},"Overdose":{"raw":54.0,"perc":2.1445591739475778,"total":2518.0},"Bad Trips":{"raw":126.0,"perc":5.0039714058776807,"total":2518.0},"Glowing Experiences":{"raw":226.0,"perc":8.9753772835583785,"total":2518.0},"Entities / Beings":{"raw":59.0,"perc":2.3431294678316124,"total":2518.0},"What Was in That?":{"raw":22.0,"perc":0.87370929308975376,"total":2518.0},"Sex Discussion":{"raw":82.0,"perc":3.2565528196981735,"total":2518.0},"Health Benefits":{"raw":12.0,"perc":0.47656870532168394,"total":2518.0},"Depression":{"raw":23.0,"perc":0.91342335186656076,"total":2518.0},"Second Hand Report":{"raw":33.0,"perc":1.3105639396346307,"total":2518.0},"Guides / Sitters":{"raw":60.0,"perc":2.3828435266084194,"total":2518.0},"Music Discussion":{"raw":35.0,"perc":1.3899920571882445,"total":2518.0},"Pregnancy / Baby":{"raw":3.0,"perc":0.11914217633042098,"total":2518.0},"Hangover / Days After":{"raw":86.0,"perc":3.415409054805401,"total":2518.0},"Preparation / Recipes":{"raw":22.0,"perc":0.87370929308975376,"total":2518.0},"Families":{"raw":15.0,"perc":0.59571088165210484,"total":2518.0},"Personal Preparation":{"raw":10.0,"perc":0.39714058776806987,"total":2518.0},"Relationships":{"raw":87.0,"perc":3.4551231135822085,"total":2518.0},"Multi-Day Experience":{"raw":18.0,"perc":0.71485305798252585,"total":2518.0},"Medical Use":{"raw":6.0,"perc":0.23828435266084197,"total":2518.0},"HPPD / Lasting Visuals":{"raw":5.0,"perc":0.19857029388403494,"total":2518.0},"Loss of Magic":{"raw":3.0,"perc":0.11914217633042098,"total":2518.0},"Therapeutic Intent or Outcome":{"raw":19.0,"perc":0.75456711675933286,"total":2518.0},"Poetry":{"raw":1.0,"perc":0.03971405877680699,"total":2518.0}},"Large Group (10+)":{"First Times":{"raw":24.0,"perc":18.3206106870229,"total":131.0},"Sex Discussion":{"raw":2.0,"perc":1.5267175572519083,"total":131.0},"General":{"raw":26.0,"perc":19.847328244274809,"total":131.0},"Post Trip Problems":{"raw":4.0,"perc":3.0534351145038165,"total":131.0},"Bad Trips":{"raw":7.0,"perc":5.343511450381679,"total":131.0},"Health Problems":{"raw":11.0,"perc":8.3969465648854964,"total":131.0},"Difficult Experiences":{"raw":14.0,"perc":10.687022900763358,"total":131.0},"Overdose":{"raw":2.0,"perc":1.5267175572519083,"total":131.0},"Glowing Experiences":{"raw":6.0,"perc":4.5801526717557248,"total":131.0},"Nature / Outdoors":{"raw":1.0,"perc":0.76335877862595414,"total":131.0},"Retrospective / Summary":{"raw":3.0,"perc":2.2900763358778624,"total":131.0},"Guides / Sitters":{"raw":3.0,"perc":2.2900763358778624,"total":131.0},"Entities / Beings":{"raw":2.0,"perc":1.5267175572519083,"total":131.0},"HPPD / Lasting Visuals":{"raw":1.0,"perc":0.76335877862595414,"total":131.0},"Relationships":{"raw":5.0,"perc":3.8167938931297711,"total":131.0},"Hangover / Days After":{"raw":8.0,"perc":6.1068702290076331,"total":131.0},"Mystical Experiences":{"raw":2.0,"perc":1.5267175572519083,"total":131.0},"Music Discussion":{"raw":3.0,"perc":2.2900763358778624,"total":131.0},"Health Benefits":{"raw":1.0,"perc":0.76335877862595414,"total":131.0},"What Was in That?":{"raw":1.0,"perc":0.76335877862595414,"total":131.0},"Second Hand Report":{"raw":3.0,"perc":2.2900763358778624,"total":131.0},"Multi-Day Experience":{"raw":2.0,"perc":1.5267175572519083,"total":131.0}},"Not Applicable":{"Retrospective / Summary":{"raw":172.0,"perc":24.641833810888254,"total":698.0},"Health Benefits":{"raw":49.0,"perc":7.0200573065902576,"total":698.0},"Depression":{"raw":55.0,"perc":7.8796561604584525,"total":698.0},"Poetry":{"raw":6.0,"perc":0.8595988538681949,"total":698.0},"Difficult Experiences":{"raw":20.0,"perc":2.8653295128939829,"total":698.0},"Glowing Experiences":{"raw":11.0,"perc":1.5759312320916905,"total":698.0},"Families":{"raw":10.0,"perc":1.4326647564469914,"total":698.0},"Preparation / Recipes":{"raw":4.0,"perc":0.57306590257879653,"total":698.0},"Second Hand Report":{"raw":13.0,"perc":1.8624641833810889,"total":698.0},"Entities / Beings":{"raw":2.0,"perc":0.28653295128939826,"total":698.0},"General":{"raw":54.0,"perc":7.7363896848137532,"total":698.0},"First Times":{"raw":11.0,"perc":1.5759312320916905,"total":698.0},"Health Problems":{"raw":61.0,"perc":8.7392550143266483,"total":698.0},"HPPD / Lasting Visuals":{"raw":1.0,"perc":0.14326647564469913,"total":698.0},"Post Trip Problems":{"raw":25.0,"perc":3.5816618911174785,"total":698.0},"Relationships":{"raw":17.0,"perc":2.4355300859598854,"total":698.0},"Loss of Magic":{"raw":3.0,"perc":0.42979942693409745,"total":698.0},"Medical Use":{"raw":83.0,"perc":11.891117478510029,"total":698.0},"Sex Discussion":{"raw":14.0,"perc":2.005730659025788,"total":698.0},"Hangover / Days After":{"raw":33.0,"perc":4.7277936962750715,"total":698.0},"Bad Trips":{"raw":5.0,"perc":0.71633237822349571,"total":698.0},"Music Discussion":{"raw":4.0,"perc":0.57306590257879653,"total":698.0},"Multi-Day Experience":{"raw":20.0,"perc":2.8653295128939829,"total":698.0},"Therapeutic Intent or Outcome":{"raw":11.0,"perc":1.5759312320916905,"total":698.0},"Pregnancy / Baby":{"raw":3.0,"perc":0.42979942693409745,"total":698.0},"Performance Enhancement":{"raw":6.0,"perc":0.8595988538681949,"total":698.0},"Nature / Outdoors":{"raw":1.0,"perc":0.14326647564469913,"total":698.0},"Overdose":{"raw":4.0,"perc":0.57306590257879653,"total":698.0}},"Rave / Dance Event":{"Health Problems":{"raw":12.0,"perc":6.3157894736842106,"total":190.0},"Post Trip Problems":{"raw":15.0,"perc":7.8947368421052628,"total":190.0},"First Times":{"raw":34.0,"perc":17.894736842105264,"total":190.0},"Bad Trips":{"raw":13.0,"perc":6.8421052631578956,"total":190.0},"Second Hand Report":{"raw":3.0,"perc":1.5789473684210527,"total":190.0},"Glowing Experiences":{"raw":23.0,"perc":12.105263157894736,"total":190.0},"Difficult Experiences":{"raw":20.0,"perc":10.526315789473683,"total":190.0},"Multi-Day Experience":{"raw":2.0,"perc":1.0526315789473684,"total":190.0},"What Was in That?":{"raw":9.0,"perc":4.7368421052631584,"total":190.0},"Retrospective / Summary":{"raw":6.0,"perc":3.1578947368421053,"total":190.0},"Nature / Outdoors":{"raw":5.0,"perc":2.6315789473684208,"total":190.0},"Sex Discussion":{"raw":2.0,"perc":1.0526315789473684,"total":190.0},"General":{"raw":11.0,"perc":5.7894736842105265,"total":190.0},"Families":{"raw":1.0,"perc":0.52631578947368418,"total":190.0},"Mystical Experiences":{"raw":3.0,"perc":1.5789473684210527,"total":190.0},"Relationships":{"raw":6.0,"perc":3.1578947368421053,"total":190.0},"Loss of Magic":{"raw":2.0,"perc":1.0526315789473684,"total":190.0},"Depression":{"raw":4.0,"perc":2.1052631578947367,"total":190.0},"Hangover / Days After":{"raw":9.0,"perc":4.7368421052631584,"total":190.0},"Overdose":{"raw":4.0,"perc":2.1052631578947367,"total":190.0},"Health Benefits":{"raw":1.0,"perc":0.52631578947368418,"total":190.0},"Personal Preparation":{"raw":1.0,"perc":0.52631578947368418,"total":190.0},"Guides / Sitters":{"raw":2.0,"perc":1.0526315789473684,"total":190.0},"Music Discussion":{"raw":1.0,"perc":0.52631578947368418,"total":190.0},"Therapeutic Intent or Outcome":{"raw":1.0,"perc":0.52631578947368418,"total":190.0}},"Unknown Context":{"Retrospective / Summary":{"raw":44.0,"perc":12.643678160919542,"total":348.0},"General":{"raw":71.0,"perc":20.402298850574713,"total":348.0},"Health Problems":{"raw":42.0,"perc":12.068965517241379,"total":348.0},"Overdose":{"raw":10.0,"perc":2.8735632183908044,"total":348.0},"Bad Trips":{"raw":7.0,"perc":2.0114942528735633,"total":348.0},"Post Trip Problems":{"raw":14.0,"perc":4.0229885057471266,"total":348.0},"Depression":{"raw":10.0,"perc":2.8735632183908044,"total":348.0},"Difficult Experiences":{"raw":22.0,"perc":6.3218390804597711,"total":348.0},"First Times":{"raw":29.0,"perc":8.3333333333333321,"total":348.0},"Glowing Experiences":{"raw":17.0,"perc":4.8850574712643677,"total":348.0},"Mystical Experiences":{"raw":10.0,"perc":2.8735632183908044,"total":348.0},"Loss of Magic":{"raw":4.0,"perc":1.1494252873563218,"total":348.0},"Preparation / Recipes":{"raw":5.0,"perc":1.4367816091954022,"total":348.0},"Cultivation / Synthesis":{"raw":1.0,"perc":0.28735632183908044,"total":348.0},"What Was in That?":{"raw":3.0,"perc":0.86206896551724133,"total":348.0},"Hangover / Days After":{"raw":12.0,"perc":3.4482758620689653,"total":348.0},"Poetry":{"raw":5.0,"perc":1.4367816091954022,"total":348.0},"Second Hand Report":{"raw":8.0,"perc":2.2988505747126435,"total":348.0},"Health Benefits":{"raw":6.0,"perc":1.7241379310344827,"total":348.0},"Families":{"raw":1.0,"perc":0.28735632183908044,"total":348.0},"Medical Use":{"raw":9.0,"perc":2.5862068965517242,"total":348.0},"Music Discussion":{"raw":2.0,"perc":0.57471264367816088,"total":348.0},"Entities / Beings":{"raw":1.0,"perc":0.28735632183908044,"total":348.0},"HPPD / Lasting Visuals":{"raw":3.0,"perc":0.86206896551724133,"total":348.0},"Relationships":{"raw":4.0,"perc":1.1494252873563218,"total":348.0},"Therapeutic Intent or Outcome":{"raw":5.0,"perc":1.4367816091954022,"total":348.0},"Sex Discussion":{"raw":2.0,"perc":0.57471264367816088,"total":348.0},"Nature / Outdoors":{"raw":1.0,"perc":0.28735632183908044,"total":348.0}},"Various":{"Retrospective / Summary":{"raw":179.0,"perc":17.277992277992276,"total":1036.0},"Difficult Experiences":{"raw":83.0,"perc":8.0115830115830118,"total":1036.0},"General":{"raw":112.0,"perc":10.810810810810811,"total":1036.0},"First Times":{"raw":83.0,"perc":8.0115830115830118,"total":1036.0},"Depression":{"raw":47.0,"perc":4.5366795366795367,"total":1036.0},"Health Problems":{"raw":102.0,"perc":9.8455598455598459,"total":1036.0},"What Was in That?":{"raw":8.0,"perc":0.77220077220077221,"total":1036.0},"Overdose":{"raw":31.0,"perc":2.9922779922779923,"total":1036.0},"Glowing Experiences":{"raw":58.0,"perc":5.5984555984555984,"total":1036.0},"Sex Discussion":{"raw":23.0,"perc":2.2200772200772203,"total":1036.0},"Bad Trips":{"raw":35.0,"perc":3.3783783783783785,"total":1036.0},"Post Trip Problems":{"raw":49.0,"perc":4.72972972972973,"total":1036.0},"Loss of Magic":{"raw":12.0,"perc":1.1583011583011582,"total":1036.0},"Music Discussion":{"raw":14.0,"perc":1.3513513513513513,"total":1036.0},"Multi-Day Experience":{"raw":16.0,"perc":1.5444015444015444,"total":1036.0},"Preparation / Recipes":{"raw":5.0,"perc":0.4826254826254826,"total":1036.0},"Mystical Experiences":{"raw":10.0,"perc":0.96525096525096521,"total":1036.0},"Health Benefits":{"raw":19.0,"perc":1.8339768339768341,"total":1036.0},"Families":{"raw":9.0,"perc":0.86872586872586877,"total":1036.0},"Relationships":{"raw":26.0,"perc":2.5096525096525095,"total":1036.0},"Guides / Sitters":{"raw":8.0,"perc":0.77220077220077221,"total":1036.0},"Second Hand Report":{"raw":2.0,"perc":0.19305019305019305,"total":1036.0},"Hangover / Days After":{"raw":36.0,"perc":3.4749034749034751,"total":1036.0},"Personal Preparation":{"raw":7.0,"perc":0.67567567567567566,"total":1036.0},"Entities / Beings":{"raw":9.0,"perc":0.86872586872586877,"total":1036.0},"Nature / Outdoors":{"raw":8.0,"perc":0.77220077220077221,"total":1036.0},"Medical Use":{"raw":23.0,"perc":2.2200772200772203,"total":1036.0},"Poetry":{"raw":3.0,"perc":0.28957528957528955,"total":1036.0},"Pregnancy / Baby":{"raw":2.0,"perc":0.19305019305019305,"total":1036.0},"HPPD / Lasting Visuals":{"raw":4.0,"perc":0.38610038610038611,"total":1036.0},"Performance Enhancement":{"raw":4.0,"perc":0.38610038610038611,"total":1036.0},"Therapeutic Intent or Outcome":{"raw":9.0,"perc":0.86872586872586877,"total":1036.0}},"Alone":{"General":{"raw":235.0,"perc":20.870337477797513,"total":1126.0},"Health Problems":{"raw":52.0,"perc":4.6181172291296626,"total":1126.0},"Post Trip Problems":{"raw":19.0,"perc":1.6873889875666075,"total":1126.0},"Difficult Experiences":{"raw":95.0,"perc":8.4369449378330366,"total":1126.0},"Retrospective / Summary":{"raw":57.0,"perc":5.0621669626998225,"total":1126.0},"Depression":{"raw":21.0,"perc":1.8650088809946712,"total":1126.0},"What Was in That?":{"raw":5.0,"perc":0.44404973357015981,"total":1126.0},"First Times":{"raw":167.0,"perc":14.83126110124334,"total":1126.0},"Health Benefits":{"raw":27.0,"perc":2.3978685612788633,"total":1126.0},"Music Discussion":{"raw":34.0,"perc":3.0195381882770871,"total":1126.0},"Preparation / Recipes":{"raw":20.0,"perc":1.7761989342806392,"total":1126.0},"Glowing Experiences":{"raw":81.0,"perc":7.1936056838365907,"total":1126.0},"Nature / Outdoors":{"raw":13.0,"perc":1.1545293072824157,"total":1126.0},"Bad Trips":{"raw":41.0,"perc":3.6412078152753109,"total":1126.0},"Hangover / Days After":{"raw":58.0,"perc":5.1509769094138544,"total":1126.0},"Overdose":{"raw":33.0,"perc":2.9307282415630551,"total":1126.0},"HPPD / Lasting Visuals":{"raw":4.0,"perc":0.35523978685612789,"total":1126.0},"Personal Preparation":{"raw":8.0,"perc":0.71047957371225579,"total":1126.0},"Mystical Experiences":{"raw":22.0,"perc":1.9538188277087036,"total":1126.0},"Entities / Beings":{"raw":27.0,"perc":2.3978685612788633,"total":1126.0},"Sex Discussion":{"raw":14.0,"perc":1.2433392539964476,"total":1126.0},"Cultivation / Synthesis":{"raw":1.0,"perc":0.088809946714031973,"total":1126.0},"Guides / Sitters":{"raw":3.0,"perc":0.26642984014209592,"total":1126.0},"Second Hand Report":{"raw":4.0,"perc":0.35523978685612789,"total":1126.0},"Medical Use":{"raw":32.0,"perc":2.8419182948490231,"total":1126.0},"Relationships":{"raw":5.0,"perc":0.44404973357015981,"total":1126.0},"Multi-Day Experience":{"raw":13.0,"perc":1.1545293072824157,"total":1126.0},"Families":{"raw":2.0,"perc":0.17761989342806395,"total":1126.0},"Therapeutic Intent or Outcome":{"raw":24.0,"perc":2.1314387211367674,"total":1126.0},"Loss of Magic":{"raw":1.0,"perc":0.088809946714031973,"total":1126.0},"Performance Enhancement":{"raw":6.0,"perc":0.53285968028419184,"total":1126.0},"Pregnancy / Baby":{"raw":1.0,"perc":0.088809946714031973,"total":1126.0},"Poetry":{"raw":1.0,"perc":0.088809946714031973,"total":1126.0}},"Festival / Lg. Crowd":{"First Times":{"raw":13.0,"perc":13.402061855670103,"total":97.0},"Mystical Experiences":{"raw":5.0,"perc":5.1546391752577314,"total":97.0},"Difficult Experiences":{"raw":15.0,"perc":15.463917525773196,"total":97.0},"Overdose":{"raw":2.0,"perc":2.0618556701030926,"total":97.0},"Glowing Experiences":{"raw":13.0,"perc":13.402061855670103,"total":97.0},"General":{"raw":16.0,"perc":16.494845360824741,"total":97.0},"Health Problems":{"raw":7.0,"perc":7.216494845360824,"total":97.0},"Guides / Sitters":{"raw":2.0,"perc":2.0618556701030926,"total":97.0},"Retrospective / Summary":{"raw":1.0,"perc":1.0309278350515463,"total":97.0},"Entities / Beings":{"raw":1.0,"perc":1.0309278350515463,"total":97.0},"Second Hand Report":{"raw":2.0,"perc":2.0618556701030926,"total":97.0},"Music Discussion":{"raw":5.0,"perc":5.1546391752577314,"total":97.0},"Depression":{"raw":1.0,"perc":1.0309278350515463,"total":97.0},"Hangover / Days After":{"raw":4.0,"perc":4.1237113402061851,"total":97.0},"Multi-Day Experience":{"raw":3.0,"perc":3.0927835051546393,"total":97.0},"Health Benefits":{"raw":1.0,"perc":1.0309278350515463,"total":97.0},"Medical Use":{"raw":1.0,"perc":1.0309278350515463,"total":97.0},"Bad Trips":{"raw":2.0,"perc":2.0618556701030926,"total":97.0},"Preparation / Recipes":{"raw":1.0,"perc":1.0309278350515463,"total":97.0},"Relationships":{"raw":1.0,"perc":1.0309278350515463,"total":97.0},"Nature / Outdoors":{"raw":1.0,"perc":1.0309278350515463,"total":97.0}},"Club / Bar":{"First Times":{"raw":13.0,"perc":13.978494623655912,"total":93.0},"Glowing Experiences":{"raw":8.0,"perc":8.60215053763441,"total":93.0},"Health Problems":{"raw":8.0,"perc":8.60215053763441,"total":93.0},"Bad Trips":{"raw":2.0,"perc":2.1505376344086025,"total":93.0},"General":{"raw":9.0,"perc":9.67741935483871,"total":93.0},"Difficult Experiences":{"raw":10.0,"perc":10.75268817204301,"total":93.0},"What Was in That?":{"raw":4.0,"perc":4.3010752688172049,"total":93.0},"Depression":{"raw":3.0,"perc":3.225806451612903,"total":93.0},"Music Discussion":{"raw":7.0,"perc":7.5268817204301079,"total":93.0},"Mystical Experiences":{"raw":1.0,"perc":1.0752688172043012,"total":93.0},"Retrospective / Summary":{"raw":6.0,"perc":6.4516129032258061,"total":93.0},"Loss of Magic":{"raw":1.0,"perc":1.0752688172043012,"total":93.0},"Post Trip Problems":{"raw":6.0,"perc":6.4516129032258061,"total":93.0},"Overdose":{"raw":1.0,"perc":1.0752688172043012,"total":93.0},"Relationships":{"raw":4.0,"perc":4.3010752688172049,"total":93.0},"Entities / Beings":{"raw":1.0,"perc":1.0752688172043012,"total":93.0},"Hangover / Days After":{"raw":3.0,"perc":3.225806451612903,"total":93.0},"Multi-Day Experience":{"raw":1.0,"perc":1.0752688172043012,"total":93.0},"Families":{"raw":1.0,"perc":1.0752688172043012,"total":93.0},"Sex Discussion":{"raw":3.0,"perc":3.225806451612903,"total":93.0},"Therapeutic Intent or Outcome":{"raw":1.0,"perc":1.0752688172043012,"total":93.0}},"School":{"First Times":{"raw":9.0,"perc":12.676056338028168,"total":71.0},"Retrospective / Summary":{"raw":4.0,"perc":5.6338028169014089,"total":71.0},"Health Problems":{"raw":10.0,"perc":14.084507042253522,"total":71.0},"Difficult Experiences":{"raw":5.0,"perc":7.042253521126761,"total":71.0},"Overdose":{"raw":8.0,"perc":11.267605633802818,"total":71.0},"Hangover / Days After":{"raw":3.0,"perc":4.225352112676056,"total":71.0},"Bad Trips":{"raw":2.0,"perc":2.8169014084507045,"total":71.0},"Glowing Experiences":{"raw":6.0,"perc":8.4507042253521121,"total":71.0},"Depression":{"raw":1.0,"perc":1.4084507042253522,"total":71.0},"General":{"raw":12.0,"perc":16.901408450704224,"total":71.0},"Health Benefits":{"raw":1.0,"perc":1.4084507042253522,"total":71.0},"Medical Use":{"raw":4.0,"perc":5.6338028169014089,"total":71.0},"Multi-Day Experience":{"raw":3.0,"perc":4.225352112676056,"total":71.0},"Entities / Beings":{"raw":1.0,"perc":1.4084507042253522,"total":71.0},"Post Trip Problems":{"raw":1.0,"perc":1.4084507042253522,"total":71.0},"Relationships":{"raw":1.0,"perc":1.4084507042253522,"total":71.0}},"Hospital":{"Health Problems":{"raw":30.0,"perc":20.27027027027027,"total":148.0},"Overdose":{"raw":18.0,"perc":12.162162162162163,"total":148.0},"Post Trip Problems":{"raw":7.0,"perc":4.72972972972973,"total":148.0},"Difficult Experiences":{"raw":11.0,"perc":7.4324324324324325,"total":148.0},"Medical Use":{"raw":16.0,"perc":10.810810810810811,"total":148.0},"General":{"raw":10.0,"perc":6.756756756756757,"total":148.0},"Depression":{"raw":3.0,"perc":2.0270270270270272,"total":148.0},"Bad Trips":{"raw":9.0,"perc":6.0810810810810816,"total":148.0},"Health Benefits":{"raw":3.0,"perc":2.0270270270270272,"total":148.0},"Retrospective / Summary":{"raw":3.0,"perc":2.0270270270270272,"total":148.0},"Multi-Day Experience":{"raw":3.0,"perc":2.0270270270270272,"total":148.0},"Families":{"raw":4.0,"perc":2.7027027027027026,"total":148.0},"Hangover / Days After":{"raw":8.0,"perc":5.4054054054054053,"total":148.0},"Entities / Beings":{"raw":2.0,"perc":1.3513513513513513,"total":148.0},"Second Hand Report":{"raw":5.0,"perc":3.3783783783783785,"total":148.0},"First Times":{"raw":7.0,"perc":4.72972972972973,"total":148.0},"Preparation / Recipes":{"raw":1.0,"perc":0.67567567567567566,"total":148.0},"Glowing Experiences":{"raw":2.0,"perc":1.3513513513513513,"total":148.0},"Mystical Experiences":{"raw":1.0,"perc":0.67567567567567566,"total":148.0},"What Was in That?":{"raw":1.0,"perc":0.67567567567567566,"total":148.0},"Therapeutic Intent or Outcome":{"raw":3.0,"perc":2.0270270270270272,"total":148.0},"Guides / Sitters":{"raw":1.0,"perc":0.67567567567567566,"total":148.0}},"Group Ceremony":{"First Times":{"raw":6.0,"perc":10.714285714285714,"total":56.0},"Mystical Experiences":{"raw":5.0,"perc":8.9285714285714288,"total":56.0},"Difficult Experiences":{"raw":4.0,"perc":7.1428571428571423,"total":56.0},"Bad Trips":{"raw":1.0,"perc":1.7857142857142856,"total":56.0},"Depression":{"raw":2.0,"perc":3.5714285714285712,"total":56.0},"Hangover / Days After":{"raw":1.0,"perc":1.7857142857142856,"total":56.0},"General":{"raw":11.0,"perc":19.642857142857142,"total":56.0},"Entities / Beings":{"raw":5.0,"perc":8.9285714285714288,"total":56.0},"Nature / Outdoors":{"raw":3.0,"perc":5.3571428571428568,"total":56.0},"Relationships":{"raw":1.0,"perc":1.7857142857142856,"total":56.0},"Glowing Experiences":{"raw":5.0,"perc":8.9285714285714288,"total":56.0},"Guides / Sitters":{"raw":3.0,"perc":5.3571428571428568,"total":56.0},"Retrospective / Summary":{"raw":1.0,"perc":1.7857142857142856,"total":56.0},"Multi-Day Experience":{"raw":3.0,"perc":5.3571428571428568,"total":56.0},"Therapeutic Intent or Outcome":{"raw":3.0,"perc":5.3571428571428568,"total":56.0},"Sex Discussion":{"raw":1.0,"perc":1.7857142857142856,"total":56.0},"Personal Preparation":{"raw":1.0,"perc":1.7857142857142856,"total":56.0}},"Large Party":{"Difficult Experiences":{"raw":1.0,"perc":100.0,"total":1.0}},"Workplace":{"General":{"raw":1.0,"perc":20.0,"total":5.0},"Difficult Experiences":{"raw":2.0,"perc":40.0,"total":5.0},"First Times":{"raw":1.0,"perc":20.0,"total":5.0},"Bad Trips":{"raw":1.0,"perc":20.0,"total":5.0}},"Public Space (Museum, Park, etc)":{"General":{"raw":1.0,"perc":20.0,"total":5.0},"First Times":{"raw":1.0,"perc":20.0,"total":5.0},"Glowing Experiences":{"raw":2.0,"perc":40.0,"total":5.0},"Nature / Outdoors":{"raw":1.0,"perc":20.0,"total":5.0}}}}