{"Medium":{"First Times":{"Small Group (2-9)":{"raw":1624.0,"perc":44.750620005511159,"total":3629.0},"Rave / Dance Event":{"raw":52.0,"perc":1.4329016257922293,"total":3629.0},"Large Group (10+)":{"raw":94.0,"perc":2.5902452466244141,"total":3629.0},"Unknown Context":{"raw":124.0,"perc":3.4169192615045465,"total":3629.0},"Alone":{"raw":1173.0,"perc":32.322953981813171,"total":3629.0},"Club / Bar":{"raw":45.0,"perc":1.2400110223201983,"total":3629.0},"Festival / Lg. Crowd":{"raw":63.0,"perc":1.7360154312482778,"total":3629.0},"Various":{"raw":359.0,"perc":9.8925323780655834,"total":3629.0},"School":{"raw":36.0,"perc":0.9920088178561588,"total":3629.0},"Hospital":{"raw":10.0,"perc":0.27555800496004412,"total":3629.0},"Not Applicable":{"raw":30.0,"perc":0.82667401488013237,"total":3629.0},"Group Ceremony":{"raw":8.0,"perc":0.2204464039680353,"total":3629.0},"Military":{"raw":1.0,"perc":0.027555800496004413,"total":3629.0},"Public Space (Museum, Park, etc)":{"raw":6.0,"perc":0.16533480297602646,"total":3629.0},"Workplace":{"raw":4.0,"perc":0.11022320198401765,"total":3629.0}},"General":{"Small Group (2-9)":{"raw":1811.0,"perc":34.83362185035584,"total":5199.0},"Unknown Context":{"raw":528.0,"perc":10.155799192152337,"total":5199.0},"Alone":{"raw":1635.0,"perc":31.448355452971725,"total":5199.0},"Large Group (10+)":{"raw":110.0,"perc":2.1157914983650703,"total":5199.0},"Various":{"raw":558.0,"perc":10.732833237160992,"total":5199.0},"Club / Bar":{"raw":62.0,"perc":1.1925370263512214,"total":5199.0},"Rave / Dance Event":{"raw":50.0,"perc":0.96172340834775916,"total":5199.0},"Festival / Lg. Crowd":{"raw":85.0,"perc":1.6349297941911904,"total":5199.0},"Group Ceremony":{"raw":15.0,"perc":0.28851702250432776,"total":5199.0},"Hospital":{"raw":20.0,"perc":0.3846893633391037,"total":5199.0},"School":{"raw":65.0,"perc":1.2502404308520871,"total":5199.0},"Not Applicable":{"raw":247.0,"perc":4.7509136372379306,"total":5199.0},"Public Space (Museum, Park, etc)":{"raw":7.0,"perc":0.13464127716868629,"total":5199.0},"Military":{"raw":3.0,"perc":0.05770340450086555,"total":5199.0},"Workplace":{"raw":3.0,"perc":0.05770340450086555,"total":5199.0}},"Music Discussion":{"Small Group (2-9)":{"raw":211.0,"perc":35.2253756260434,"total":599.0},"Alone":{"raw":216.0,"perc":36.060100166944906,"total":599.0},"Various":{"raw":96.0,"perc":16.026711185308848,"total":599.0},"Large Group (10+)":{"raw":13.0,"perc":2.1702838063439067,"total":599.0},"Festival / Lg. Crowd":{"raw":22.0,"perc":3.672787979966611,"total":599.0},"Club / Bar":{"raw":10.0,"perc":1.669449081803005,"total":599.0},"Rave / Dance Event":{"raw":7.0,"perc":1.1686143572621035,"total":599.0},"Not Applicable":{"raw":12.0,"perc":2.003338898163606,"total":599.0},"Unknown Context":{"raw":8.0,"perc":1.335559265442404,"total":599.0},"School":{"raw":2.0,"perc":0.333889816360601,"total":599.0},"Group Ceremony":{"raw":2.0,"perc":0.333889816360601,"total":599.0}},"Nature / Outdoors":{"Small Group (2-9)":{"raw":283.0,"perc":58.835758835758831,"total":481.0},"Alone":{"raw":92.0,"perc":19.126819126819129,"total":481.0},"Unknown Context":{"raw":4.0,"perc":0.83160083160083165,"total":481.0},"Various":{"raw":65.0,"perc":13.513513513513514,"total":481.0},"Large Group (10+)":{"raw":5.0,"perc":1.0395010395010396,"total":481.0},"Festival / Lg. Crowd":{"raw":11.0,"perc":2.2869022869022873,"total":481.0},"Rave / Dance Event":{"raw":6.0,"perc":1.2474012474012475,"total":481.0},"Not Applicable":{"raw":7.0,"perc":1.4553014553014554,"total":481.0},"Club / Bar":{"raw":2.0,"perc":0.41580041580041582,"total":481.0},"Group Ceremony":{"raw":1.0,"perc":0.20790020790020791,"total":481.0},"Public Space (Museum, Park, etc)":{"raw":5.0,"perc":1.0395010395010396,"total":481.0}},"Glowing Experiences":{"Rave / Dance Event":{"raw":62.0,"perc":2.9665071770334928,"total":2090.0},"Alone":{"raw":577.0,"perc":27.60765550239234,"total":2090.0},"Small Group (2-9)":{"raw":876.0,"perc":41.913875598086122,"total":2090.0},"Club / Bar":{"raw":30.0,"perc":1.4354066985645932,"total":2090.0},"Unknown Context":{"raw":96.0,"perc":4.5933014354066986,"total":2090.0},"Various":{"raw":255.0,"perc":12.200956937799043,"total":2090.0},"Large Group (10+)":{"raw":43.0,"perc":2.057416267942584,"total":2090.0},"Festival / Lg. Crowd":{"raw":68.0,"perc":3.2535885167464111,"total":2090.0},"School":{"raw":21.0,"perc":1.0047846889952152,"total":2090.0},"Not Applicable":{"raw":39.0,"perc":1.8660287081339715,"total":2090.0},"Group Ceremony":{"raw":10.0,"perc":0.4784688995215311,"total":2090.0},"Hospital":{"raw":5.0,"perc":0.23923444976076555,"total":2090.0},"Public Space (Museum, Park, etc)":{"raw":5.0,"perc":0.23923444976076555,"total":2090.0},"Large Party":{"raw":1.0,"perc":0.04784688995215311,"total":2090.0},"Workplace":{"raw":2.0,"perc":0.09569377990430622,"total":2090.0}},"Retrospective / Summary":{"Alone":{"raw":300.0,"perc":13.239187996469552,"total":2266.0},"Various":{"raw":750.0,"perc":33.097969991173876,"total":2266.0},"Unknown Context":{"raw":281.0,"perc":12.400706090026478,"total":2266.0},"Not Applicable":{"raw":609.0,"perc":26.87555163283319,"total":2266.0},"Small Group (2-9)":{"raw":220.0,"perc":9.70873786407767,"total":2266.0},"Club / Bar":{"raw":23.0,"perc":1.0150044130626656,"total":2266.0},"Rave / Dance Event":{"raw":14.0,"perc":0.617828773168579,"total":2266.0},"Large Group (10+)":{"raw":13.0,"perc":0.57369814651368056,"total":2266.0},"Group Ceremony":{"raw":3.0,"perc":0.13239187996469551,"total":2266.0},"Hospital":{"raw":12.0,"perc":0.529567519858782,"total":2266.0},"School":{"raw":26.0,"perc":1.1473962930273611,"total":2266.0},"Festival / Lg. Crowd":{"raw":5.0,"perc":0.22065313327449249,"total":2266.0},"Military":{"raw":5.0,"perc":0.22065313327449249,"total":2266.0},"Large Party":{"raw":1.0,"perc":0.0441306266548985,"total":2266.0},"Workplace":{"raw":3.0,"perc":0.13239187996469551,"total":2266.0},"Public Space (Museum, Park, etc)":{"raw":1.0,"perc":0.0441306266548985,"total":2266.0}},"Health Problems":{"Small Group (2-9)":{"raw":200.0,"perc":20.491803278688526,"total":976.0},"Various":{"raw":213.0,"perc":21.82377049180328,"total":976.0},"Rave / Dance Event":{"raw":10.0,"perc":1.0245901639344261,"total":976.0},"Large Group (10+)":{"raw":13.0,"perc":1.331967213114754,"total":976.0},"Alone":{"raw":185.0,"perc":18.954918032786885,"total":976.0},"Unknown Context":{"raw":153.0,"perc":15.676229508196721,"total":976.0},"Club / Bar":{"raw":15.0,"perc":1.5368852459016393,"total":976.0},"Not Applicable":{"raw":154.0,"perc":15.778688524590164,"total":976.0},"Hospital":{"raw":19.0,"perc":1.9467213114754098,"total":976.0},"School":{"raw":5.0,"perc":0.51229508196721307,"total":976.0},"Festival / Lg. Crowd":{"raw":6.0,"perc":0.61475409836065575,"total":976.0},"Military":{"raw":2.0,"perc":0.20491803278688525,"total":976.0},"Workplace":{"raw":1.0,"perc":0.10245901639344263,"total":976.0}},"Multi-Day Experience":{"Small Group (2-9)":{"raw":46.0,"perc":17.358490566037734,"total":265.0},"Various":{"raw":73.0,"perc":27.547169811320753,"total":265.0},"Festival / Lg. Crowd":{"raw":8.0,"perc":3.0188679245283021,"total":265.0},"Alone":{"raw":55.0,"perc":20.754716981132077,"total":265.0},"Club / Bar":{"raw":2.0,"perc":0.75471698113207553,"total":265.0},"Large Group (10+)":{"raw":4.0,"perc":1.5094339622641511,"total":265.0},"Not Applicable":{"raw":54.0,"perc":20.377358490566039,"total":265.0},"Hospital":{"raw":5.0,"perc":1.8867924528301887,"total":265.0},"Unknown Context":{"raw":9.0,"perc":3.3962264150943398,"total":265.0},"Rave / Dance Event":{"raw":2.0,"perc":0.75471698113207553,"total":265.0},"School":{"raw":4.0,"perc":1.5094339622641511,"total":265.0},"Group Ceremony":{"raw":2.0,"perc":0.75471698113207553,"total":265.0},"Workplace":{"raw":1.0,"perc":0.37735849056603776,"total":265.0}},"Sex Discussion":{"Large Group (10+)":{"raw":2.0,"perc":0.47732696897374705,"total":419.0},"Small Group (2-9)":{"raw":196.0,"perc":46.778042959427211,"total":419.0},"Various":{"raw":85.0,"perc":20.286396181384248,"total":419.0},"Club / Bar":{"raw":4.0,"perc":0.95465393794749409,"total":419.0},"Alone":{"raw":82.0,"perc":19.570405727923628,"total":419.0},"Rave / Dance Event":{"raw":3.0,"perc":0.71599045346062051,"total":419.0},"Unknown Context":{"raw":13.0,"perc":3.1026252983293556,"total":419.0},"Not Applicable":{"raw":27.0,"perc":6.4439140811455857,"total":419.0},"Festival / Lg. Crowd":{"raw":5.0,"perc":1.1933174224343674,"total":419.0},"School":{"raw":1.0,"perc":0.23866348448687352,"total":419.0},"Group Ceremony":{"raw":1.0,"perc":0.23866348448687352,"total":419.0}},"Post Trip Problems":{"Large Group (10+)":{"raw":7.0,"perc":1.7811704834605597,"total":393.0},"Various":{"raw":114.0,"perc":29.007633587786259,"total":393.0},"Rave / Dance Event":{"raw":17.0,"perc":4.3256997455470731,"total":393.0},"Alone":{"raw":53.0,"perc":13.486005089058525,"total":393.0},"Unknown Context":{"raw":63.0,"perc":16.030534351145036,"total":393.0},"Club / Bar":{"raw":7.0,"perc":1.7811704834605597,"total":393.0},"Small Group (2-9)":{"raw":71.0,"perc":18.066157760814249,"total":393.0},"Not Applicable":{"raw":50.0,"perc":12.72264631043257,"total":393.0},"Hospital":{"raw":5.0,"perc":1.2722646310432568,"total":393.0},"School":{"raw":3.0,"perc":0.76335877862595414,"total":393.0},"Group Ceremony":{"raw":1.0,"perc":0.2544529262086514,"total":393.0},"Festival / Lg. Crowd":{"raw":2.0,"perc":0.5089058524173028,"total":393.0}},"Difficult Experiences":{"Various":{"raw":200.0,"perc":16.58374792703151,"total":1206.0},"Large Group (10+)":{"raw":29.0,"perc":2.4046434494195692,"total":1206.0},"Unknown Context":{"raw":54.0,"perc":4.4776119402985071,"total":1206.0},"Small Group (2-9)":{"raw":458.0,"perc":37.976782752902153,"total":1206.0},"Rave / Dance Event":{"raw":25.0,"perc":2.0729684908789388,"total":1206.0},"Club / Bar":{"raw":18.0,"perc":1.4925373134328357,"total":1206.0},"Alone":{"raw":334.0,"perc":27.694859038142621,"total":1206.0},"Festival / Lg. Crowd":{"raw":23.0,"perc":1.9071310116086235,"total":1206.0},"Not Applicable":{"raw":35.0,"perc":2.902155887230514,"total":1206.0},"Hospital":{"raw":11.0,"perc":0.91210613598673307,"total":1206.0},"School":{"raw":11.0,"perc":0.91210613598673307,"total":1206.0},"Public Space (Museum, Park, etc)":{"raw":3.0,"perc":0.24875621890547264,"total":1206.0},"Workplace":{"raw":1.0,"perc":0.082918739635157543,"total":1206.0},"Group Ceremony":{"raw":3.0,"perc":0.24875621890547264,"total":1206.0},"Large Party":{"raw":1.0,"perc":0.082918739635157543,"total":1206.0}},"Overdose":{"Various":{"raw":35.0,"perc":19.886363636363637,"total":176.0},"Small Group (2-9)":{"raw":58.0,"perc":32.954545454545453,"total":176.0},"Alone":{"raw":40.0,"perc":22.727272727272727,"total":176.0},"Unknown Context":{"raw":13.0,"perc":7.3863636363636367,"total":176.0},"Large Group (10+)":{"raw":3.0,"perc":1.7045454545454544,"total":176.0},"Hospital":{"raw":12.0,"perc":6.8181818181818175,"total":176.0},"Not Applicable":{"raw":6.0,"perc":3.4090909090909087,"total":176.0},"Club / Bar":{"raw":3.0,"perc":1.7045454545454544,"total":176.0},"School":{"raw":5.0,"perc":2.8409090909090908,"total":176.0},"Rave / Dance Event":{"raw":1.0,"perc":0.56818181818181823,"total":176.0}},"Mystical Experiences":{"Small Group (2-9)":{"raw":210.0,"perc":42.51012145748988,"total":494.0},"Alone":{"raw":160.0,"perc":32.388663967611336,"total":494.0},"Unknown Context":{"raw":28.0,"perc":5.668016194331984,"total":494.0},"Various":{"raw":39.0,"perc":7.8947368421052628,"total":494.0},"Group Ceremony":{"raw":15.0,"perc":3.0364372469635628,"total":494.0},"Club / Bar":{"raw":4.0,"perc":0.80971659919028338,"total":494.0},"Festival / Lg. Crowd":{"raw":13.0,"perc":2.6315789473684208,"total":494.0},"Rave / Dance Event":{"raw":7.0,"perc":1.417004048582996,"total":494.0},"Not Applicable":{"raw":12.0,"perc":2.42914979757085,"total":494.0},"Large Group (10+)":{"raw":6.0,"perc":1.214574898785425,"total":494.0}},"Depression":{"Small Group (2-9)":{"raw":45.0,"perc":12.747875354107649,"total":353.0},"Rave / Dance Event":{"raw":5.0,"perc":1.41643059490085,"total":353.0},"Unknown Context":{"raw":34.0,"perc":9.6317280453257776,"total":353.0},"Various":{"raw":102.0,"perc":28.895184135977338,"total":353.0},"Alone":{"raw":71.0,"perc":20.113314447592067,"total":353.0},"Club / Bar":{"raw":3.0,"perc":0.84985835694051,"total":353.0},"Not Applicable":{"raw":83.0,"perc":23.512747875354105,"total":353.0},"Large Group (10+)":{"raw":2.0,"perc":0.56657223796034,"total":353.0},"Hospital":{"raw":4.0,"perc":1.13314447592068,"total":353.0},"School":{"raw":4.0,"perc":1.13314447592068,"total":353.0}},"Preparation / Recipes":{"Unknown Context":{"raw":98.0,"perc":16.896551724137932,"total":580.0},"Small Group (2-9)":{"raw":126.0,"perc":21.72413793103448,"total":580.0},"Not Applicable":{"raw":104.0,"perc":17.931034482758619,"total":580.0},"Alone":{"raw":190.0,"perc":32.758620689655174,"total":580.0},"Various":{"raw":51.0,"perc":8.7931034482758612,"total":580.0},"Large Group (10+)":{"raw":3.0,"perc":0.51724137931034486,"total":580.0},"Club / Bar":{"raw":1.0,"perc":0.17241379310344829,"total":580.0},"School":{"raw":1.0,"perc":0.17241379310344829,"total":580.0},"Festival / Lg. Crowd":{"raw":4.0,"perc":0.68965517241379315,"total":580.0},"Rave / Dance Event":{"raw":2.0,"perc":0.34482758620689657,"total":580.0}},"Entities / Beings":{"Alone":{"raw":195.0,"perc":44.827586206896555,"total":435.0},"Small Group (2-9)":{"raw":153.0,"perc":35.172413793103445,"total":435.0},"Unknown Context":{"raw":20.0,"perc":4.5977011494252871,"total":435.0},"Rave / Dance Event":{"raw":2.0,"perc":0.45977011494252873,"total":435.0},"Various":{"raw":38.0,"perc":8.7356321839080451,"total":435.0},"Not Applicable":{"raw":9.0,"perc":2.0689655172413794,"total":435.0},"Club / Bar":{"raw":1.0,"perc":0.22988505747126436,"total":435.0},"Large Group (10+)":{"raw":3.0,"perc":0.68965517241379315,"total":435.0},"Group Ceremony":{"raw":10.0,"perc":2.2988505747126435,"total":435.0},"Military":{"raw":1.0,"perc":0.22988505747126436,"total":435.0},"School":{"raw":1.0,"perc":0.22988505747126436,"total":435.0},"Hospital":{"raw":1.0,"perc":0.22988505747126436,"total":435.0},"Festival / Lg. Crowd":{"raw":1.0,"perc":0.22988505747126436,"total":435.0}},"Bad Trips":{"Large Group (10+)":{"raw":10.0,"perc":3.3783783783783785,"total":296.0},"Alone":{"raw":80.0,"perc":27.027027027027028,"total":296.0},"Rave / Dance Event":{"raw":9.0,"perc":3.0405405405405408,"total":296.0},"Small Group (2-9)":{"raw":108.0,"perc":36.486486486486484,"total":296.0},"Unknown Context":{"raw":17.0,"perc":5.7432432432432439,"total":296.0},"Various":{"raw":48.0,"perc":16.216216216216218,"total":296.0},"Club / Bar":{"raw":4.0,"perc":1.3513513513513513,"total":296.0},"Not Applicable":{"raw":6.0,"perc":2.0270270270270272,"total":296.0},"School":{"raw":3.0,"perc":1.0135135135135136,"total":296.0},"Festival / Lg. Crowd":{"raw":3.0,"perc":1.0135135135135136,"total":296.0},"Hospital":{"raw":8.0,"perc":2.7027027027027026,"total":296.0}},"What Was in That?":{"Rave / Dance Event":{"raw":9.0,"perc":8.1818181818181817,"total":110.0},"Small Group (2-9)":{"raw":36.0,"perc":32.727272727272727,"total":110.0},"Various":{"raw":26.0,"perc":23.636363636363637,"total":110.0},"Club / Bar":{"raw":8.0,"perc":7.2727272727272725,"total":110.0},"Alone":{"raw":17.0,"perc":15.454545454545453,"total":110.0},"Large Group (10+)":{"raw":1.0,"perc":0.90909090909090906,"total":110.0},"Unknown Context":{"raw":10.0,"perc":9.0909090909090917,"total":110.0},"School":{"raw":1.0,"perc":0.90909090909090906,"total":110.0},"Festival / Lg. Crowd":{"raw":1.0,"perc":0.90909090909090906,"total":110.0},"Not Applicable":{"raw":1.0,"perc":0.90909090909090906,"total":110.0}},"Second Hand Report":{"Rave / Dance Event":{"raw":2.0,"perc":1.9417475728155338,"total":103.0},"Large Group (10+)":{"raw":4.0,"perc":3.8834951456310676,"total":103.0},"Not Applicable":{"raw":14.0,"perc":13.592233009708737,"total":103.0},"Various":{"raw":12.0,"perc":11.650485436893204,"total":103.0},"Small Group (2-9)":{"raw":45.0,"perc":43.689320388349515,"total":103.0},"Club / Bar":{"raw":2.0,"perc":1.9417475728155338,"total":103.0},"Unknown Context":{"raw":13.0,"perc":12.621359223300971,"total":103.0},"Hospital":{"raw":3.0,"perc":2.912621359223301,"total":103.0},"Alone":{"raw":3.0,"perc":2.912621359223301,"total":103.0},"Festival / Lg. Crowd":{"raw":3.0,"perc":2.912621359223301,"total":103.0},"Group Ceremony":{"raw":1.0,"perc":0.97087378640776689,"total":103.0},"Public Space (Museum, Park, etc)":{"raw":1.0,"perc":0.97087378640776689,"total":103.0}},"Cultivation / Synthesis":{"Small Group (2-9)":{"raw":3.0,"perc":11.111111111111111,"total":27.0},"Various":{"raw":4.0,"perc":14.814814814814813,"total":27.0},"Unknown Context":{"raw":7.0,"perc":25.925925925925924,"total":27.0},"Not Applicable":{"raw":8.0,"perc":29.629629629629626,"total":27.0},"Alone":{"raw":5.0,"perc":18.518518518518519,"total":27.0}},"Guides / Sitters":{"Small Group (2-9)":{"raw":112.0,"perc":73.202614379084963,"total":153.0},"Large Group (10+)":{"raw":4.0,"perc":2.6143790849673203,"total":153.0},"Various":{"raw":12.0,"perc":7.8431372549019605,"total":153.0},"Unknown Context":{"raw":3.0,"perc":1.9607843137254901,"total":153.0},"Alone":{"raw":9.0,"perc":5.88235294117647,"total":153.0},"Festival / Lg. Crowd":{"raw":1.0,"perc":0.65359477124183007,"total":153.0},"Rave / Dance Event":{"raw":1.0,"perc":0.65359477124183007,"total":153.0},"Group Ceremony":{"raw":10.0,"perc":6.5359477124183014,"total":153.0},"Not Applicable":{"raw":1.0,"perc":0.65359477124183007,"total":153.0}},"Hangover / Days After":{"Various":{"raw":108.0,"perc":15.428571428571427,"total":700.0},"Small Group (2-9)":{"raw":205.0,"perc":29.285714285714288,"total":700.0},"Alone":{"raw":206.0,"perc":29.428571428571427,"total":700.0},"Club / Bar":{"raw":11.0,"perc":1.5714285714285716,"total":700.0},"Rave / Dance Event":{"raw":14.0,"perc":2.0,"total":700.0},"Unknown Context":{"raw":41.0,"perc":5.8571428571428577,"total":700.0},"Large Group (10+)":{"raw":24.0,"perc":3.4285714285714288,"total":700.0},"Not Applicable":{"raw":65.0,"perc":9.2857142857142865,"total":700.0},"School":{"raw":9.0,"perc":1.2857142857142856,"total":700.0},"Festival / Lg. Crowd":{"raw":5.0,"perc":0.7142857142857143,"total":700.0},"Group Ceremony":{"raw":2.0,"perc":0.2857142857142857,"total":700.0},"Hospital":{"raw":5.0,"perc":0.7142857142857143,"total":700.0},"Military":{"raw":1.0,"perc":0.14285714285714285,"total":700.0},"Workplace":{"raw":3.0,"perc":0.4285714285714286,"total":700.0},"Public Space (Museum, Park, etc)":{"raw":1.0,"perc":0.14285714285714285,"total":700.0}},"Health Benefits":{"Large Group (10+)":{"raw":3.0,"perc":0.684931506849315,"total":438.0},"Club / Bar":{"raw":1.0,"perc":0.228310502283105,"total":438.0},"Alone":{"raw":89.0,"perc":20.319634703196346,"total":438.0},"Various":{"raw":62.0,"perc":14.15525114155251,"total":438.0},"Unknown Context":{"raw":54.0,"perc":12.328767123287671,"total":438.0},"Small Group (2-9)":{"raw":54.0,"perc":12.328767123287671,"total":438.0},"Not Applicable":{"raw":161.0,"perc":36.757990867579906,"total":438.0},"School":{"raw":3.0,"perc":0.684931506849315,"total":438.0},"Festival / Lg. Crowd":{"raw":1.0,"perc":0.228310502283105,"total":438.0},"Hospital":{"raw":5.0,"perc":1.1415525114155249,"total":438.0},"Workplace":{"raw":2.0,"perc":0.45662100456621,"total":438.0},"Group Ceremony":{"raw":1.0,"perc":0.228310502283105,"total":438.0},"Public Space (Museum, Park, etc)":{"raw":1.0,"perc":0.228310502283105,"total":438.0},"Rave / Dance Event":{"raw":1.0,"perc":0.228310502283105,"total":438.0}},"Poetry":{"Not Applicable":{"raw":18.0,"perc":30.0,"total":60.0},"Small Group (2-9)":{"raw":7.0,"perc":11.666666666666666,"total":60.0},"Rave / Dance Event":{"raw":2.0,"perc":3.3333333333333335,"total":60.0},"Unknown Context":{"raw":20.0,"perc":33.333333333333329,"total":60.0},"Alone":{"raw":9.0,"perc":15.0,"total":60.0},"Various":{"raw":4.0,"perc":6.666666666666667,"total":60.0}},"Loss of Magic":{"Various":{"raw":31.0,"perc":41.333333333333336,"total":75.0},"Club / Bar":{"raw":3.0,"perc":4.0,"total":75.0},"Unknown Context":{"raw":11.0,"perc":14.666666666666666,"total":75.0},"Small Group (2-9)":{"raw":7.0,"perc":9.3333333333333339,"total":75.0},"Alone":{"raw":3.0,"perc":4.0,"total":75.0},"Not Applicable":{"raw":13.0,"perc":17.333333333333336,"total":75.0},"Rave / Dance Event":{"raw":6.0,"perc":8.0,"total":75.0},"Large Group (10+)":{"raw":1.0,"perc":1.3333333333333335,"total":75.0}},"Families":{"Various":{"raw":19.0,"perc":17.592592592592592,"total":108.0},"Small Group (2-9)":{"raw":52.0,"perc":48.148148148148145,"total":108.0},"Not Applicable":{"raw":14.0,"perc":12.962962962962962,"total":108.0},"Alone":{"raw":13.0,"perc":12.037037037037036,"total":108.0},"Group Ceremony":{"raw":1.0,"perc":0.92592592592592582,"total":108.0},"Unknown Context":{"raw":2.0,"perc":1.8518518518518516,"total":108.0},"Hospital":{"raw":2.0,"perc":1.8518518518518516,"total":108.0},"Club / Bar":{"raw":2.0,"perc":1.8518518518518516,"total":108.0},"Large Group (10+)":{"raw":2.0,"perc":1.8518518518518516,"total":108.0},"Festival / Lg. Crowd":{"raw":1.0,"perc":0.92592592592592582,"total":108.0}},"HPPD / Lasting Visuals":{"Rave / Dance Event":{"raw":1.0,"perc":1.0309278350515463,"total":97.0},"Various":{"raw":21.0,"perc":21.649484536082475,"total":97.0},"Small Group (2-9)":{"raw":20.0,"perc":20.618556701030926,"total":97.0},"Not Applicable":{"raw":20.0,"perc":20.618556701030926,"total":97.0},"Unknown Context":{"raw":13.0,"perc":13.402061855670103,"total":97.0},"Alone":{"raw":21.0,"perc":21.649484536082475,"total":97.0},"Large Group (10+)":{"raw":1.0,"perc":1.0309278350515463,"total":97.0}},"Relationships":{"Small Group (2-9)":{"raw":197.0,"perc":54.874651810584965,"total":359.0},"Various":{"raw":47.0,"perc":13.09192200557103,"total":359.0},"Not Applicable":{"raw":24.0,"perc":6.6852367688022287,"total":359.0},"Rave / Dance Event":{"raw":11.0,"perc":3.0640668523676879,"total":359.0},"School":{"raw":2.0,"perc":0.55710306406685239,"total":359.0},"Club / Bar":{"raw":8.0,"perc":2.2284122562674096,"total":359.0},"Alone":{"raw":43.0,"perc":11.977715877437326,"total":359.0},"Festival / Lg. Crowd":{"raw":7.0,"perc":1.9498607242339834,"total":359.0},"Large Group (10+)":{"raw":13.0,"perc":3.6211699164345403,"total":359.0},"Unknown Context":{"raw":5.0,"perc":1.392757660167131,"total":359.0},"Military":{"raw":1.0,"perc":0.2785515320334262,"total":359.0},"Group Ceremony":{"raw":1.0,"perc":0.2785515320334262,"total":359.0}},"Pregnancy / Baby":{"Various":{"raw":2.0,"perc":40.0,"total":5.0},"Small Group (2-9)":{"raw":1.0,"perc":20.0,"total":5.0},"Not Applicable":{"raw":2.0,"perc":40.0,"total":5.0}},"Personal Preparation":{"Small Group (2-9)":{"raw":35.0,"perc":32.11009174311927,"total":109.0},"Various":{"raw":14.0,"perc":12.844036697247708,"total":109.0},"Alone":{"raw":46.0,"perc":42.201834862385326,"total":109.0},"Unknown Context":{"raw":5.0,"perc":4.5871559633027523,"total":109.0},"Festival / Lg. Crowd":{"raw":3.0,"perc":2.7522935779816518,"total":109.0},"Military":{"raw":1.0,"perc":0.91743119266055051,"total":109.0},"Large Group (10+)":{"raw":3.0,"perc":2.7522935779816518,"total":109.0},"Club / Bar":{"raw":1.0,"perc":0.91743119266055051,"total":109.0},"Group Ceremony":{"raw":1.0,"perc":0.91743119266055051,"total":109.0}},"Medical Use":{"Not Applicable":{"raw":183.0,"perc":47.409326424870471,"total":386.0},"School":{"raw":6.0,"perc":1.5544041450777202,"total":386.0},"Alone":{"raw":67.0,"perc":17.357512953367877,"total":386.0},"Unknown Context":{"raw":30.0,"perc":7.7720207253886011,"total":386.0},"Small Group (2-9)":{"raw":13.0,"perc":3.3678756476683938,"total":386.0},"Various":{"raw":63.0,"perc":16.321243523316063,"total":386.0},"Hospital":{"raw":19.0,"perc":4.9222797927461137,"total":386.0},"Large Group (10+)":{"raw":1.0,"perc":0.2590673575129534,"total":386.0},"Workplace":{"raw":3.0,"perc":0.77720207253886009,"total":386.0},"Public Space (Museum, Park, etc)":{"raw":1.0,"perc":0.2590673575129534,"total":386.0}},"Therapeutic Intent or Outcome":{"Small Group (2-9)":{"raw":50.0,"perc":18.315018315018314,"total":273.0},"Alone":{"raw":98.0,"perc":35.8974358974359,"total":273.0},"Various":{"raw":36.0,"perc":13.186813186813188,"total":273.0},"Not Applicable":{"raw":43.0,"perc":15.75091575091575,"total":273.0},"Large Group (10+)":{"raw":1.0,"perc":0.36630036630036628,"total":273.0},"Unknown Context":{"raw":23.0,"perc":8.4249084249084252,"total":273.0},"Hospital":{"raw":6.0,"perc":2.197802197802198,"total":273.0},"Festival / Lg. Crowd":{"raw":2.0,"perc":0.73260073260073255,"total":273.0},"Group Ceremony":{"raw":10.0,"perc":3.6630036630036633,"total":273.0},"Workplace":{"raw":1.0,"perc":0.36630036630036628,"total":273.0},"Club / Bar":{"raw":1.0,"perc":0.36630036630036628,"total":273.0},"School":{"raw":1.0,"perc":0.36630036630036628,"total":273.0},"Military":{"raw":1.0,"perc":0.36630036630036628,"total":273.0}},"Performance Enhancement":{"Public Space (Museum, Park, etc)":{"raw":1.0,"perc":1.3333333333333335,"total":75.0},"Alone":{"raw":18.0,"perc":24.0,"total":75.0},"Not Applicable":{"raw":17.0,"perc":22.666666666666664,"total":75.0},"School":{"raw":7.0,"perc":9.3333333333333339,"total":75.0},"Various":{"raw":17.0,"perc":22.666666666666664,"total":75.0},"Large Group (10+)":{"raw":1.0,"perc":1.3333333333333335,"total":75.0},"Unknown Context":{"raw":7.0,"perc":9.3333333333333339,"total":75.0},"Small Group (2-9)":{"raw":4.0,"perc":5.3333333333333339,"total":75.0},"Workplace":{"raw":3.0,"perc":4.0,"total":75.0}},"Video":{"Alone":{"raw":1.0,"perc":100.0,"total":1.0}}},"Strong":{"General":{"Small Group (2-9)":{"raw":998.0,"perc":43.771929824561404,"total":2280.0},"Festival / Lg. Crowd":{"raw":48.0,"perc":2.1052631578947367,"total":2280.0},"Alone":{"raw":710.0,"perc":31.140350877192986,"total":2280.0},"Various":{"raw":234.0,"perc":10.263157894736842,"total":2280.0},"Club / Bar":{"raw":28.0,"perc":1.2280701754385965,"total":2280.0},"Large Group (10+)":{"raw":57.0,"perc":2.5,"total":2280.0},"Unknown Context":{"raw":113.0,"perc":4.9561403508771935,"total":2280.0},"Group Ceremony":{"raw":18.0,"perc":0.78947368421052633,"total":2280.0},"Rave / Dance Event":{"raw":21.0,"perc":0.92105263157894723,"total":2280.0},"Hospital":{"raw":16.0,"perc":0.70175438596491224,"total":2280.0},"School":{"raw":18.0,"perc":0.78947368421052633,"total":2280.0},"Not Applicable":{"raw":13.0,"perc":0.57017543859649122,"total":2280.0},"Military":{"raw":2.0,"perc":0.08771929824561403,"total":2280.0},"Workplace":{"raw":1.0,"perc":0.043859649122807015,"total":2280.0},"Public Space (Museum, Park, etc)":{"raw":3.0,"perc":0.13157894736842105,"total":2280.0}},"First Times":{"Small Group (2-9)":{"raw":885.0,"perc":51.038062283737027,"total":1734.0},"Alone":{"raw":493.0,"perc":28.431372549019606,"total":1734.0},"Various":{"raw":153.0,"perc":8.8235294117647065,"total":1734.0},"Rave / Dance Event":{"raw":32.0,"perc":1.8454440599769319,"total":1734.0},"Festival / Lg. Crowd":{"raw":23.0,"perc":1.3264129181084199,"total":1734.0},"Large Group (10+)":{"raw":37.0,"perc":2.1337946943483272,"total":1734.0},"Unknown Context":{"raw":39.0,"perc":2.2491349480968861,"total":1734.0},"Club / Bar":{"raw":17.0,"perc":0.98039215686274506,"total":1734.0},"Hospital":{"raw":11.0,"perc":0.63437139561707034,"total":1734.0},"Not Applicable":{"raw":8.0,"perc":0.461361014994233,"total":1734.0},"School":{"raw":15.0,"perc":0.86505190311418689,"total":1734.0},"Group Ceremony":{"raw":15.0,"perc":0.86505190311418689,"total":1734.0},"Public Space (Museum, Park, etc)":{"raw":3.0,"perc":0.17301038062283738,"total":1734.0},"Workplace":{"raw":3.0,"perc":0.17301038062283738,"total":1734.0}},"Difficult Experiences":{"Small Group (2-9)":{"raw":846.0,"perc":45.953286257468768,"total":1841.0},"Alone":{"raw":522.0,"perc":28.354155350353068,"total":1841.0},"Various":{"raw":230.0,"perc":12.49321021184139,"total":1841.0},"Unknown Context":{"raw":62.0,"perc":3.3677349266702876,"total":1841.0},"Festival / Lg. Crowd":{"raw":34.0,"perc":1.8468223791417708,"total":1841.0},"Rave / Dance Event":{"raw":24.0,"perc":1.3036393264530146,"total":1841.0},"Large Group (10+)":{"raw":36.0,"perc":1.9554589896795218,"total":1841.0},"School":{"raw":18.0,"perc":0.9777294948397609,"total":1841.0},"Club / Bar":{"raw":15.0,"perc":0.81477457903313422,"total":1841.0},"Not Applicable":{"raw":25.0,"perc":1.3579576317218904,"total":1841.0},"Hospital":{"raw":15.0,"perc":0.81477457903313422,"total":1841.0},"Group Ceremony":{"raw":9.0,"perc":0.48886474741988045,"total":1841.0},"Large Party":{"raw":2.0,"perc":0.10863661053775121,"total":1841.0},"Military":{"raw":1.0,"perc":0.054318305268875607,"total":1841.0},"Workplace":{"raw":2.0,"perc":0.10863661053775121,"total":1841.0}},"Nature / Outdoors":{"Small Group (2-9)":{"raw":116.0,"perc":50.434782608695649,"total":230.0},"Alone":{"raw":56.0,"perc":24.347826086956523,"total":230.0},"Various":{"raw":36.0,"perc":15.65217391304348,"total":230.0},"Rave / Dance Event":{"raw":4.0,"perc":1.7391304347826086,"total":230.0},"Large Group (10+)":{"raw":4.0,"perc":1.7391304347826086,"total":230.0},"Festival / Lg. Crowd":{"raw":7.0,"perc":3.0434782608695654,"total":230.0},"Group Ceremony":{"raw":6.0,"perc":2.6086956521739131,"total":230.0},"Public Space (Museum, Park, etc)":{"raw":1.0,"perc":0.43478260869565216,"total":230.0}},"Post Trip Problems":{"Small Group (2-9)":{"raw":99.0,"perc":33.110367892976591,"total":299.0},"Unknown Context":{"raw":17.0,"perc":5.68561872909699,"total":299.0},"Alone":{"raw":49.0,"perc":16.387959866220736,"total":299.0},"Various":{"raw":58.0,"perc":19.397993311036789,"total":299.0},"Large Group (10+)":{"raw":4.0,"perc":1.3377926421404682,"total":299.0},"Rave / Dance Event":{"raw":6.0,"perc":2.0066889632107023,"total":299.0},"Club / Bar":{"raw":5.0,"perc":1.6722408026755853,"total":299.0},"Festival / Lg. Crowd":{"raw":2.0,"perc":0.66889632107023411,"total":299.0},"Not Applicable":{"raw":43.0,"perc":14.381270903010032,"total":299.0},"Hospital":{"raw":11.0,"perc":3.6789297658862878,"total":299.0},"School":{"raw":3.0,"perc":1.0033444816053512,"total":299.0},"Group Ceremony":{"raw":2.0,"perc":0.66889632107023411,"total":299.0}},"Glowing Experiences":{"Small Group (2-9)":{"raw":523.0,"perc":49.154135338345867,"total":1064.0},"Club / Bar":{"raw":15.0,"perc":1.4097744360902256,"total":1064.0},"Rave / Dance Event":{"raw":31.0,"perc":2.9135338345864659,"total":1064.0},"Alone":{"raw":304.0,"perc":28.571428571428569,"total":1064.0},"Various":{"raw":84.0,"perc":7.8947368421052628,"total":1064.0},"Unknown Context":{"raw":26.0,"perc":2.4436090225563909,"total":1064.0},"Large Group (10+)":{"raw":26.0,"perc":2.4436090225563909,"total":1064.0},"Festival / Lg. Crowd":{"raw":21.0,"perc":1.9736842105263157,"total":1064.0},"Not Applicable":{"raw":11.0,"perc":1.0338345864661653,"total":1064.0},"School":{"raw":8.0,"perc":0.75187969924812026,"total":1064.0},"Group Ceremony":{"raw":10.0,"perc":0.93984962406015038,"total":1064.0},"Hospital":{"raw":4.0,"perc":0.37593984962406013,"total":1064.0},"Public Space (Museum, Park, etc)":{"raw":1.0,"perc":0.093984962406015032,"total":1064.0}},"Mystical Experiences":{"Small Group (2-9)":{"raw":344.0,"perc":46.486486486486491,"total":740.0},"Alone":{"raw":254.0,"perc":34.324324324324323,"total":740.0},"Unknown Context":{"raw":25.0,"perc":3.3783783783783785,"total":740.0},"Festival / Lg. Crowd":{"raw":20.0,"perc":2.7027027027027026,"total":740.0},"Various":{"raw":45.0,"perc":6.0810810810810816,"total":740.0},"Large Group (10+)":{"raw":19.0,"perc":2.5675675675675675,"total":740.0},"Group Ceremony":{"raw":17.0,"perc":2.2972972972972974,"total":740.0},"Rave / Dance Event":{"raw":3.0,"perc":0.40540540540540543,"total":740.0},"Hospital":{"raw":2.0,"perc":0.27027027027027029,"total":740.0},"School":{"raw":3.0,"perc":0.40540540540540543,"total":740.0},"Not Applicable":{"raw":7.0,"perc":0.945945945945946,"total":740.0},"Large Party":{"raw":1.0,"perc":0.13513513513513514,"total":740.0}},"Health Problems":{"Small Group (2-9)":{"raw":201.0,"perc":32.367149758454104,"total":621.0},"Alone":{"raw":127.0,"perc":20.450885668276971,"total":621.0},"Unknown Context":{"raw":37.0,"perc":5.9581320450885666,"total":621.0},"Various":{"raw":107.0,"perc":17.230273752012881,"total":621.0},"Festival / Lg. Crowd":{"raw":8.0,"perc":1.288244766505636,"total":621.0},"Large Group (10+)":{"raw":17.0,"perc":2.7375201288244768,"total":621.0},"Rave / Dance Event":{"raw":12.0,"perc":1.932367149758454,"total":621.0},"Club / Bar":{"raw":6.0,"perc":0.966183574879227,"total":621.0},"School":{"raw":13.0,"perc":2.0933977455716586,"total":621.0},"Hospital":{"raw":19.0,"perc":3.0595813204508859,"total":621.0},"Not Applicable":{"raw":70.0,"perc":11.272141706924316,"total":621.0},"Military":{"raw":1.0,"perc":0.1610305958132045,"total":621.0},"Workplace":{"raw":2.0,"perc":0.322061191626409,"total":621.0},"Group Ceremony":{"raw":1.0,"perc":0.1610305958132045,"total":621.0}},"Retrospective / Summary":{"Small Group (2-9)":{"raw":97.0,"perc":17.10758377425044,"total":567.0},"Various":{"raw":156.0,"perc":27.513227513227513,"total":567.0},"Alone":{"raw":117.0,"perc":20.634920634920633,"total":567.0},"Unknown Context":{"raw":42.0,"perc":7.4074074074074066,"total":567.0},"Not Applicable":{"raw":129.0,"perc":22.75132275132275,"total":567.0},"Festival / Lg. Crowd":{"raw":6.0,"perc":1.0582010582010581,"total":567.0},"Club / Bar":{"raw":3.0,"perc":0.52910052910052907,"total":567.0},"Hospital":{"raw":3.0,"perc":0.52910052910052907,"total":567.0},"Large Group (10+)":{"raw":3.0,"perc":0.52910052910052907,"total":567.0},"Group Ceremony":{"raw":3.0,"perc":0.52910052910052907,"total":567.0},"Rave / Dance Event":{"raw":4.0,"perc":0.70546737213403876,"total":567.0},"School":{"raw":3.0,"perc":0.52910052910052907,"total":567.0},"Large Party":{"raw":1.0,"perc":0.17636684303350969,"total":567.0}},"Bad Trips":{"Small Group (2-9)":{"raw":307.0,"perc":48.119122257053291,"total":638.0},"Alone":{"raw":155.0,"perc":24.294670846394983,"total":638.0},"Various":{"raw":85.0,"perc":13.322884012539186,"total":638.0},"Unknown Context":{"raw":21.0,"perc":3.2915360501567394,"total":638.0},"Rave / Dance Event":{"raw":9.0,"perc":1.4106583072100314,"total":638.0},"Club / Bar":{"raw":2.0,"perc":0.31347962382445138,"total":638.0},"School":{"raw":9.0,"perc":1.4106583072100314,"total":638.0},"Large Group (10+)":{"raw":16.0,"perc":2.507836990595611,"total":638.0},"Festival / Lg. Crowd":{"raw":7.0,"perc":1.09717868338558,"total":638.0},"Hospital":{"raw":12.0,"perc":1.8808777429467085,"total":638.0},"Not Applicable":{"raw":13.0,"perc":2.0376175548589339,"total":638.0},"Workplace":{"raw":2.0,"perc":0.31347962382445138,"total":638.0}},"Overdose":{"Alone":{"raw":100.0,"perc":28.735632183908045,"total":348.0},"Small Group (2-9)":{"raw":115.0,"perc":33.045977011494251,"total":348.0},"Various":{"raw":61.0,"perc":17.52873563218391,"total":348.0},"Large Group (10+)":{"raw":11.0,"perc":3.1609195402298855,"total":348.0},"Club / Bar":{"raw":5.0,"perc":1.4367816091954022,"total":348.0},"Unknown Context":{"raw":21.0,"perc":6.0344827586206895,"total":348.0},"Rave / Dance Event":{"raw":7.0,"perc":2.0114942528735633,"total":348.0},"School":{"raw":10.0,"perc":2.8735632183908044,"total":348.0},"Festival / Lg. Crowd":{"raw":6.0,"perc":1.7241379310344827,"total":348.0},"Hospital":{"raw":6.0,"perc":1.7241379310344827,"total":348.0},"Not Applicable":{"raw":6.0,"perc":1.7241379310344827,"total":348.0}},"Music Discussion":{"Alone":{"raw":97.0,"perc":31.290322580645164,"total":310.0},"Rave / Dance Event":{"raw":7.0,"perc":2.258064516129032,"total":310.0},"Small Group (2-9)":{"raw":127.0,"perc":40.967741935483872,"total":310.0},"Club / Bar":{"raw":7.0,"perc":2.258064516129032,"total":310.0},"Large Group (10+)":{"raw":14.0,"perc":4.5161290322580641,"total":310.0},"Various":{"raw":40.0,"perc":12.903225806451612,"total":310.0},"Festival / Lg. Crowd":{"raw":12.0,"perc":3.870967741935484,"total":310.0},"Unknown Context":{"raw":2.0,"perc":0.64516129032258063,"total":310.0},"Not Applicable":{"raw":2.0,"perc":0.64516129032258063,"total":310.0},"Public Space (Museum, Park, etc)":{"raw":1.0,"perc":0.32258064516129031,"total":310.0},"Group Ceremony":{"raw":1.0,"perc":0.32258064516129031,"total":310.0}},"Preparation / Recipes":{"Small Group (2-9)":{"raw":50.0,"perc":37.037037037037038,"total":135.0},"Various":{"raw":13.0,"perc":9.62962962962963,"total":135.0},"Unknown Context":{"raw":9.0,"perc":6.666666666666667,"total":135.0},"Alone":{"raw":56.0,"perc":41.481481481481481,"total":135.0},"Large Group (10+)":{"raw":1.0,"perc":0.74074074074074081,"total":135.0},"Hospital":{"raw":1.0,"perc":0.74074074074074081,"total":135.0},"School":{"raw":2.0,"perc":1.4814814814814816,"total":135.0},"Group Ceremony":{"raw":1.0,"perc":0.74074074074074081,"total":135.0},"Not Applicable":{"raw":1.0,"perc":0.74074074074074081,"total":135.0},"Festival / Lg. Crowd":{"raw":1.0,"perc":0.74074074074074081,"total":135.0}},"What Was in That?":{"Various":{"raw":17.0,"perc":16.50485436893204,"total":103.0},"Small Group (2-9)":{"raw":49.0,"perc":47.572815533980581,"total":103.0},"Unknown Context":{"raw":7.0,"perc":6.7961165048543686,"total":103.0},"Rave / Dance Event":{"raw":4.0,"perc":3.8834951456310676,"total":103.0},"Large Group (10+)":{"raw":3.0,"perc":2.912621359223301,"total":103.0},"Alone":{"raw":9.0,"perc":8.7378640776699026,"total":103.0},"Festival / Lg. Crowd":{"raw":6.0,"perc":5.825242718446602,"total":103.0},"Club / Bar":{"raw":5.0,"perc":4.8543689320388346,"total":103.0},"Not Applicable":{"raw":1.0,"perc":0.97087378640776689,"total":103.0},"Hospital":{"raw":1.0,"perc":0.97087378640776689,"total":103.0},"School":{"raw":1.0,"perc":0.97087378640776689,"total":103.0}},"Entities / Beings":{"Small Group (2-9)":{"raw":283.0,"perc":39.4150417827298,"total":718.0},"Alone":{"raw":324.0,"perc":45.125348189415043,"total":718.0},"Unknown Context":{"raw":16.0,"perc":2.2284122562674096,"total":718.0},"Various":{"raw":45.0,"perc":6.2674094707520887,"total":718.0},"Hospital":{"raw":2.0,"perc":0.2785515320334262,"total":718.0},"Large Group (10+)":{"raw":11.0,"perc":1.532033426183844,"total":718.0},"Club / Bar":{"raw":2.0,"perc":0.2785515320334262,"total":718.0},"Not Applicable":{"raw":8.0,"perc":1.1142061281337048,"total":718.0},"Festival / Lg. Crowd":{"raw":7.0,"perc":0.97493036211699169,"total":718.0},"Group Ceremony":{"raw":16.0,"perc":2.2284122562674096,"total":718.0},"Rave / Dance Event":{"raw":1.0,"perc":0.1392757660167131,"total":718.0},"School":{"raw":2.0,"perc":0.2785515320334262,"total":718.0},"Public Space (Museum, Park, etc)":{"raw":1.0,"perc":0.1392757660167131,"total":718.0}},"Depression":{"Various":{"raw":37.0,"perc":20.670391061452513,"total":179.0},"Alone":{"raw":41.0,"perc":22.905027932960895,"total":179.0},"Large Group (10+)":{"raw":5.0,"perc":2.7932960893854748,"total":179.0},"Small Group (2-9)":{"raw":42.0,"perc":23.463687150837988,"total":179.0},"Unknown Context":{"raw":2.0,"perc":1.1173184357541899,"total":179.0},"Not Applicable":{"raw":36.0,"perc":20.11173184357542,"total":179.0},"School":{"raw":1.0,"perc":0.55865921787709494,"total":179.0},"Hospital":{"raw":5.0,"perc":2.7932960893854748,"total":179.0},"Club / Bar":{"raw":2.0,"perc":1.1173184357541899,"total":179.0},"Group Ceremony":{"raw":3.0,"perc":1.6759776536312849,"total":179.0},"Rave / Dance Event":{"raw":2.0,"perc":1.1173184357541899,"total":179.0},"Festival / Lg. Crowd":{"raw":2.0,"perc":1.1173184357541899,"total":179.0},"Large Party":{"raw":1.0,"perc":0.55865921787709494,"total":179.0}},"Sex Discussion":{"Various":{"raw":19.0,"perc":13.103448275862069,"total":145.0},"Small Group (2-9)":{"raw":69.0,"perc":47.586206896551722,"total":145.0},"Alone":{"raw":37.0,"perc":25.517241379310345,"total":145.0},"Rave / Dance Event":{"raw":2.0,"perc":1.3793103448275863,"total":145.0},"Large Group (10+)":{"raw":3.0,"perc":2.0689655172413794,"total":145.0},"Not Applicable":{"raw":10.0,"perc":6.8965517241379306,"total":145.0},"Hospital":{"raw":1.0,"perc":0.68965517241379315,"total":145.0},"Club / Bar":{"raw":1.0,"perc":0.68965517241379315,"total":145.0},"Group Ceremony":{"raw":1.0,"perc":0.68965517241379315,"total":145.0},"Festival / Lg. Crowd":{"raw":1.0,"perc":0.68965517241379315,"total":145.0},"Unknown Context":{"raw":1.0,"perc":0.68965517241379315,"total":145.0}},"Multi-Day Experience":{"Alone":{"raw":55.0,"perc":24.444444444444443,"total":225.0},"Large Group (10+)":{"raw":3.0,"perc":1.3333333333333335,"total":225.0},"Rave / Dance Event":{"raw":3.0,"perc":1.3333333333333335,"total":225.0},"Various":{"raw":59.0,"perc":26.222222222222225,"total":225.0},"Small Group (2-9)":{"raw":54.0,"perc":24.0,"total":225.0},"Not Applicable":{"raw":26.0,"perc":11.555555555555555,"total":225.0},"Festival / Lg. Crowd":{"raw":5.0,"perc":2.2222222222222223,"total":225.0},"Unknown Context":{"raw":7.0,"perc":3.1111111111111112,"total":225.0},"School":{"raw":5.0,"perc":2.2222222222222223,"total":225.0},"Hospital":{"raw":3.0,"perc":1.3333333333333335,"total":225.0},"Group Ceremony":{"raw":5.0,"perc":2.2222222222222223,"total":225.0}},"Guides / Sitters":{"Alone":{"raw":9.0,"perc":4.2857142857142856,"total":210.0},"Small Group (2-9)":{"raw":155.0,"perc":73.80952380952381,"total":210.0},"Large Group (10+)":{"raw":7.0,"perc":3.3333333333333335,"total":210.0},"Club / Bar":{"raw":1.0,"perc":0.47619047619047622,"total":210.0},"Festival / Lg. Crowd":{"raw":1.0,"perc":0.47619047619047622,"total":210.0},"Various":{"raw":16.0,"perc":7.6190476190476195,"total":210.0},"Not Applicable":{"raw":2.0,"perc":0.95238095238095244,"total":210.0},"Rave / Dance Event":{"raw":2.0,"perc":0.95238095238095244,"total":210.0},"Group Ceremony":{"raw":15.0,"perc":7.1428571428571423,"total":210.0},"Hospital":{"raw":1.0,"perc":0.47619047619047622,"total":210.0},"Unknown Context":{"raw":1.0,"perc":0.47619047619047622,"total":210.0}},"HPPD / Lasting Visuals":{"Large Group (10+)":{"raw":2.0,"perc":3.225806451612903,"total":62.0},"Various":{"raw":15.0,"perc":24.193548387096776,"total":62.0},"Alone":{"raw":14.0,"perc":22.58064516129032,"total":62.0},"Small Group (2-9)":{"raw":19.0,"perc":30.64516129032258,"total":62.0},"Unknown Context":{"raw":5.0,"perc":8.064516129032258,"total":62.0},"Hospital":{"raw":1.0,"perc":1.6129032258064515,"total":62.0},"Group Ceremony":{"raw":1.0,"perc":1.6129032258064515,"total":62.0},"Not Applicable":{"raw":4.0,"perc":6.4516129032258061,"total":62.0},"Festival / Lg. Crowd":{"raw":1.0,"perc":1.6129032258064515,"total":62.0}},"Families":{"Small Group (2-9)":{"raw":39.0,"perc":47.5609756097561,"total":82.0},"Alone":{"raw":18.0,"perc":21.951219512195124,"total":82.0},"Not Applicable":{"raw":6.0,"perc":7.3170731707317067,"total":82.0},"Rave / Dance Event":{"raw":1.0,"perc":1.2195121951219512,"total":82.0},"Hospital":{"raw":4.0,"perc":4.8780487804878048,"total":82.0},"Various":{"raw":11.0,"perc":13.414634146341465,"total":82.0},"Large Group (10+)":{"raw":2.0,"perc":2.4390243902439024,"total":82.0},"Club / Bar":{"raw":1.0,"perc":1.2195121951219512,"total":82.0}},"Health Benefits":{"Various":{"raw":12.0,"perc":14.285714285714285,"total":84.0},"Alone":{"raw":31.0,"perc":36.904761904761905,"total":84.0},"Large Group (10+)":{"raw":3.0,"perc":3.5714285714285712,"total":84.0},"Hospital":{"raw":5.0,"perc":5.9523809523809517,"total":84.0},"Small Group (2-9)":{"raw":18.0,"perc":21.428571428571427,"total":84.0},"Group Ceremony":{"raw":3.0,"perc":3.5714285714285712,"total":84.0},"School":{"raw":1.0,"perc":1.1904761904761905,"total":84.0},"Rave / Dance Event":{"raw":1.0,"perc":1.1904761904761905,"total":84.0},"Unknown Context":{"raw":2.0,"perc":2.3809523809523809,"total":84.0},"Not Applicable":{"raw":7.0,"perc":8.3333333333333321,"total":84.0},"Festival / Lg. Crowd":{"raw":1.0,"perc":1.1904761904761905,"total":84.0}},"Second Hand Report":{"Small Group (2-9)":{"raw":41.0,"perc":63.076923076923073,"total":65.0},"Hospital":{"raw":4.0,"perc":6.1538461538461542,"total":65.0},"Club / Bar":{"raw":1.0,"perc":1.5384615384615385,"total":65.0},"Not Applicable":{"raw":6.0,"perc":9.2307692307692317,"total":65.0},"Unknown Context":{"raw":4.0,"perc":6.1538461538461542,"total":65.0},"School":{"raw":1.0,"perc":1.5384615384615385,"total":65.0},"Various":{"raw":2.0,"perc":3.0769230769230771,"total":65.0},"Rave / Dance Event":{"raw":2.0,"perc":3.0769230769230771,"total":65.0},"Large Group (10+)":{"raw":3.0,"perc":4.6153846153846159,"total":65.0},"Military":{"raw":1.0,"perc":1.5384615384615385,"total":65.0}},"Hangover / Days After":{"Small Group (2-9)":{"raw":178.0,"perc":33.024118738404454,"total":539.0},"Various":{"raw":100.0,"perc":18.552875695732837,"total":539.0},"Alone":{"raw":155.0,"perc":28.7569573283859,"total":539.0},"Club / Bar":{"raw":10.0,"perc":1.855287569573284,"total":539.0},"Not Applicable":{"raw":35.0,"perc":6.4935064935064926,"total":539.0},"Rave / Dance Event":{"raw":7.0,"perc":1.2987012987012987,"total":539.0},"Large Group (10+)":{"raw":15.0,"perc":2.7829313543599259,"total":539.0},"Unknown Context":{"raw":16.0,"perc":2.9684601113172544,"total":539.0},"School":{"raw":7.0,"perc":1.2987012987012987,"total":539.0},"Hospital":{"raw":7.0,"perc":1.2987012987012987,"total":539.0},"Military":{"raw":1.0,"perc":0.1855287569573284,"total":539.0},"Festival / Lg. Crowd":{"raw":4.0,"perc":0.7421150278293136,"total":539.0},"Public Space (Museum, Park, etc)":{"raw":1.0,"perc":0.1855287569573284,"total":539.0},"Group Ceremony":{"raw":3.0,"perc":0.55658627087198509,"total":539.0}},"Personal Preparation":{"Alone":{"raw":29.0,"perc":40.277777777777779,"total":72.0},"Large Group (10+)":{"raw":1.0,"perc":1.3888888888888888,"total":72.0},"Small Group (2-9)":{"raw":28.0,"perc":38.888888888888893,"total":72.0},"Unknown Context":{"raw":2.0,"perc":2.7777777777777777,"total":72.0},"Various":{"raw":6.0,"perc":8.3333333333333321,"total":72.0},"Club / Bar":{"raw":1.0,"perc":1.3888888888888888,"total":72.0},"Rave / Dance Event":{"raw":1.0,"perc":1.3888888888888888,"total":72.0},"Not Applicable":{"raw":1.0,"perc":1.3888888888888888,"total":72.0},"Group Ceremony":{"raw":3.0,"perc":4.1666666666666661,"total":72.0}},"Relationships":{"Small Group (2-9)":{"raw":136.0,"perc":58.119658119658126,"total":234.0},"Various":{"raw":31.0,"perc":13.247863247863249,"total":234.0},"Alone":{"raw":30.0,"perc":12.820512820512819,"total":234.0},"Large Group (10+)":{"raw":8.0,"perc":3.4188034188034191,"total":234.0},"School":{"raw":1.0,"perc":0.42735042735042739,"total":234.0},"Festival / Lg. Crowd":{"raw":2.0,"perc":0.85470085470085477,"total":234.0},"Not Applicable":{"raw":16.0,"perc":6.8376068376068382,"total":234.0},"Rave / Dance Event":{"raw":5.0,"perc":2.1367521367521367,"total":234.0},"Group Ceremony":{"raw":2.0,"perc":0.85470085470085477,"total":234.0},"Club / Bar":{"raw":2.0,"perc":0.85470085470085477,"total":234.0},"Unknown Context":{"raw":1.0,"perc":0.42735042735042739,"total":234.0}},"Loss of Magic":{"Small Group (2-9)":{"raw":1.0,"perc":7.6923076923076925,"total":13.0},"Various":{"raw":3.0,"perc":23.076923076923077,"total":13.0},"Alone":{"raw":2.0,"perc":15.384615384615385,"total":13.0},"Rave / Dance Event":{"raw":1.0,"perc":7.6923076923076925,"total":13.0},"Not Applicable":{"raw":2.0,"perc":15.384615384615385,"total":13.0},"Unknown Context":{"raw":3.0,"perc":23.076923076923077,"total":13.0},"Festival / Lg. Crowd":{"raw":1.0,"perc":7.6923076923076925,"total":13.0}},"Cultivation / Synthesis":{"Unknown Context":{"raw":1.0,"perc":33.333333333333329,"total":3.0},"Not Applicable":{"raw":1.0,"perc":33.333333333333329,"total":3.0},"Festival / Lg. Crowd":{"raw":1.0,"perc":33.333333333333329,"total":3.0}},"Medical Use":{"Not Applicable":{"raw":29.0,"perc":27.358490566037734,"total":106.0},"Hospital":{"raw":27.0,"perc":25.471698113207548,"total":106.0},"Various":{"raw":18.0,"perc":16.9811320754717,"total":106.0},"Alone":{"raw":21.0,"perc":19.811320754716981,"total":106.0},"School":{"raw":3.0,"perc":2.8301886792452833,"total":106.0},"Small Group (2-9)":{"raw":5.0,"perc":4.716981132075472,"total":106.0},"Unknown Context":{"raw":3.0,"perc":2.8301886792452833,"total":106.0}},"Poetry":{"Small Group (2-9)":{"raw":7.0,"perc":36.84210526315789,"total":19.0},"Alone":{"raw":6.0,"perc":31.578947368421051,"total":19.0},"Unknown Context":{"raw":2.0,"perc":10.526315789473683,"total":19.0},"Various":{"raw":3.0,"perc":15.789473684210526,"total":19.0},"Not Applicable":{"raw":1.0,"perc":5.2631578947368416,"total":19.0}},"Performance Enhancement":{"Various":{"raw":2.0,"perc":16.666666666666664,"total":12.0},"Alone":{"raw":5.0,"perc":41.666666666666671,"total":12.0},"School":{"raw":2.0,"perc":16.666666666666664,"total":12.0},"Not Applicable":{"raw":2.0,"perc":16.666666666666664,"total":12.0},"Unknown Context":{"raw":1.0,"perc":8.3333333333333321,"total":12.0}},"Pregnancy / Baby":{"Small Group (2-9)":{"raw":3.0,"perc":100.0,"total":3.0}},"Therapeutic Intent or Outcome":{"Alone":{"raw":60.0,"perc":42.857142857142854,"total":140.0},"Small Group (2-9)":{"raw":49.0,"perc":35.0,"total":140.0},"Large Group (10+)":{"raw":2.0,"perc":1.4285714285714286,"total":140.0},"Rave / Dance Event":{"raw":3.0,"perc":2.1428571428571428,"total":140.0},"Not Applicable":{"raw":3.0,"perc":2.1428571428571428,"total":140.0},"School":{"raw":1.0,"perc":0.7142857142857143,"total":140.0},"Group Ceremony":{"raw":9.0,"perc":6.4285714285714279,"total":140.0},"Festival / Lg. Crowd":{"raw":2.0,"perc":1.4285714285714286,"total":140.0},"Various":{"raw":5.0,"perc":3.5714285714285712,"total":140.0},"Unknown Context":{"raw":3.0,"perc":2.1428571428571428,"total":140.0},"Hospital":{"raw":3.0,"perc":2.1428571428571428,"total":140.0}},"Video":{"Small Group (2-9)":{"raw":1.0,"perc":100.0,"total":1.0}}},"No Effect":{"General":{"Unknown Context":{"raw":66.0,"perc":32.673267326732677,"total":202.0},"Alone":{"raw":53.0,"perc":26.237623762376238,"total":202.0},"Small Group (2-9)":{"raw":23.0,"perc":11.386138613861387,"total":202.0},"Various":{"raw":7.0,"perc":3.4653465346534658,"total":202.0},"Group Ceremony":{"raw":1.0,"perc":0.49504950495049505,"total":202.0},"Not Applicable":{"raw":45.0,"perc":22.277227722772277,"total":202.0},"School":{"raw":2.0,"perc":0.99009900990099009,"total":202.0},"Hospital":{"raw":3.0,"perc":1.4851485148514851,"total":202.0},"Festival / Lg. Crowd":{"raw":1.0,"perc":0.49504950495049505,"total":202.0},"Club / Bar":{"raw":1.0,"perc":0.49504950495049505,"total":202.0}},"Preparation / Recipes":{"Unknown Context":{"raw":10.0,"perc":32.258064516129032,"total":31.0},"Alone":{"raw":12.0,"perc":38.70967741935484,"total":31.0},"Small Group (2-9)":{"raw":1.0,"perc":3.225806451612903,"total":31.0},"Not Applicable":{"raw":7.0,"perc":22.58064516129032,"total":31.0},"Public Space (Museum, Park, etc)":{"raw":1.0,"perc":3.225806451612903,"total":31.0}},"Retrospective / Summary":{"Alone":{"raw":11.0,"perc":29.72972972972973,"total":37.0},"Various":{"raw":5.0,"perc":13.513513513513514,"total":37.0},"Unknown Context":{"raw":7.0,"perc":18.918918918918919,"total":37.0},"Not Applicable":{"raw":10.0,"perc":27.027027027027028,"total":37.0},"Small Group (2-9)":{"raw":3.0,"perc":8.1081081081081088,"total":37.0},"Hospital":{"raw":1.0,"perc":2.7027027027027026,"total":37.0}},"What Was in That?":{"Unknown Context":{"raw":1.0,"perc":14.285714285714285,"total":7.0},"Various":{"raw":1.0,"perc":14.285714285714285,"total":7.0},"Small Group (2-9)":{"raw":4.0,"perc":57.142857142857139,"total":7.0},"Alone":{"raw":1.0,"perc":14.285714285714285,"total":7.0}},"First Times":{"Unknown Context":{"raw":12.0,"perc":19.047619047619047,"total":63.0},"Large Group (10+)":{"raw":2.0,"perc":3.1746031746031744,"total":63.0},"Alone":{"raw":31.0,"perc":49.2063492063492,"total":63.0},"Small Group (2-9)":{"raw":15.0,"perc":23.809523809523807,"total":63.0},"School":{"raw":1.0,"perc":1.5873015873015872,"total":63.0},"Club / Bar":{"raw":1.0,"perc":1.5873015873015872,"total":63.0},"Various":{"raw":1.0,"perc":1.5873015873015872,"total":63.0}},"Post Trip Problems":{"Alone":{"raw":1.0,"perc":20.0,"total":5.0},"Unknown Context":{"raw":2.0,"perc":40.0,"total":5.0},"School":{"raw":1.0,"perc":20.0,"total":5.0},"Hospital":{"raw":1.0,"perc":20.0,"total":5.0}},"Health Problems":{"Alone":{"raw":3.0,"perc":25.0,"total":12.0},"Various":{"raw":1.0,"perc":8.3333333333333321,"total":12.0},"Unknown Context":{"raw":5.0,"perc":41.666666666666671,"total":12.0},"Not Applicable":{"raw":3.0,"perc":25.0,"total":12.0}},"Difficult Experiences":{"Various":{"raw":1.0,"perc":25.0,"total":4.0},"Alone":{"raw":3.0,"perc":75.0,"total":4.0}},"Second Hand Report":{"Various":{"raw":1.0,"perc":10.0,"total":10.0},"Not Applicable":{"raw":8.0,"perc":80.0,"total":10.0},"Alone":{"raw":1.0,"perc":10.0,"total":10.0}},"Cultivation / Synthesis":{"Unknown Context":{"raw":1.0,"perc":25.0,"total":4.0},"Alone":{"raw":2.0,"perc":50.0,"total":4.0},"Not Applicable":{"raw":1.0,"perc":25.0,"total":4.0}},"Medical Use":{"Hospital":{"raw":3.0,"perc":21.428571428571427,"total":14.0},"Not Applicable":{"raw":3.0,"perc":21.428571428571427,"total":14.0},"Unknown Context":{"raw":5.0,"perc":35.714285714285715,"total":14.0},"Alone":{"raw":3.0,"perc":21.428571428571427,"total":14.0}},"Overdose":{"Small Group (2-9)":{"raw":1.0,"perc":100.0,"total":1.0}},"Hangover / Days After":{"Small Group (2-9)":{"raw":1.0,"perc":100.0,"total":1.0}},"Depression":{"Not Applicable":{"raw":1.0,"perc":100.0,"total":1.0}},"Personal Preparation":{"Not Applicable":{"raw":1.0,"perc":33.333333333333329,"total":3.0},"Small Group (2-9)":{"raw":1.0,"perc":33.333333333333329,"total":3.0},"Unknown Context":{"raw":1.0,"perc":33.333333333333329,"total":3.0}},"Relationships":{"Not Applicable":{"raw":1.0,"perc":100.0,"total":1.0}},"Families":{"Small Group (2-9)":{"raw":1.0,"perc":33.333333333333329,"total":3.0},"Not Applicable":{"raw":2.0,"perc":66.666666666666657,"total":3.0}},"Guides / Sitters":{"Small Group (2-9)":{"raw":1.0,"perc":100.0,"total":1.0}},"Health Benefits":{"Not Applicable":{"raw":3.0,"perc":100.0,"total":3.0}},"Glowing Experiences":{"Festival / Lg. Crowd":{"raw":1.0,"perc":100.0,"total":1.0}},"Nature / Outdoors":{"Alone":{"raw":2.0,"perc":100.0,"total":2.0}},"Multi-Day Experience":{"Not Applicable":{"raw":3.0,"perc":60.0,"total":5.0},"Unknown Context":{"raw":1.0,"perc":20.0,"total":5.0},"Alone":{"raw":1.0,"perc":20.0,"total":5.0}},"Therapeutic Intent or Outcome":{"Alone":{"raw":2.0,"perc":100.0,"total":2.0}},"Performance Enhancement":{"Not Applicable":{"raw":1.0,"perc":100.0,"total":1.0}}},"Extreme":{"First Times":{"Rave / Dance Event":{"raw":2.0,"perc":0.86580086580086579,"total":231.0},"Various":{"raw":30.0,"perc":12.987012987012985,"total":231.0},"Small Group (2-9)":{"raw":123.0,"perc":53.246753246753244,"total":231.0},"Hospital":{"raw":14.0,"perc":6.0606060606060606,"total":231.0},"Alone":{"raw":51.0,"perc":22.077922077922079,"total":231.0},"Festival / Lg. Crowd":{"raw":3.0,"perc":1.2987012987012987,"total":231.0},"Club / Bar":{"raw":1.0,"perc":0.4329004329004329,"total":231.0},"School":{"raw":4.0,"perc":1.7316017316017316,"total":231.0},"Large Group (10+)":{"raw":2.0,"perc":0.86580086580086579,"total":231.0},"Not Applicable":{"raw":1.0,"perc":0.4329004329004329,"total":231.0}},"Bad Trips":{"Rave / Dance Event":{"raw":4.0,"perc":1.1730205278592376,"total":341.0},"Small Group (2-9)":{"raw":157.0,"perc":46.041055718475072,"total":341.0},"Unknown Context":{"raw":10.0,"perc":2.9325513196480939,"total":341.0},"Various":{"raw":39.0,"perc":11.436950146627565,"total":341.0},"Alone":{"raw":86.0,"perc":25.219941348973606,"total":341.0},"Large Group (10+)":{"raw":9.0,"perc":2.6392961876832843,"total":341.0},"Club / Bar":{"raw":1.0,"perc":0.2932551319648094,"total":341.0},"Hospital":{"raw":24.0,"perc":7.0381231671554261,"total":341.0},"Not Applicable":{"raw":4.0,"perc":1.1730205278592376,"total":341.0},"Festival / Lg. Crowd":{"raw":3.0,"perc":0.87976539589442826,"total":341.0},"Group Ceremony":{"raw":1.0,"perc":0.2932551319648094,"total":341.0},"School":{"raw":3.0,"perc":0.87976539589442826,"total":341.0}},"General":{"Alone":{"raw":64.0,"perc":28.699551569506728,"total":223.0},"Small Group (2-9)":{"raw":102.0,"perc":45.739910313901348,"total":223.0},"Various":{"raw":27.0,"perc":12.107623318385651,"total":223.0},"Hospital":{"raw":13.0,"perc":5.8295964125560538,"total":223.0},"Festival / Lg. Crowd":{"raw":3.0,"perc":1.3452914798206279,"total":223.0},"Rave / Dance Event":{"raw":1.0,"perc":0.44843049327354262,"total":223.0},"Not Applicable":{"raw":4.0,"perc":1.7937219730941705,"total":223.0},"Large Group (10+)":{"raw":4.0,"perc":1.7937219730941705,"total":223.0},"School":{"raw":1.0,"perc":0.44843049327354262,"total":223.0},"Workplace":{"raw":1.0,"perc":0.44843049327354262,"total":223.0},"Unknown Context":{"raw":2.0,"perc":0.89686098654708524,"total":223.0},"Group Ceremony":{"raw":1.0,"perc":0.44843049327354262,"total":223.0}},"Preparation / Recipes":{"Alone":{"raw":8.0,"perc":40.0,"total":20.0},"Various":{"raw":4.0,"perc":20.0,"total":20.0},"Small Group (2-9)":{"raw":7.0,"perc":35.0,"total":20.0},"Hospital":{"raw":1.0,"perc":5.0,"total":20.0}},"Difficult Experiences":{"Alone":{"raw":119.0,"perc":24.536082474226802,"total":485.0},"Various":{"raw":56.0,"perc":11.546391752577319,"total":485.0},"Unknown Context":{"raw":14.0,"perc":2.88659793814433,"total":485.0},"Small Group (2-9)":{"raw":226.0,"perc":46.597938144329895,"total":485.0},"Rave / Dance Event":{"raw":4.0,"perc":0.82474226804123718,"total":485.0},"Hospital":{"raw":35.0,"perc":7.216494845360824,"total":485.0},"School":{"raw":6.0,"perc":1.2371134020618557,"total":485.0},"Club / Bar":{"raw":1.0,"perc":0.2061855670103093,"total":485.0},"Not Applicable":{"raw":5.0,"perc":1.0309278350515463,"total":485.0},"Group Ceremony":{"raw":4.0,"perc":0.82474226804123718,"total":485.0},"Festival / Lg. Crowd":{"raw":7.0,"perc":1.4432989690721649,"total":485.0},"Large Group (10+)":{"raw":8.0,"perc":1.6494845360824744,"total":485.0}},"Health Problems":{"Alone":{"raw":83.0,"perc":20.194647201946474,"total":411.0},"Small Group (2-9)":{"raw":128.0,"perc":31.143552311435524,"total":411.0},"Various":{"raw":67.0,"perc":16.301703163017031,"total":411.0},"Unknown Context":{"raw":30.0,"perc":7.2992700729927,"total":411.0},"Club / Bar":{"raw":6.0,"perc":1.4598540145985401,"total":411.0},"Hospital":{"raw":46.0,"perc":11.192214111922141,"total":411.0},"Large Group (10+)":{"raw":8.0,"perc":1.9464720194647203,"total":411.0},"School":{"raw":8.0,"perc":1.9464720194647203,"total":411.0},"Not Applicable":{"raw":27.0,"perc":6.5693430656934311,"total":411.0},"Rave / Dance Event":{"raw":5.0,"perc":1.2165450121654502,"total":411.0},"Festival / Lg. Crowd":{"raw":2.0,"perc":0.48661800486618007,"total":411.0},"Group Ceremony":{"raw":1.0,"perc":0.24330900243309003,"total":411.0}},"Overdose":{"Alone":{"raw":96.0,"perc":25.46419098143236,"total":377.0},"Small Group (2-9)":{"raw":131.0,"perc":34.748010610079575,"total":377.0},"Various":{"raw":55.0,"perc":14.588859416445624,"total":377.0},"Unknown Context":{"raw":16.0,"perc":4.2440318302387263,"total":377.0},"Club / Bar":{"raw":5.0,"perc":1.3262599469496021,"total":377.0},"Hospital":{"raw":49.0,"perc":12.9973474801061,"total":377.0},"School":{"raw":12.0,"perc":3.183023872679045,"total":377.0},"Rave / Dance Event":{"raw":5.0,"perc":1.3262599469496021,"total":377.0},"Not Applicable":{"raw":3.0,"perc":0.79575596816976124,"total":377.0},"Large Group (10+)":{"raw":5.0,"perc":1.3262599469496021,"total":377.0}},"Retrospective / Summary":{"Alone":{"raw":23.0,"perc":26.436781609195403,"total":87.0},"Unknown Context":{"raw":2.0,"perc":2.2988505747126435,"total":87.0},"Various":{"raw":24.0,"perc":27.586206896551722,"total":87.0},"Small Group (2-9)":{"raw":14.0,"perc":16.091954022988507,"total":87.0},"Hospital":{"raw":5.0,"perc":5.7471264367816088,"total":87.0},"Not Applicable":{"raw":16.0,"perc":18.390804597701148,"total":87.0},"Large Group (10+)":{"raw":1.0,"perc":1.1494252873563218,"total":87.0},"Workplace":{"raw":1.0,"perc":1.1494252873563218,"total":87.0},"Club / Bar":{"raw":1.0,"perc":1.1494252873563218,"total":87.0}},"Guides / Sitters":{"Small Group (2-9)":{"raw":59.0,"perc":83.098591549295776,"total":71.0},"Large Group (10+)":{"raw":2.0,"perc":2.8169014084507045,"total":71.0},"Alone":{"raw":2.0,"perc":2.8169014084507045,"total":71.0},"Festival / Lg. Crowd":{"raw":3.0,"perc":4.225352112676056,"total":71.0},"Various":{"raw":4.0,"perc":5.6338028169014089,"total":71.0},"Group Ceremony":{"raw":1.0,"perc":1.4084507042253522,"total":71.0}},"Mystical Experiences":{"Alone":{"raw":53.0,"perc":33.757961783439491,"total":157.0},"Unknown Context":{"raw":3.0,"perc":1.910828025477707,"total":157.0},"Small Group (2-9)":{"raw":77.0,"perc":49.044585987261144,"total":157.0},"Various":{"raw":13.0,"perc":8.2802547770700627,"total":157.0},"Rave / Dance Event":{"raw":1.0,"perc":0.63694267515923575,"total":157.0},"Large Group (10+)":{"raw":2.0,"perc":1.2738853503184715,"total":157.0},"Hospital":{"raw":2.0,"perc":1.2738853503184715,"total":157.0},"Not Applicable":{"raw":1.0,"perc":0.63694267515923575,"total":157.0},"Festival / Lg. Crowd":{"raw":3.0,"perc":1.910828025477707,"total":157.0},"Group Ceremony":{"raw":2.0,"perc":1.2738853503184715,"total":157.0}},"Post Trip Problems":{"Various":{"raw":31.0,"perc":15.048543689320388,"total":206.0},"Small Group (2-9)":{"raw":69.0,"perc":33.495145631067963,"total":206.0},"Club / Bar":{"raw":2.0,"perc":0.97087378640776689,"total":206.0},"Unknown Context":{"raw":13.0,"perc":6.3106796116504853,"total":206.0},"Alone":{"raw":40.0,"perc":19.417475728155338,"total":206.0},"Hospital":{"raw":18.0,"perc":8.7378640776699026,"total":206.0},"Rave / Dance Event":{"raw":3.0,"perc":1.4563106796116505,"total":206.0},"Large Group (10+)":{"raw":5.0,"perc":2.4271844660194173,"total":206.0},"School":{"raw":3.0,"perc":1.4563106796116505,"total":206.0},"Not Applicable":{"raw":21.0,"perc":10.194174757281553,"total":206.0},"Group Ceremony":{"raw":1.0,"perc":0.48543689320388345,"total":206.0}},"Entities / Beings":{"Alone":{"raw":62.0,"perc":33.155080213903744,"total":187.0},"Festival / Lg. Crowd":{"raw":2.0,"perc":1.06951871657754,"total":187.0},"Small Group (2-9)":{"raw":95.0,"perc":50.802139037433157,"total":187.0},"Various":{"raw":14.0,"perc":7.4866310160427805,"total":187.0},"Not Applicable":{"raw":3.0,"perc":1.6042780748663104,"total":187.0},"Hospital":{"raw":7.0,"perc":3.7433155080213902,"total":187.0},"Unknown Context":{"raw":1.0,"perc":0.53475935828877,"total":187.0},"Rave / Dance Event":{"raw":1.0,"perc":0.53475935828877,"total":187.0},"Group Ceremony":{"raw":2.0,"perc":1.06951871657754,"total":187.0}},"Glowing Experiences":{"Small Group (2-9)":{"raw":34.0,"perc":45.333333333333329,"total":75.0},"Alone":{"raw":27.0,"perc":36.0,"total":75.0},"Various":{"raw":7.0,"perc":9.3333333333333339,"total":75.0},"Hospital":{"raw":2.0,"perc":2.666666666666667,"total":75.0},"Festival / Lg. Crowd":{"raw":2.0,"perc":2.666666666666667,"total":75.0},"Unknown Context":{"raw":1.0,"perc":1.3333333333333335,"total":75.0},"Group Ceremony":{"raw":1.0,"perc":1.3333333333333335,"total":75.0},"Rave / Dance Event":{"raw":1.0,"perc":1.3333333333333335,"total":75.0}},"Multi-Day Experience":{"Small Group (2-9)":{"raw":16.0,"perc":17.977528089887642,"total":89.0},"Alone":{"raw":20.0,"perc":22.471910112359549,"total":89.0},"Various":{"raw":31.0,"perc":34.831460674157306,"total":89.0},"Hospital":{"raw":8.0,"perc":8.98876404494382,"total":89.0},"Not Applicable":{"raw":8.0,"perc":8.98876404494382,"total":89.0},"School":{"raw":1.0,"perc":1.1235955056179776,"total":89.0},"Festival / Lg. Crowd":{"raw":1.0,"perc":1.1235955056179776,"total":89.0},"Unknown Context":{"raw":4.0,"perc":4.49438202247191,"total":89.0}},"Second Hand Report":{"Rave / Dance Event":{"raw":3.0,"perc":3.5294117647058822,"total":85.0},"Small Group (2-9)":{"raw":33.0,"perc":38.82352941176471,"total":85.0},"Large Group (10+)":{"raw":3.0,"perc":3.5294117647058822,"total":85.0},"Unknown Context":{"raw":9.0,"perc":10.588235294117647,"total":85.0},"Hospital":{"raw":14.0,"perc":16.470588235294116,"total":85.0},"Alone":{"raw":8.0,"perc":9.4117647058823533,"total":85.0},"School":{"raw":1.0,"perc":1.1764705882352942,"total":85.0},"Not Applicable":{"raw":9.0,"perc":10.588235294117647,"total":85.0},"Festival / Lg. Crowd":{"raw":1.0,"perc":1.1764705882352942,"total":85.0},"Various":{"raw":3.0,"perc":3.5294117647058822,"total":85.0},"Group Ceremony":{"raw":1.0,"perc":1.1764705882352942,"total":85.0}},"Depression":{"Small Group (2-9)":{"raw":11.0,"perc":25.0,"total":44.0},"Alone":{"raw":10.0,"perc":22.727272727272727,"total":44.0},"Hospital":{"raw":2.0,"perc":4.5454545454545459,"total":44.0},"Group Ceremony":{"raw":1.0,"perc":2.2727272727272729,"total":44.0},"Various":{"raw":11.0,"perc":25.0,"total":44.0},"Not Applicable":{"raw":8.0,"perc":18.181818181818183,"total":44.0},"School":{"raw":1.0,"perc":2.2727272727272729,"total":44.0}},"Music Discussion":{"Small Group (2-9)":{"raw":14.0,"perc":37.837837837837839,"total":37.0},"Various":{"raw":5.0,"perc":13.513513513513514,"total":37.0},"Alone":{"raw":11.0,"perc":29.72972972972973,"total":37.0},"Festival / Lg. Crowd":{"raw":2.0,"perc":5.4054054054054053,"total":37.0},"Rave / Dance Event":{"raw":1.0,"perc":2.7027027027027026,"total":37.0},"Large Group (10+)":{"raw":2.0,"perc":5.4054054054054053,"total":37.0},"Group Ceremony":{"raw":1.0,"perc":2.7027027027027026,"total":37.0},"Not Applicable":{"raw":1.0,"perc":2.7027027027027026,"total":37.0}},"What Was in That?":{"Small Group (2-9)":{"raw":13.0,"perc":65.0,"total":20.0},"Alone":{"raw":2.0,"perc":10.0,"total":20.0},"Unknown Context":{"raw":1.0,"perc":5.0,"total":20.0},"Various":{"raw":2.0,"perc":10.0,"total":20.0},"Hospital":{"raw":2.0,"perc":10.0,"total":20.0}},"Families":{"Alone":{"raw":9.0,"perc":24.324324324324326,"total":37.0},"Hospital":{"raw":6.0,"perc":16.216216216216218,"total":37.0},"School":{"raw":1.0,"perc":2.7027027027027026,"total":37.0},"Not Applicable":{"raw":5.0,"perc":13.513513513513514,"total":37.0},"Small Group (2-9)":{"raw":8.0,"perc":21.621621621621621,"total":37.0},"Various":{"raw":8.0,"perc":21.621621621621621,"total":37.0}},"Nature / Outdoors":{"Alone":{"raw":2.0,"perc":10.526315789473683,"total":19.0},"Small Group (2-9)":{"raw":11.0,"perc":57.894736842105267,"total":19.0},"Various":{"raw":5.0,"perc":26.315789473684209,"total":19.0},"Group Ceremony":{"raw":1.0,"perc":5.2631578947368416,"total":19.0}},"Sex Discussion":{"Small Group (2-9)":{"raw":8.0,"perc":47.058823529411761,"total":17.0},"Various":{"raw":6.0,"perc":35.294117647058826,"total":17.0},"Large Group (10+)":{"raw":1.0,"perc":5.88235294117647,"total":17.0},"Alone":{"raw":1.0,"perc":5.88235294117647,"total":17.0},"Group Ceremony":{"raw":1.0,"perc":5.88235294117647,"total":17.0}},"Personal Preparation":{"Small Group (2-9)":{"raw":3.0,"perc":30.0,"total":10.0},"Not Applicable":{"raw":1.0,"perc":10.0,"total":10.0},"Alone":{"raw":4.0,"perc":40.0,"total":10.0},"Hospital":{"raw":1.0,"perc":10.0,"total":10.0},"Group Ceremony":{"raw":1.0,"perc":10.0,"total":10.0}},"Relationships":{"Small Group (2-9)":{"raw":22.0,"perc":41.509433962264154,"total":53.0},"Club / Bar":{"raw":1.0,"perc":1.8867924528301887,"total":53.0},"Various":{"raw":14.0,"perc":26.415094339622641,"total":53.0},"Not Applicable":{"raw":4.0,"perc":7.5471698113207548,"total":53.0},"Alone":{"raw":9.0,"perc":16.9811320754717,"total":53.0},"Festival / Lg. Crowd":{"raw":2.0,"perc":3.7735849056603774,"total":53.0},"Large Group (10+)":{"raw":1.0,"perc":1.8867924528301887,"total":53.0}},"HPPD / Lasting Visuals":{"Hospital":{"raw":1.0,"perc":3.3333333333333335,"total":30.0},"Alone":{"raw":8.0,"perc":26.666666666666668,"total":30.0},"Small Group (2-9)":{"raw":12.0,"perc":40.0,"total":30.0},"Not Applicable":{"raw":4.0,"perc":13.333333333333334,"total":30.0},"Various":{"raw":5.0,"perc":16.666666666666664,"total":30.0}},"Hangover / Days After":{"Small Group (2-9)":{"raw":43.0,"perc":32.089552238805972,"total":134.0},"School":{"raw":2.0,"perc":1.4925373134328357,"total":134.0},"Alone":{"raw":39.0,"perc":29.1044776119403,"total":134.0},"Various":{"raw":22.0,"perc":16.417910447761194,"total":134.0},"Hospital":{"raw":7.0,"perc":5.2238805970149249,"total":134.0},"Group Ceremony":{"raw":1.0,"perc":0.74626865671641784,"total":134.0},"Not Applicable":{"raw":9.0,"perc":6.7164179104477615,"total":134.0},"Large Group (10+)":{"raw":2.0,"perc":1.4925373134328357,"total":134.0},"Unknown Context":{"raw":4.0,"perc":2.9850746268656714,"total":134.0},"Festival / Lg. Crowd":{"raw":3.0,"perc":2.2388059701492535,"total":134.0},"Club / Bar":{"raw":1.0,"perc":0.74626865671641784,"total":134.0},"Rave / Dance Event":{"raw":1.0,"perc":0.74626865671641784,"total":134.0}},"Poetry":{"Not Applicable":{"raw":1.0,"perc":25.0,"total":4.0},"Various":{"raw":1.0,"perc":25.0,"total":4.0},"Small Group (2-9)":{"raw":2.0,"perc":50.0,"total":4.0}},"Health Benefits":{"Hospital":{"raw":2.0,"perc":28.571428571428569,"total":7.0},"Various":{"raw":3.0,"perc":42.857142857142854,"total":7.0},"Alone":{"raw":2.0,"perc":28.571428571428569,"total":7.0}},"Therapeutic Intent or Outcome":{"Various":{"raw":4.0,"perc":16.666666666666664,"total":24.0},"Small Group (2-9)":{"raw":8.0,"perc":33.333333333333329,"total":24.0},"Alone":{"raw":9.0,"perc":37.5,"total":24.0},"Group Ceremony":{"raw":2.0,"perc":8.3333333333333321,"total":24.0},"Hospital":{"raw":1.0,"perc":4.1666666666666661,"total":24.0}},"Loss of Magic":{"Not Applicable":{"raw":1.0,"perc":50.0,"total":2.0},"Various":{"raw":1.0,"perc":50.0,"total":2.0}},"Medical Use":{"Not Applicable":{"raw":6.0,"perc":27.27272727272727,"total":22.0},"Hospital":{"raw":5.0,"perc":22.727272727272727,"total":22.0},"Various":{"raw":7.0,"perc":31.818181818181817,"total":22.0},"School":{"raw":1.0,"perc":4.5454545454545459,"total":22.0},"Alone":{"raw":3.0,"perc":13.636363636363635,"total":22.0}},"Pregnancy / Baby":{"Various":{"raw":3.0,"perc":75.0,"total":4.0},"Alone":{"raw":1.0,"perc":25.0,"total":4.0}},"Performance Enhancement":{"Various":{"raw":1.0,"perc":33.333333333333329,"total":3.0},"School":{"raw":1.0,"perc":33.333333333333329,"total":3.0},"Small Group (2-9)":{"raw":1.0,"perc":33.333333333333329,"total":3.0}},"Cultivation / Synthesis":{"Various":{"raw":1.0,"perc":100.0,"total":1.0}}}}