{"Strong":{"Morning Glory":{"Drug Testing":{"raw":1.0,"perc":50.0,"total":2.0},"Meditation":{"raw":1.0,"perc":50.0,"total":2.0}},"Various":{"Sleep Deprivation":{"raw":10.0,"perc":31.25,"total":32.0},"Police / Customs":{"raw":9.0,"perc":28.125,"total":32.0},"Ritual":{"raw":1.0,"perc":3.125,"total":32.0},"Meditation":{"raw":7.0,"perc":21.875,"total":32.0},"Dreams":{"raw":1.0,"perc":3.125,"total":32.0},"Drug Testing":{"raw":2.0,"perc":6.25,"total":32.0},"Nitrogen Narcosis":{"raw":1.0,"perc":3.125,"total":32.0},"Mindfulness":{"raw":1.0,"perc":3.125,"total":32.0}},"DPT":{"Dreams":{"raw":1.0,"perc":33.333333333333329,"total":3.0},"Ritual":{"raw":1.0,"perc":33.333333333333329,"total":3.0},"Meditation":{"raw":1.0,"perc":33.333333333333329,"total":3.0}},"Pharmaceuticals":{"Dreams":{"raw":2.0,"perc":40.0,"total":5.0},"Police / Customs":{"raw":1.0,"perc":20.0,"total":5.0},"Sleep Deprivation":{"raw":1.0,"perc":20.0,"total":5.0},"Migraines":{"raw":1.0,"perc":20.0,"total":5.0}},"MDMA":{"Ritual":{"raw":1.0,"perc":9.0909090909090917,"total":11.0},"Yoga / Bodywork":{"raw":3.0,"perc":27.27272727272727,"total":11.0},"OBE":{"raw":2.0,"perc":18.181818181818183,"total":11.0},"Meditation":{"raw":2.0,"perc":18.181818181818183,"total":11.0},"Dreams":{"raw":1.0,"perc":9.0909090909090917,"total":11.0},"Migraines":{"raw":1.0,"perc":9.0909090909090917,"total":11.0},"Police / Customs":{"raw":1.0,"perc":9.0909090909090917,"total":11.0}},"Salvia divinorum":{"Ritual":{"raw":1.0,"perc":5.5555555555555554,"total":18.0},"OBE":{"raw":7.0,"perc":38.888888888888893,"total":18.0},"Fasting":{"raw":4.0,"perc":22.222222222222221,"total":18.0},"Dreams":{"raw":1.0,"perc":5.5555555555555554,"total":18.0},"Meditation":{"raw":3.0,"perc":16.666666666666664,"total":18.0},"Devices":{"raw":1.0,"perc":5.5555555555555554,"total":18.0},"Nitrogen Narcosis":{"raw":1.0,"perc":5.5555555555555554,"total":18.0}},"Stimulants":{"Ritual":{"raw":1.0,"perc":5.0,"total":20.0},"Yoga / Bodywork":{"raw":3.0,"perc":15.0,"total":20.0},"OBE":{"raw":3.0,"perc":15.0,"total":20.0},"Meditation":{"raw":2.0,"perc":10.0,"total":20.0},"Sleep Deprivation":{"raw":6.0,"perc":30.0,"total":20.0},"Breathing":{"raw":1.0,"perc":5.0,"total":20.0},"Hyperventilation":{"raw":1.0,"perc":5.0,"total":20.0},"Dreams":{"raw":1.0,"perc":5.0,"total":20.0},"Migraines":{"raw":1.0,"perc":5.0,"total":20.0},"Police / Customs":{"raw":1.0,"perc":5.0,"total":20.0}},"Pharms - Benzphetamine":{"Sleep Deprivation":{"raw":1.0,"perc":100.0,"total":1.0}},"Methamphetamine":{"Sleep Deprivation":{"raw":2.0,"perc":100.0,"total":2.0}},"Mushrooms":{"Police / Customs":{"raw":4.0,"perc":18.181818181818183,"total":22.0},"Meditation":{"raw":3.0,"perc":13.636363636363635,"total":22.0},"Sleep Deprivation":{"raw":1.0,"perc":4.5454545454545459,"total":22.0},"Devices":{"raw":1.0,"perc":4.5454545454545459,"total":22.0},"Devices - Mind Machine":{"raw":1.0,"perc":4.5454545454545459,"total":22.0},"Yoga / Bodywork":{"raw":3.0,"perc":13.636363636363635,"total":22.0},"Ritual":{"raw":2.0,"perc":9.0909090909090917,"total":22.0},"Chanting":{"raw":1.0,"perc":4.5454545454545459,"total":22.0},"OBE":{"raw":1.0,"perc":4.5454545454545459,"total":22.0},"Humor":{"raw":1.0,"perc":4.5454545454545459,"total":22.0},"Nitrogen Narcosis":{"raw":1.0,"perc":4.5454545454545459,"total":22.0},"Migraines":{"raw":1.0,"perc":4.5454545454545459,"total":22.0},"Fasting":{"raw":1.0,"perc":4.5454545454545459,"total":22.0},"Mindfulness":{"raw":1.0,"perc":4.5454545454545459,"total":22.0}},"Harmala Alkaloids":{"Ritual":{"raw":1.0,"perc":25.0,"total":4.0},"Dreams":{"raw":1.0,"perc":25.0,"total":4.0},"Migraines":{"raw":1.0,"perc":25.0,"total":4.0},"Mindfulness":{"raw":1.0,"perc":25.0,"total":4.0}},"Psychotria viridis":{"Ritual":{"raw":1.0,"perc":100.0,"total":1.0}},"Syrian Rue":{"Ritual":{"raw":1.0,"perc":50.0,"total":2.0},"Migraines":{"raw":1.0,"perc":50.0,"total":2.0}},"LSD":{"Yoga / Bodywork":{"raw":4.0,"perc":21.052631578947366,"total":19.0},"Police / Customs":{"raw":5.0,"perc":26.315789473684209,"total":19.0},"Sleep Deprivation":{"raw":2.0,"perc":10.526315789473683,"total":19.0},"Meditation":{"raw":3.0,"perc":15.789473684210526,"total":19.0},"OBE":{"raw":2.0,"perc":10.526315789473683,"total":19.0},"Dreams":{"raw":1.0,"perc":5.2631578947368416,"total":19.0},"Breathing":{"raw":1.0,"perc":5.2631578947368416,"total":19.0},"Music":{"raw":1.0,"perc":5.2631578947368416,"total":19.0}},"Kava":{"Dreams":{"raw":1.0,"perc":33.333333333333329,"total":3.0},"Devices":{"raw":1.0,"perc":33.333333333333329,"total":3.0},"Devices - Mind Machine":{"raw":1.0,"perc":33.333333333333329,"total":3.0}},"Ayahuasca":{"Yoga / Bodywork":{"raw":1.0,"perc":33.333333333333329,"total":3.0},"Meditation":{"raw":1.0,"perc":33.333333333333329,"total":3.0},"Ritual":{"raw":1.0,"perc":33.333333333333329,"total":3.0}},"Melatonin":{"Dreams":{"raw":4.0,"perc":100.0,"total":4.0}},"Nitrous Oxide":{"OBE":{"raw":4.0,"perc":40.0,"total":10.0},"Meditation":{"raw":2.0,"perc":20.0,"total":10.0},"Devices":{"raw":1.0,"perc":10.0,"total":10.0},"Devices - Mind Machine":{"raw":1.0,"perc":10.0,"total":10.0},"Breathing":{"raw":1.0,"perc":10.0,"total":10.0},"Hyperventilation":{"raw":1.0,"perc":10.0,"total":10.0}},"Pharms - Cyclobenzaprine":{"Sleep Deprivation":{"raw":1.0,"perc":100.0,"total":1.0}},"DXM":{"Drug Testing":{"raw":6.0,"perc":46.153846153846153,"total":13.0},"Devices":{"raw":1.0,"perc":7.6923076923076925,"total":13.0},"Devices - Mind Machine":{"raw":1.0,"perc":7.6923076923076925,"total":13.0},"OBE":{"raw":2.0,"perc":15.384615384615385,"total":13.0},"Meditation":{"raw":1.0,"perc":7.6923076923076925,"total":13.0},"Fasting":{"raw":1.0,"perc":7.6923076923076925,"total":13.0},"Dreams":{"raw":1.0,"perc":7.6923076923076925,"total":13.0}},"Pseudoephedrine":{"Drug Testing":{"raw":1.0,"perc":100.0,"total":1.0}},"Cannabis":{"Meditation":{"raw":4.0,"perc":23.52941176470588,"total":17.0},"OBE":{"raw":5.0,"perc":29.411764705882355,"total":17.0},"Endogenous":{"raw":3.0,"perc":17.647058823529413,"total":17.0},"Devices":{"raw":1.0,"perc":5.88235294117647,"total":17.0},"Devices - Mind Machine":{"raw":1.0,"perc":5.88235294117647,"total":17.0},"Breathing":{"raw":1.0,"perc":5.88235294117647,"total":17.0},"Sleep Deprivation":{"raw":1.0,"perc":5.88235294117647,"total":17.0},"Police / Customs":{"raw":1.0,"perc":5.88235294117647,"total":17.0}},"Diphenhydramine":{"Police / Customs":{"raw":2.0,"perc":66.666666666666657,"total":3.0},"Dreams":{"raw":1.0,"perc":33.333333333333329,"total":3.0}},"GBL":{"Breathing":{"raw":1.0,"perc":100.0,"total":1.0}},"Alcohol":{"Police / Customs":{"raw":3.0,"perc":60.0,"total":5.0},"Drug Testing":{"raw":1.0,"perc":20.0,"total":5.0},"Migraines":{"raw":1.0,"perc":20.0,"total":5.0}},"4-AcO-DET":{"Meditation":{"raw":1.0,"perc":100.0,"total":1.0}},"AMT":{"Meditation":{"raw":1.0,"perc":50.0,"total":2.0},"Police / Customs":{"raw":1.0,"perc":50.0,"total":2.0}},"Calea zacatechichi":{"Meditation":{"raw":1.0,"perc":16.666666666666664,"total":6.0},"Dreams":{"raw":5.0,"perc":83.333333333333343,"total":6.0}},"Dimenhydrinate":{"Police / Customs":{"raw":1.0,"perc":100.0,"total":1.0}},"Valerian":{"Dreams":{"raw":1.0,"perc":100.0,"total":1.0}},"Vitamin B-6":{"Dreams":{"raw":2.0,"perc":100.0,"total":2.0}},"2C-B":{"OBE":{"raw":2.0,"perc":50.0,"total":4.0},"Police / Customs":{"raw":1.0,"perc":25.0,"total":4.0},"Sleep Deprivation":{"raw":1.0,"perc":25.0,"total":4.0}},"Phenethylamine":{"OBE":{"raw":2.0,"perc":33.333333333333329,"total":6.0},"Police / Customs":{"raw":1.0,"perc":16.666666666666664,"total":6.0},"Floatation Tank":{"raw":1.0,"perc":16.666666666666664,"total":6.0},"Sleep Deprivation":{"raw":2.0,"perc":33.333333333333329,"total":6.0}},"Datura":{"Police / Customs":{"raw":3.0,"perc":60.0,"total":5.0},"Dreams":{"raw":2.0,"perc":40.0,"total":5.0}},"Mugwort":{"Dreams":{"raw":1.0,"perc":100.0,"total":1.0}},"Benzodiazepines":{"Police / Customs":{"raw":1.0,"perc":100.0,"total":1.0}},"Pharms - Alprazolam":{"Police / Customs":{"raw":1.0,"perc":100.0,"total":1.0}},"H.B. Woodrose":{"Ritual":{"raw":1.0,"perc":33.333333333333329,"total":3.0},"Devices":{"raw":1.0,"perc":33.333333333333329,"total":3.0},"Devices - Mind Machine":{"raw":1.0,"perc":33.333333333333329,"total":3.0}},"Modafinil":{"Sleep Deprivation":{"raw":2.0,"perc":100.0,"total":2.0}},"Mandrake":{"Dreams":{"raw":1.0,"perc":100.0,"total":1.0}},"5-MeO-DMT":{"Meditation":{"raw":1.0,"perc":50.0,"total":2.0},"Breathing":{"raw":1.0,"perc":50.0,"total":2.0}},"Ephedrine":{"Sleep Deprivation":{"raw":1.0,"perc":100.0,"total":1.0}},"Cocaine":{"Police / Customs":{"raw":1.0,"perc":100.0,"total":1.0}},"Amanitas":{"Ritual":{"raw":1.0,"perc":100.0,"total":1.0}},"4-AcO-MiPT":{"Breathing":{"raw":1.0,"perc":100.0,"total":1.0}},"Pharms - Butorphanol":{"Dreams":{"raw":1.0,"perc":100.0,"total":1.0}},"Amphetamines":{"Sleep Deprivation":{"raw":7.0,"perc":70.0,"total":10.0},"Breathing":{"raw":1.0,"perc":10.0,"total":10.0},"Hyperventilation":{"raw":1.0,"perc":10.0,"total":10.0},"OBE":{"raw":1.0,"perc":10.0,"total":10.0}},"2C-I":{"Sleep Deprivation":{"raw":1.0,"perc":50.0,"total":2.0},"OBE":{"raw":1.0,"perc":50.0,"total":2.0}},"Lotus/Lily":{"OBE":{"raw":1.0,"perc":100.0,"total":1.0}},"Pharms - Lorazepam":{"Sleep Deprivation":{"raw":1.0,"perc":100.0,"total":1.0}},"Absinthe":{"Devices":{"raw":1.0,"perc":50.0,"total":2.0},"Devices - Mind Machine":{"raw":1.0,"perc":50.0,"total":2.0}},"Heimia salicifolia":{"Dreams":{"raw":1.0,"perc":100.0,"total":1.0}},"Codeine":{"OBE":{"raw":1.0,"perc":50.0,"total":2.0},"Conferences":{"raw":1.0,"perc":50.0,"total":2.0}},"Opiates":{"OBE":{"raw":1.0,"perc":33.333333333333329,"total":3.0},"Conferences":{"raw":1.0,"perc":33.333333333333329,"total":3.0},"Endogenous":{"raw":1.0,"perc":33.333333333333329,"total":3.0}},"DMAE":{"Sleep Deprivation":{"raw":1.0,"perc":100.0,"total":1.0}},"GHB":{"Sleep Deprivation":{"raw":1.0,"perc":100.0,"total":1.0}},"Vinpocetine":{"Sleep Deprivation":{"raw":1.0,"perc":100.0,"total":1.0}},"Mescaline":{"OBE":{"raw":1.0,"perc":100.0,"total":1.0}},"Pharms - Zolpidem":{"Police / Customs":{"raw":2.0,"perc":100.0,"total":2.0}},"2C-E":{"Floatation Tank":{"raw":1.0,"perc":100.0,"total":1.0}},"Brugmansia":{"Police / Customs":{"raw":3.0,"perc":100.0,"total":3.0}},"Peyote":{"Ritual":{"raw":1.0,"perc":50.0,"total":2.0},"Sweating":{"raw":1.0,"perc":50.0,"total":2.0}},"Stipa robusta":{"OBE":{"raw":1.0,"perc":100.0,"total":1.0}},"Caffeine":{"Migraines":{"raw":1.0,"perc":50.0,"total":2.0},"Sleep Deprivation":{"raw":1.0,"perc":50.0,"total":2.0}},"Tryptophan":{"Dreams":{"raw":1.0,"perc":100.0,"total":1.0}},"Pharms - Fluoxetine":{"Dreams":{"raw":1.0,"perc":100.0,"total":1.0}},"Pharms - Paroxetine":{"Dreams":{"raw":1.0,"perc":100.0,"total":1.0}},"SSRIs":{"Dreams":{"raw":1.0,"perc":100.0,"total":1.0}},"DOC":{"Meditation":{"raw":1.0,"perc":100.0,"total":1.0}},"Cacti":{"Meditation":{"raw":1.0,"perc":33.333333333333329,"total":3.0},"Ritual":{"raw":1.0,"perc":33.333333333333329,"total":3.0},"Yoga / Bodywork":{"raw":1.0,"perc":33.333333333333329,"total":3.0}},"LSA":{"Sleep Deprivation":{"raw":1.0,"perc":50.0,"total":2.0},"Yoga / Bodywork":{"raw":1.0,"perc":50.0,"total":2.0}},"Pharms - Propylhexedrine":{"Sleep Deprivation":{"raw":1.0,"perc":100.0,"total":1.0}},"Piperazines":{"Meditation":{"raw":1.0,"perc":33.333333333333329,"total":3.0},"Sleep Deprivation":{"raw":1.0,"perc":33.333333333333329,"total":3.0},"Migraines":{"raw":1.0,"perc":33.333333333333329,"total":3.0}},"Nicotine":{"Dreams":{"raw":1.0,"perc":100.0,"total":1.0}},"Tobacco":{"Dreams":{"raw":1.0,"perc":100.0,"total":1.0}},"Ketamine":{"OBE":{"raw":1.0,"perc":100.0,"total":1.0}},"NMDA Antagonists":{"OBE":{"raw":1.0,"perc":100.0,"total":1.0}},"Pharms - Fentanyl":{"Migraines":{"raw":1.0,"perc":100.0,"total":1.0}},"DET":{"OBE":{"raw":1.0,"perc":100.0,"total":1.0}},"Anadenanthera spp.":{"Ritual":{"raw":1.0,"perc":100.0,"total":1.0}},"DOB":{"Sleep Deprivation":{"raw":1.0,"perc":100.0,"total":1.0}},"Opioids":{"Endogenous":{"raw":1.0,"perc":50.0,"total":2.0},"Humor":{"raw":1.0,"perc":50.0,"total":2.0}},"Pharms - Oxycodone":{"Endogenous":{"raw":1.0,"perc":100.0,"total":1.0}},"Acacia":{"Breathing":{"raw":1.0,"perc":50.0,"total":2.0},"Hyperventilation":{"raw":1.0,"perc":50.0,"total":2.0}},"DMT":{"Breathing":{"raw":2.0,"perc":40.0,"total":5.0},"Hyperventilation":{"raw":1.0,"perc":20.0,"total":5.0},"Dreams":{"raw":1.0,"perc":20.0,"total":5.0},"Meditation":{"raw":1.0,"perc":20.0,"total":5.0}},"2C-G-N":{"Sleep Deprivation":{"raw":1.0,"perc":100.0,"total":1.0}},"Banisteriopsis caapi":{"Dreams":{"raw":1.0,"perc":50.0,"total":2.0},"Mindfulness":{"raw":1.0,"perc":50.0,"total":2.0}},"DOI":{"Meditation":{"raw":1.0,"perc":100.0,"total":1.0}},"Hydrocodone":{"Humor":{"raw":1.0,"perc":100.0,"total":1.0}},"Unknown":{"Humor":{"raw":1.0,"perc":100.0,"total":1.0}},"Yohimbe":{"Yoga / Bodywork":{"raw":1.0,"perc":100.0,"total":1.0}},"Silene capensis":{"Dreams":{"raw":3.0,"perc":100.0,"total":3.0}},"MDA":{"Migraines":{"raw":1.0,"perc":100.0,"total":1.0}},"Methylone":{"OBE":{"raw":1.0,"perc":50.0,"total":2.0},"Sleep Deprivation":{"raw":1.0,"perc":50.0,"total":2.0}},"Lisdexamfetamine":{"Sleep Deprivation":{"raw":1.0,"perc":100.0,"total":1.0}},"Carbogen":{"Breathing":{"raw":1.0,"perc":100.0,"total":1.0}},"Pharms - Methylphenidate":{"Sleep Deprivation":{"raw":1.0,"perc":100.0,"total":1.0}},"MDPV":{"Sleep Deprivation":{"raw":1.0,"perc":100.0,"total":1.0}},"Cannabinoid Receptor Agonists":{"Conferences":{"raw":1.0,"perc":100.0,"total":1.0}},"4-AcO-DMT":{"Mindfulness":{"raw":1.0,"perc":100.0,"total":1.0}},"25I-NBOMe":{"OBE":{"raw":1.0,"perc":100.0,"total":1.0}},"NBOMe Series":{"OBE":{"raw":1.0,"perc":50.0,"total":2.0},"Police / Customs":{"raw":1.0,"perc":50.0,"total":2.0}},"25C-NBOMe":{"Police / Customs":{"raw":1.0,"perc":100.0,"total":1.0}}},"Medium":{"Various":{"Sleep Deprivation":{"raw":7.0,"perc":15.217391304347828,"total":46.0},"Endogenous":{"raw":2.0,"perc":4.3478260869565215,"total":46.0},"Police / Customs":{"raw":12.0,"perc":26.086956521739129,"total":46.0},"Yoga / Bodywork":{"raw":3.0,"perc":6.5217391304347823,"total":46.0},"Fasting":{"raw":2.0,"perc":4.3478260869565215,"total":46.0},"Migraines":{"raw":2.0,"perc":4.3478260869565215,"total":46.0},"OBE":{"raw":1.0,"perc":2.1739130434782608,"total":46.0},"Mindfulness":{"raw":2.0,"perc":4.3478260869565215,"total":46.0},"Meditation":{"raw":6.0,"perc":13.043478260869565,"total":46.0},"Dreams":{"raw":4.0,"perc":8.695652173913043,"total":46.0},"Devices":{"raw":1.0,"perc":2.1739130434782608,"total":46.0},"Devices - Mind Machine":{"raw":1.0,"perc":2.1739130434782608,"total":46.0},"Drug Testing":{"raw":2.0,"perc":4.3478260869565215,"total":46.0},"Humor":{"raw":1.0,"perc":2.1739130434782608,"total":46.0}},"Opiates":{"Drug Testing":{"raw":4.0,"perc":36.363636363636367,"total":11.0},"Police / Customs":{"raw":4.0,"perc":36.363636363636367,"total":11.0},"Meditation":{"raw":1.0,"perc":9.0909090909090917,"total":11.0},"Dreams":{"raw":2.0,"perc":18.181818181818183,"total":11.0}},"Poppies - Opium":{"Drug Testing":{"raw":1.0,"perc":50.0,"total":2.0},"Dreams":{"raw":1.0,"perc":50.0,"total":2.0}},"LSD":{"OBE":{"raw":1.0,"perc":3.7037037037037033,"total":27.0},"Police / Customs":{"raw":8.0,"perc":29.629629629629626,"total":27.0},"Yoga / Bodywork":{"raw":4.0,"perc":14.814814814814813,"total":27.0},"Migraines":{"raw":2.0,"perc":7.4074074074074066,"total":27.0},"Meditation":{"raw":5.0,"perc":18.518518518518519,"total":27.0},"Guiding":{"raw":1.0,"perc":3.7037037037037033,"total":27.0},"Devices":{"raw":3.0,"perc":11.111111111111111,"total":27.0},"Devices - Mind Machine":{"raw":2.0,"perc":7.4074074074074066,"total":27.0},"Mindfulness":{"raw":1.0,"perc":3.7037037037037033,"total":27.0}},"Cannabis":{"Ritual":{"raw":3.0,"perc":6.8181818181818175,"total":44.0},"Police / Customs":{"raw":8.0,"perc":18.181818181818183,"total":44.0},"Migraines":{"raw":1.0,"perc":2.2727272727272729,"total":44.0},"Drug Testing":{"raw":15.0,"perc":34.090909090909086,"total":44.0},"Devices":{"raw":1.0,"perc":2.2727272727272729,"total":44.0},"Devices - Mind Machine":{"raw":1.0,"perc":2.2727272727272729,"total":44.0},"Sleep Deprivation":{"raw":6.0,"perc":13.636363636363635,"total":44.0},"Meditation":{"raw":4.0,"perc":9.0909090909090917,"total":44.0},"OBE":{"raw":2.0,"perc":4.5454545454545459,"total":44.0},"Dreams":{"raw":2.0,"perc":4.5454545454545459,"total":44.0},"Fasting":{"raw":1.0,"perc":2.2727272727272729,"total":44.0}},"MDMA":{"Ritual":{"raw":2.0,"perc":8.0,"total":25.0},"Migraines":{"raw":3.0,"perc":12.0,"total":25.0},"Endogenous":{"raw":1.0,"perc":4.0,"total":25.0},"Dreams":{"raw":2.0,"perc":8.0,"total":25.0},"Police / Customs":{"raw":4.0,"perc":16.0,"total":25.0},"OBE":{"raw":1.0,"perc":4.0,"total":25.0},"Sleep Deprivation":{"raw":2.0,"perc":8.0,"total":25.0},"Devices":{"raw":2.0,"perc":8.0,"total":25.0},"Devices - Mind Machine":{"raw":1.0,"perc":4.0,"total":25.0},"Meditation":{"raw":5.0,"perc":20.0,"total":25.0},"Yoga / Bodywork":{"raw":2.0,"perc":8.0,"total":25.0}},"Pharmaceuticals":{"Ritual":{"raw":1.0,"perc":11.111111111111111,"total":9.0},"Sleep Deprivation":{"raw":1.0,"perc":11.111111111111111,"total":9.0},"Police / Customs":{"raw":4.0,"perc":44.444444444444443,"total":9.0},"Dreams":{"raw":2.0,"perc":22.222222222222221,"total":9.0},"Endogenous":{"raw":1.0,"perc":11.111111111111111,"total":9.0}},"Pharms - Sildenafil":{"Ritual":{"raw":1.0,"perc":100.0,"total":1.0}},"Stimulants":{"Ritual":{"raw":2.0,"perc":6.4516129032258061,"total":31.0},"Migraines":{"raw":3.0,"perc":9.67741935483871,"total":31.0},"Endogenous":{"raw":1.0,"perc":3.225806451612903,"total":31.0},"Dreams":{"raw":2.0,"perc":6.4516129032258061,"total":31.0},"Police / Customs":{"raw":4.0,"perc":12.903225806451612,"total":31.0},"OBE":{"raw":1.0,"perc":3.225806451612903,"total":31.0},"Sleep Deprivation":{"raw":5.0,"perc":16.129032258064516,"total":31.0},"Drug Testing":{"raw":2.0,"perc":6.4516129032258061,"total":31.0},"Devices":{"raw":2.0,"perc":6.4516129032258061,"total":31.0},"Devices - Mind Machine":{"raw":1.0,"perc":3.225806451612903,"total":31.0},"Meditation":{"raw":6.0,"perc":19.35483870967742,"total":31.0},"Yoga / Bodywork":{"raw":2.0,"perc":6.4516129032258061,"total":31.0}},"DXM":{"Drug Testing":{"raw":38.0,"perc":80.851063829787222,"total":47.0},"Police / Customs":{"raw":2.0,"perc":4.25531914893617,"total":47.0},"Devices":{"raw":2.0,"perc":4.25531914893617,"total":47.0},"Devices - Mind Machine":{"raw":2.0,"perc":4.25531914893617,"total":47.0},"OBE":{"raw":1.0,"perc":2.1276595744680851,"total":47.0},"Sleep Deprivation":{"raw":1.0,"perc":2.1276595744680851,"total":47.0},"Endogenous":{"raw":1.0,"perc":2.1276595744680851,"total":47.0}},"PCP":{"Drug Testing":{"raw":1.0,"perc":100.0,"total":1.0}},"2C-B":{"Ritual":{"raw":1.0,"perc":33.333333333333329,"total":3.0},"Music":{"raw":1.0,"perc":33.333333333333329,"total":3.0},"Meditation":{"raw":1.0,"perc":33.333333333333329,"total":3.0}},"Phenethylamine":{"Ritual":{"raw":1.0,"perc":11.111111111111111,"total":9.0},"Migraines":{"raw":1.0,"perc":11.111111111111111,"total":9.0},"Meditation":{"raw":2.0,"perc":22.222222222222221,"total":9.0},"Drug Testing":{"raw":1.0,"perc":11.111111111111111,"total":9.0},"Police / Customs":{"raw":2.0,"perc":22.222222222222221,"total":9.0},"Music":{"raw":1.0,"perc":11.111111111111111,"total":9.0},"Yoga / Bodywork":{"raw":1.0,"perc":11.111111111111111,"total":9.0}},"Tryptophan":{"Ritual":{"raw":1.0,"perc":50.0,"total":2.0},"Sleep Deprivation":{"raw":1.0,"perc":50.0,"total":2.0}},"Mushrooms":{"Police / Customs":{"raw":13.0,"perc":43.333333333333336,"total":30.0},"Migraines":{"raw":4.0,"perc":13.333333333333334,"total":30.0},"Yoga / Bodywork":{"raw":3.0,"perc":10.0,"total":30.0},"OBE":{"raw":5.0,"perc":16.666666666666664,"total":30.0},"Fasting":{"raw":1.0,"perc":3.3333333333333335,"total":30.0},"Meditation":{"raw":1.0,"perc":3.3333333333333335,"total":30.0},"Guiding":{"raw":1.0,"perc":3.3333333333333335,"total":30.0},"Humor":{"raw":1.0,"perc":3.3333333333333335,"total":30.0},"Dreams":{"raw":1.0,"perc":3.3333333333333335,"total":30.0}},"Salvia divinorum":{"Police / Customs":{"raw":1.0,"perc":4.0,"total":25.0},"Ritual":{"raw":1.0,"perc":4.0,"total":25.0},"OBE":{"raw":3.0,"perc":12.0,"total":25.0},"Dreams":{"raw":6.0,"perc":24.0,"total":25.0},"Meditation":{"raw":4.0,"perc":16.0,"total":25.0},"Yoga / Bodywork":{"raw":1.0,"perc":4.0,"total":25.0},"Devices":{"raw":4.0,"perc":16.0,"total":25.0},"Migraines":{"raw":1.0,"perc":4.0,"total":25.0},"Endogenous":{"raw":1.0,"perc":4.0,"total":25.0},"Mindfulness":{"raw":1.0,"perc":4.0,"total":25.0},"Devices - Mind Machine":{"raw":2.0,"perc":8.0,"total":25.0}},"Nutmeg":{"Dreams":{"raw":3.0,"perc":50.0,"total":6.0},"Fasting":{"raw":1.0,"perc":16.666666666666664,"total":6.0},"Devices":{"raw":1.0,"perc":16.666666666666664,"total":6.0},"Devices - Mind Machine":{"raw":1.0,"perc":16.666666666666664,"total":6.0}},"Pharms - Sertraline":{"Sleep Deprivation":{"raw":1.0,"perc":100.0,"total":1.0}},"SSRIs":{"Sleep Deprivation":{"raw":1.0,"perc":50.0,"total":2.0},"Dreams":{"raw":1.0,"perc":50.0,"total":2.0}},"Melatonin":{"Dreams":{"raw":9.0,"perc":90.0,"total":10.0},"Sleep Deprivation":{"raw":1.0,"perc":10.0,"total":10.0}},"Valerian":{"Dreams":{"raw":8.0,"perc":80.0,"total":10.0},"OBE":{"raw":1.0,"perc":10.0,"total":10.0},"Meditation":{"raw":1.0,"perc":10.0,"total":10.0}},"Nicotine":{"Dreams":{"raw":1.0,"perc":50.0,"total":2.0},"Sleep Deprivation":{"raw":1.0,"perc":50.0,"total":2.0}},"Tobacco":{"Dreams":{"raw":1.0,"perc":33.333333333333329,"total":3.0},"Sleep Deprivation":{"raw":2.0,"perc":66.666666666666657,"total":3.0}},"Cocaine":{"Drug Testing":{"raw":3.0,"perc":100.0,"total":3.0}},"Lactuca spp.":{"Dreams":{"raw":2.0,"perc":100.0,"total":2.0}},"Morning Glory":{"Dreams":{"raw":2.0,"perc":22.222222222222221,"total":9.0},"Migraines":{"raw":2.0,"perc":22.222222222222221,"total":9.0},"Devices":{"raw":1.0,"perc":11.111111111111111,"total":9.0},"Fasting":{"raw":1.0,"perc":11.111111111111111,"total":9.0},"Ritual":{"raw":1.0,"perc":11.111111111111111,"total":9.0},"Yoga / Bodywork":{"raw":1.0,"perc":11.111111111111111,"total":9.0},"Meditation":{"raw":1.0,"perc":11.111111111111111,"total":9.0}},"Yohimbe":{"Dreams":{"raw":1.0,"perc":100.0,"total":1.0}},"AMT":{"Sleep Deprivation":{"raw":2.0,"perc":40.0,"total":5.0},"Police / Customs":{"raw":2.0,"perc":40.0,"total":5.0},"Dreams":{"raw":1.0,"perc":20.0,"total":5.0}},"Caffeine":{"Sleep Deprivation":{"raw":1.0,"perc":16.666666666666664,"total":6.0},"Devices":{"raw":1.0,"perc":16.666666666666664,"total":6.0},"Devices - Mind Machine":{"raw":1.0,"perc":16.666666666666664,"total":6.0},"Meditation":{"raw":1.0,"perc":16.666666666666664,"total":6.0},"Dreams":{"raw":1.0,"perc":16.666666666666664,"total":6.0},"Music":{"raw":1.0,"perc":16.666666666666664,"total":6.0}},"Kava":{"OBE":{"raw":1.0,"perc":33.333333333333329,"total":3.0},"Meditation":{"raw":1.0,"perc":33.333333333333329,"total":3.0},"Dreams":{"raw":1.0,"perc":33.333333333333329,"total":3.0}},"Vitamin B-6":{"OBE":{"raw":1.0,"perc":25.0,"total":4.0},"Dreams":{"raw":3.0,"perc":75.0,"total":4.0}},"Ketamine":{"Police / Customs":{"raw":1.0,"perc":33.333333333333329,"total":3.0},"Conferences":{"raw":1.0,"perc":33.333333333333329,"total":3.0},"Meditation":{"raw":1.0,"perc":33.333333333333329,"total":3.0}},"NMDA Antagonists":{"Police / Customs":{"raw":1.0,"perc":33.333333333333329,"total":3.0},"Conferences":{"raw":1.0,"perc":33.333333333333329,"total":3.0},"Meditation":{"raw":1.0,"perc":33.333333333333329,"total":3.0}},"Opium":{"Police / Customs":{"raw":1.0,"perc":100.0,"total":1.0}},"Unknown":{"Floatation Tank":{"raw":1.0,"perc":50.0,"total":2.0},"Meditation":{"raw":1.0,"perc":50.0,"total":2.0}},"4-AcO-DET":{"Migraines":{"raw":1.0,"perc":100.0,"total":1.0}},"5-MeO-DiPT":{"Migraines":{"raw":1.0,"perc":16.666666666666664,"total":6.0},"Dreams":{"raw":2.0,"perc":33.333333333333329,"total":6.0},"OBE":{"raw":1.0,"perc":16.666666666666664,"total":6.0},"Drug Testing":{"raw":1.0,"perc":16.666666666666664,"total":6.0},"Yoga / Bodywork":{"raw":1.0,"perc":16.666666666666664,"total":6.0}},"Adrafinil":{"Drug Testing":{"raw":1.0,"perc":100.0,"total":1.0}},"Ayahuasca":{"Yoga / Bodywork":{"raw":1.0,"perc":9.0909090909090917,"total":11.0},"Dreams":{"raw":1.0,"perc":9.0909090909090917,"total":11.0},"Ritual":{"raw":8.0,"perc":72.727272727272734,"total":11.0},"Meditation":{"raw":1.0,"perc":9.0909090909090917,"total":11.0}},"Heroin":{"Police / Customs":{"raw":3.0,"perc":100.0,"total":3.0}},"Capsicum spp.":{"Meditation":{"raw":1.0,"perc":100.0,"total":1.0}},"Hops":{"Meditation":{"raw":1.0,"perc":33.333333333333329,"total":3.0},"Dreams":{"raw":2.0,"perc":66.666666666666657,"total":3.0}},"Lecithin":{"Meditation":{"raw":1.0,"perc":100.0,"total":1.0}},"Opioids":{"Meditation":{"raw":2.0,"perc":15.384615384615385,"total":13.0},"Drug Testing":{"raw":6.0,"perc":46.153846153846153,"total":13.0},"Devices":{"raw":1.0,"perc":7.6923076923076925,"total":13.0},"Devices - Mind Machine":{"raw":1.0,"perc":7.6923076923076925,"total":13.0},"Dreams":{"raw":3.0,"perc":23.076923076923077,"total":13.0}},"Pharms - Oxycodone":{"Meditation":{"raw":2.0,"perc":28.571428571428569,"total":7.0},"Drug Testing":{"raw":5.0,"perc":71.428571428571431,"total":7.0}},"Skullcap":{"Meditation":{"raw":1.0,"perc":50.0,"total":2.0},"Dreams":{"raw":1.0,"perc":50.0,"total":2.0}},"Pharms - Venlafaxine":{"Endogenous":{"raw":1.0,"perc":25.0,"total":4.0},"Dreams":{"raw":2.0,"perc":50.0,"total":4.0},"Meditation":{"raw":1.0,"perc":25.0,"total":4.0}},"5-MeO-DMT":{"Ritual":{"raw":1.0,"perc":25.0,"total":4.0},"Dreams":{"raw":1.0,"perc":25.0,"total":4.0},"Meditation":{"raw":1.0,"perc":25.0,"total":4.0},"Police / Customs":{"raw":1.0,"perc":25.0,"total":4.0}},"2C-T-7":{"Migraines":{"raw":1.0,"perc":100.0,"total":1.0}},"Ginkgo biloba":{"Migraines":{"raw":1.0,"perc":100.0,"total":1.0}},"PMA":{"OBE":{"raw":1.0,"perc":100.0,"total":1.0}},"Alcohol":{"Police / Customs":{"raw":4.0,"perc":66.666666666666657,"total":6.0},"Dreams":{"raw":2.0,"perc":33.333333333333329,"total":6.0}},"Nitrous Oxide":{"OBE":{"raw":1.0,"perc":16.666666666666664,"total":6.0},"Devices":{"raw":2.0,"perc":33.333333333333329,"total":6.0},"Devices - Mind Machine":{"raw":2.0,"perc":33.333333333333329,"total":6.0},"Meditation":{"raw":1.0,"perc":16.666666666666664,"total":6.0}},"2C-I":{"Drug Testing":{"raw":1.0,"perc":16.666666666666664,"total":6.0},"Dreams":{"raw":2.0,"perc":33.333333333333329,"total":6.0},"OBE":{"raw":1.0,"perc":16.666666666666664,"total":6.0},"Meditation":{"raw":2.0,"perc":33.333333333333329,"total":6.0}},"Chlorpheniramine Maleate":{"Drug Testing":{"raw":1.0,"perc":100.0,"total":1.0}},"Benzodiazepines":{"Police / Customs":{"raw":2.0,"perc":40.0,"total":5.0},"Drug Testing":{"raw":1.0,"perc":20.0,"total":5.0},"Dreams":{"raw":1.0,"perc":20.0,"total":5.0},"Endogenous":{"raw":1.0,"perc":20.0,"total":5.0}},"Pharms - Alprazolam":{"Police / Customs":{"raw":2.0,"perc":66.666666666666657,"total":3.0},"Dreams":{"raw":1.0,"perc":33.333333333333329,"total":3.0}},"Methadone":{"Drug Testing":{"raw":1.0,"perc":100.0,"total":1.0}},"Hydrocodone":{"Devices":{"raw":1.0,"perc":33.333333333333329,"total":3.0},"Devices - Mind Machine":{"raw":1.0,"perc":33.333333333333329,"total":3.0},"Dreams":{"raw":1.0,"perc":33.333333333333329,"total":3.0}},"Pharms - Quetiapine":{"Devices":{"raw":1.0,"perc":50.0,"total":2.0},"Devices - Mind Machine":{"raw":1.0,"perc":50.0,"total":2.0}},"Amphetamines":{"Sleep Deprivation":{"raw":3.0,"perc":50.0,"total":6.0},"Drug Testing":{"raw":2.0,"perc":33.333333333333329,"total":6.0},"Meditation":{"raw":1.0,"perc":16.666666666666664,"total":6.0}},"Damiana":{"Dreams":{"raw":1.0,"perc":100.0,"total":1.0}},"Hydromorphone":{"Dreams":{"raw":2.0,"perc":66.666666666666657,"total":3.0},"Drug Testing":{"raw":1.0,"perc":33.333333333333329,"total":3.0}},"Heimia salicifolia":{"Dreams":{"raw":3.0,"perc":100.0,"total":3.0}},"Pharms - Paroxetine":{"Dreams":{"raw":1.0,"perc":100.0,"total":1.0}},"Pharms - Corticosteroid":{"Sleep Deprivation":{"raw":1.0,"perc":100.0,"total":1.0}},"Pharms - Prednisone":{"Sleep Deprivation":{"raw":1.0,"perc":100.0,"total":1.0}},"GHB":{"Devices":{"raw":1.0,"perc":50.0,"total":2.0},"Devices - Mind Machine":{"raw":1.0,"perc":50.0,"total":2.0}},"DMT":{"Dreams":{"raw":1.0,"perc":50.0,"total":2.0},"Mindfulness":{"raw":1.0,"perc":50.0,"total":2.0}},"H.B. Woodrose":{"Sleep Deprivation":{"raw":1.0,"perc":50.0,"total":2.0},"Migraines":{"raw":1.0,"perc":50.0,"total":2.0}},"Diphenhydramine":{"Dreams":{"raw":2.0,"perc":50.0,"total":4.0},"Drug Testing":{"raw":1.0,"perc":25.0,"total":4.0},"Police / Customs":{"raw":1.0,"perc":25.0,"total":4.0}},"DMAE":{"Dreams":{"raw":1.0,"perc":100.0,"total":1.0}},"Catnip":{"Dreams":{"raw":2.0,"perc":100.0,"total":2.0}},"Mugwort":{"Dreams":{"raw":4.0,"perc":100.0,"total":4.0}},"Pharms - Promethazine":{"Dreams":{"raw":1.0,"perc":100.0,"total":1.0}},"Kratom":{"Meditation":{"raw":1.0,"perc":33.333333333333329,"total":3.0},"Police / Customs":{"raw":1.0,"perc":33.333333333333329,"total":3.0},"Dreams":{"raw":1.0,"perc":33.333333333333329,"total":3.0}},"Methamphetamine":{"Sleep Deprivation":{"raw":1.0,"perc":33.333333333333329,"total":3.0},"Meditation":{"raw":1.0,"perc":33.333333333333329,"total":3.0},"Police / Customs":{"raw":1.0,"perc":33.333333333333329,"total":3.0}},"Pharms - Amitriptyline":{"Dreams":{"raw":1.0,"perc":100.0,"total":1.0}},"Pharms - Carisoprodol":{"Migraines":{"raw":1.0,"perc":100.0,"total":1.0}},"Pharms - Mefloquine":{"Dreams":{"raw":1.0,"perc":100.0,"total":1.0}},"Calea zacatechichi":{"Dreams":{"raw":8.0,"perc":72.727272727272734,"total":11.0},"Devices":{"raw":1.0,"perc":9.0909090909090917,"total":11.0},"Devices - Mind Machine":{"raw":1.0,"perc":9.0909090909090917,"total":11.0},"Meditation":{"raw":1.0,"perc":9.0909090909090917,"total":11.0}},"Cacti":{"Ritual":{"raw":1.0,"perc":20.0,"total":5.0},"Yoga / Bodywork":{"raw":1.0,"perc":20.0,"total":5.0},"Meditation":{"raw":1.0,"perc":20.0,"total":5.0},"Drug Testing":{"raw":1.0,"perc":20.0,"total":5.0},"Fasting":{"raw":1.0,"perc":20.0,"total":5.0}},"Mescaline":{"Meditation":{"raw":1.0,"perc":50.0,"total":2.0},"Drug Testing":{"raw":1.0,"perc":50.0,"total":2.0}},"Pharms - Lithium":{"Police / Customs":{"raw":1.0,"perc":100.0,"total":1.0}},"Pharms - Atomoxetine":{"Dreams":{"raw":1.0,"perc":100.0,"total":1.0}},"Calamus":{"Dreams":{"raw":1.0,"perc":100.0,"total":1.0}},"2C-E":{"Meditation":{"raw":1.0,"perc":20.0,"total":5.0},"Drug Testing":{"raw":1.0,"perc":20.0,"total":5.0},"Police / Customs":{"raw":2.0,"perc":40.0,"total":5.0},"Yoga / Bodywork":{"raw":1.0,"perc":20.0,"total":5.0}},"Inhalants":{"OBE":{"raw":1.0,"perc":100.0,"total":1.0}},"Modafinil":{"Sleep Deprivation":{"raw":2.0,"perc":100.0,"total":2.0}},"Pharms - Phenytoin":{"Dreams":{"raw":1.0,"perc":50.0,"total":2.0},"Endogenous":{"raw":1.0,"perc":50.0,"total":2.0}},"2C-T-2":{"Meditation":{"raw":1.0,"perc":100.0,"total":1.0}},"Harmala Alkaloids":{"Meditation":{"raw":1.0,"perc":6.666666666666667,"total":15.0},"Dreams":{"raw":4.0,"perc":26.666666666666668,"total":15.0},"Ritual":{"raw":8.0,"perc":53.333333333333336,"total":15.0},"Yoga / Bodywork":{"raw":1.0,"perc":6.666666666666667,"total":15.0},"Sweating":{"raw":1.0,"perc":6.666666666666667,"total":15.0}},"Syrian Rue":{"Meditation":{"raw":1.0,"perc":33.333333333333329,"total":3.0},"Ritual":{"raw":1.0,"perc":33.333333333333329,"total":3.0},"Yoga / Bodywork":{"raw":1.0,"perc":33.333333333333329,"total":3.0}},"Pharms - Escitalopram":{"Dreams":{"raw":1.0,"perc":100.0,"total":1.0}},"Passion Flower":{"Dreams":{"raw":4.0,"perc":80.0,"total":5.0},"Sweating":{"raw":1.0,"perc":20.0,"total":5.0}},"LSA":{"Ritual":{"raw":1.0,"perc":50.0,"total":2.0},"Yoga / Bodywork":{"raw":1.0,"perc":50.0,"total":2.0}},"Lotus/Lily":{"Meditation":{"raw":1.0,"perc":100.0,"total":1.0}},"Pharms - Zolpidem":{"Police / Customs":{"raw":1.0,"perc":50.0,"total":2.0},"Drug Testing":{"raw":1.0,"perc":50.0,"total":2.0}},"Mimosa spp.":{"Yoga / Bodywork":{"raw":1.0,"perc":100.0,"total":1.0}},"Moclobemide":{"Yoga / Bodywork":{"raw":1.0,"perc":100.0,"total":1.0}},"Codeine":{"Dreams":{"raw":1.0,"perc":100.0,"total":1.0}},"Amanitas":{"Sleep Deprivation":{"raw":1.0,"perc":33.333333333333329,"total":3.0},"Dreams":{"raw":1.0,"perc":33.333333333333329,"total":3.0},"Sweating":{"raw":1.0,"perc":33.333333333333329,"total":3.0}},"DOM":{"Dreams":{"raw":1.0,"perc":50.0,"total":2.0},"Fasting":{"raw":1.0,"perc":50.0,"total":2.0}},"4-AcO-DiPT":{"OBE":{"raw":1.0,"perc":100.0,"total":1.0}},"4-HO-DiPT":{"Dreams":{"raw":1.0,"perc":100.0,"total":1.0}},"4-HO-DET":{"Meditation":{"raw":1.0,"perc":100.0,"total":1.0}},"Leonotis leonurus":{"Dreams":{"raw":1.0,"perc":100.0,"total":1.0}},"Piperazines":{"Meditation":{"raw":1.0,"perc":100.0,"total":1.0}},"Piperazines - pFPP":{"Meditation":{"raw":1.0,"perc":100.0,"total":1.0}},"DPT":{"Yoga / Bodywork":{"raw":1.0,"perc":100.0,"total":1.0}},"Pharms - Zaleplon":{"Meditation":{"raw":1.0,"perc":100.0,"total":1.0}},"Banisteriopsis caapi":{"Ritual":{"raw":7.0,"perc":100.0,"total":7.0}},"Psychotria viridis":{"Ritual":{"raw":7.0,"perc":100.0,"total":7.0}},"Pharms - Diazepam":{"Drug Testing":{"raw":1.0,"perc":50.0,"total":2.0},"Endogenous":{"raw":1.0,"perc":50.0,"total":2.0}},"Carbogen":{"Breathing":{"raw":2.0,"perc":100.0,"total":2.0}},"Acetaminophen":{"Music":{"raw":1.0,"perc":100.0,"total":1.0}},"Wormwood":{"Dreams":{"raw":1.0,"perc":100.0,"total":1.0}},"Pharms - Clonazepam":{"Police / Customs":{"raw":1.0,"perc":50.0,"total":2.0},"Endogenous":{"raw":1.0,"perc":50.0,"total":2.0}},"Silene capensis":{"Dreams":{"raw":9.0,"perc":100.0,"total":9.0}},"Turbina corymbosa":{"Migraines":{"raw":1.0,"perc":100.0,"total":1.0}},"MDPV":{"Drug Testing":{"raw":1.0,"perc":100.0,"total":1.0}},"4-Methylmethcathinone":{"Sleep Deprivation":{"raw":2.0,"perc":100.0,"total":2.0}},"Pharms - Zopiclone":{"Dreams":{"raw":1.0,"perc":100.0,"total":1.0}},"Pharms - Mirtazapine":{"Dreams":{"raw":1.0,"perc":100.0,"total":1.0}},"AB-FUBINACA":{"Drug Testing":{"raw":1.0,"perc":100.0,"total":1.0}},"Products - Spice and Synthetic Cannabinoids":{"Drug Testing":{"raw":1.0,"perc":100.0,"total":1.0}},"Products - Bath Salts, Plant Food, etc":{"Sleep Deprivation":{"raw":1.0,"perc":100.0,"total":1.0}},"Vitamins - Choline":{"Dreams":{"raw":1.0,"perc":100.0,"total":1.0}},"Brugmansia":{"Police / Customs":{"raw":1.0,"perc":100.0,"total":1.0}},"MDAI":{"Chanting":{"raw":1.0,"perc":100.0,"total":1.0}},"Methoxphenidine":{"OBE":{"raw":1.0,"perc":100.0,"total":1.0}},"Tabernanthe iboga":{"Meditation":{"raw":1.0,"perc":100.0,"total":1.0}},"Oxygen":{"Breathing":{"raw":1.0,"perc":50.0,"total":2.0},"Hyperventilation":{"raw":1.0,"perc":50.0,"total":2.0}},"3F-Phenmetrazine":{"Sleep Deprivation":{"raw":1.0,"perc":100.0,"total":1.0}},"Prazosin":{"Dreams":{"raw":1.0,"perc":100.0,"total":1.0}}},"Extreme":{"Datura":{"OBE":{"raw":1.0,"perc":14.285714285714285,"total":7.0},"Police / Customs":{"raw":6.0,"perc":85.714285714285708,"total":7.0}},"DXM":{"Endogenous":{"raw":2.0,"perc":40.0,"total":5.0},"Drug Testing":{"raw":2.0,"perc":40.0,"total":5.0},"Police / Customs":{"raw":1.0,"perc":20.0,"total":5.0}},"Hydrocodone":{"Dreams":{"raw":1.0,"perc":100.0,"total":1.0}},"Opioids":{"Dreams":{"raw":1.0,"perc":100.0,"total":1.0}},"Methamphetamine":{"Police / Customs":{"raw":2.0,"perc":100.0,"total":2.0}},"Inhalants":{"Police / Customs":{"raw":1.0,"perc":100.0,"total":1.0}},"Various":{"Police / Customs":{"raw":4.0,"perc":33.333333333333329,"total":12.0},"Sleep Deprivation":{"raw":2.0,"perc":16.666666666666664,"total":12.0},"Conferences":{"raw":1.0,"perc":8.3333333333333321,"total":12.0},"OBE":{"raw":2.0,"perc":16.666666666666664,"total":12.0},"Music":{"raw":1.0,"perc":8.3333333333333321,"total":12.0},"Humor":{"raw":1.0,"perc":8.3333333333333321,"total":12.0},"Meditation":{"raw":1.0,"perc":8.3333333333333321,"total":12.0}},"Mushrooms":{"Drug Testing":{"raw":1.0,"perc":12.5,"total":8.0},"Police / Customs":{"raw":3.0,"perc":37.5,"total":8.0},"Devices":{"raw":1.0,"perc":12.5,"total":8.0},"Conferences":{"raw":1.0,"perc":12.5,"total":8.0},"OBE":{"raw":1.0,"perc":12.5,"total":8.0},"Humor":{"raw":1.0,"perc":12.5,"total":8.0}},"Banisteriopsis caapi":{"Police / Customs":{"raw":1.0,"perc":100.0,"total":1.0}},"Harmala Alkaloids":{"Police / Customs":{"raw":2.0,"perc":100.0,"total":2.0}},"LSD":{"Police / Customs":{"raw":6.0,"perc":85.714285714285708,"total":7.0},"Sleep Deprivation":{"raw":1.0,"perc":14.285714285714285,"total":7.0}},"AMT":{"Police / Customs":{"raw":1.0,"perc":100.0,"total":1.0}},"5-MeO-DiPT":{"Police / Customs":{"raw":1.0,"perc":100.0,"total":1.0}},"Pharms - Benzphetamine":{"Sleep Deprivation":{"raw":1.0,"perc":100.0,"total":1.0}},"Amphetamines":{"Sleep Deprivation":{"raw":2.0,"perc":100.0,"total":2.0}},"MDMA":{"Sleep Deprivation":{"raw":1.0,"perc":33.333333333333329,"total":3.0},"Music":{"raw":1.0,"perc":33.333333333333329,"total":3.0},"Police / Customs":{"raw":1.0,"perc":33.333333333333329,"total":3.0}},"Stimulants":{"Sleep Deprivation":{"raw":2.0,"perc":50.0,"total":4.0},"Music":{"raw":1.0,"perc":25.0,"total":4.0},"Police / Customs":{"raw":1.0,"perc":25.0,"total":4.0}},"Cannabis":{"OBE":{"raw":2.0,"perc":33.333333333333329,"total":6.0},"Music":{"raw":1.0,"perc":16.666666666666664,"total":6.0},"Mindfulness":{"raw":1.0,"perc":16.666666666666664,"total":6.0},"Drug Testing":{"raw":1.0,"perc":16.666666666666664,"total":6.0},"Police / Customs":{"raw":1.0,"perc":16.666666666666664,"total":6.0}},"Dimenhydrinate":{"Police / Customs":{"raw":2.0,"perc":100.0,"total":2.0}},"Ketamine":{"OBE":{"raw":1.0,"perc":50.0,"total":2.0},"Mindfulness":{"raw":1.0,"perc":50.0,"total":2.0}},"NMDA Antagonists":{"OBE":{"raw":1.0,"perc":50.0,"total":2.0},"Mindfulness":{"raw":1.0,"perc":50.0,"total":2.0}},"Salvia divinorum":{"OBE":{"raw":3.0,"perc":60.0,"total":5.0},"Endogenous":{"raw":1.0,"perc":20.0,"total":5.0},"Meditation":{"raw":1.0,"perc":20.0,"total":5.0}},"Nitrous Oxide":{"Meditation":{"raw":1.0,"perc":100.0,"total":1.0}},"5-MeO-DMT":{"Dreams":{"raw":1.0,"perc":33.333333333333329,"total":3.0},"Police / Customs":{"raw":2.0,"perc":66.666666666666657,"total":3.0}},"Pharms - Escitalopram":{"OBE":{"raw":1.0,"perc":100.0,"total":1.0}},"Alcohol":{"Police / Customs":{"raw":1.0,"perc":50.0,"total":2.0},"Fasting":{"raw":1.0,"perc":50.0,"total":2.0}},"Benzodiazepines":{"Police / Customs":{"raw":1.0,"perc":50.0,"total":2.0},"Sleep Deprivation":{"raw":1.0,"perc":50.0,"total":2.0}},"Pharmaceuticals":{"Police / Customs":{"raw":1.0,"perc":100.0,"total":1.0}},"Pharms - Alprazolam":{"Police / Customs":{"raw":1.0,"perc":100.0,"total":1.0}},"Pharms - Diazepam":{"Police / Customs":{"raw":1.0,"perc":50.0,"total":2.0},"Sleep Deprivation":{"raw":1.0,"perc":50.0,"total":2.0}},"Chlorpheniramine Maleate":{"Police / Customs":{"raw":1.0,"perc":100.0,"total":1.0}},"Brugmansia":{"Police / Customs":{"raw":2.0,"perc":100.0,"total":2.0}},"2C-T-7":{"Police / Customs":{"raw":1.0,"perc":100.0,"total":1.0}},"Phenethylamine":{"Police / Customs":{"raw":3.0,"perc":100.0,"total":3.0}},"Mescaline":{"Police / Customs":{"raw":1.0,"perc":100.0,"total":1.0}},"Scopolamine":{"Police / Customs":{"raw":1.0,"perc":100.0,"total":1.0}},"Pharms - Clonidine":{"Meditation":{"raw":1.0,"perc":100.0,"total":1.0}},"2C-T-2":{"OBE":{"raw":1.0,"perc":100.0,"total":1.0}},"Pharms - Amitriptyline":{"OBE":{"raw":1.0,"perc":100.0,"total":1.0}},"Syrian Rue":{"Police / Customs":{"raw":1.0,"perc":100.0,"total":1.0}},"Modafinil":{"OBE":{"raw":1.0,"perc":100.0,"total":1.0}},"4-Methylmethcathinone":{"Sleep Deprivation":{"raw":1.0,"perc":100.0,"total":1.0}},"Cannabinoid Receptor Agonists":{"Police / Customs":{"raw":1.0,"perc":100.0,"total":1.0}},"JWH-018":{"Police / Customs":{"raw":1.0,"perc":100.0,"total":1.0}},"DOC":{"Police / Customs":{"raw":1.0,"perc":100.0,"total":1.0}},"Carbogen":{"Breathing":{"raw":1.0,"perc":100.0,"total":1.0}},"5-MeO-DALT":{"Sleep Deprivation":{"raw":1.0,"perc":100.0,"total":1.0}},"2C-D":{"Police / Customs":{"raw":1.0,"perc":100.0,"total":1.0}},"2C-P":{"Police / Customs":{"raw":1.0,"perc":100.0,"total":1.0}},"4-MeO-PCP":{"Sound (non-music)":{"raw":1.0,"perc":100.0,"total":1.0}},"Ibogaine":{"Dreams":{"raw":1.0,"perc":100.0,"total":1.0}},"Tabernanthe iboga":{"Dreams":{"raw":1.0,"perc":100.0,"total":1.0}}},"No Effect":{"Cannabis":{"Drug Testing":{"raw":5.0,"perc":100.0,"total":5.0}},"Piperazines":{"Drug Testing":{"raw":1.0,"perc":100.0,"total":1.0}},"Ayahuasca":{"Yoga / Bodywork":{"raw":1.0,"perc":100.0,"total":1.0}},"DXM":{"Drug Testing":{"raw":8.0,"perc":100.0,"total":8.0}},"Salvia divinorum":{"Police / Customs":{"raw":1.0,"perc":100.0,"total":1.0}},"Calea zacatechichi":{"Dreams":{"raw":3.0,"perc":100.0,"total":3.0}},"Banisteriopsis caapi":{"Dreams":{"raw":1.0,"perc":100.0,"total":1.0}},"Harmala Alkaloids":{"Dreams":{"raw":1.0,"perc":100.0,"total":1.0}},"Mimosa spp.":{"Dreams":{"raw":1.0,"perc":100.0,"total":1.0}},"Cocaine":{"Drug Testing":{"raw":2.0,"perc":66.666666666666657,"total":3.0},"Police / Customs":{"raw":1.0,"perc":33.333333333333329,"total":3.0}},"Hydromorphone":{"Drug Testing":{"raw":1.0,"perc":100.0,"total":1.0}},"Opioids":{"Drug Testing":{"raw":1.0,"perc":100.0,"total":1.0}},"Melatonin":{"Dreams":{"raw":1.0,"perc":100.0,"total":1.0}},"Opiates":{"Drug Testing":{"raw":2.0,"perc":66.666666666666657,"total":3.0},"Police / Customs":{"raw":1.0,"perc":33.333333333333329,"total":3.0}},"2C-I":{"Drug Testing":{"raw":1.0,"perc":100.0,"total":1.0}},"Pharms - Zolpidem":{"Drug Testing":{"raw":1.0,"perc":100.0,"total":1.0}},"Pharms - Buspirone":{"Drug Testing":{"raw":1.0,"perc":100.0,"total":1.0}},"Pharms - Venlafaxine":{"Drug Testing":{"raw":1.0,"perc":100.0,"total":1.0}},"4-AcO-DMT":{"Police / Customs":{"raw":1.0,"perc":100.0,"total":1.0}},"Poppies - Opium":{"Drug Testing":{"raw":1.0,"perc":100.0,"total":1.0}},"Heroin":{"Police / Customs":{"raw":1.0,"perc":100.0,"total":1.0}}}}