{"Strong":{"Drug Testing":{"Morning Glory":{"raw":1.0,"perc":9.0909090909090917,"total":11.0},"DXM":{"raw":6.0,"perc":54.54545454545454,"total":11.0},"Pseudoephedrine":{"raw":1.0,"perc":9.0909090909090917,"total":11.0},"Various":{"raw":2.0,"perc":18.181818181818183,"total":11.0},"Alcohol":{"raw":1.0,"perc":9.0909090909090917,"total":11.0}},"Sleep Deprivation":{"Various":{"raw":10.0,"perc":18.867924528301888,"total":53.0},"Pharms - Benzphetamine":{"raw":1.0,"perc":1.8867924528301887,"total":53.0},"Methamphetamine":{"raw":2.0,"perc":3.7735849056603774,"total":53.0},"Pharms - Cyclobenzaprine":{"raw":1.0,"perc":1.8867924528301887,"total":53.0},"Mushrooms":{"raw":1.0,"perc":1.8867924528301887,"total":53.0},"Modafinil":{"raw":2.0,"perc":3.7735849056603774,"total":53.0},"Ephedrine":{"raw":1.0,"perc":1.8867924528301887,"total":53.0},"Amphetamines":{"raw":7.0,"perc":13.20754716981132,"total":53.0},"Stimulants":{"raw":6.0,"perc":11.320754716981133,"total":53.0},"2C-I":{"raw":1.0,"perc":1.8867924528301887,"total":53.0},"LSD":{"raw":2.0,"perc":3.7735849056603774,"total":53.0},"Pharmaceuticals":{"raw":1.0,"perc":1.8867924528301887,"total":53.0},"Pharms - Lorazepam":{"raw":1.0,"perc":1.8867924528301887,"total":53.0},"DMAE":{"raw":1.0,"perc":1.8867924528301887,"total":53.0},"GHB":{"raw":1.0,"perc":1.8867924528301887,"total":53.0},"Vinpocetine":{"raw":1.0,"perc":1.8867924528301887,"total":53.0},"Caffeine":{"raw":1.0,"perc":1.8867924528301887,"total":53.0},"LSA":{"raw":1.0,"perc":1.8867924528301887,"total":53.0},"Pharms - Propylhexedrine":{"raw":1.0,"perc":1.8867924528301887,"total":53.0},"Piperazines":{"raw":1.0,"perc":1.8867924528301887,"total":53.0},"DOB":{"raw":1.0,"perc":1.8867924528301887,"total":53.0},"2C-B":{"raw":1.0,"perc":1.8867924528301887,"total":53.0},"Phenethylamine":{"raw":2.0,"perc":3.7735849056603774,"total":53.0},"2C-G-N":{"raw":1.0,"perc":1.8867924528301887,"total":53.0},"Cannabis":{"raw":1.0,"perc":1.8867924528301887,"total":53.0},"Lisdexamfetamine":{"raw":1.0,"perc":1.8867924528301887,"total":53.0},"Pharms - Methylphenidate":{"raw":1.0,"perc":1.8867924528301887,"total":53.0},"MDPV":{"raw":1.0,"perc":1.8867924528301887,"total":53.0},"Methylone":{"raw":1.0,"perc":1.8867924528301887,"total":53.0}},"Dreams":{"DPT":{"raw":1.0,"perc":2.4390243902439024,"total":41.0},"Pharmaceuticals":{"raw":2.0,"perc":4.8780487804878048,"total":41.0},"Kava":{"raw":1.0,"perc":2.4390243902439024,"total":41.0},"Melatonin":{"raw":4.0,"perc":9.75609756097561,"total":41.0},"Valerian":{"raw":1.0,"perc":2.4390243902439024,"total":41.0},"Vitamin B-6":{"raw":2.0,"perc":4.8780487804878048,"total":41.0},"Calea zacatechichi":{"raw":5.0,"perc":12.195121951219512,"total":41.0},"Mugwort":{"raw":1.0,"perc":2.4390243902439024,"total":41.0},"Datura":{"raw":2.0,"perc":4.8780487804878048,"total":41.0},"Mandrake":{"raw":1.0,"perc":2.4390243902439024,"total":41.0},"Pharms - Butorphanol":{"raw":1.0,"perc":2.4390243902439024,"total":41.0},"Salvia divinorum":{"raw":1.0,"perc":2.4390243902439024,"total":41.0},"Heimia salicifolia":{"raw":1.0,"perc":2.4390243902439024,"total":41.0},"Various":{"raw":1.0,"perc":2.4390243902439024,"total":41.0},"MDMA":{"raw":1.0,"perc":2.4390243902439024,"total":41.0},"Stimulants":{"raw":1.0,"perc":2.4390243902439024,"total":41.0},"Tryptophan":{"raw":1.0,"perc":2.4390243902439024,"total":41.0},"Pharms - Fluoxetine":{"raw":1.0,"perc":2.4390243902439024,"total":41.0},"Pharms - Paroxetine":{"raw":1.0,"perc":2.4390243902439024,"total":41.0},"SSRIs":{"raw":1.0,"perc":2.4390243902439024,"total":41.0},"Nicotine":{"raw":1.0,"perc":2.4390243902439024,"total":41.0},"Tobacco":{"raw":1.0,"perc":2.4390243902439024,"total":41.0},"Banisteriopsis caapi":{"raw":1.0,"perc":2.4390243902439024,"total":41.0},"DMT":{"raw":1.0,"perc":2.4390243902439024,"total":41.0},"Harmala Alkaloids":{"raw":1.0,"perc":2.4390243902439024,"total":41.0},"LSD":{"raw":1.0,"perc":2.4390243902439024,"total":41.0},"Diphenhydramine":{"raw":1.0,"perc":2.4390243902439024,"total":41.0},"Silene capensis":{"raw":3.0,"perc":7.3170731707317067,"total":41.0},"DXM":{"raw":1.0,"perc":2.4390243902439024,"total":41.0}},"Police / Customs":{"Various":{"raw":9.0,"perc":20.454545454545457,"total":44.0},"Mushrooms":{"raw":4.0,"perc":9.0909090909090917,"total":44.0},"Diphenhydramine":{"raw":2.0,"perc":4.5454545454545459,"total":44.0},"Alcohol":{"raw":3.0,"perc":6.8181818181818175,"total":44.0},"Dimenhydrinate":{"raw":1.0,"perc":2.2727272727272729,"total":44.0},"Datura":{"raw":3.0,"perc":6.8181818181818175,"total":44.0},"Benzodiazepines":{"raw":1.0,"perc":2.2727272727272729,"total":44.0},"Pharmaceuticals":{"raw":1.0,"perc":2.2727272727272729,"total":44.0},"Pharms - Alprazolam":{"raw":1.0,"perc":2.2727272727272729,"total":44.0},"AMT":{"raw":1.0,"perc":2.2727272727272729,"total":44.0},"LSD":{"raw":5.0,"perc":11.363636363636363,"total":44.0},"Cocaine":{"raw":1.0,"perc":2.2727272727272729,"total":44.0},"2C-B":{"raw":1.0,"perc":2.2727272727272729,"total":44.0},"Phenethylamine":{"raw":1.0,"perc":2.2727272727272729,"total":44.0},"Pharms - Zolpidem":{"raw":2.0,"perc":4.5454545454545459,"total":44.0},"Brugmansia":{"raw":3.0,"perc":6.8181818181818175,"total":44.0},"Cannabis":{"raw":1.0,"perc":2.2727272727272729,"total":44.0},"MDMA":{"raw":1.0,"perc":2.2727272727272729,"total":44.0},"Stimulants":{"raw":1.0,"perc":2.2727272727272729,"total":44.0},"25C-NBOMe":{"raw":1.0,"perc":2.2727272727272729,"total":44.0},"NBOMe Series":{"raw":1.0,"perc":2.2727272727272729,"total":44.0}},"Ritual":{"MDMA":{"raw":1.0,"perc":6.25,"total":16.0},"Salvia divinorum":{"raw":1.0,"perc":6.25,"total":16.0},"Stimulants":{"raw":1.0,"perc":6.25,"total":16.0},"Harmala Alkaloids":{"raw":1.0,"perc":6.25,"total":16.0},"Psychotria viridis":{"raw":1.0,"perc":6.25,"total":16.0},"Syrian Rue":{"raw":1.0,"perc":6.25,"total":16.0},"DPT":{"raw":1.0,"perc":6.25,"total":16.0},"Various":{"raw":1.0,"perc":6.25,"total":16.0},"H.B. Woodrose":{"raw":1.0,"perc":6.25,"total":16.0},"Amanitas":{"raw":1.0,"perc":6.25,"total":16.0},"Mushrooms":{"raw":2.0,"perc":12.5,"total":16.0},"Peyote":{"raw":1.0,"perc":6.25,"total":16.0},"Cacti":{"raw":1.0,"perc":6.25,"total":16.0},"Anadenanthera spp.":{"raw":1.0,"perc":6.25,"total":16.0},"Ayahuasca":{"raw":1.0,"perc":6.25,"total":16.0}},"Yoga / Bodywork":{"LSD":{"raw":4.0,"perc":23.52941176470588,"total":17.0},"MDMA":{"raw":3.0,"perc":17.647058823529413,"total":17.0},"Stimulants":{"raw":3.0,"perc":17.647058823529413,"total":17.0},"Ayahuasca":{"raw":1.0,"perc":5.88235294117647,"total":17.0},"Mushrooms":{"raw":3.0,"perc":17.647058823529413,"total":17.0},"Cacti":{"raw":1.0,"perc":5.88235294117647,"total":17.0},"LSA":{"raw":1.0,"perc":5.88235294117647,"total":17.0},"Yohimbe":{"raw":1.0,"perc":5.88235294117647,"total":17.0}},"OBE":{"MDMA":{"raw":2.0,"perc":4.6511627906976747,"total":43.0},"Nitrous Oxide":{"raw":4.0,"perc":9.30232558139535,"total":43.0},"Stimulants":{"raw":3.0,"perc":6.9767441860465116,"total":43.0},"2C-B":{"raw":2.0,"perc":4.6511627906976747,"total":43.0},"Phenethylamine":{"raw":2.0,"perc":4.6511627906976747,"total":43.0},"Cannabis":{"raw":5.0,"perc":11.627906976744185,"total":43.0},"Salvia divinorum":{"raw":7.0,"perc":16.279069767441861,"total":43.0},"DXM":{"raw":2.0,"perc":4.6511627906976747,"total":43.0},"Lotus/Lily":{"raw":1.0,"perc":2.3255813953488373,"total":43.0},"Codeine":{"raw":1.0,"perc":2.3255813953488373,"total":43.0},"Opiates":{"raw":1.0,"perc":2.3255813953488373,"total":43.0},"Mescaline":{"raw":1.0,"perc":2.3255813953488373,"total":43.0},"Stipa robusta":{"raw":1.0,"perc":2.3255813953488373,"total":43.0},"Mushrooms":{"raw":1.0,"perc":2.3255813953488373,"total":43.0},"Ketamine":{"raw":1.0,"perc":2.3255813953488373,"total":43.0},"NMDA Antagonists":{"raw":1.0,"perc":2.3255813953488373,"total":43.0},"DET":{"raw":1.0,"perc":2.3255813953488373,"total":43.0},"LSD":{"raw":2.0,"perc":4.6511627906976747,"total":43.0},"Amphetamines":{"raw":1.0,"perc":2.3255813953488373,"total":43.0},"2C-I":{"raw":1.0,"perc":2.3255813953488373,"total":43.0},"Methylone":{"raw":1.0,"perc":2.3255813953488373,"total":43.0},"25I-NBOMe":{"raw":1.0,"perc":2.3255813953488373,"total":43.0},"NBOMe Series":{"raw":1.0,"perc":2.3255813953488373,"total":43.0}},"Meditation":{"Mushrooms":{"raw":3.0,"perc":7.6923076923076925,"total":39.0},"Various":{"raw":7.0,"perc":17.948717948717949,"total":39.0},"Cannabis":{"raw":4.0,"perc":10.256410256410255,"total":39.0},"MDMA":{"raw":2.0,"perc":5.1282051282051277,"total":39.0},"Nitrous Oxide":{"raw":2.0,"perc":5.1282051282051277,"total":39.0},"Stimulants":{"raw":2.0,"perc":5.1282051282051277,"total":39.0},"4-AcO-DET":{"raw":1.0,"perc":2.5641025641025639,"total":39.0},"AMT":{"raw":1.0,"perc":2.5641025641025639,"total":39.0},"Calea zacatechichi":{"raw":1.0,"perc":2.5641025641025639,"total":39.0},"Morning Glory":{"raw":1.0,"perc":2.5641025641025639,"total":39.0},"5-MeO-DMT":{"raw":1.0,"perc":2.5641025641025639,"total":39.0},"DXM":{"raw":1.0,"perc":2.5641025641025639,"total":39.0},"Salvia divinorum":{"raw":3.0,"perc":7.6923076923076925,"total":39.0},"LSD":{"raw":3.0,"perc":7.6923076923076925,"total":39.0},"Ayahuasca":{"raw":1.0,"perc":2.5641025641025639,"total":39.0},"DOC":{"raw":1.0,"perc":2.5641025641025639,"total":39.0},"Cacti":{"raw":1.0,"perc":2.5641025641025639,"total":39.0},"Piperazines":{"raw":1.0,"perc":2.5641025641025639,"total":39.0},"DPT":{"raw":1.0,"perc":2.5641025641025639,"total":39.0},"DOI":{"raw":1.0,"perc":2.5641025641025639,"total":39.0},"DMT":{"raw":1.0,"perc":2.5641025641025639,"total":39.0}},"Breathing":{"GBL":{"raw":1.0,"perc":8.3333333333333321,"total":12.0},"4-AcO-MiPT":{"raw":1.0,"perc":8.3333333333333321,"total":12.0},"Amphetamines":{"raw":1.0,"perc":8.3333333333333321,"total":12.0},"Stimulants":{"raw":1.0,"perc":8.3333333333333321,"total":12.0},"5-MeO-DMT":{"raw":1.0,"perc":8.3333333333333321,"total":12.0},"Cannabis":{"raw":1.0,"perc":8.3333333333333321,"total":12.0},"Acacia":{"raw":1.0,"perc":8.3333333333333321,"total":12.0},"DMT":{"raw":2.0,"perc":16.666666666666664,"total":12.0},"Nitrous Oxide":{"raw":1.0,"perc":8.3333333333333321,"total":12.0},"LSD":{"raw":1.0,"perc":8.3333333333333321,"total":12.0},"Carbogen":{"raw":1.0,"perc":8.3333333333333321,"total":12.0}},"Devices":{"DXM":{"raw":1.0,"perc":12.5,"total":8.0},"Mushrooms":{"raw":1.0,"perc":12.5,"total":8.0},"H.B. Woodrose":{"raw":1.0,"perc":12.5,"total":8.0},"Absinthe":{"raw":1.0,"perc":12.5,"total":8.0},"Cannabis":{"raw":1.0,"perc":12.5,"total":8.0},"Kava":{"raw":1.0,"perc":12.5,"total":8.0},"Nitrous Oxide":{"raw":1.0,"perc":12.5,"total":8.0},"Salvia divinorum":{"raw":1.0,"perc":12.5,"total":8.0}},"Devices - Mind Machine":{"DXM":{"raw":1.0,"perc":14.285714285714285,"total":7.0},"Mushrooms":{"raw":1.0,"perc":14.285714285714285,"total":7.0},"H.B. Woodrose":{"raw":1.0,"perc":14.285714285714285,"total":7.0},"Absinthe":{"raw":1.0,"perc":14.285714285714285,"total":7.0},"Cannabis":{"raw":1.0,"perc":14.285714285714285,"total":7.0},"Kava":{"raw":1.0,"perc":14.285714285714285,"total":7.0},"Nitrous Oxide":{"raw":1.0,"perc":14.285714285714285,"total":7.0}},"Fasting":{"Salvia divinorum":{"raw":4.0,"perc":66.666666666666657,"total":6.0},"Mushrooms":{"raw":1.0,"perc":16.666666666666664,"total":6.0},"DXM":{"raw":1.0,"perc":16.666666666666664,"total":6.0}},"Endogenous":{"Cannabis":{"raw":3.0,"perc":50.0,"total":6.0},"Opiates":{"raw":1.0,"perc":16.666666666666664,"total":6.0},"Opioids":{"raw":1.0,"perc":16.666666666666664,"total":6.0},"Pharms - Oxycodone":{"raw":1.0,"perc":16.666666666666664,"total":6.0}},"Hyperventilation":{"Amphetamines":{"raw":1.0,"perc":20.0,"total":5.0},"Stimulants":{"raw":1.0,"perc":20.0,"total":5.0},"Acacia":{"raw":1.0,"perc":20.0,"total":5.0},"DMT":{"raw":1.0,"perc":20.0,"total":5.0},"Nitrous Oxide":{"raw":1.0,"perc":20.0,"total":5.0}},"Chanting":{"Mushrooms":{"raw":1.0,"perc":100.0,"total":1.0}},"Floatation Tank":{"2C-E":{"raw":1.0,"perc":50.0,"total":2.0},"Phenethylamine":{"raw":1.0,"perc":50.0,"total":2.0}},"Migraines":{"MDMA":{"raw":1.0,"perc":9.0909090909090917,"total":11.0},"Stimulants":{"raw":1.0,"perc":9.0909090909090917,"total":11.0},"Caffeine":{"raw":1.0,"perc":9.0909090909090917,"total":11.0},"Pharmaceuticals":{"raw":1.0,"perc":9.0909090909090917,"total":11.0},"Mushrooms":{"raw":1.0,"perc":9.0909090909090917,"total":11.0},"Pharms - Fentanyl":{"raw":1.0,"perc":9.0909090909090917,"total":11.0},"MDA":{"raw":1.0,"perc":9.0909090909090917,"total":11.0},"Piperazines":{"raw":1.0,"perc":9.0909090909090917,"total":11.0},"Alcohol":{"raw":1.0,"perc":9.0909090909090917,"total":11.0},"Harmala Alkaloids":{"raw":1.0,"perc":9.0909090909090917,"total":11.0},"Syrian Rue":{"raw":1.0,"perc":9.0909090909090917,"total":11.0}},"Conferences":{"Codeine":{"raw":1.0,"perc":33.333333333333329,"total":3.0},"Opiates":{"raw":1.0,"perc":33.333333333333329,"total":3.0},"Cannabinoid Receptor Agonists":{"raw":1.0,"perc":33.333333333333329,"total":3.0}},"Sweating":{"Peyote":{"raw":1.0,"perc":100.0,"total":1.0}},"Humor":{"Mushrooms":{"raw":1.0,"perc":25.0,"total":4.0},"Hydrocodone":{"raw":1.0,"perc":25.0,"total":4.0},"Opioids":{"raw":1.0,"perc":25.0,"total":4.0},"Unknown":{"raw":1.0,"perc":25.0,"total":4.0}},"Nitrogen Narcosis":{"Mushrooms":{"raw":1.0,"perc":33.333333333333329,"total":3.0},"Salvia divinorum":{"raw":1.0,"perc":33.333333333333329,"total":3.0},"Various":{"raw":1.0,"perc":33.333333333333329,"total":3.0}},"Music":{"LSD":{"raw":1.0,"perc":100.0,"total":1.0}},"Mindfulness":{"4-AcO-DMT":{"raw":1.0,"perc":20.0,"total":5.0},"Banisteriopsis caapi":{"raw":1.0,"perc":20.0,"total":5.0},"Harmala Alkaloids":{"raw":1.0,"perc":20.0,"total":5.0},"Mushrooms":{"raw":1.0,"perc":20.0,"total":5.0},"Various":{"raw":1.0,"perc":20.0,"total":5.0}}},"Medium":{"Sleep Deprivation":{"Various":{"raw":7.0,"perc":15.217391304347828,"total":46.0},"Pharmaceuticals":{"raw":1.0,"perc":2.1739130434782608,"total":46.0},"Pharms - Sertraline":{"raw":1.0,"perc":2.1739130434782608,"total":46.0},"SSRIs":{"raw":1.0,"perc":2.1739130434782608,"total":46.0},"AMT":{"raw":2.0,"perc":4.3478260869565215,"total":46.0},"Caffeine":{"raw":1.0,"perc":2.1739130434782608,"total":46.0},"Amphetamines":{"raw":3.0,"perc":6.5217391304347823,"total":46.0},"Stimulants":{"raw":5.0,"perc":10.869565217391305,"total":46.0},"Pharms - Corticosteroid":{"raw":1.0,"perc":2.1739130434782608,"total":46.0},"Pharms - Prednisone":{"raw":1.0,"perc":2.1739130434782608,"total":46.0},"H.B. Woodrose":{"raw":1.0,"perc":2.1739130434782608,"total":46.0},"Cannabis":{"raw":6.0,"perc":13.043478260869565,"total":46.0},"Methamphetamine":{"raw":1.0,"perc":2.1739130434782608,"total":46.0},"MDMA":{"raw":2.0,"perc":4.3478260869565215,"total":46.0},"Modafinil":{"raw":2.0,"perc":4.3478260869565215,"total":46.0},"Tobacco":{"raw":2.0,"perc":4.3478260869565215,"total":46.0},"Nicotine":{"raw":1.0,"perc":2.1739130434782608,"total":46.0},"Amanitas":{"raw":1.0,"perc":2.1739130434782608,"total":46.0},"Tryptophan":{"raw":1.0,"perc":2.1739130434782608,"total":46.0},"DXM":{"raw":1.0,"perc":2.1739130434782608,"total":46.0},"Melatonin":{"raw":1.0,"perc":2.1739130434782608,"total":46.0},"4-Methylmethcathinone":{"raw":2.0,"perc":4.3478260869565215,"total":46.0},"Products - Bath Salts, Plant Food, etc":{"raw":1.0,"perc":2.1739130434782608,"total":46.0},"3F-Phenmetrazine":{"raw":1.0,"perc":2.1739130434782608,"total":46.0}},"Drug Testing":{"Opiates":{"raw":4.0,"perc":4.1666666666666661,"total":96.0},"Poppies - Opium":{"raw":1.0,"perc":1.0416666666666665,"total":96.0},"DXM":{"raw":38.0,"perc":39.583333333333329,"total":96.0},"PCP":{"raw":1.0,"perc":1.0416666666666665,"total":96.0},"Cocaine":{"raw":3.0,"perc":3.125,"total":96.0},"Adrafinil":{"raw":1.0,"perc":1.0416666666666665,"total":96.0},"Cannabis":{"raw":15.0,"perc":15.625,"total":96.0},"2C-I":{"raw":1.0,"perc":1.0416666666666665,"total":96.0},"5-MeO-DiPT":{"raw":1.0,"perc":1.0416666666666665,"total":96.0},"Chlorpheniramine Maleate":{"raw":1.0,"perc":1.0416666666666665,"total":96.0},"Methadone":{"raw":1.0,"perc":1.0416666666666665,"total":96.0},"Opioids":{"raw":6.0,"perc":6.25,"total":96.0},"Pharms - Oxycodone":{"raw":5.0,"perc":5.2083333333333339,"total":96.0},"Amphetamines":{"raw":2.0,"perc":2.083333333333333,"total":96.0},"Stimulants":{"raw":2.0,"perc":2.083333333333333,"total":96.0},"Various":{"raw":2.0,"perc":2.083333333333333,"total":96.0},"Hydromorphone":{"raw":1.0,"perc":1.0416666666666665,"total":96.0},"Diphenhydramine":{"raw":1.0,"perc":1.0416666666666665,"total":96.0},"Benzodiazepines":{"raw":1.0,"perc":1.0416666666666665,"total":96.0},"Pharms - Diazepam":{"raw":1.0,"perc":1.0416666666666665,"total":96.0},"Cacti":{"raw":1.0,"perc":1.0416666666666665,"total":96.0},"Mescaline":{"raw":1.0,"perc":1.0416666666666665,"total":96.0},"2C-E":{"raw":1.0,"perc":1.0416666666666665,"total":96.0},"Phenethylamine":{"raw":1.0,"perc":1.0416666666666665,"total":96.0},"Pharms - Zolpidem":{"raw":1.0,"perc":1.0416666666666665,"total":96.0},"MDPV":{"raw":1.0,"perc":1.0416666666666665,"total":96.0},"AB-FUBINACA":{"raw":1.0,"perc":1.0416666666666665,"total":96.0},"Products - Spice and Synthetic Cannabinoids":{"raw":1.0,"perc":1.0416666666666665,"total":96.0}},"OBE":{"LSD":{"raw":1.0,"perc":4.0,"total":25.0},"Salvia divinorum":{"raw":3.0,"perc":12.0,"total":25.0},"Kava":{"raw":1.0,"perc":4.0,"total":25.0},"Valerian":{"raw":1.0,"perc":4.0,"total":25.0},"Vitamin B-6":{"raw":1.0,"perc":4.0,"total":25.0},"MDMA":{"raw":1.0,"perc":4.0,"total":25.0},"PMA":{"raw":1.0,"perc":4.0,"total":25.0},"Stimulants":{"raw":1.0,"perc":4.0,"total":25.0},"Various":{"raw":1.0,"perc":4.0,"total":25.0},"5-MeO-DiPT":{"raw":1.0,"perc":4.0,"total":25.0},"Nitrous Oxide":{"raw":1.0,"perc":4.0,"total":25.0},"Mushrooms":{"raw":5.0,"perc":20.0,"total":25.0},"Inhalants":{"raw":1.0,"perc":4.0,"total":25.0},"Cannabis":{"raw":2.0,"perc":8.0,"total":25.0},"DXM":{"raw":1.0,"perc":4.0,"total":25.0},"2C-I":{"raw":1.0,"perc":4.0,"total":25.0},"4-AcO-DiPT":{"raw":1.0,"perc":4.0,"total":25.0},"Methoxphenidine":{"raw":1.0,"perc":4.0,"total":25.0}},"Ritual":{"Cannabis":{"raw":3.0,"perc":6.25,"total":48.0},"MDMA":{"raw":2.0,"perc":4.1666666666666661,"total":48.0},"Pharmaceuticals":{"raw":1.0,"perc":2.083333333333333,"total":48.0},"Pharms - Sildenafil":{"raw":1.0,"perc":2.083333333333333,"total":48.0},"Stimulants":{"raw":2.0,"perc":4.1666666666666661,"total":48.0},"2C-B":{"raw":1.0,"perc":2.083333333333333,"total":48.0},"Phenethylamine":{"raw":1.0,"perc":2.083333333333333,"total":48.0},"Tryptophan":{"raw":1.0,"perc":2.083333333333333,"total":48.0},"Salvia divinorum":{"raw":1.0,"perc":2.083333333333333,"total":48.0},"5-MeO-DMT":{"raw":1.0,"perc":2.083333333333333,"total":48.0},"Cacti":{"raw":1.0,"perc":2.083333333333333,"total":48.0},"Morning Glory":{"raw":1.0,"perc":2.083333333333333,"total":48.0},"Harmala Alkaloids":{"raw":8.0,"perc":16.666666666666664,"total":48.0},"LSA":{"raw":1.0,"perc":2.083333333333333,"total":48.0},"Syrian Rue":{"raw":1.0,"perc":2.083333333333333,"total":48.0},"Ayahuasca":{"raw":8.0,"perc":16.666666666666664,"total":48.0},"Banisteriopsis caapi":{"raw":7.0,"perc":14.583333333333334,"total":48.0},"Psychotria viridis":{"raw":7.0,"perc":14.583333333333334,"total":48.0}},"Police / Customs":{"Cannabis":{"raw":8.0,"perc":9.0909090909090917,"total":88.0},"Mushrooms":{"raw":13.0,"perc":14.772727272727273,"total":88.0},"Salvia divinorum":{"raw":1.0,"perc":1.1363636363636365,"total":88.0},"Various":{"raw":12.0,"perc":13.636363636363635,"total":88.0},"LSD":{"raw":8.0,"perc":9.0909090909090917,"total":88.0},"DXM":{"raw":2.0,"perc":2.2727272727272729,"total":88.0},"Ketamine":{"raw":1.0,"perc":1.1363636363636365,"total":88.0},"NMDA Antagonists":{"raw":1.0,"perc":1.1363636363636365,"total":88.0},"Opiates":{"raw":4.0,"perc":4.5454545454545459,"total":88.0},"Opium":{"raw":1.0,"perc":1.1363636363636365,"total":88.0},"Heroin":{"raw":3.0,"perc":3.4090909090909087,"total":88.0},"MDMA":{"raw":4.0,"perc":4.5454545454545459,"total":88.0},"Stimulants":{"raw":4.0,"perc":4.5454545454545459,"total":88.0},"Alcohol":{"raw":4.0,"perc":4.5454545454545459,"total":88.0},"AMT":{"raw":2.0,"perc":2.2727272727272729,"total":88.0},"Benzodiazepines":{"raw":2.0,"perc":2.2727272727272729,"total":88.0},"Pharmaceuticals":{"raw":4.0,"perc":4.5454545454545459,"total":88.0},"Pharms - Alprazolam":{"raw":2.0,"perc":2.2727272727272729,"total":88.0},"Pharms - Lithium":{"raw":1.0,"perc":1.1363636363636365,"total":88.0},"Kratom":{"raw":1.0,"perc":1.1363636363636365,"total":88.0},"Methamphetamine":{"raw":1.0,"perc":1.1363636363636365,"total":88.0},"Pharms - Zolpidem":{"raw":1.0,"perc":1.1363636363636365,"total":88.0},"Diphenhydramine":{"raw":1.0,"perc":1.1363636363636365,"total":88.0},"Pharms - Clonazepam":{"raw":1.0,"perc":1.1363636363636365,"total":88.0},"2C-E":{"raw":2.0,"perc":2.2727272727272729,"total":88.0},"Phenethylamine":{"raw":2.0,"perc":2.2727272727272729,"total":88.0},"5-MeO-DMT":{"raw":1.0,"perc":1.1363636363636365,"total":88.0},"Brugmansia":{"raw":1.0,"perc":1.1363636363636365,"total":88.0}},"Migraines":{"MDMA":{"raw":3.0,"perc":11.538461538461538,"total":26.0},"Stimulants":{"raw":3.0,"perc":11.538461538461538,"total":26.0},"4-AcO-DET":{"raw":1.0,"perc":3.8461538461538463,"total":26.0},"5-MeO-DiPT":{"raw":1.0,"perc":3.8461538461538463,"total":26.0},"Various":{"raw":2.0,"perc":7.6923076923076925,"total":26.0},"Cannabis":{"raw":1.0,"perc":3.8461538461538463,"total":26.0},"LSD":{"raw":2.0,"perc":7.6923076923076925,"total":26.0},"2C-T-7":{"raw":1.0,"perc":3.8461538461538463,"total":26.0},"Morning Glory":{"raw":2.0,"perc":7.6923076923076925,"total":26.0},"Mushrooms":{"raw":4.0,"perc":15.384615384615385,"total":26.0},"Phenethylamine":{"raw":1.0,"perc":3.8461538461538463,"total":26.0},"Ginkgo biloba":{"raw":1.0,"perc":3.8461538461538463,"total":26.0},"Pharms - Carisoprodol":{"raw":1.0,"perc":3.8461538461538463,"total":26.0},"Salvia divinorum":{"raw":1.0,"perc":3.8461538461538463,"total":26.0},"H.B. Woodrose":{"raw":1.0,"perc":3.8461538461538463,"total":26.0},"Turbina corymbosa":{"raw":1.0,"perc":3.8461538461538463,"total":26.0}},"Endogenous":{"MDMA":{"raw":1.0,"perc":8.3333333333333321,"total":12.0},"Stimulants":{"raw":1.0,"perc":8.3333333333333321,"total":12.0},"Various":{"raw":2.0,"perc":16.666666666666664,"total":12.0},"Pharms - Venlafaxine":{"raw":1.0,"perc":8.3333333333333321,"total":12.0},"Salvia divinorum":{"raw":1.0,"perc":8.3333333333333321,"total":12.0},"DXM":{"raw":1.0,"perc":8.3333333333333321,"total":12.0},"Pharms - Phenytoin":{"raw":1.0,"perc":8.3333333333333321,"total":12.0},"Benzodiazepines":{"raw":1.0,"perc":8.3333333333333321,"total":12.0},"Pharmaceuticals":{"raw":1.0,"perc":8.3333333333333321,"total":12.0},"Pharms - Clonazepam":{"raw":1.0,"perc":8.3333333333333321,"total":12.0},"Pharms - Diazepam":{"raw":1.0,"perc":8.3333333333333321,"total":12.0}},"Dreams":{"Nutmeg":{"raw":3.0,"perc":2.2222222222222223,"total":135.0},"MDMA":{"raw":2.0,"perc":1.4814814814814816,"total":135.0},"Stimulants":{"raw":2.0,"perc":1.4814814814814816,"total":135.0},"Melatonin":{"raw":9.0,"perc":6.666666666666667,"total":135.0},"Valerian":{"raw":8.0,"perc":5.9259259259259265,"total":135.0},"Nicotine":{"raw":1.0,"perc":0.74074074074074081,"total":135.0},"Tobacco":{"raw":1.0,"perc":0.74074074074074081,"total":135.0},"Lactuca spp.":{"raw":2.0,"perc":1.4814814814814816,"total":135.0},"Morning Glory":{"raw":2.0,"perc":1.4814814814814816,"total":135.0},"Yohimbe":{"raw":1.0,"perc":0.74074074074074081,"total":135.0},"5-MeO-DiPT":{"raw":2.0,"perc":1.4814814814814816,"total":135.0},"Salvia divinorum":{"raw":6.0,"perc":4.4444444444444446,"total":135.0},"Ayahuasca":{"raw":1.0,"perc":0.74074074074074081,"total":135.0},"Damiana":{"raw":1.0,"perc":0.74074074074074081,"total":135.0},"Hydromorphone":{"raw":2.0,"perc":1.4814814814814816,"total":135.0},"Opioids":{"raw":3.0,"perc":2.2222222222222223,"total":135.0},"Heimia salicifolia":{"raw":3.0,"perc":2.2222222222222223,"total":135.0},"Opiates":{"raw":2.0,"perc":1.4814814814814816,"total":135.0},"Poppies - Opium":{"raw":1.0,"perc":0.74074074074074081,"total":135.0},"Pharms - Paroxetine":{"raw":1.0,"perc":0.74074074074074081,"total":135.0},"SSRIs":{"raw":1.0,"perc":0.74074074074074081,"total":135.0},"Vitamin B-6":{"raw":3.0,"perc":2.2222222222222223,"total":135.0},"2C-I":{"raw":2.0,"perc":1.4814814814814816,"total":135.0},"DMT":{"raw":1.0,"perc":0.74074074074074081,"total":135.0},"Various":{"raw":4.0,"perc":2.9629629629629632,"total":135.0},"5-MeO-DMT":{"raw":1.0,"perc":0.74074074074074081,"total":135.0},"Diphenhydramine":{"raw":2.0,"perc":1.4814814814814816,"total":135.0},"DMAE":{"raw":1.0,"perc":0.74074074074074081,"total":135.0},"Catnip":{"raw":2.0,"perc":1.4814814814814816,"total":135.0},"Mugwort":{"raw":4.0,"perc":2.9629629629629632,"total":135.0},"Pharms - Promethazine":{"raw":1.0,"perc":0.74074074074074081,"total":135.0},"Pharms - Amitriptyline":{"raw":1.0,"perc":0.74074074074074081,"total":135.0},"Pharms - Mefloquine":{"raw":1.0,"perc":0.74074074074074081,"total":135.0},"Calea zacatechichi":{"raw":8.0,"perc":5.9259259259259265,"total":135.0},"Hops":{"raw":2.0,"perc":1.4814814814814816,"total":135.0},"Skullcap":{"raw":1.0,"perc":0.74074074074074081,"total":135.0},"Alcohol":{"raw":2.0,"perc":1.4814814814814816,"total":135.0},"Pharms - Venlafaxine":{"raw":2.0,"perc":1.4814814814814816,"total":135.0},"Pharms - Atomoxetine":{"raw":1.0,"perc":0.74074074074074081,"total":135.0},"Caffeine":{"raw":1.0,"perc":0.74074074074074081,"total":135.0},"Calamus":{"raw":1.0,"perc":0.74074074074074081,"total":135.0},"Pharms - Phenytoin":{"raw":1.0,"perc":0.74074074074074081,"total":135.0},"Pharms - Escitalopram":{"raw":1.0,"perc":0.74074074074074081,"total":135.0},"Harmala Alkaloids":{"raw":4.0,"perc":2.9629629629629632,"total":135.0},"Passion Flower":{"raw":4.0,"perc":2.9629629629629632,"total":135.0},"Codeine":{"raw":1.0,"perc":0.74074074074074081,"total":135.0},"DOM":{"raw":1.0,"perc":0.74074074074074081,"total":135.0},"4-HO-DiPT":{"raw":1.0,"perc":0.74074074074074081,"total":135.0},"Cannabis":{"raw":2.0,"perc":1.4814814814814816,"total":135.0},"Hydrocodone":{"raw":1.0,"perc":0.74074074074074081,"total":135.0},"Leonotis leonurus":{"raw":1.0,"perc":0.74074074074074081,"total":135.0},"Kava":{"raw":1.0,"perc":0.74074074074074081,"total":135.0},"Wormwood":{"raw":1.0,"perc":0.74074074074074081,"total":135.0},"Amanitas":{"raw":1.0,"perc":0.74074074074074081,"total":135.0},"Mushrooms":{"raw":1.0,"perc":0.74074074074074081,"total":135.0},"Benzodiazepines":{"raw":1.0,"perc":0.74074074074074081,"total":135.0},"Pharmaceuticals":{"raw":2.0,"perc":1.4814814814814816,"total":135.0},"Pharms - Alprazolam":{"raw":1.0,"perc":0.74074074074074081,"total":135.0},"Silene capensis":{"raw":9.0,"perc":6.666666666666667,"total":135.0},"Pharms - Zopiclone":{"raw":1.0,"perc":0.74074074074074081,"total":135.0},"Pharms - Mirtazapine":{"raw":1.0,"perc":0.74074074074074081,"total":135.0},"AMT":{"raw":1.0,"perc":0.74074074074074081,"total":135.0},"Vitamins - Choline":{"raw":1.0,"perc":0.74074074074074081,"total":135.0},"Kratom":{"raw":1.0,"perc":0.74074074074074081,"total":135.0},"Prazosin":{"raw":1.0,"perc":0.74074074074074081,"total":135.0}},"Yoga / Bodywork":{"Various":{"raw":3.0,"perc":11.111111111111111,"total":27.0},"LSD":{"raw":4.0,"perc":14.814814814814813,"total":27.0},"Ayahuasca":{"raw":1.0,"perc":3.7037037037037033,"total":27.0},"Mushrooms":{"raw":3.0,"perc":11.111111111111111,"total":27.0},"Cacti":{"raw":1.0,"perc":3.7037037037037033,"total":27.0},"Salvia divinorum":{"raw":1.0,"perc":3.7037037037037033,"total":27.0},"Harmala Alkaloids":{"raw":1.0,"perc":3.7037037037037033,"total":27.0},"LSA":{"raw":1.0,"perc":3.7037037037037033,"total":27.0},"Syrian Rue":{"raw":1.0,"perc":3.7037037037037033,"total":27.0},"Mimosa spp.":{"raw":1.0,"perc":3.7037037037037033,"total":27.0},"Moclobemide":{"raw":1.0,"perc":3.7037037037037033,"total":27.0},"DPT":{"raw":1.0,"perc":3.7037037037037033,"total":27.0},"Morning Glory":{"raw":1.0,"perc":3.7037037037037033,"total":27.0},"5-MeO-DiPT":{"raw":1.0,"perc":3.7037037037037033,"total":27.0},"2C-E":{"raw":1.0,"perc":3.7037037037037033,"total":27.0},"Phenethylamine":{"raw":1.0,"perc":3.7037037037037033,"total":27.0},"MDMA":{"raw":2.0,"perc":7.4074074074074066,"total":27.0},"Stimulants":{"raw":2.0,"perc":7.4074074074074066,"total":27.0}},"Fasting":{"Various":{"raw":2.0,"perc":25.0,"total":8.0},"Mushrooms":{"raw":1.0,"perc":12.5,"total":8.0},"Morning Glory":{"raw":1.0,"perc":12.5,"total":8.0},"Nutmeg":{"raw":1.0,"perc":12.5,"total":8.0},"Cacti":{"raw":1.0,"perc":12.5,"total":8.0},"Cannabis":{"raw":1.0,"perc":12.5,"total":8.0},"DOM":{"raw":1.0,"perc":12.5,"total":8.0}},"Floatation Tank":{"Unknown":{"raw":1.0,"perc":100.0,"total":1.0}},"Meditation":{"Unknown":{"raw":1.0,"perc":1.3888888888888888,"total":72.0},"Capsicum spp.":{"raw":1.0,"perc":1.3888888888888888,"total":72.0},"Hops":{"raw":1.0,"perc":1.3888888888888888,"total":72.0},"Kava":{"raw":1.0,"perc":1.3888888888888888,"total":72.0},"Lecithin":{"raw":1.0,"perc":1.3888888888888888,"total":72.0},"Opiates":{"raw":1.0,"perc":1.3888888888888888,"total":72.0},"Opioids":{"raw":2.0,"perc":2.7777777777777777,"total":72.0},"Pharms - Oxycodone":{"raw":2.0,"perc":2.7777777777777777,"total":72.0},"Skullcap":{"raw":1.0,"perc":1.3888888888888888,"total":72.0},"Valerian":{"raw":1.0,"perc":1.3888888888888888,"total":72.0},"LSD":{"raw":5.0,"perc":6.9444444444444446,"total":72.0},"Various":{"raw":6.0,"perc":8.3333333333333321,"total":72.0},"Caffeine":{"raw":1.0,"perc":1.3888888888888888,"total":72.0},"Kratom":{"raw":1.0,"perc":1.3888888888888888,"total":72.0},"Salvia divinorum":{"raw":4.0,"perc":5.5555555555555554,"total":72.0},"5-MeO-DMT":{"raw":1.0,"perc":1.3888888888888888,"total":72.0},"Cannabis":{"raw":4.0,"perc":5.5555555555555554,"total":72.0},"Methamphetamine":{"raw":1.0,"perc":1.3888888888888888,"total":72.0},"Cacti":{"raw":1.0,"perc":1.3888888888888888,"total":72.0},"Mescaline":{"raw":1.0,"perc":1.3888888888888888,"total":72.0},"Mushrooms":{"raw":1.0,"perc":1.3888888888888888,"total":72.0},"Pharms - Venlafaxine":{"raw":1.0,"perc":1.3888888888888888,"total":72.0},"2C-E":{"raw":1.0,"perc":1.3888888888888888,"total":72.0},"Phenethylamine":{"raw":2.0,"perc":2.7777777777777777,"total":72.0},"MDMA":{"raw":5.0,"perc":6.9444444444444446,"total":72.0},"Stimulants":{"raw":6.0,"perc":8.3333333333333321,"total":72.0},"2C-T-2":{"raw":1.0,"perc":1.3888888888888888,"total":72.0},"Harmala Alkaloids":{"raw":1.0,"perc":1.3888888888888888,"total":72.0},"Syrian Rue":{"raw":1.0,"perc":1.3888888888888888,"total":72.0},"Amphetamines":{"raw":1.0,"perc":1.3888888888888888,"total":72.0},"Lotus/Lily":{"raw":1.0,"perc":1.3888888888888888,"total":72.0},"Nitrous Oxide":{"raw":1.0,"perc":1.3888888888888888,"total":72.0},"Ayahuasca":{"raw":1.0,"perc":1.3888888888888888,"total":72.0},"4-HO-DET":{"raw":1.0,"perc":1.3888888888888888,"total":72.0},"Piperazines":{"raw":1.0,"perc":1.3888888888888888,"total":72.0},"Piperazines - pFPP":{"raw":1.0,"perc":1.3888888888888888,"total":72.0},"Pharms - Zaleplon":{"raw":1.0,"perc":1.3888888888888888,"total":72.0},"Calea zacatechichi":{"raw":1.0,"perc":1.3888888888888888,"total":72.0},"2C-B":{"raw":1.0,"perc":1.3888888888888888,"total":72.0},"2C-I":{"raw":2.0,"perc":2.7777777777777777,"total":72.0},"Morning Glory":{"raw":1.0,"perc":1.3888888888888888,"total":72.0},"Ketamine":{"raw":1.0,"perc":1.3888888888888888,"total":72.0},"NMDA Antagonists":{"raw":1.0,"perc":1.3888888888888888,"total":72.0},"Tabernanthe iboga":{"raw":1.0,"perc":1.3888888888888888,"total":72.0}},"Devices":{"Caffeine":{"raw":1.0,"perc":4.0,"total":25.0},"Cannabis":{"raw":1.0,"perc":4.0,"total":25.0},"Hydrocodone":{"raw":1.0,"perc":4.0,"total":25.0},"Opioids":{"raw":1.0,"perc":4.0,"total":25.0},"Pharms - Quetiapine":{"raw":1.0,"perc":4.0,"total":25.0},"DXM":{"raw":2.0,"perc":8.0,"total":25.0},"GHB":{"raw":1.0,"perc":4.0,"total":25.0},"Various":{"raw":1.0,"perc":4.0,"total":25.0},"Morning Glory":{"raw":1.0,"perc":4.0,"total":25.0},"LSD":{"raw":3.0,"perc":12.0,"total":25.0},"MDMA":{"raw":2.0,"perc":8.0,"total":25.0},"Stimulants":{"raw":2.0,"perc":8.0,"total":25.0},"Nitrous Oxide":{"raw":2.0,"perc":8.0,"total":25.0},"Salvia divinorum":{"raw":4.0,"perc":16.0,"total":25.0},"Calea zacatechichi":{"raw":1.0,"perc":4.0,"total":25.0},"Nutmeg":{"raw":1.0,"perc":4.0,"total":25.0}},"Devices - Mind Machine":{"Caffeine":{"raw":1.0,"perc":5.2631578947368416,"total":19.0},"Cannabis":{"raw":1.0,"perc":5.2631578947368416,"total":19.0},"Hydrocodone":{"raw":1.0,"perc":5.2631578947368416,"total":19.0},"Opioids":{"raw":1.0,"perc":5.2631578947368416,"total":19.0},"Pharms - Quetiapine":{"raw":1.0,"perc":5.2631578947368416,"total":19.0},"DXM":{"raw":2.0,"perc":10.526315789473683,"total":19.0},"GHB":{"raw":1.0,"perc":5.2631578947368416,"total":19.0},"Various":{"raw":1.0,"perc":5.2631578947368416,"total":19.0},"LSD":{"raw":2.0,"perc":10.526315789473683,"total":19.0},"MDMA":{"raw":1.0,"perc":5.2631578947368416,"total":19.0},"Stimulants":{"raw":1.0,"perc":5.2631578947368416,"total":19.0},"Nitrous Oxide":{"raw":2.0,"perc":10.526315789473683,"total":19.0},"Calea zacatechichi":{"raw":1.0,"perc":5.2631578947368416,"total":19.0},"Salvia divinorum":{"raw":2.0,"perc":10.526315789473683,"total":19.0},"Nutmeg":{"raw":1.0,"perc":5.2631578947368416,"total":19.0}},"Mindfulness":{"Various":{"raw":2.0,"perc":40.0,"total":5.0},"Salvia divinorum":{"raw":1.0,"perc":20.0,"total":5.0},"LSD":{"raw":1.0,"perc":20.0,"total":5.0},"DMT":{"raw":1.0,"perc":20.0,"total":5.0}},"Guiding":{"LSD":{"raw":1.0,"perc":50.0,"total":2.0},"Mushrooms":{"raw":1.0,"perc":50.0,"total":2.0}},"Conferences":{"Ketamine":{"raw":1.0,"perc":50.0,"total":2.0},"NMDA Antagonists":{"raw":1.0,"perc":50.0,"total":2.0}},"Humor":{"Mushrooms":{"raw":1.0,"perc":50.0,"total":2.0},"Various":{"raw":1.0,"perc":50.0,"total":2.0}},"Breathing":{"Carbogen":{"raw":2.0,"perc":66.666666666666657,"total":3.0},"Oxygen":{"raw":1.0,"perc":33.333333333333329,"total":3.0}},"Music":{"Acetaminophen":{"raw":1.0,"perc":25.0,"total":4.0},"Caffeine":{"raw":1.0,"perc":25.0,"total":4.0},"2C-B":{"raw":1.0,"perc":25.0,"total":4.0},"Phenethylamine":{"raw":1.0,"perc":25.0,"total":4.0}},"Sweating":{"Amanitas":{"raw":1.0,"perc":33.333333333333329,"total":3.0},"Harmala Alkaloids":{"raw":1.0,"perc":33.333333333333329,"total":3.0},"Passion Flower":{"raw":1.0,"perc":33.333333333333329,"total":3.0}},"Chanting":{"MDAI":{"raw":1.0,"perc":100.0,"total":1.0}},"Hyperventilation":{"Oxygen":{"raw":1.0,"perc":100.0,"total":1.0}}},"Extreme":{"OBE":{"Datura":{"raw":1.0,"perc":6.666666666666667,"total":15.0},"Cannabis":{"raw":2.0,"perc":13.333333333333334,"total":15.0},"Ketamine":{"raw":1.0,"perc":6.666666666666667,"total":15.0},"NMDA Antagonists":{"raw":1.0,"perc":6.666666666666667,"total":15.0},"Salvia divinorum":{"raw":3.0,"perc":20.0,"total":15.0},"Pharms - Escitalopram":{"raw":1.0,"perc":6.666666666666667,"total":15.0},"Various":{"raw":2.0,"perc":13.333333333333334,"total":15.0},"Mushrooms":{"raw":1.0,"perc":6.666666666666667,"total":15.0},"2C-T-2":{"raw":1.0,"perc":6.666666666666667,"total":15.0},"Pharms - Amitriptyline":{"raw":1.0,"perc":6.666666666666667,"total":15.0},"Modafinil":{"raw":1.0,"perc":6.666666666666667,"total":15.0}},"Endogenous":{"DXM":{"raw":2.0,"perc":66.666666666666657,"total":3.0},"Salvia divinorum":{"raw":1.0,"perc":33.333333333333329,"total":3.0}},"Police / Customs":{"Datura":{"raw":6.0,"perc":10.909090909090908,"total":55.0},"Methamphetamine":{"raw":2.0,"perc":3.6363636363636362,"total":55.0},"Inhalants":{"raw":1.0,"perc":1.8181818181818181,"total":55.0},"Various":{"raw":4.0,"perc":7.2727272727272725,"total":55.0},"Banisteriopsis caapi":{"raw":1.0,"perc":1.8181818181818181,"total":55.0},"Harmala Alkaloids":{"raw":2.0,"perc":3.6363636363636362,"total":55.0},"Mushrooms":{"raw":3.0,"perc":5.4545454545454541,"total":55.0},"LSD":{"raw":6.0,"perc":10.909090909090908,"total":55.0},"AMT":{"raw":1.0,"perc":1.8181818181818181,"total":55.0},"5-MeO-DiPT":{"raw":1.0,"perc":1.8181818181818181,"total":55.0},"Dimenhydrinate":{"raw":2.0,"perc":3.6363636363636362,"total":55.0},"5-MeO-DMT":{"raw":2.0,"perc":3.6363636363636362,"total":55.0},"Alcohol":{"raw":1.0,"perc":1.8181818181818181,"total":55.0},"Benzodiazepines":{"raw":1.0,"perc":1.8181818181818181,"total":55.0},"Pharmaceuticals":{"raw":1.0,"perc":1.8181818181818181,"total":55.0},"Pharms - Alprazolam":{"raw":1.0,"perc":1.8181818181818181,"total":55.0},"Pharms - Diazepam":{"raw":1.0,"perc":1.8181818181818181,"total":55.0},"Chlorpheniramine Maleate":{"raw":1.0,"perc":1.8181818181818181,"total":55.0},"DXM":{"raw":1.0,"perc":1.8181818181818181,"total":55.0},"Brugmansia":{"raw":2.0,"perc":3.6363636363636362,"total":55.0},"2C-T-7":{"raw":1.0,"perc":1.8181818181818181,"total":55.0},"Phenethylamine":{"raw":3.0,"perc":5.4545454545454541,"total":55.0},"MDMA":{"raw":1.0,"perc":1.8181818181818181,"total":55.0},"Mescaline":{"raw":1.0,"perc":1.8181818181818181,"total":55.0},"Stimulants":{"raw":1.0,"perc":1.8181818181818181,"total":55.0},"Scopolamine":{"raw":1.0,"perc":1.8181818181818181,"total":55.0},"Syrian Rue":{"raw":1.0,"perc":1.8181818181818181,"total":55.0},"Cannabinoid Receptor Agonists":{"raw":1.0,"perc":1.8181818181818181,"total":55.0},"JWH-018":{"raw":1.0,"perc":1.8181818181818181,"total":55.0},"Cannabis":{"raw":1.0,"perc":1.8181818181818181,"total":55.0},"DOC":{"raw":1.0,"perc":1.8181818181818181,"total":55.0},"2C-D":{"raw":1.0,"perc":1.8181818181818181,"total":55.0},"2C-P":{"raw":1.0,"perc":1.8181818181818181,"total":55.0}},"Dreams":{"Hydrocodone":{"raw":1.0,"perc":20.0,"total":5.0},"Opioids":{"raw":1.0,"perc":20.0,"total":5.0},"5-MeO-DMT":{"raw":1.0,"perc":20.0,"total":5.0},"Ibogaine":{"raw":1.0,"perc":20.0,"total":5.0},"Tabernanthe iboga":{"raw":1.0,"perc":20.0,"total":5.0}},"Drug Testing":{"Mushrooms":{"raw":1.0,"perc":25.0,"total":4.0},"DXM":{"raw":2.0,"perc":50.0,"total":4.0},"Cannabis":{"raw":1.0,"perc":25.0,"total":4.0}},"Devices":{"Mushrooms":{"raw":1.0,"perc":100.0,"total":1.0}},"Sleep Deprivation":{"Pharms - Benzphetamine":{"raw":1.0,"perc":7.6923076923076925,"total":13.0},"Various":{"raw":2.0,"perc":15.384615384615385,"total":13.0},"Amphetamines":{"raw":2.0,"perc":15.384615384615385,"total":13.0},"MDMA":{"raw":1.0,"perc":7.6923076923076925,"total":13.0},"Stimulants":{"raw":2.0,"perc":15.384615384615385,"total":13.0},"Benzodiazepines":{"raw":1.0,"perc":7.6923076923076925,"total":13.0},"LSD":{"raw":1.0,"perc":7.6923076923076925,"total":13.0},"Pharms - Diazepam":{"raw":1.0,"perc":7.6923076923076925,"total":13.0},"4-Methylmethcathinone":{"raw":1.0,"perc":7.6923076923076925,"total":13.0},"5-MeO-DALT":{"raw":1.0,"perc":7.6923076923076925,"total":13.0}},"Conferences":{"Mushrooms":{"raw":1.0,"perc":50.0,"total":2.0},"Various":{"raw":1.0,"perc":50.0,"total":2.0}},"Meditation":{"Nitrous Oxide":{"raw":1.0,"perc":25.0,"total":4.0},"Salvia divinorum":{"raw":1.0,"perc":25.0,"total":4.0},"Pharms - Clonidine":{"raw":1.0,"perc":25.0,"total":4.0},"Various":{"raw":1.0,"perc":25.0,"total":4.0}},"Music":{"Cannabis":{"raw":1.0,"perc":25.0,"total":4.0},"MDMA":{"raw":1.0,"perc":25.0,"total":4.0},"Stimulants":{"raw":1.0,"perc":25.0,"total":4.0},"Various":{"raw":1.0,"perc":25.0,"total":4.0}},"Humor":{"Mushrooms":{"raw":1.0,"perc":50.0,"total":2.0},"Various":{"raw":1.0,"perc":50.0,"total":2.0}},"Mindfulness":{"Cannabis":{"raw":1.0,"perc":33.333333333333329,"total":3.0},"Ketamine":{"raw":1.0,"perc":33.333333333333329,"total":3.0},"NMDA Antagonists":{"raw":1.0,"perc":33.333333333333329,"total":3.0}},"Fasting":{"Alcohol":{"raw":1.0,"perc":100.0,"total":1.0}},"Breathing":{"Carbogen":{"raw":1.0,"perc":100.0,"total":1.0}},"Sound (non-music)":{"4-MeO-PCP":{"raw":1.0,"perc":100.0,"total":1.0}}},"No Effect":{"Drug Testing":{"Cannabis":{"raw":5.0,"perc":20.0,"total":25.0},"Piperazines":{"raw":1.0,"perc":4.0,"total":25.0},"DXM":{"raw":8.0,"perc":32.0,"total":25.0},"Cocaine":{"raw":2.0,"perc":8.0,"total":25.0},"Hydromorphone":{"raw":1.0,"perc":4.0,"total":25.0},"Opioids":{"raw":1.0,"perc":4.0,"total":25.0},"Opiates":{"raw":2.0,"perc":8.0,"total":25.0},"2C-I":{"raw":1.0,"perc":4.0,"total":25.0},"Pharms - Zolpidem":{"raw":1.0,"perc":4.0,"total":25.0},"Pharms - Buspirone":{"raw":1.0,"perc":4.0,"total":25.0},"Pharms - Venlafaxine":{"raw":1.0,"perc":4.0,"total":25.0},"Poppies - Opium":{"raw":1.0,"perc":4.0,"total":25.0}},"Yoga / Bodywork":{"Ayahuasca":{"raw":1.0,"perc":100.0,"total":1.0}},"Police / Customs":{"Salvia divinorum":{"raw":1.0,"perc":20.0,"total":5.0},"4-AcO-DMT":{"raw":1.0,"perc":20.0,"total":5.0},"Cocaine":{"raw":1.0,"perc":20.0,"total":5.0},"Heroin":{"raw":1.0,"perc":20.0,"total":5.0},"Opiates":{"raw":1.0,"perc":20.0,"total":5.0}},"Dreams":{"Calea zacatechichi":{"raw":3.0,"perc":42.857142857142854,"total":7.0},"Banisteriopsis caapi":{"raw":1.0,"perc":14.285714285714285,"total":7.0},"Harmala Alkaloids":{"raw":1.0,"perc":14.285714285714285,"total":7.0},"Mimosa spp.":{"raw":1.0,"perc":14.285714285714285,"total":7.0},"Melatonin":{"raw":1.0,"perc":14.285714285714285,"total":7.0}}}}