{"Strong":{"Drug Testing":{"General":{"raw":7.0,"perc":77.777777777777786,"total":9.0},"Bad Trips":{"raw":1.0,"perc":11.111111111111111,"total":9.0},"Health Problems":{"raw":1.0,"perc":11.111111111111111,"total":9.0}},"Sleep Deprivation":{"General":{"raw":9.0,"perc":18.0,"total":50.0},"Multi-Day Experience":{"raw":8.0,"perc":16.0,"total":50.0},"Music Discussion":{"raw":2.0,"perc":4.0,"total":50.0},"Entities / Beings":{"raw":2.0,"perc":4.0,"total":50.0},"Mystical Experiences":{"raw":3.0,"perc":6.0,"total":50.0},"Depression":{"raw":1.0,"perc":2.0,"total":50.0},"First Times":{"raw":1.0,"perc":2.0,"total":50.0},"Bad Trips":{"raw":2.0,"perc":4.0,"total":50.0},"Difficult Experiences":{"raw":7.0,"perc":14.000000000000002,"total":50.0},"Health Problems":{"raw":3.0,"perc":6.0,"total":50.0},"Hangover / Days After":{"raw":3.0,"perc":6.0,"total":50.0},"HPPD / Lasting Visuals":{"raw":1.0,"perc":2.0,"total":50.0},"Glowing Experiences":{"raw":1.0,"perc":2.0,"total":50.0},"Health Benefits":{"raw":1.0,"perc":2.0,"total":50.0},"Guides / Sitters":{"raw":1.0,"perc":2.0,"total":50.0},"Overdose":{"raw":1.0,"perc":2.0,"total":50.0},"Post Trip Problems":{"raw":1.0,"perc":2.0,"total":50.0},"Performance Enhancement":{"raw":2.0,"perc":4.0,"total":50.0},"Preparation / Recipes":{"raw":1.0,"perc":2.0,"total":50.0}},"Dreams":{"General":{"raw":16.0,"perc":31.372549019607842,"total":51.0},"Difficult Experiences":{"raw":4.0,"perc":7.8431372549019605,"total":51.0},"Retrospective / Summary":{"raw":3.0,"perc":5.88235294117647,"total":51.0},"First Times":{"raw":5.0,"perc":9.8039215686274517,"total":51.0},"Entities / Beings":{"raw":9.0,"perc":17.647058823529413,"total":51.0},"Glowing Experiences":{"raw":4.0,"perc":7.8431372549019605,"total":51.0},"Overdose":{"raw":2.0,"perc":3.9215686274509802,"total":51.0},"Guides / Sitters":{"raw":1.0,"perc":1.9607843137254901,"total":51.0},"Health Problems":{"raw":2.0,"perc":3.9215686274509802,"total":51.0},"Hangover / Days After":{"raw":1.0,"perc":1.9607843137254901,"total":51.0},"Second Hand Report":{"raw":1.0,"perc":1.9607843137254901,"total":51.0},"Mystical Experiences":{"raw":1.0,"perc":1.9607843137254901,"total":51.0},"Nature / Outdoors":{"raw":1.0,"perc":1.9607843137254901,"total":51.0},"Therapeutic Intent or Outcome":{"raw":1.0,"perc":1.9607843137254901,"total":51.0}},"Police / Customs":{"General":{"raw":6.0,"perc":10.526315789473683,"total":57.0},"Bad Trips":{"raw":7.0,"perc":12.280701754385964,"total":57.0},"First Times":{"raw":5.0,"perc":8.7719298245614024,"total":57.0},"Post Trip Problems":{"raw":6.0,"perc":10.526315789473683,"total":57.0},"Second Hand Report":{"raw":3.0,"perc":5.2631578947368416,"total":57.0},"Difficult Experiences":{"raw":9.0,"perc":15.789473684210526,"total":57.0},"Entities / Beings":{"raw":4.0,"perc":7.0175438596491224,"total":57.0},"Retrospective / Summary":{"raw":1.0,"perc":1.7543859649122806,"total":57.0},"Depression":{"raw":2.0,"perc":3.5087719298245612,"total":57.0},"Multi-Day Experience":{"raw":2.0,"perc":3.5087719298245612,"total":57.0},"Health Problems":{"raw":1.0,"perc":1.7543859649122806,"total":57.0},"HPPD / Lasting Visuals":{"raw":1.0,"perc":1.7543859649122806,"total":57.0},"Hangover / Days After":{"raw":2.0,"perc":3.5087719298245612,"total":57.0},"Mystical Experiences":{"raw":1.0,"perc":1.7543859649122806,"total":57.0},"Music Discussion":{"raw":3.0,"perc":5.2631578947368416,"total":57.0},"Therapeutic Intent or Outcome":{"raw":1.0,"perc":1.7543859649122806,"total":57.0},"Nature / Outdoors":{"raw":1.0,"perc":1.7543859649122806,"total":57.0},"Relationships":{"raw":1.0,"perc":1.7543859649122806,"total":57.0},"Guides / Sitters":{"raw":1.0,"perc":1.7543859649122806,"total":57.0}},"Ritual":{"Preparation / Recipes":{"raw":1.0,"perc":3.125,"total":32.0},"Glowing Experiences":{"raw":3.0,"perc":9.375,"total":32.0},"Personal Preparation":{"raw":2.0,"perc":6.25,"total":32.0},"Sex Discussion":{"raw":3.0,"perc":9.375,"total":32.0},"Difficult Experiences":{"raw":3.0,"perc":9.375,"total":32.0},"First Times":{"raw":4.0,"perc":12.5,"total":32.0},"General":{"raw":5.0,"perc":15.625,"total":32.0},"Retrospective / Summary":{"raw":1.0,"perc":3.125,"total":32.0},"Depression":{"raw":1.0,"perc":3.125,"total":32.0},"Guides / Sitters":{"raw":2.0,"perc":6.25,"total":32.0},"Relationships":{"raw":1.0,"perc":3.125,"total":32.0},"Entities / Beings":{"raw":2.0,"perc":6.25,"total":32.0},"Mystical Experiences":{"raw":3.0,"perc":9.375,"total":32.0},"Nature / Outdoors":{"raw":1.0,"perc":3.125,"total":32.0}},"Yoga / Bodywork":{"Glowing Experiences":{"raw":8.0,"perc":22.857142857142858,"total":35.0},"Mystical Experiences":{"raw":6.0,"perc":17.142857142857142,"total":35.0},"Entities / Beings":{"raw":3.0,"perc":8.5714285714285712,"total":35.0},"General":{"raw":3.0,"perc":8.5714285714285712,"total":35.0},"Preparation / Recipes":{"raw":1.0,"perc":2.8571428571428572,"total":35.0},"Music Discussion":{"raw":3.0,"perc":8.5714285714285712,"total":35.0},"Health Problems":{"raw":1.0,"perc":2.8571428571428572,"total":35.0},"Relationships":{"raw":1.0,"perc":2.8571428571428572,"total":35.0},"Hangover / Days After":{"raw":1.0,"perc":2.8571428571428572,"total":35.0},"First Times":{"raw":2.0,"perc":5.7142857142857144,"total":35.0},"Guides / Sitters":{"raw":2.0,"perc":5.7142857142857144,"total":35.0},"Health Benefits":{"raw":1.0,"perc":2.8571428571428572,"total":35.0},"Therapeutic Intent or Outcome":{"raw":1.0,"perc":2.8571428571428572,"total":35.0},"Sex Discussion":{"raw":1.0,"perc":2.8571428571428572,"total":35.0},"Nature / Outdoors":{"raw":1.0,"perc":2.8571428571428572,"total":35.0}},"Breathing":{"General":{"raw":2.0,"perc":13.333333333333334,"total":15.0},"Entities / Beings":{"raw":2.0,"perc":13.333333333333334,"total":15.0},"Glowing Experiences":{"raw":4.0,"perc":26.666666666666668,"total":15.0},"Mystical Experiences":{"raw":3.0,"perc":20.0,"total":15.0},"Health Benefits":{"raw":1.0,"perc":6.666666666666667,"total":15.0},"Sex Discussion":{"raw":1.0,"perc":6.666666666666667,"total":15.0},"Nature / Outdoors":{"raw":1.0,"perc":6.666666666666667,"total":15.0},"Retrospective / Summary":{"raw":1.0,"perc":6.666666666666667,"total":15.0}},"Hyperventilation":{"General":{"raw":1.0,"perc":50.0,"total":2.0},"Mystical Experiences":{"raw":1.0,"perc":50.0,"total":2.0}},"Meditation":{"Retrospective / Summary":{"raw":7.0,"perc":11.864406779661017,"total":59.0},"Bad Trips":{"raw":1.0,"perc":1.6949152542372881,"total":59.0},"Mystical Experiences":{"raw":7.0,"perc":11.864406779661017,"total":59.0},"Glowing Experiences":{"raw":13.0,"perc":22.033898305084744,"total":59.0},"General":{"raw":9.0,"perc":15.254237288135593,"total":59.0},"Health Problems":{"raw":1.0,"perc":1.6949152542372881,"total":59.0},"Entities / Beings":{"raw":6.0,"perc":10.16949152542373,"total":59.0},"First Times":{"raw":4.0,"perc":6.7796610169491522,"total":59.0},"Second Hand Report":{"raw":1.0,"perc":1.6949152542372881,"total":59.0},"Poetry":{"raw":1.0,"perc":1.6949152542372881,"total":59.0},"Guides / Sitters":{"raw":1.0,"perc":1.6949152542372881,"total":59.0},"Music Discussion":{"raw":3.0,"perc":5.0847457627118651,"total":59.0},"Nature / Outdoors":{"raw":2.0,"perc":3.3898305084745761,"total":59.0},"Difficult Experiences":{"raw":1.0,"perc":1.6949152542372881,"total":59.0},"Multi-Day Experience":{"raw":1.0,"perc":1.6949152542372881,"total":59.0},"Therapeutic Intent or Outcome":{"raw":1.0,"perc":1.6949152542372881,"total":59.0}},"OBE":{"General":{"raw":9.0,"perc":20.930232558139537,"total":43.0},"Nature / Outdoors":{"raw":1.0,"perc":2.3255813953488373,"total":43.0},"Mystical Experiences":{"raw":8.0,"perc":18.6046511627907,"total":43.0},"Difficult Experiences":{"raw":4.0,"perc":9.30232558139535,"total":43.0},"Entities / Beings":{"raw":6.0,"perc":13.953488372093023,"total":43.0},"Guides / Sitters":{"raw":3.0,"perc":6.9767441860465116,"total":43.0},"Medical Use":{"raw":1.0,"perc":2.3255813953488373,"total":43.0},"Retrospective / Summary":{"raw":1.0,"perc":2.3255813953488373,"total":43.0},"Glowing Experiences":{"raw":4.0,"perc":9.30232558139535,"total":43.0},"Depression":{"raw":1.0,"perc":2.3255813953488373,"total":43.0},"First Times":{"raw":1.0,"perc":2.3255813953488373,"total":43.0},"Music Discussion":{"raw":1.0,"perc":2.3255813953488373,"total":43.0},"Multi-Day Experience":{"raw":1.0,"perc":2.3255813953488373,"total":43.0},"Personal Preparation":{"raw":1.0,"perc":2.3255813953488373,"total":43.0},"Hangover / Days After":{"raw":1.0,"perc":2.3255813953488373,"total":43.0}},"Devices":{"General":{"raw":3.0,"perc":17.647058823529413,"total":17.0},"First Times":{"raw":3.0,"perc":17.647058823529413,"total":17.0},"Difficult Experiences":{"raw":1.0,"perc":5.88235294117647,"total":17.0},"Glowing Experiences":{"raw":3.0,"perc":17.647058823529413,"total":17.0},"Mystical Experiences":{"raw":3.0,"perc":17.647058823529413,"total":17.0},"Music Discussion":{"raw":1.0,"perc":5.88235294117647,"total":17.0},"Retrospective / Summary":{"raw":1.0,"perc":5.88235294117647,"total":17.0},"Entities / Beings":{"raw":1.0,"perc":5.88235294117647,"total":17.0},"Relationships":{"raw":1.0,"perc":5.88235294117647,"total":17.0}},"Devices - Mind Machine":{"General":{"raw":2.0,"perc":18.181818181818183,"total":11.0},"First Times":{"raw":2.0,"perc":18.181818181818183,"total":11.0},"Difficult Experiences":{"raw":1.0,"perc":9.0909090909090917,"total":11.0},"Glowing Experiences":{"raw":2.0,"perc":18.181818181818183,"total":11.0},"Mystical Experiences":{"raw":2.0,"perc":18.181818181818183,"total":11.0},"Music Discussion":{"raw":1.0,"perc":9.0909090909090917,"total":11.0},"Retrospective / Summary":{"raw":1.0,"perc":9.0909090909090917,"total":11.0}},"Fasting":{"Difficult Experiences":{"raw":3.0,"perc":17.647058823529413,"total":17.0},"Mystical Experiences":{"raw":4.0,"perc":23.52941176470588,"total":17.0},"Entities / Beings":{"raw":4.0,"perc":23.52941176470588,"total":17.0},"Personal Preparation":{"raw":1.0,"perc":5.88235294117647,"total":17.0},"Nature / Outdoors":{"raw":1.0,"perc":5.88235294117647,"total":17.0},"General":{"raw":1.0,"perc":5.88235294117647,"total":17.0},"Retrospective / Summary":{"raw":1.0,"perc":5.88235294117647,"total":17.0},"Multi-Day Experience":{"raw":2.0,"perc":11.76470588235294,"total":17.0}},"Sweating":{"First Times":{"raw":2.0,"perc":20.0,"total":10.0},"General":{"raw":1.0,"perc":10.0,"total":10.0},"Retrospective / Summary":{"raw":2.0,"perc":20.0,"total":10.0},"Depression":{"raw":1.0,"perc":10.0,"total":10.0},"Glowing Experiences":{"raw":1.0,"perc":10.0,"total":10.0},"Entities / Beings":{"raw":1.0,"perc":10.0,"total":10.0},"Health Benefits":{"raw":1.0,"perc":10.0,"total":10.0},"Sex Discussion":{"raw":1.0,"perc":10.0,"total":10.0}},"Endogenous":{"First Times":{"raw":1.0,"perc":6.666666666666667,"total":15.0},"Difficult Experiences":{"raw":3.0,"perc":20.0,"total":15.0},"General":{"raw":2.0,"perc":13.333333333333334,"total":15.0},"Mystical Experiences":{"raw":2.0,"perc":13.333333333333334,"total":15.0},"Entities / Beings":{"raw":2.0,"perc":13.333333333333334,"total":15.0},"Hangover / Days After":{"raw":1.0,"perc":6.666666666666667,"total":15.0},"Bad Trips":{"raw":1.0,"perc":6.666666666666667,"total":15.0},"Health Problems":{"raw":1.0,"perc":6.666666666666667,"total":15.0},"Guides / Sitters":{"raw":1.0,"perc":6.666666666666667,"total":15.0},"Depression":{"raw":1.0,"perc":6.666666666666667,"total":15.0}},"Chanting":{"Difficult Experiences":{"raw":1.0,"perc":50.0,"total":2.0},"Mystical Experiences":{"raw":1.0,"perc":50.0,"total":2.0}},"Migraines":{"Glowing Experiences":{"raw":1.0,"perc":5.2631578947368416,"total":19.0},"Mystical Experiences":{"raw":1.0,"perc":5.2631578947368416,"total":19.0},"Relationships":{"raw":1.0,"perc":5.2631578947368416,"total":19.0},"Retrospective / Summary":{"raw":2.0,"perc":10.526315789473683,"total":19.0},"Difficult Experiences":{"raw":1.0,"perc":5.2631578947368416,"total":19.0},"Health Problems":{"raw":3.0,"perc":15.789473684210526,"total":19.0},"Depression":{"raw":2.0,"perc":10.526315789473683,"total":19.0},"Post Trip Problems":{"raw":2.0,"perc":10.526315789473683,"total":19.0},"Health Benefits":{"raw":1.0,"perc":5.2631578947368416,"total":19.0},"Medical Use":{"raw":2.0,"perc":10.526315789473683,"total":19.0},"Hangover / Days After":{"raw":2.0,"perc":10.526315789473683,"total":19.0},"What Was in That?":{"raw":1.0,"perc":5.2631578947368416,"total":19.0}},"Conferences":{"General":{"raw":2.0,"perc":20.0,"total":10.0},"Retrospective / Summary":{"raw":1.0,"perc":10.0,"total":10.0},"Health Problems":{"raw":1.0,"perc":10.0,"total":10.0},"Guides / Sitters":{"raw":1.0,"perc":10.0,"total":10.0},"Overdose":{"raw":1.0,"perc":10.0,"total":10.0},"Hangover / Days After":{"raw":1.0,"perc":10.0,"total":10.0},"Glowing Experiences":{"raw":1.0,"perc":10.0,"total":10.0},"Difficult Experiences":{"raw":1.0,"perc":10.0,"total":10.0},"Second Hand Report":{"raw":1.0,"perc":10.0,"total":10.0}},"Humor":{"General":{"raw":1.0,"perc":20.0,"total":5.0},"Glowing Experiences":{"raw":1.0,"perc":20.0,"total":5.0},"Difficult Experiences":{"raw":1.0,"perc":20.0,"total":5.0},"Bad Trips":{"raw":1.0,"perc":20.0,"total":5.0},"Health Problems":{"raw":1.0,"perc":20.0,"total":5.0}},"Nitrogen Narcosis":{"First Times":{"raw":1.0,"perc":20.0,"total":5.0},"General":{"raw":1.0,"perc":20.0,"total":5.0},"Retrospective / Summary":{"raw":1.0,"perc":20.0,"total":5.0},"Difficult Experiences":{"raw":1.0,"perc":20.0,"total":5.0},"Entities / Beings":{"raw":1.0,"perc":20.0,"total":5.0}},"Music":{"Glowing Experiences":{"raw":1.0,"perc":50.0,"total":2.0},"Nature / Outdoors":{"raw":1.0,"perc":50.0,"total":2.0}},"Mindfulness":{"General":{"raw":2.0,"perc":18.181818181818183,"total":11.0},"Glowing Experiences":{"raw":2.0,"perc":18.181818181818183,"total":11.0},"Therapeutic Intent or Outcome":{"raw":1.0,"perc":9.0909090909090917,"total":11.0},"Personal Preparation":{"raw":1.0,"perc":9.0909090909090917,"total":11.0},"Depression":{"raw":1.0,"perc":9.0909090909090917,"total":11.0},"Relationships":{"raw":1.0,"perc":9.0909090909090917,"total":11.0},"Preparation / Recipes":{"raw":1.0,"perc":9.0909090909090917,"total":11.0},"Entities / Beings":{"raw":1.0,"perc":9.0909090909090917,"total":11.0},"Nature / Outdoors":{"raw":1.0,"perc":9.0909090909090917,"total":11.0}}},"Medium":{"Sleep Deprivation":{"Difficult Experiences":{"raw":5.0,"perc":10.0,"total":50.0},"Health Problems":{"raw":3.0,"perc":6.0,"total":50.0},"General":{"raw":11.0,"perc":22.0,"total":50.0},"Retrospective / Summary":{"raw":4.0,"perc":8.0,"total":50.0},"Multi-Day Experience":{"raw":8.0,"perc":16.0,"total":50.0},"First Times":{"raw":4.0,"perc":8.0,"total":50.0},"Loss of Magic":{"raw":2.0,"perc":4.0,"total":50.0},"Hangover / Days After":{"raw":5.0,"perc":10.0,"total":50.0},"Medical Use":{"raw":1.0,"perc":2.0,"total":50.0},"Glowing Experiences":{"raw":1.0,"perc":2.0,"total":50.0},"Music Discussion":{"raw":1.0,"perc":2.0,"total":50.0},"Sex Discussion":{"raw":2.0,"perc":4.0,"total":50.0},"What Was in That?":{"raw":1.0,"perc":2.0,"total":50.0},"Bad Trips":{"raw":1.0,"perc":2.0,"total":50.0},"Performance Enhancement":{"raw":1.0,"perc":2.0,"total":50.0}},"Endogenous":{"Bad Trips":{"raw":1.0,"perc":3.4482758620689653,"total":29.0},"Health Problems":{"raw":5.0,"perc":17.241379310344829,"total":29.0},"First Times":{"raw":3.0,"perc":10.344827586206897,"total":29.0},"Multi-Day Experience":{"raw":1.0,"perc":3.4482758620689653,"total":29.0},"General":{"raw":6.0,"perc":20.689655172413794,"total":29.0},"Glowing Experiences":{"raw":2.0,"perc":6.8965517241379306,"total":29.0},"Difficult Experiences":{"raw":1.0,"perc":3.4482758620689653,"total":29.0},"Mystical Experiences":{"raw":1.0,"perc":3.4482758620689653,"total":29.0},"Therapeutic Intent or Outcome":{"raw":1.0,"perc":3.4482758620689653,"total":29.0},"Retrospective / Summary":{"raw":3.0,"perc":10.344827586206897,"total":29.0},"Depression":{"raw":1.0,"perc":3.4482758620689653,"total":29.0},"Medical Use":{"raw":2.0,"perc":6.8965517241379306,"total":29.0},"Second Hand Report":{"raw":1.0,"perc":3.4482758620689653,"total":29.0},"Hangover / Days After":{"raw":1.0,"perc":3.4482758620689653,"total":29.0}},"Drug Testing":{"General":{"raw":65.0,"perc":70.652173913043484,"total":92.0},"Retrospective / Summary":{"raw":9.0,"perc":9.7826086956521738,"total":92.0},"Depression":{"raw":1.0,"perc":1.0869565217391304,"total":92.0},"Health Problems":{"raw":1.0,"perc":1.0869565217391304,"total":92.0},"Post Trip Problems":{"raw":4.0,"perc":4.3478260869565215,"total":92.0},"Bad Trips":{"raw":1.0,"perc":1.0869565217391304,"total":92.0},"Preparation / Recipes":{"raw":3.0,"perc":3.2608695652173911,"total":92.0},"Difficult Experiences":{"raw":2.0,"perc":2.1739130434782608,"total":92.0},"Medical Use":{"raw":2.0,"perc":2.1739130434782608,"total":92.0},"Multi-Day Experience":{"raw":3.0,"perc":3.2608695652173911,"total":92.0},"Second Hand Report":{"raw":1.0,"perc":1.0869565217391304,"total":92.0}},"Police / Customs":{"General":{"raw":20.0,"perc":29.411764705882355,"total":68.0},"First Times":{"raw":4.0,"perc":5.88235294117647,"total":68.0},"Retrospective / Summary":{"raw":8.0,"perc":11.76470588235294,"total":68.0},"Glowing Experiences":{"raw":4.0,"perc":5.88235294117647,"total":68.0},"Second Hand Report":{"raw":2.0,"perc":2.9411764705882351,"total":68.0},"Difficult Experiences":{"raw":7.0,"perc":10.294117647058822,"total":68.0},"Depression":{"raw":1.0,"perc":1.4705882352941175,"total":68.0},"Post Trip Problems":{"raw":5.0,"perc":7.3529411764705888,"total":68.0},"Overdose":{"raw":2.0,"perc":2.9411764705882351,"total":68.0},"Nature / Outdoors":{"raw":2.0,"perc":2.9411764705882351,"total":68.0},"Hangover / Days After":{"raw":3.0,"perc":4.4117647058823533,"total":68.0},"Preparation / Recipes":{"raw":2.0,"perc":2.9411764705882351,"total":68.0},"Mystical Experiences":{"raw":1.0,"perc":1.4705882352941175,"total":68.0},"Music Discussion":{"raw":1.0,"perc":1.4705882352941175,"total":68.0},"Relationships":{"raw":2.0,"perc":2.9411764705882351,"total":68.0},"Bad Trips":{"raw":1.0,"perc":1.4705882352941175,"total":68.0},"Personal Preparation":{"raw":1.0,"perc":1.4705882352941175,"total":68.0},"Guides / Sitters":{"raw":1.0,"perc":1.4705882352941175,"total":68.0},"Multi-Day Experience":{"raw":1.0,"perc":1.4705882352941175,"total":68.0}},"Meditation":{"General":{"raw":20.0,"perc":19.230769230769234,"total":104.0},"Retrospective / Summary":{"raw":13.0,"perc":12.5,"total":104.0},"Health Benefits":{"raw":4.0,"perc":3.8461538461538463,"total":104.0},"Glowing Experiences":{"raw":15.0,"perc":14.423076923076922,"total":104.0},"Mystical Experiences":{"raw":9.0,"perc":8.6538461538461533,"total":104.0},"First Times":{"raw":7.0,"perc":6.7307692307692308,"total":104.0},"Therapeutic Intent or Outcome":{"raw":4.0,"perc":3.8461538461538463,"total":104.0},"Guides / Sitters":{"raw":3.0,"perc":2.8846153846153846,"total":104.0},"Multi-Day Experience":{"raw":2.0,"perc":1.9230769230769231,"total":104.0},"Personal Preparation":{"raw":3.0,"perc":2.8846153846153846,"total":104.0},"Music Discussion":{"raw":4.0,"perc":3.8461538461538463,"total":104.0},"Entities / Beings":{"raw":4.0,"perc":3.8461538461538463,"total":104.0},"Relationships":{"raw":3.0,"perc":2.8846153846153846,"total":104.0},"Sex Discussion":{"raw":3.0,"perc":2.8846153846153846,"total":104.0},"Difficult Experiences":{"raw":2.0,"perc":1.9230769230769231,"total":104.0},"Post Trip Problems":{"raw":2.0,"perc":1.9230769230769231,"total":104.0},"Hangover / Days After":{"raw":2.0,"perc":1.9230769230769231,"total":104.0},"Nature / Outdoors":{"raw":2.0,"perc":1.9230769230769231,"total":104.0},"What Was in That?":{"raw":1.0,"perc":0.96153846153846156,"total":104.0},"Loss of Magic":{"raw":1.0,"perc":0.96153846153846156,"total":104.0}},"OBE":{"General":{"raw":7.0,"perc":21.875,"total":32.0},"First Times":{"raw":2.0,"perc":6.25,"total":32.0},"Difficult Experiences":{"raw":2.0,"perc":6.25,"total":32.0},"Depression":{"raw":1.0,"perc":3.125,"total":32.0},"Post Trip Problems":{"raw":1.0,"perc":3.125,"total":32.0},"Entities / Beings":{"raw":5.0,"perc":15.625,"total":32.0},"Hangover / Days After":{"raw":2.0,"perc":6.25,"total":32.0},"Glowing Experiences":{"raw":5.0,"perc":15.625,"total":32.0},"Second Hand Report":{"raw":1.0,"perc":3.125,"total":32.0},"Sex Discussion":{"raw":1.0,"perc":3.125,"total":32.0},"Retrospective / Summary":{"raw":1.0,"perc":3.125,"total":32.0},"Overdose":{"raw":1.0,"perc":3.125,"total":32.0},"What Was in That?":{"raw":1.0,"perc":3.125,"total":32.0},"Mystical Experiences":{"raw":1.0,"perc":3.125,"total":32.0},"Relationships":{"raw":1.0,"perc":3.125,"total":32.0}},"Ritual":{"Sex Discussion":{"raw":1.0,"perc":1.639344262295082,"total":61.0},"Difficult Experiences":{"raw":1.0,"perc":1.639344262295082,"total":61.0},"Glowing Experiences":{"raw":6.0,"perc":9.8360655737704921,"total":61.0},"Mystical Experiences":{"raw":13.0,"perc":21.311475409836063,"total":61.0},"Multi-Day Experience":{"raw":1.0,"perc":1.639344262295082,"total":61.0},"Retrospective / Summary":{"raw":2.0,"perc":3.278688524590164,"total":61.0},"Preparation / Recipes":{"raw":2.0,"perc":3.278688524590164,"total":61.0},"First Times":{"raw":4.0,"perc":6.557377049180328,"total":61.0},"General":{"raw":2.0,"perc":3.278688524590164,"total":61.0},"Relationships":{"raw":2.0,"perc":3.278688524590164,"total":61.0},"Health Benefits":{"raw":1.0,"perc":1.639344262295082,"total":61.0},"Entities / Beings":{"raw":6.0,"perc":9.8360655737704921,"total":61.0},"Personal Preparation":{"raw":2.0,"perc":3.278688524590164,"total":61.0},"Guides / Sitters":{"raw":8.0,"perc":13.114754098360656,"total":61.0},"Music Discussion":{"raw":3.0,"perc":4.918032786885246,"total":61.0},"Nature / Outdoors":{"raw":1.0,"perc":1.639344262295082,"total":61.0},"Therapeutic Intent or Outcome":{"raw":6.0,"perc":9.8360655737704921,"total":61.0}},"Breathing":{"General":{"raw":6.0,"perc":28.571428571428569,"total":21.0},"Mystical Experiences":{"raw":1.0,"perc":4.7619047619047619,"total":21.0},"Families":{"raw":1.0,"perc":4.7619047619047619,"total":21.0},"Guides / Sitters":{"raw":1.0,"perc":4.7619047619047619,"total":21.0},"Health Problems":{"raw":2.0,"perc":9.5238095238095237,"total":21.0},"First Times":{"raw":2.0,"perc":9.5238095238095237,"total":21.0},"Post Trip Problems":{"raw":1.0,"perc":4.7619047619047619,"total":21.0},"Retrospective / Summary":{"raw":2.0,"perc":9.5238095238095237,"total":21.0},"Glowing Experiences":{"raw":1.0,"perc":4.7619047619047619,"total":21.0},"Preparation / Recipes":{"raw":1.0,"perc":4.7619047619047619,"total":21.0},"Medical Use":{"raw":1.0,"perc":4.7619047619047619,"total":21.0},"Therapeutic Intent or Outcome":{"raw":1.0,"perc":4.7619047619047619,"total":21.0},"Depression":{"raw":1.0,"perc":4.7619047619047619,"total":21.0}},"Hyperventilation":{"General":{"raw":3.0,"perc":25.0,"total":12.0},"Mystical Experiences":{"raw":1.0,"perc":8.3333333333333321,"total":12.0},"Families":{"raw":1.0,"perc":8.3333333333333321,"total":12.0},"Guides / Sitters":{"raw":1.0,"perc":8.3333333333333321,"total":12.0},"Health Problems":{"raw":2.0,"perc":16.666666666666664,"total":12.0},"First Times":{"raw":2.0,"perc":16.666666666666664,"total":12.0},"Post Trip Problems":{"raw":1.0,"perc":8.3333333333333321,"total":12.0},"Glowing Experiences":{"raw":1.0,"perc":8.3333333333333321,"total":12.0}},"Migraines":{"Retrospective / Summary":{"raw":4.0,"perc":14.285714285714285,"total":28.0},"Health Problems":{"raw":3.0,"perc":10.714285714285714,"total":28.0},"Depression":{"raw":1.0,"perc":3.5714285714285712,"total":28.0},"Post Trip Problems":{"raw":2.0,"perc":7.1428571428571423,"total":28.0},"Health Benefits":{"raw":8.0,"perc":28.571428571428569,"total":28.0},"Medical Use":{"raw":4.0,"perc":14.285714285714285,"total":28.0},"Second Hand Report":{"raw":1.0,"perc":3.5714285714285712,"total":28.0},"Hangover / Days After":{"raw":1.0,"perc":3.5714285714285712,"total":28.0},"General":{"raw":1.0,"perc":3.5714285714285712,"total":28.0},"Entities / Beings":{"raw":1.0,"perc":3.5714285714285712,"total":28.0},"Music Discussion":{"raw":1.0,"perc":3.5714285714285712,"total":28.0},"Therapeutic Intent or Outcome":{"raw":1.0,"perc":3.5714285714285712,"total":28.0}},"Dreams":{"General":{"raw":41.0,"perc":28.27586206896552,"total":145.0},"First Times":{"raw":13.0,"perc":8.96551724137931,"total":145.0},"Retrospective / Summary":{"raw":21.0,"perc":14.482758620689657,"total":145.0},"Health Problems":{"raw":1.0,"perc":0.68965517241379315,"total":145.0},"Post Trip Problems":{"raw":4.0,"perc":2.7586206896551726,"total":145.0},"Entities / Beings":{"raw":8.0,"perc":5.5172413793103452,"total":145.0},"Sex Discussion":{"raw":5.0,"perc":3.4482758620689653,"total":145.0},"Glowing Experiences":{"raw":13.0,"perc":8.96551724137931,"total":145.0},"Mystical Experiences":{"raw":6.0,"perc":4.1379310344827589,"total":145.0},"Medical Use":{"raw":6.0,"perc":4.1379310344827589,"total":145.0},"Preparation / Recipes":{"raw":6.0,"perc":4.1379310344827589,"total":145.0},"Relationships":{"raw":1.0,"perc":0.68965517241379315,"total":145.0},"Hangover / Days After":{"raw":4.0,"perc":2.7586206896551726,"total":145.0},"Depression":{"raw":2.0,"perc":1.3793103448275863,"total":145.0},"Difficult Experiences":{"raw":4.0,"perc":2.7586206896551726,"total":145.0},"Multi-Day Experience":{"raw":3.0,"perc":2.0689655172413794,"total":145.0},"Health Benefits":{"raw":1.0,"perc":0.68965517241379315,"total":145.0},"Nature / Outdoors":{"raw":1.0,"perc":0.68965517241379315,"total":145.0},"Therapeutic Intent or Outcome":{"raw":5.0,"perc":3.4482758620689653,"total":145.0}},"Fasting":{"General":{"raw":7.0,"perc":35.0,"total":20.0},"Health Benefits":{"raw":3.0,"perc":15.0,"total":20.0},"Glowing Experiences":{"raw":1.0,"perc":5.0,"total":20.0},"Mystical Experiences":{"raw":1.0,"perc":5.0,"total":20.0},"Multi-Day Experience":{"raw":1.0,"perc":5.0,"total":20.0},"Retrospective / Summary":{"raw":2.0,"perc":10.0,"total":20.0},"Personal Preparation":{"raw":2.0,"perc":10.0,"total":20.0},"Nature / Outdoors":{"raw":1.0,"perc":5.0,"total":20.0},"First Times":{"raw":1.0,"perc":5.0,"total":20.0},"Therapeutic Intent or Outcome":{"raw":1.0,"perc":5.0,"total":20.0}},"Guiding":{"Retrospective / Summary":{"raw":1.0,"perc":12.5,"total":8.0},"First Times":{"raw":1.0,"perc":12.5,"total":8.0},"Guides / Sitters":{"raw":2.0,"perc":25.0,"total":8.0},"Nature / Outdoors":{"raw":2.0,"perc":25.0,"total":8.0},"General":{"raw":1.0,"perc":12.5,"total":8.0},"Glowing Experiences":{"raw":1.0,"perc":12.5,"total":8.0}},"Nitrogen Narcosis":{"General":{"raw":2.0,"perc":50.0,"total":4.0},"Nature / Outdoors":{"raw":1.0,"perc":25.0,"total":4.0},"First Times":{"raw":1.0,"perc":25.0,"total":4.0}},"Yoga / Bodywork":{"General":{"raw":10.0,"perc":23.255813953488371,"total":43.0},"Glowing Experiences":{"raw":8.0,"perc":18.6046511627907,"total":43.0},"Multi-Day Experience":{"raw":1.0,"perc":2.3255813953488373,"total":43.0},"Retrospective / Summary":{"raw":4.0,"perc":9.30232558139535,"total":43.0},"Sex Discussion":{"raw":1.0,"perc":2.3255813953488373,"total":43.0},"Mystical Experiences":{"raw":4.0,"perc":9.30232558139535,"total":43.0},"Entities / Beings":{"raw":2.0,"perc":4.6511627906976747,"total":43.0},"First Times":{"raw":4.0,"perc":9.30232558139535,"total":43.0},"Health Benefits":{"raw":1.0,"perc":2.3255813953488373,"total":43.0},"Music Discussion":{"raw":2.0,"perc":4.6511627906976747,"total":43.0},"Nature / Outdoors":{"raw":2.0,"perc":4.6511627906976747,"total":43.0},"Families":{"raw":1.0,"perc":2.3255813953488373,"total":43.0},"Therapeutic Intent or Outcome":{"raw":1.0,"perc":2.3255813953488373,"total":43.0},"Depression":{"raw":1.0,"perc":2.3255813953488373,"total":43.0},"Post Trip Problems":{"raw":1.0,"perc":2.3255813953488373,"total":43.0}},"Floatation Tank":{"General":{"raw":2.0,"perc":28.571428571428569,"total":7.0},"Health Benefits":{"raw":1.0,"perc":14.285714285714285,"total":7.0},"First Times":{"raw":2.0,"perc":28.571428571428569,"total":7.0},"Hangover / Days After":{"raw":1.0,"perc":14.285714285714285,"total":7.0},"Preparation / Recipes":{"raw":1.0,"perc":14.285714285714285,"total":7.0}},"Mindfulness":{"Retrospective / Summary":{"raw":3.0,"perc":12.5,"total":24.0},"Health Benefits":{"raw":2.0,"perc":8.3333333333333321,"total":24.0},"Depression":{"raw":1.0,"perc":4.1666666666666661,"total":24.0},"General":{"raw":2.0,"perc":8.3333333333333321,"total":24.0},"Music Discussion":{"raw":1.0,"perc":4.1666666666666661,"total":24.0},"First Times":{"raw":2.0,"perc":8.3333333333333321,"total":24.0},"Mystical Experiences":{"raw":3.0,"perc":12.5,"total":24.0},"Entities / Beings":{"raw":2.0,"perc":8.3333333333333321,"total":24.0},"Guides / Sitters":{"raw":1.0,"perc":4.1666666666666661,"total":24.0},"Relationships":{"raw":2.0,"perc":8.3333333333333321,"total":24.0},"Glowing Experiences":{"raw":2.0,"perc":8.3333333333333321,"total":24.0},"Nature / Outdoors":{"raw":1.0,"perc":4.1666666666666661,"total":24.0},"Therapeutic Intent or Outcome":{"raw":1.0,"perc":4.1666666666666661,"total":24.0},"Personal Preparation":{"raw":1.0,"perc":4.1666666666666661,"total":24.0}},"Devices":{"Glowing Experiences":{"raw":5.0,"perc":26.315789473684209,"total":19.0},"First Times":{"raw":2.0,"perc":10.526315789473683,"total":19.0},"Music Discussion":{"raw":2.0,"perc":10.526315789473683,"total":19.0},"General":{"raw":4.0,"perc":21.052631578947366,"total":19.0},"Health Benefits":{"raw":2.0,"perc":10.526315789473683,"total":19.0},"Mystical Experiences":{"raw":2.0,"perc":10.526315789473683,"total":19.0},"Relationships":{"raw":1.0,"perc":5.2631578947368416,"total":19.0},"Entities / Beings":{"raw":1.0,"perc":5.2631578947368416,"total":19.0}},"Devices - Mind Machine":{"Glowing Experiences":{"raw":3.0,"perc":23.076923076923077,"total":13.0},"General":{"raw":3.0,"perc":23.076923076923077,"total":13.0},"Health Benefits":{"raw":2.0,"perc":15.384615384615385,"total":13.0},"Mystical Experiences":{"raw":2.0,"perc":15.384615384615385,"total":13.0},"Music Discussion":{"raw":1.0,"perc":7.6923076923076925,"total":13.0},"Relationships":{"raw":1.0,"perc":7.6923076923076925,"total":13.0},"Entities / Beings":{"raw":1.0,"perc":7.6923076923076925,"total":13.0}},"Sweating":{"General":{"raw":2.0,"perc":33.333333333333329,"total":6.0},"First Times":{"raw":2.0,"perc":33.333333333333329,"total":6.0},"Preparation / Recipes":{"raw":2.0,"perc":33.333333333333329,"total":6.0}},"Conferences":{"Retrospective / Summary":{"raw":1.0,"perc":9.0909090909090917,"total":11.0},"Mystical Experiences":{"raw":1.0,"perc":9.0909090909090917,"total":11.0},"Post Trip Problems":{"raw":1.0,"perc":9.0909090909090917,"total":11.0},"General":{"raw":8.0,"perc":72.727272727272734,"total":11.0}},"Humor":{"Retrospective / Summary":{"raw":1.0,"perc":16.666666666666664,"total":6.0},"Difficult Experiences":{"raw":1.0,"perc":16.666666666666664,"total":6.0},"Mystical Experiences":{"raw":1.0,"perc":16.666666666666664,"total":6.0},"Therapeutic Intent or Outcome":{"raw":1.0,"perc":16.666666666666664,"total":6.0},"Performance Enhancement":{"raw":1.0,"perc":16.666666666666664,"total":6.0},"Multi-Day Experience":{"raw":1.0,"perc":16.666666666666664,"total":6.0}},"Music":{"General":{"raw":2.0,"perc":66.666666666666657,"total":3.0},"Therapeutic Intent or Outcome":{"raw":1.0,"perc":33.333333333333329,"total":3.0}},"Chanting":{"Entities / Beings":{"raw":1.0,"perc":100.0,"total":1.0}}},"No Effect":{"Drug Testing":{"General":{"raw":31.0,"perc":81.578947368421055,"total":38.0},"Post Trip Problems":{"raw":3.0,"perc":7.8947368421052628,"total":38.0},"Personal Preparation":{"raw":1.0,"perc":2.6315789473684208,"total":38.0},"Second Hand Report":{"raw":1.0,"perc":2.6315789473684208,"total":38.0},"Medical Use":{"raw":2.0,"perc":5.2631578947368416,"total":38.0}},"Yoga / Bodywork":{"General":{"raw":1.0,"perc":100.0,"total":1.0}},"Police / Customs":{"General":{"raw":6.0,"perc":100.0,"total":6.0}},"Dreams":{"Retrospective / Summary":{"raw":2.0,"perc":28.571428571428569,"total":7.0},"General":{"raw":4.0,"perc":57.142857142857139,"total":7.0},"Post Trip Problems":{"raw":1.0,"perc":14.285714285714285,"total":7.0}},"Devices":{"First Times":{"raw":1.0,"perc":100.0,"total":1.0}},"Devices - Magnetic":{"First Times":{"raw":1.0,"perc":100.0,"total":1.0}},"Conferences":{"Glowing Experiences":{"raw":1.0,"perc":50.0,"total":2.0},"General":{"raw":1.0,"perc":50.0,"total":2.0}}},"Extreme":{"Endogenous":{"Retrospective / Summary":{"raw":1.0,"perc":8.3333333333333321,"total":12.0},"HPPD / Lasting Visuals":{"raw":2.0,"perc":16.666666666666664,"total":12.0},"Overdose":{"raw":1.0,"perc":8.3333333333333321,"total":12.0},"Depression":{"raw":1.0,"perc":8.3333333333333321,"total":12.0},"Post Trip Problems":{"raw":3.0,"perc":25.0,"total":12.0},"Bad Trips":{"raw":1.0,"perc":8.3333333333333321,"total":12.0},"Health Problems":{"raw":2.0,"perc":16.666666666666664,"total":12.0},"Multi-Day Experience":{"raw":1.0,"perc":8.3333333333333321,"total":12.0}},"Police / Customs":{"Bad Trips":{"raw":7.0,"perc":14.893617021276595,"total":47.0},"Retrospective / Summary":{"raw":1.0,"perc":2.1276595744680851,"total":47.0},"Health Problems":{"raw":3.0,"perc":6.3829787234042552,"total":47.0},"Entities / Beings":{"raw":4.0,"perc":8.51063829787234,"total":47.0},"Post Trip Problems":{"raw":4.0,"perc":8.51063829787234,"total":47.0},"First Times":{"raw":4.0,"perc":8.51063829787234,"total":47.0},"Difficult Experiences":{"raw":8.0,"perc":17.021276595744681,"total":47.0},"Second Hand Report":{"raw":3.0,"perc":6.3829787234042552,"total":47.0},"Overdose":{"raw":4.0,"perc":8.51063829787234,"total":47.0},"Music Discussion":{"raw":2.0,"perc":4.25531914893617,"total":47.0},"Hangover / Days After":{"raw":3.0,"perc":6.3829787234042552,"total":47.0},"Glowing Experiences":{"raw":2.0,"perc":4.25531914893617,"total":47.0},"Families":{"raw":1.0,"perc":2.1276595744680851,"total":47.0},"Depression":{"raw":1.0,"perc":2.1276595744680851,"total":47.0}},"Dreams":{"General":{"raw":2.0,"perc":66.666666666666657,"total":3.0},"Glowing Experiences":{"raw":1.0,"perc":33.333333333333329,"total":3.0}},"Drug Testing":{"Second Hand Report":{"raw":1.0,"perc":25.0,"total":4.0},"Health Problems":{"raw":1.0,"perc":25.0,"total":4.0},"Overdose":{"raw":1.0,"perc":25.0,"total":4.0},"Bad Trips":{"raw":1.0,"perc":25.0,"total":4.0}},"Devices":{"Music Discussion":{"raw":1.0,"perc":100.0,"total":1.0}},"Sleep Deprivation":{"General":{"raw":4.0,"perc":19.047619047619047,"total":21.0},"Multi-Day Experience":{"raw":4.0,"perc":19.047619047619047,"total":21.0},"Bad Trips":{"raw":1.0,"perc":4.7619047619047619,"total":21.0},"Entities / Beings":{"raw":1.0,"perc":4.7619047619047619,"total":21.0},"HPPD / Lasting Visuals":{"raw":1.0,"perc":4.7619047619047619,"total":21.0},"Difficult Experiences":{"raw":1.0,"perc":4.7619047619047619,"total":21.0},"Mystical Experiences":{"raw":1.0,"perc":4.7619047619047619,"total":21.0},"Guides / Sitters":{"raw":1.0,"perc":4.7619047619047619,"total":21.0},"Music Discussion":{"raw":1.0,"perc":4.7619047619047619,"total":21.0},"Relationships":{"raw":1.0,"perc":4.7619047619047619,"total":21.0},"Hangover / Days After":{"raw":1.0,"perc":4.7619047619047619,"total":21.0},"Health Problems":{"raw":2.0,"perc":9.5238095238095237,"total":21.0},"Overdose":{"raw":1.0,"perc":4.7619047619047619,"total":21.0},"Post Trip Problems":{"raw":1.0,"perc":4.7619047619047619,"total":21.0}},"OBE":{"General":{"raw":2.0,"perc":7.6923076923076925,"total":26.0},"Difficult Experiences":{"raw":5.0,"perc":19.230769230769234,"total":26.0},"First Times":{"raw":4.0,"perc":15.384615384615385,"total":26.0},"Retrospective / Summary":{"raw":1.0,"perc":3.8461538461538463,"total":26.0},"Mystical Experiences":{"raw":4.0,"perc":15.384615384615385,"total":26.0},"Entities / Beings":{"raw":2.0,"perc":7.6923076923076925,"total":26.0},"Post Trip Problems":{"raw":2.0,"perc":7.6923076923076925,"total":26.0},"Glowing Experiences":{"raw":1.0,"perc":3.8461538461538463,"total":26.0},"Bad Trips":{"raw":1.0,"perc":3.8461538461538463,"total":26.0},"Health Problems":{"raw":1.0,"perc":3.8461538461538463,"total":26.0},"Overdose":{"raw":1.0,"perc":3.8461538461538463,"total":26.0},"Hangover / Days After":{"raw":1.0,"perc":3.8461538461538463,"total":26.0},"Multi-Day Experience":{"raw":1.0,"perc":3.8461538461538463,"total":26.0}},"Conferences":{"General":{"raw":1.0,"perc":25.0,"total":4.0},"Entities / Beings":{"raw":1.0,"perc":25.0,"total":4.0},"Nature / Outdoors":{"raw":1.0,"perc":25.0,"total":4.0},"Poetry":{"raw":1.0,"perc":25.0,"total":4.0}},"Meditation":{"Mystical Experiences":{"raw":1.0,"perc":10.0,"total":10.0},"Entities / Beings":{"raw":2.0,"perc":20.0,"total":10.0},"Hangover / Days After":{"raw":1.0,"perc":10.0,"total":10.0},"First Times":{"raw":1.0,"perc":10.0,"total":10.0},"Personal Preparation":{"raw":1.0,"perc":10.0,"total":10.0},"Retrospective / Summary":{"raw":1.0,"perc":10.0,"total":10.0},"Health Problems":{"raw":1.0,"perc":10.0,"total":10.0},"Multi-Day Experience":{"raw":1.0,"perc":10.0,"total":10.0},"Relationships":{"raw":1.0,"perc":10.0,"total":10.0}},"Music":{"General":{"raw":1.0,"perc":25.0,"total":4.0},"Mystical Experiences":{"raw":1.0,"perc":25.0,"total":4.0},"What Was in That?":{"raw":1.0,"perc":25.0,"total":4.0},"Hangover / Days After":{"raw":1.0,"perc":25.0,"total":4.0}},"Humor":{"General":{"raw":1.0,"perc":25.0,"total":4.0},"Entities / Beings":{"raw":1.0,"perc":25.0,"total":4.0},"Nature / Outdoors":{"raw":1.0,"perc":25.0,"total":4.0},"Multi-Day Experience":{"raw":1.0,"perc":25.0,"total":4.0}},"Mindfulness":{"Glowing Experiences":{"raw":1.0,"perc":20.0,"total":5.0},"Mystical Experiences":{"raw":2.0,"perc":40.0,"total":5.0},"Nature / Outdoors":{"raw":1.0,"perc":20.0,"total":5.0},"Entities / Beings":{"raw":1.0,"perc":20.0,"total":5.0}},"Fasting":{"Post Trip Problems":{"raw":1.0,"perc":100.0,"total":1.0}},"Breathing":{"Health Problems":{"raw":1.0,"perc":50.0,"total":2.0},"Post Trip Problems":{"raw":1.0,"perc":50.0,"total":2.0}},"Sound (non-music)":{"Difficult Experiences":{"raw":1.0,"perc":50.0,"total":2.0},"Hangover / Days After":{"raw":1.0,"perc":50.0,"total":2.0}}}}