{"Drug Testing":{"Morning Glory":{"Strong":{"raw":1.0,"perc":100.0,"total":1.0}},"Opiates":{"Medium":{"raw":4.0,"perc":66.666666666666657,"total":6.0},"No Effect":{"raw":2.0,"perc":33.333333333333329,"total":6.0}},"Poppies - Opium":{"Medium":{"raw":1.0,"perc":50.0,"total":2.0},"No Effect":{"raw":1.0,"perc":50.0,"total":2.0}},"DXM":{"Medium":{"raw":38.0,"perc":70.370370370370367,"total":54.0},"No Effect":{"raw":8.0,"perc":14.814814814814813,"total":54.0},"Strong":{"raw":6.0,"perc":11.111111111111111,"total":54.0},"Extreme":{"raw":2.0,"perc":3.7037037037037033,"total":54.0}},"PCP":{"Medium":{"raw":1.0,"perc":100.0,"total":1.0}},"Cannabis":{"No Effect":{"raw":5.0,"perc":23.809523809523807,"total":21.0},"Medium":{"raw":15.0,"perc":71.428571428571431,"total":21.0},"Extreme":{"raw":1.0,"perc":4.7619047619047619,"total":21.0}},"Piperazines":{"No Effect":{"raw":1.0,"perc":100.0,"total":1.0}},"Pseudoephedrine":{"Strong":{"raw":1.0,"perc":100.0,"total":1.0}},"Cocaine":{"Medium":{"raw":3.0,"perc":60.0,"total":5.0},"No Effect":{"raw":2.0,"perc":40.0,"total":5.0}},"Adrafinil":{"Medium":{"raw":1.0,"perc":100.0,"total":1.0}},"Mushrooms":{"Extreme":{"raw":1.0,"perc":100.0,"total":1.0}},"2C-I":{"Medium":{"raw":1.0,"perc":50.0,"total":2.0},"No Effect":{"raw":1.0,"perc":50.0,"total":2.0}},"5-MeO-DiPT":{"Medium":{"raw":1.0,"perc":100.0,"total":1.0}},"Chlorpheniramine Maleate":{"Medium":{"raw":1.0,"perc":100.0,"total":1.0}},"Methadone":{"Medium":{"raw":1.0,"perc":100.0,"total":1.0}},"Opioids":{"Medium":{"raw":6.0,"perc":85.714285714285708,"total":7.0},"No Effect":{"raw":1.0,"perc":14.285714285714285,"total":7.0}},"Pharms - Oxycodone":{"Medium":{"raw":5.0,"perc":100.0,"total":5.0}},"Hydromorphone":{"No Effect":{"raw":1.0,"perc":50.0,"total":2.0},"Medium":{"raw":1.0,"perc":50.0,"total":2.0}},"Amphetamines":{"Medium":{"raw":2.0,"perc":100.0,"total":2.0}},"Stimulants":{"Medium":{"raw":2.0,"perc":100.0,"total":2.0}},"Various":{"Medium":{"raw":2.0,"perc":50.0,"total":4.0},"Strong":{"raw":2.0,"perc":50.0,"total":4.0}},"Diphenhydramine":{"Medium":{"raw":1.0,"perc":100.0,"total":1.0}},"Alcohol":{"Strong":{"raw":1.0,"perc":100.0,"total":1.0}},"Pharms - Zolpidem":{"No Effect":{"raw":1.0,"perc":50.0,"total":2.0},"Medium":{"raw":1.0,"perc":50.0,"total":2.0}},"Benzodiazepines":{"Medium":{"raw":1.0,"perc":100.0,"total":1.0}},"Pharms - Diazepam":{"Medium":{"raw":1.0,"perc":100.0,"total":1.0}},"Cacti":{"Medium":{"raw":1.0,"perc":100.0,"total":1.0}},"Mescaline":{"Medium":{"raw":1.0,"perc":100.0,"total":1.0}},"Pharms - Buspirone":{"No Effect":{"raw":1.0,"perc":100.0,"total":1.0}},"Pharms - Venlafaxine":{"No Effect":{"raw":1.0,"perc":100.0,"total":1.0}},"2C-E":{"Medium":{"raw":1.0,"perc":100.0,"total":1.0}},"Phenethylamine":{"Medium":{"raw":1.0,"perc":100.0,"total":1.0}},"MDPV":{"Medium":{"raw":1.0,"perc":100.0,"total":1.0}},"AB-FUBINACA":{"Medium":{"raw":1.0,"perc":100.0,"total":1.0}},"Products - Spice and Synthetic Cannabinoids":{"Medium":{"raw":1.0,"perc":100.0,"total":1.0}}},"Sleep Deprivation":{"Various":{"Strong":{"raw":10.0,"perc":52.631578947368418,"total":19.0},"Medium":{"raw":7.0,"perc":36.84210526315789,"total":19.0},"Extreme":{"raw":2.0,"perc":10.526315789473683,"total":19.0}},"Pharms - Benzphetamine":{"Strong":{"raw":1.0,"perc":50.0,"total":2.0},"Extreme":{"raw":1.0,"perc":50.0,"total":2.0}},"Pharmaceuticals":{"Medium":{"raw":1.0,"perc":50.0,"total":2.0},"Strong":{"raw":1.0,"perc":50.0,"total":2.0}},"Pharms - Sertraline":{"Medium":{"raw":1.0,"perc":100.0,"total":1.0}},"SSRIs":{"Medium":{"raw":1.0,"perc":100.0,"total":1.0}},"Methamphetamine":{"Strong":{"raw":2.0,"perc":66.666666666666657,"total":3.0},"Medium":{"raw":1.0,"perc":33.333333333333329,"total":3.0}},"Pharms - Cyclobenzaprine":{"Strong":{"raw":1.0,"perc":100.0,"total":1.0}},"AMT":{"Medium":{"raw":2.0,"perc":100.0,"total":2.0}},"Caffeine":{"Medium":{"raw":1.0,"perc":50.0,"total":2.0},"Strong":{"raw":1.0,"perc":50.0,"total":2.0}},"Mushrooms":{"Strong":{"raw":1.0,"perc":100.0,"total":1.0}},"Modafinil":{"Strong":{"raw":2.0,"perc":50.0,"total":4.0},"Medium":{"raw":2.0,"perc":50.0,"total":4.0}},"Amphetamines":{"Medium":{"raw":3.0,"perc":25.0,"total":12.0},"Extreme":{"raw":2.0,"perc":16.666666666666664,"total":12.0},"Strong":{"raw":7.0,"perc":58.333333333333336,"total":12.0}},"Stimulants":{"Medium":{"raw":5.0,"perc":38.461538461538467,"total":13.0},"Extreme":{"raw":2.0,"perc":15.384615384615385,"total":13.0},"Strong":{"raw":6.0,"perc":46.153846153846153,"total":13.0}},"Pharms - Corticosteroid":{"Medium":{"raw":1.0,"perc":100.0,"total":1.0}},"Pharms - Prednisone":{"Medium":{"raw":1.0,"perc":100.0,"total":1.0}},"Ephedrine":{"Strong":{"raw":1.0,"perc":100.0,"total":1.0}},"MDMA":{"Extreme":{"raw":1.0,"perc":33.333333333333329,"total":3.0},"Medium":{"raw":2.0,"perc":66.666666666666657,"total":3.0}},"H.B. Woodrose":{"Medium":{"raw":1.0,"perc":100.0,"total":1.0}},"Cannabis":{"Medium":{"raw":6.0,"perc":85.714285714285708,"total":7.0},"Strong":{"raw":1.0,"perc":14.285714285714285,"total":7.0}},"2C-I":{"Strong":{"raw":1.0,"perc":100.0,"total":1.0}},"LSD":{"Strong":{"raw":2.0,"perc":66.666666666666657,"total":3.0},"Extreme":{"raw":1.0,"perc":33.333333333333329,"total":3.0}},"Pharms - Lorazepam":{"Strong":{"raw":1.0,"perc":100.0,"total":1.0}},"DMAE":{"Strong":{"raw":1.0,"perc":100.0,"total":1.0}},"GHB":{"Strong":{"raw":1.0,"perc":100.0,"total":1.0}},"Vinpocetine":{"Strong":{"raw":1.0,"perc":100.0,"total":1.0}},"Tobacco":{"Medium":{"raw":2.0,"perc":100.0,"total":2.0}},"Nicotine":{"Medium":{"raw":1.0,"perc":100.0,"total":1.0}},"LSA":{"Strong":{"raw":1.0,"perc":100.0,"total":1.0}},"Pharms - Propylhexedrine":{"Strong":{"raw":1.0,"perc":100.0,"total":1.0}},"Benzodiazepines":{"Extreme":{"raw":1.0,"perc":100.0,"total":1.0}},"Pharms - Diazepam":{"Extreme":{"raw":1.0,"perc":100.0,"total":1.0}},"Amanitas":{"Medium":{"raw":1.0,"perc":100.0,"total":1.0}},"Piperazines":{"Strong":{"raw":1.0,"perc":100.0,"total":1.0}},"Tryptophan":{"Medium":{"raw":1.0,"perc":100.0,"total":1.0}},"DXM":{"Medium":{"raw":1.0,"perc":100.0,"total":1.0}},"Melatonin":{"Medium":{"raw":1.0,"perc":100.0,"total":1.0}},"DOB":{"Strong":{"raw":1.0,"perc":100.0,"total":1.0}},"2C-B":{"Strong":{"raw":1.0,"perc":100.0,"total":1.0}},"Phenethylamine":{"Strong":{"raw":2.0,"perc":100.0,"total":2.0}},"2C-G-N":{"Strong":{"raw":1.0,"perc":100.0,"total":1.0}},"Lisdexamfetamine":{"Strong":{"raw":1.0,"perc":100.0,"total":1.0}},"4-Methylmethcathinone":{"Extreme":{"raw":1.0,"perc":33.333333333333329,"total":3.0},"Medium":{"raw":2.0,"perc":66.666666666666657,"total":3.0}},"Pharms - Methylphenidate":{"Strong":{"raw":1.0,"perc":100.0,"total":1.0}},"MDPV":{"Strong":{"raw":1.0,"perc":100.0,"total":1.0}},"Methylone":{"Strong":{"raw":1.0,"perc":100.0,"total":1.0}},"5-MeO-DALT":{"Extreme":{"raw":1.0,"perc":100.0,"total":1.0}},"Products - Bath Salts, Plant Food, etc":{"Medium":{"raw":1.0,"perc":100.0,"total":1.0}},"3F-Phenmetrazine":{"Medium":{"raw":1.0,"perc":100.0,"total":1.0}}},"Dreams":{"DPT":{"Strong":{"raw":1.0,"perc":100.0,"total":1.0}},"Pharmaceuticals":{"Strong":{"raw":2.0,"perc":50.0,"total":4.0},"Medium":{"raw":2.0,"perc":50.0,"total":4.0}},"Nutmeg":{"Medium":{"raw":3.0,"perc":100.0,"total":3.0}},"MDMA":{"Medium":{"raw":2.0,"perc":66.666666666666657,"total":3.0},"Strong":{"raw":1.0,"perc":33.333333333333329,"total":3.0}},"Stimulants":{"Medium":{"raw":2.0,"perc":66.666666666666657,"total":3.0},"Strong":{"raw":1.0,"perc":33.333333333333329,"total":3.0}},"Melatonin":{"Medium":{"raw":9.0,"perc":64.285714285714292,"total":14.0},"Strong":{"raw":4.0,"perc":28.571428571428569,"total":14.0},"No Effect":{"raw":1.0,"perc":7.1428571428571423,"total":14.0}},"Kava":{"Strong":{"raw":1.0,"perc":50.0,"total":2.0},"Medium":{"raw":1.0,"perc":50.0,"total":2.0}},"Valerian":{"Medium":{"raw":8.0,"perc":88.888888888888886,"total":9.0},"Strong":{"raw":1.0,"perc":11.111111111111111,"total":9.0}},"Nicotine":{"Medium":{"raw":1.0,"perc":50.0,"total":2.0},"Strong":{"raw":1.0,"perc":50.0,"total":2.0}},"Tobacco":{"Medium":{"raw":1.0,"perc":50.0,"total":2.0},"Strong":{"raw":1.0,"perc":50.0,"total":2.0}},"Hydrocodone":{"Extreme":{"raw":1.0,"perc":50.0,"total":2.0},"Medium":{"raw":1.0,"perc":50.0,"total":2.0}},"Opioids":{"Extreme":{"raw":1.0,"perc":25.0,"total":4.0},"Medium":{"raw":3.0,"perc":75.0,"total":4.0}},"Lactuca spp.":{"Medium":{"raw":2.0,"perc":100.0,"total":2.0}},"Morning Glory":{"Medium":{"raw":2.0,"perc":100.0,"total":2.0}},"Yohimbe":{"Medium":{"raw":1.0,"perc":100.0,"total":1.0}},"5-MeO-DiPT":{"Medium":{"raw":2.0,"perc":100.0,"total":2.0}},"Vitamin B-6":{"Strong":{"raw":2.0,"perc":40.0,"total":5.0},"Medium":{"raw":3.0,"perc":60.0,"total":5.0}},"Calea zacatechichi":{"No Effect":{"raw":3.0,"perc":18.75,"total":16.0},"Strong":{"raw":5.0,"perc":31.25,"total":16.0},"Medium":{"raw":8.0,"perc":50.0,"total":16.0}},"Banisteriopsis caapi":{"No Effect":{"raw":1.0,"perc":50.0,"total":2.0},"Strong":{"raw":1.0,"perc":50.0,"total":2.0}},"Harmala Alkaloids":{"No Effect":{"raw":1.0,"perc":16.666666666666664,"total":6.0},"Medium":{"raw":4.0,"perc":66.666666666666657,"total":6.0},"Strong":{"raw":1.0,"perc":16.666666666666664,"total":6.0}},"Mimosa spp.":{"No Effect":{"raw":1.0,"perc":100.0,"total":1.0}},"Salvia divinorum":{"Medium":{"raw":6.0,"perc":85.714285714285708,"total":7.0},"Strong":{"raw":1.0,"perc":14.285714285714285,"total":7.0}},"Mugwort":{"Strong":{"raw":1.0,"perc":20.0,"total":5.0},"Medium":{"raw":4.0,"perc":80.0,"total":5.0}},"Ayahuasca":{"Medium":{"raw":1.0,"perc":100.0,"total":1.0}},"Damiana":{"Medium":{"raw":1.0,"perc":100.0,"total":1.0}},"Datura":{"Strong":{"raw":2.0,"perc":100.0,"total":2.0}},"Hydromorphone":{"Medium":{"raw":2.0,"perc":100.0,"total":2.0}},"Heimia salicifolia":{"Medium":{"raw":3.0,"perc":75.0,"total":4.0},"Strong":{"raw":1.0,"perc":25.0,"total":4.0}},"Opiates":{"Medium":{"raw":2.0,"perc":100.0,"total":2.0}},"Poppies - Opium":{"Medium":{"raw":1.0,"perc":100.0,"total":1.0}},"Pharms - Paroxetine":{"Medium":{"raw":1.0,"perc":50.0,"total":2.0},"Strong":{"raw":1.0,"perc":50.0,"total":2.0}},"SSRIs":{"Medium":{"raw":1.0,"perc":50.0,"total":2.0},"Strong":{"raw":1.0,"perc":50.0,"total":2.0}},"Mandrake":{"Strong":{"raw":1.0,"perc":100.0,"total":1.0}},"2C-I":{"Medium":{"raw":2.0,"perc":100.0,"total":2.0}},"DMT":{"Medium":{"raw":1.0,"perc":50.0,"total":2.0},"Strong":{"raw":1.0,"perc":50.0,"total":2.0}},"Various":{"Medium":{"raw":4.0,"perc":80.0,"total":5.0},"Strong":{"raw":1.0,"perc":20.0,"total":5.0}},"5-MeO-DMT":{"Medium":{"raw":1.0,"perc":50.0,"total":2.0},"Extreme":{"raw":1.0,"perc":50.0,"total":2.0}},"Diphenhydramine":{"Medium":{"raw":2.0,"perc":66.666666666666657,"total":3.0},"Strong":{"raw":1.0,"perc":33.333333333333329,"total":3.0}},"DMAE":{"Medium":{"raw":1.0,"perc":100.0,"total":1.0}},"Pharms - Butorphanol":{"Strong":{"raw":1.0,"perc":100.0,"total":1.0}},"Catnip":{"Medium":{"raw":2.0,"perc":100.0,"total":2.0}},"Pharms - Promethazine":{"Medium":{"raw":1.0,"perc":100.0,"total":1.0}},"Pharms - Amitriptyline":{"Medium":{"raw":1.0,"perc":100.0,"total":1.0}},"Pharms - Mefloquine":{"Medium":{"raw":1.0,"perc":100.0,"total":1.0}},"Hops":{"Medium":{"raw":2.0,"perc":100.0,"total":2.0}},"Skullcap":{"Medium":{"raw":1.0,"perc":100.0,"total":1.0}},"Alcohol":{"Medium":{"raw":2.0,"perc":100.0,"total":2.0}},"Pharms - Venlafaxine":{"Medium":{"raw":2.0,"perc":100.0,"total":2.0}},"Pharms - Atomoxetine":{"Medium":{"raw":1.0,"perc":100.0,"total":1.0}},"Caffeine":{"Medium":{"raw":1.0,"perc":100.0,"total":1.0}},"Calamus":{"Medium":{"raw":1.0,"perc":100.0,"total":1.0}},"Tryptophan":{"Strong":{"raw":1.0,"perc":100.0,"total":1.0}},"Pharms - Phenytoin":{"Medium":{"raw":1.0,"perc":100.0,"total":1.0}},"Pharms - Escitalopram":{"Medium":{"raw":1.0,"perc":100.0,"total":1.0}},"Pharms - Fluoxetine":{"Strong":{"raw":1.0,"perc":100.0,"total":1.0}},"Passion Flower":{"Medium":{"raw":4.0,"perc":100.0,"total":4.0}},"Codeine":{"Medium":{"raw":1.0,"perc":100.0,"total":1.0}},"DOM":{"Medium":{"raw":1.0,"perc":100.0,"total":1.0}},"4-HO-DiPT":{"Medium":{"raw":1.0,"perc":100.0,"total":1.0}},"Cannabis":{"Medium":{"raw":2.0,"perc":100.0,"total":2.0}},"Leonotis leonurus":{"Medium":{"raw":1.0,"perc":100.0,"total":1.0}},"Wormwood":{"Medium":{"raw":1.0,"perc":100.0,"total":1.0}},"Amanitas":{"Medium":{"raw":1.0,"perc":100.0,"total":1.0}},"LSD":{"Strong":{"raw":1.0,"perc":100.0,"total":1.0}},"Mushrooms":{"Medium":{"raw":1.0,"perc":100.0,"total":1.0}},"Benzodiazepines":{"Medium":{"raw":1.0,"perc":100.0,"total":1.0}},"Pharms - Alprazolam":{"Medium":{"raw":1.0,"perc":100.0,"total":1.0}},"Silene capensis":{"Medium":{"raw":9.0,"perc":75.0,"total":12.0},"Strong":{"raw":3.0,"perc":25.0,"total":12.0}},"Pharms - Zopiclone":{"Medium":{"raw":1.0,"perc":100.0,"total":1.0}},"Pharms - Mirtazapine":{"Medium":{"raw":1.0,"perc":100.0,"total":1.0}},"AMT":{"Medium":{"raw":1.0,"perc":100.0,"total":1.0}},"Vitamins - Choline":{"Medium":{"raw":1.0,"perc":100.0,"total":1.0}},"DXM":{"Strong":{"raw":1.0,"perc":100.0,"total":1.0}},"Ibogaine":{"Extreme":{"raw":1.0,"perc":100.0,"total":1.0}},"Tabernanthe iboga":{"Extreme":{"raw":1.0,"perc":100.0,"total":1.0}},"Kratom":{"Medium":{"raw":1.0,"perc":100.0,"total":1.0}},"Prazosin":{"Medium":{"raw":1.0,"perc":100.0,"total":1.0}}},"Police / Customs":{"Various":{"Strong":{"raw":9.0,"perc":36.0,"total":25.0},"Medium":{"raw":12.0,"perc":48.0,"total":25.0},"Extreme":{"raw":4.0,"perc":16.0,"total":25.0}},"Cannabis":{"Medium":{"raw":8.0,"perc":80.0,"total":10.0},"Extreme":{"raw":1.0,"perc":10.0,"total":10.0},"Strong":{"raw":1.0,"perc":10.0,"total":10.0}},"Mushrooms":{"Medium":{"raw":13.0,"perc":65.0,"total":20.0},"Strong":{"raw":4.0,"perc":20.0,"total":20.0},"Extreme":{"raw":3.0,"perc":15.0,"total":20.0}},"Salvia divinorum":{"Medium":{"raw":1.0,"perc":50.0,"total":2.0},"No Effect":{"raw":1.0,"perc":50.0,"total":2.0}},"LSD":{"Medium":{"raw":8.0,"perc":42.105263157894733,"total":19.0},"Extreme":{"raw":6.0,"perc":31.578947368421051,"total":19.0},"Strong":{"raw":5.0,"perc":26.315789473684209,"total":19.0}},"DXM":{"Medium":{"raw":2.0,"perc":66.666666666666657,"total":3.0},"Extreme":{"raw":1.0,"perc":33.333333333333329,"total":3.0}},"Datura":{"Extreme":{"raw":6.0,"perc":66.666666666666657,"total":9.0},"Strong":{"raw":3.0,"perc":33.333333333333329,"total":9.0}},"Diphenhydramine":{"Strong":{"raw":2.0,"perc":66.666666666666657,"total":3.0},"Medium":{"raw":1.0,"perc":33.333333333333329,"total":3.0}},"Alcohol":{"Strong":{"raw":3.0,"perc":37.5,"total":8.0},"Medium":{"raw":4.0,"perc":50.0,"total":8.0},"Extreme":{"raw":1.0,"perc":12.5,"total":8.0}},"Methamphetamine":{"Extreme":{"raw":2.0,"perc":66.666666666666657,"total":3.0},"Medium":{"raw":1.0,"perc":33.333333333333329,"total":3.0}},"Ketamine":{"Medium":{"raw":1.0,"perc":100.0,"total":1.0}},"NMDA Antagonists":{"Medium":{"raw":1.0,"perc":100.0,"total":1.0}},"Opiates":{"Medium":{"raw":4.0,"perc":80.0,"total":5.0},"No Effect":{"raw":1.0,"perc":20.0,"total":5.0}},"Opium":{"Medium":{"raw":1.0,"perc":100.0,"total":1.0}},"Dimenhydrinate":{"Strong":{"raw":1.0,"perc":33.333333333333329,"total":3.0},"Extreme":{"raw":2.0,"perc":66.666666666666657,"total":3.0}},"Heroin":{"Medium":{"raw":3.0,"perc":75.0,"total":4.0},"No Effect":{"raw":1.0,"perc":25.0,"total":4.0}},"Inhalants":{"Extreme":{"raw":1.0,"perc":100.0,"total":1.0}},"MDMA":{"Medium":{"raw":4.0,"perc":66.666666666666657,"total":6.0},"Extreme":{"raw":1.0,"perc":16.666666666666664,"total":6.0},"Strong":{"raw":1.0,"perc":16.666666666666664,"total":6.0}},"Stimulants":{"Medium":{"raw":4.0,"perc":66.666666666666657,"total":6.0},"Extreme":{"raw":1.0,"perc":16.666666666666664,"total":6.0},"Strong":{"raw":1.0,"perc":16.666666666666664,"total":6.0}},"Banisteriopsis caapi":{"Extreme":{"raw":1.0,"perc":100.0,"total":1.0}},"Harmala Alkaloids":{"Extreme":{"raw":2.0,"perc":100.0,"total":2.0}},"Benzodiazepines":{"Strong":{"raw":1.0,"perc":25.0,"total":4.0},"Medium":{"raw":2.0,"perc":50.0,"total":4.0},"Extreme":{"raw":1.0,"perc":25.0,"total":4.0}},"Pharmaceuticals":{"Strong":{"raw":1.0,"perc":16.666666666666664,"total":6.0},"Medium":{"raw":4.0,"perc":66.666666666666657,"total":6.0},"Extreme":{"raw":1.0,"perc":16.666666666666664,"total":6.0}},"Pharms - Alprazolam":{"Strong":{"raw":1.0,"perc":25.0,"total":4.0},"Medium":{"raw":2.0,"perc":50.0,"total":4.0},"Extreme":{"raw":1.0,"perc":25.0,"total":4.0}},"AMT":{"Extreme":{"raw":1.0,"perc":25.0,"total":4.0},"Medium":{"raw":2.0,"perc":50.0,"total":4.0},"Strong":{"raw":1.0,"perc":25.0,"total":4.0}},"5-MeO-DiPT":{"Extreme":{"raw":1.0,"perc":100.0,"total":1.0}},"Cocaine":{"Strong":{"raw":1.0,"perc":50.0,"total":2.0},"No Effect":{"raw":1.0,"perc":50.0,"total":2.0}},"2C-B":{"Strong":{"raw":1.0,"perc":100.0,"total":1.0}},"Phenethylamine":{"Strong":{"raw":1.0,"perc":16.666666666666664,"total":6.0},"Extreme":{"raw":3.0,"perc":50.0,"total":6.0},"Medium":{"raw":2.0,"perc":33.333333333333329,"total":6.0}},"Pharms - Zolpidem":{"Strong":{"raw":2.0,"perc":66.666666666666657,"total":3.0},"Medium":{"raw":1.0,"perc":33.333333333333329,"total":3.0}},"5-MeO-DMT":{"Extreme":{"raw":2.0,"perc":66.666666666666657,"total":3.0},"Medium":{"raw":1.0,"perc":33.333333333333329,"total":3.0}},"Pharms - Lithium":{"Medium":{"raw":1.0,"perc":100.0,"total":1.0}},"Pharms - Diazepam":{"Extreme":{"raw":1.0,"perc":100.0,"total":1.0}},"Kratom":{"Medium":{"raw":1.0,"perc":100.0,"total":1.0}},"Chlorpheniramine Maleate":{"Extreme":{"raw":1.0,"perc":100.0,"total":1.0}},"Brugmansia":{"Strong":{"raw":3.0,"perc":50.0,"total":6.0},"Extreme":{"raw":2.0,"perc":33.333333333333329,"total":6.0},"Medium":{"raw":1.0,"perc":16.666666666666664,"total":6.0}},"2C-T-7":{"Extreme":{"raw":1.0,"perc":100.0,"total":1.0}},"Mescaline":{"Extreme":{"raw":1.0,"perc":100.0,"total":1.0}},"Scopolamine":{"Extreme":{"raw":1.0,"perc":100.0,"total":1.0}},"Syrian Rue":{"Extreme":{"raw":1.0,"perc":100.0,"total":1.0}},"Pharms - Clonazepam":{"Medium":{"raw":1.0,"perc":100.0,"total":1.0}},"2C-E":{"Medium":{"raw":2.0,"perc":100.0,"total":2.0}},"4-AcO-DMT":{"No Effect":{"raw":1.0,"perc":100.0,"total":1.0}},"Cannabinoid Receptor Agonists":{"Extreme":{"raw":1.0,"perc":100.0,"total":1.0}},"JWH-018":{"Extreme":{"raw":1.0,"perc":100.0,"total":1.0}},"DOC":{"Extreme":{"raw":1.0,"perc":100.0,"total":1.0}},"2C-D":{"Extreme":{"raw":1.0,"perc":100.0,"total":1.0}},"2C-P":{"Extreme":{"raw":1.0,"perc":100.0,"total":1.0}},"25C-NBOMe":{"Strong":{"raw":1.0,"perc":100.0,"total":1.0}},"NBOMe Series":{"Strong":{"raw":1.0,"perc":100.0,"total":1.0}}},"OBE":{"LSD":{"Medium":{"raw":1.0,"perc":33.333333333333329,"total":3.0},"Strong":{"raw":2.0,"perc":66.666666666666657,"total":3.0}},"Datura":{"Extreme":{"raw":1.0,"perc":100.0,"total":1.0}},"Salvia divinorum":{"Medium":{"raw":3.0,"perc":23.076923076923077,"total":13.0},"Strong":{"raw":7.0,"perc":53.846153846153847,"total":13.0},"Extreme":{"raw":3.0,"perc":23.076923076923077,"total":13.0}},"MDMA":{"Strong":{"raw":2.0,"perc":66.666666666666657,"total":3.0},"Medium":{"raw":1.0,"perc":33.333333333333329,"total":3.0}},"Nitrous Oxide":{"Strong":{"raw":4.0,"perc":80.0,"total":5.0},"Medium":{"raw":1.0,"perc":20.0,"total":5.0}},"Stimulants":{"Strong":{"raw":3.0,"perc":75.0,"total":4.0},"Medium":{"raw":1.0,"perc":25.0,"total":4.0}},"Kava":{"Medium":{"raw":1.0,"perc":100.0,"total":1.0}},"Valerian":{"Medium":{"raw":1.0,"perc":100.0,"total":1.0}},"Vitamin B-6":{"Medium":{"raw":1.0,"perc":100.0,"total":1.0}},"2C-B":{"Strong":{"raw":2.0,"perc":100.0,"total":2.0}},"Phenethylamine":{"Strong":{"raw":2.0,"perc":100.0,"total":2.0}},"Cannabis":{"Strong":{"raw":5.0,"perc":55.555555555555557,"total":9.0},"Extreme":{"raw":2.0,"perc":22.222222222222221,"total":9.0},"Medium":{"raw":2.0,"perc":22.222222222222221,"total":9.0}},"PMA":{"Medium":{"raw":1.0,"perc":100.0,"total":1.0}},"Various":{"Medium":{"raw":1.0,"perc":33.333333333333329,"total":3.0},"Extreme":{"raw":2.0,"perc":66.666666666666657,"total":3.0}},"5-MeO-DiPT":{"Medium":{"raw":1.0,"perc":100.0,"total":1.0}},"DXM":{"Strong":{"raw":2.0,"perc":66.666666666666657,"total":3.0},"Medium":{"raw":1.0,"perc":33.333333333333329,"total":3.0}},"Mushrooms":{"Medium":{"raw":5.0,"perc":71.428571428571431,"total":7.0},"Extreme":{"raw":1.0,"perc":14.285714285714285,"total":7.0},"Strong":{"raw":1.0,"perc":14.285714285714285,"total":7.0}},"Lotus/Lily":{"Strong":{"raw":1.0,"perc":100.0,"total":1.0}},"Codeine":{"Strong":{"raw":1.0,"perc":100.0,"total":1.0}},"Opiates":{"Strong":{"raw":1.0,"perc":100.0,"total":1.0}},"Ketamine":{"Extreme":{"raw":1.0,"perc":50.0,"total":2.0},"Strong":{"raw":1.0,"perc":50.0,"total":2.0}},"NMDA Antagonists":{"Extreme":{"raw":1.0,"perc":50.0,"total":2.0},"Strong":{"raw":1.0,"perc":50.0,"total":2.0}},"Mescaline":{"Strong":{"raw":1.0,"perc":100.0,"total":1.0}},"Pharms - Escitalopram":{"Extreme":{"raw":1.0,"perc":100.0,"total":1.0}},"Inhalants":{"Medium":{"raw":1.0,"perc":100.0,"total":1.0}},"Stipa robusta":{"Strong":{"raw":1.0,"perc":100.0,"total":1.0}},"2C-I":{"Medium":{"raw":1.0,"perc":50.0,"total":2.0},"Strong":{"raw":1.0,"perc":50.0,"total":2.0}},"4-AcO-DiPT":{"Medium":{"raw":1.0,"perc":100.0,"total":1.0}},"2C-T-2":{"Extreme":{"raw":1.0,"perc":100.0,"total":1.0}},"DET":{"Strong":{"raw":1.0,"perc":100.0,"total":1.0}},"Pharms - Amitriptyline":{"Extreme":{"raw":1.0,"perc":100.0,"total":1.0}},"Amphetamines":{"Strong":{"raw":1.0,"perc":100.0,"total":1.0}},"Modafinil":{"Extreme":{"raw":1.0,"perc":100.0,"total":1.0}},"Methylone":{"Strong":{"raw":1.0,"perc":100.0,"total":1.0}},"25I-NBOMe":{"Strong":{"raw":1.0,"perc":100.0,"total":1.0}},"NBOMe Series":{"Strong":{"raw":1.0,"perc":100.0,"total":1.0}},"Methoxphenidine":{"Medium":{"raw":1.0,"perc":100.0,"total":1.0}}},"Ritual":{"Cannabis":{"Medium":{"raw":3.0,"perc":100.0,"total":3.0}},"MDMA":{"Medium":{"raw":2.0,"perc":66.666666666666657,"total":3.0},"Strong":{"raw":1.0,"perc":33.333333333333329,"total":3.0}},"Pharmaceuticals":{"Medium":{"raw":1.0,"perc":100.0,"total":1.0}},"Pharms - Sildenafil":{"Medium":{"raw":1.0,"perc":100.0,"total":1.0}},"Stimulants":{"Medium":{"raw":2.0,"perc":66.666666666666657,"total":3.0},"Strong":{"raw":1.0,"perc":33.333333333333329,"total":3.0}},"2C-B":{"Medium":{"raw":1.0,"perc":100.0,"total":1.0}},"Phenethylamine":{"Medium":{"raw":1.0,"perc":100.0,"total":1.0}},"Tryptophan":{"Medium":{"raw":1.0,"perc":100.0,"total":1.0}},"Salvia divinorum":{"Strong":{"raw":1.0,"perc":50.0,"total":2.0},"Medium":{"raw":1.0,"perc":50.0,"total":2.0}},"Harmala Alkaloids":{"Strong":{"raw":1.0,"perc":11.111111111111111,"total":9.0},"Medium":{"raw":8.0,"perc":88.888888888888886,"total":9.0}},"Psychotria viridis":{"Strong":{"raw":1.0,"perc":12.5,"total":8.0},"Medium":{"raw":7.0,"perc":87.5,"total":8.0}},"Syrian Rue":{"Strong":{"raw":1.0,"perc":50.0,"total":2.0},"Medium":{"raw":1.0,"perc":50.0,"total":2.0}},"DPT":{"Strong":{"raw":1.0,"perc":100.0,"total":1.0}},"Various":{"Strong":{"raw":1.0,"perc":100.0,"total":1.0}},"5-MeO-DMT":{"Medium":{"raw":1.0,"perc":100.0,"total":1.0}},"H.B. Woodrose":{"Strong":{"raw":1.0,"perc":100.0,"total":1.0}},"Amanitas":{"Strong":{"raw":1.0,"perc":100.0,"total":1.0}},"Cacti":{"Medium":{"raw":1.0,"perc":50.0,"total":2.0},"Strong":{"raw":1.0,"perc":50.0,"total":2.0}},"Mushrooms":{"Strong":{"raw":2.0,"perc":100.0,"total":2.0}},"Peyote":{"Strong":{"raw":1.0,"perc":100.0,"total":1.0}},"Morning Glory":{"Medium":{"raw":1.0,"perc":100.0,"total":1.0}},"LSA":{"Medium":{"raw":1.0,"perc":100.0,"total":1.0}},"Ayahuasca":{"Medium":{"raw":8.0,"perc":88.888888888888886,"total":9.0},"Strong":{"raw":1.0,"perc":11.111111111111111,"total":9.0}},"Banisteriopsis caapi":{"Medium":{"raw":7.0,"perc":100.0,"total":7.0}},"Anadenanthera spp.":{"Strong":{"raw":1.0,"perc":100.0,"total":1.0}}},"Migraines":{"MDMA":{"Medium":{"raw":3.0,"perc":75.0,"total":4.0},"Strong":{"raw":1.0,"perc":25.0,"total":4.0}},"Stimulants":{"Medium":{"raw":3.0,"perc":75.0,"total":4.0},"Strong":{"raw":1.0,"perc":25.0,"total":4.0}},"4-AcO-DET":{"Medium":{"raw":1.0,"perc":100.0,"total":1.0}},"5-MeO-DiPT":{"Medium":{"raw":1.0,"perc":100.0,"total":1.0}},"Various":{"Medium":{"raw":2.0,"perc":100.0,"total":2.0}},"Cannabis":{"Medium":{"raw":1.0,"perc":100.0,"total":1.0}},"LSD":{"Medium":{"raw":2.0,"perc":100.0,"total":2.0}},"2C-T-7":{"Medium":{"raw":1.0,"perc":100.0,"total":1.0}},"Morning Glory":{"Medium":{"raw":2.0,"perc":100.0,"total":2.0}},"Mushrooms":{"Medium":{"raw":4.0,"perc":80.0,"total":5.0},"Strong":{"raw":1.0,"perc":20.0,"total":5.0}},"Phenethylamine":{"Medium":{"raw":1.0,"perc":100.0,"total":1.0}},"Ginkgo biloba":{"Medium":{"raw":1.0,"perc":100.0,"total":1.0}},"Pharms - Carisoprodol":{"Medium":{"raw":1.0,"perc":100.0,"total":1.0}},"Caffeine":{"Strong":{"raw":1.0,"perc":100.0,"total":1.0}},"Pharmaceuticals":{"Strong":{"raw":1.0,"perc":100.0,"total":1.0}},"Salvia divinorum":{"Medium":{"raw":1.0,"perc":100.0,"total":1.0}},"Pharms - Fentanyl":{"Strong":{"raw":1.0,"perc":100.0,"total":1.0}},"MDA":{"Strong":{"raw":1.0,"perc":100.0,"total":1.0}},"Piperazines":{"Strong":{"raw":1.0,"perc":100.0,"total":1.0}},"Alcohol":{"Strong":{"raw":1.0,"perc":100.0,"total":1.0}},"Harmala Alkaloids":{"Strong":{"raw":1.0,"perc":100.0,"total":1.0}},"Syrian Rue":{"Strong":{"raw":1.0,"perc":100.0,"total":1.0}},"H.B. Woodrose":{"Medium":{"raw":1.0,"perc":100.0,"total":1.0}},"Turbina corymbosa":{"Medium":{"raw":1.0,"perc":100.0,"total":1.0}}},"Endogenous":{"MDMA":{"Medium":{"raw":1.0,"perc":100.0,"total":1.0}},"Stimulants":{"Medium":{"raw":1.0,"perc":100.0,"total":1.0}},"Various":{"Medium":{"raw":2.0,"perc":100.0,"total":2.0}},"DXM":{"Extreme":{"raw":2.0,"perc":66.666666666666657,"total":3.0},"Medium":{"raw":1.0,"perc":33.333333333333329,"total":3.0}},"Pharms - Venlafaxine":{"Medium":{"raw":1.0,"perc":100.0,"total":1.0}},"Cannabis":{"Strong":{"raw":3.0,"perc":100.0,"total":3.0}},"Salvia divinorum":{"Extreme":{"raw":1.0,"perc":50.0,"total":2.0},"Medium":{"raw":1.0,"perc":50.0,"total":2.0}},"Opiates":{"Strong":{"raw":1.0,"perc":100.0,"total":1.0}},"Opioids":{"Strong":{"raw":1.0,"perc":100.0,"total":1.0}},"Pharms - Oxycodone":{"Strong":{"raw":1.0,"perc":100.0,"total":1.0}},"Pharms - Phenytoin":{"Medium":{"raw":1.0,"perc":100.0,"total":1.0}},"Benzodiazepines":{"Medium":{"raw":1.0,"perc":100.0,"total":1.0}},"Pharmaceuticals":{"Medium":{"raw":1.0,"perc":100.0,"total":1.0}},"Pharms - Clonazepam":{"Medium":{"raw":1.0,"perc":100.0,"total":1.0}},"Pharms - Diazepam":{"Medium":{"raw":1.0,"perc":100.0,"total":1.0}}},"Yoga / Bodywork":{"LSD":{"Strong":{"raw":4.0,"perc":50.0,"total":8.0},"Medium":{"raw":4.0,"perc":50.0,"total":8.0}},"MDMA":{"Strong":{"raw":3.0,"perc":60.0,"total":5.0},"Medium":{"raw":2.0,"perc":40.0,"total":5.0}},"Stimulants":{"Strong":{"raw":3.0,"perc":60.0,"total":5.0},"Medium":{"raw":2.0,"perc":40.0,"total":5.0}},"Various":{"Medium":{"raw":3.0,"perc":100.0,"total":3.0}},"Ayahuasca":{"No Effect":{"raw":1.0,"perc":33.333333333333329,"total":3.0},"Strong":{"raw":1.0,"perc":33.333333333333329,"total":3.0},"Medium":{"raw":1.0,"perc":33.333333333333329,"total":3.0}},"Mushrooms":{"Medium":{"raw":3.0,"perc":50.0,"total":6.0},"Strong":{"raw":3.0,"perc":50.0,"total":6.0}},"Cacti":{"Medium":{"raw":1.0,"perc":50.0,"total":2.0},"Strong":{"raw":1.0,"perc":50.0,"total":2.0}},"Salvia divinorum":{"Medium":{"raw":1.0,"perc":100.0,"total":1.0}},"Harmala Alkaloids":{"Medium":{"raw":1.0,"perc":100.0,"total":1.0}},"LSA":{"Medium":{"raw":1.0,"perc":50.0,"total":2.0},"Strong":{"raw":1.0,"perc":50.0,"total":2.0}},"Syrian Rue":{"Medium":{"raw":1.0,"perc":100.0,"total":1.0}},"Mimosa spp.":{"Medium":{"raw":1.0,"perc":100.0,"total":1.0}},"Moclobemide":{"Medium":{"raw":1.0,"perc":100.0,"total":1.0}},"DPT":{"Medium":{"raw":1.0,"perc":100.0,"total":1.0}},"Morning Glory":{"Medium":{"raw":1.0,"perc":100.0,"total":1.0}},"Yohimbe":{"Strong":{"raw":1.0,"perc":100.0,"total":1.0}},"5-MeO-DiPT":{"Medium":{"raw":1.0,"perc":100.0,"total":1.0}},"2C-E":{"Medium":{"raw":1.0,"perc":100.0,"total":1.0}},"Phenethylamine":{"Medium":{"raw":1.0,"perc":100.0,"total":1.0}}},"Meditation":{"Mushrooms":{"Strong":{"raw":3.0,"perc":75.0,"total":4.0},"Medium":{"raw":1.0,"perc":25.0,"total":4.0}},"Various":{"Strong":{"raw":7.0,"perc":50.0,"total":14.0},"Medium":{"raw":6.0,"perc":42.857142857142854,"total":14.0},"Extreme":{"raw":1.0,"perc":7.1428571428571423,"total":14.0}},"Cannabis":{"Strong":{"raw":4.0,"perc":50.0,"total":8.0},"Medium":{"raw":4.0,"perc":50.0,"total":8.0}},"MDMA":{"Strong":{"raw":2.0,"perc":28.571428571428569,"total":7.0},"Medium":{"raw":5.0,"perc":71.428571428571431,"total":7.0}},"Nitrous Oxide":{"Strong":{"raw":2.0,"perc":50.0,"total":4.0},"Extreme":{"raw":1.0,"perc":25.0,"total":4.0},"Medium":{"raw":1.0,"perc":25.0,"total":4.0}},"Stimulants":{"Strong":{"raw":2.0,"perc":25.0,"total":8.0},"Medium":{"raw":6.0,"perc":75.0,"total":8.0}},"4-AcO-DET":{"Strong":{"raw":1.0,"perc":100.0,"total":1.0}},"AMT":{"Strong":{"raw":1.0,"perc":100.0,"total":1.0}},"Calea zacatechichi":{"Strong":{"raw":1.0,"perc":50.0,"total":2.0},"Medium":{"raw":1.0,"perc":50.0,"total":2.0}},"Unknown":{"Medium":{"raw":1.0,"perc":100.0,"total":1.0}},"Capsicum spp.":{"Medium":{"raw":1.0,"perc":100.0,"total":1.0}},"Hops":{"Medium":{"raw":1.0,"perc":100.0,"total":1.0}},"Kava":{"Medium":{"raw":1.0,"perc":100.0,"total":1.0}},"Lecithin":{"Medium":{"raw":1.0,"perc":100.0,"total":1.0}},"Opiates":{"Medium":{"raw":1.0,"perc":100.0,"total":1.0}},"Opioids":{"Medium":{"raw":2.0,"perc":100.0,"total":2.0}},"Pharms - Oxycodone":{"Medium":{"raw":2.0,"perc":100.0,"total":2.0}},"Skullcap":{"Medium":{"raw":1.0,"perc":100.0,"total":1.0}},"Valerian":{"Medium":{"raw":1.0,"perc":100.0,"total":1.0}},"Morning Glory":{"Strong":{"raw":1.0,"perc":50.0,"total":2.0},"Medium":{"raw":1.0,"perc":50.0,"total":2.0}},"LSD":{"Medium":{"raw":5.0,"perc":62.5,"total":8.0},"Strong":{"raw":3.0,"perc":37.5,"total":8.0}},"5-MeO-DMT":{"Strong":{"raw":1.0,"perc":50.0,"total":2.0},"Medium":{"raw":1.0,"perc":50.0,"total":2.0}},"DXM":{"Strong":{"raw":1.0,"perc":100.0,"total":1.0}},"Caffeine":{"Medium":{"raw":1.0,"perc":100.0,"total":1.0}},"Kratom":{"Medium":{"raw":1.0,"perc":100.0,"total":1.0}},"Salvia divinorum":{"Medium":{"raw":4.0,"perc":50.0,"total":8.0},"Strong":{"raw":3.0,"perc":37.5,"total":8.0},"Extreme":{"raw":1.0,"perc":12.5,"total":8.0}},"Methamphetamine":{"Medium":{"raw":1.0,"perc":100.0,"total":1.0}},"Cacti":{"Medium":{"raw":1.0,"perc":50.0,"total":2.0},"Strong":{"raw":1.0,"perc":50.0,"total":2.0}},"Mescaline":{"Medium":{"raw":1.0,"perc":100.0,"total":1.0}},"Pharms - Venlafaxine":{"Medium":{"raw":1.0,"perc":100.0,"total":1.0}},"2C-E":{"Medium":{"raw":1.0,"perc":100.0,"total":1.0}},"Phenethylamine":{"Medium":{"raw":2.0,"perc":100.0,"total":2.0}},"2C-T-2":{"Medium":{"raw":1.0,"perc":100.0,"total":1.0}},"Harmala Alkaloids":{"Medium":{"raw":1.0,"perc":100.0,"total":1.0}},"Syrian Rue":{"Medium":{"raw":1.0,"perc":100.0,"total":1.0}},"Amphetamines":{"Medium":{"raw":1.0,"perc":100.0,"total":1.0}},"Ayahuasca":{"Strong":{"raw":1.0,"perc":50.0,"total":2.0},"Medium":{"raw":1.0,"perc":50.0,"total":2.0}},"DOC":{"Strong":{"raw":1.0,"perc":100.0,"total":1.0}},"Lotus/Lily":{"Medium":{"raw":1.0,"perc":100.0,"total":1.0}},"Piperazines":{"Strong":{"raw":1.0,"perc":50.0,"total":2.0},"Medium":{"raw":1.0,"perc":50.0,"total":2.0}},"4-HO-DET":{"Medium":{"raw":1.0,"perc":100.0,"total":1.0}},"Pharms - Clonidine":{"Extreme":{"raw":1.0,"perc":100.0,"total":1.0}},"Piperazines - pFPP":{"Medium":{"raw":1.0,"perc":100.0,"total":1.0}},"DPT":{"Strong":{"raw":1.0,"perc":100.0,"total":1.0}},"Pharms - Zaleplon":{"Medium":{"raw":1.0,"perc":100.0,"total":1.0}},"DOI":{"Strong":{"raw":1.0,"perc":100.0,"total":1.0}},"DMT":{"Strong":{"raw":1.0,"perc":100.0,"total":1.0}},"2C-B":{"Medium":{"raw":1.0,"perc":100.0,"total":1.0}},"2C-I":{"Medium":{"raw":2.0,"perc":100.0,"total":2.0}},"Ketamine":{"Medium":{"raw":1.0,"perc":100.0,"total":1.0}},"NMDA Antagonists":{"Medium":{"raw":1.0,"perc":100.0,"total":1.0}},"Tabernanthe iboga":{"Medium":{"raw":1.0,"perc":100.0,"total":1.0}}},"Fasting":{"Various":{"Medium":{"raw":2.0,"perc":100.0,"total":2.0}},"Salvia divinorum":{"Strong":{"raw":4.0,"perc":100.0,"total":4.0}},"Mushrooms":{"Medium":{"raw":1.0,"perc":50.0,"total":2.0},"Strong":{"raw":1.0,"perc":50.0,"total":2.0}},"Morning Glory":{"Medium":{"raw":1.0,"perc":100.0,"total":1.0}},"Nutmeg":{"Medium":{"raw":1.0,"perc":100.0,"total":1.0}},"Alcohol":{"Extreme":{"raw":1.0,"perc":100.0,"total":1.0}},"Cacti":{"Medium":{"raw":1.0,"perc":100.0,"total":1.0}},"Cannabis":{"Medium":{"raw":1.0,"perc":100.0,"total":1.0}},"DXM":{"Strong":{"raw":1.0,"perc":100.0,"total":1.0}},"DOM":{"Medium":{"raw":1.0,"perc":100.0,"total":1.0}}},"Breathing":{"GBL":{"Strong":{"raw":1.0,"perc":100.0,"total":1.0}},"4-AcO-MiPT":{"Strong":{"raw":1.0,"perc":100.0,"total":1.0}},"Amphetamines":{"Strong":{"raw":1.0,"perc":100.0,"total":1.0}},"Stimulants":{"Strong":{"raw":1.0,"perc":100.0,"total":1.0}},"5-MeO-DMT":{"Strong":{"raw":1.0,"perc":100.0,"total":1.0}},"Carbogen":{"Medium":{"raw":2.0,"perc":50.0,"total":4.0},"Strong":{"raw":1.0,"perc":25.0,"total":4.0},"Extreme":{"raw":1.0,"perc":25.0,"total":4.0}},"Cannabis":{"Strong":{"raw":1.0,"perc":100.0,"total":1.0}},"Acacia":{"Strong":{"raw":1.0,"perc":100.0,"total":1.0}},"DMT":{"Strong":{"raw":2.0,"perc":100.0,"total":2.0}},"Nitrous Oxide":{"Strong":{"raw":1.0,"perc":100.0,"total":1.0}},"LSD":{"Strong":{"raw":1.0,"perc":100.0,"total":1.0}},"Oxygen":{"Medium":{"raw":1.0,"perc":100.0,"total":1.0}}},"Floatation Tank":{"Unknown":{"Medium":{"raw":1.0,"perc":100.0,"total":1.0}},"2C-E":{"Strong":{"raw":1.0,"perc":100.0,"total":1.0}},"Phenethylamine":{"Strong":{"raw":1.0,"perc":100.0,"total":1.0}}},"Devices":{"Mushrooms":{"Extreme":{"raw":1.0,"perc":50.0,"total":2.0},"Strong":{"raw":1.0,"perc":50.0,"total":2.0}},"DXM":{"Strong":{"raw":1.0,"perc":33.333333333333329,"total":3.0},"Medium":{"raw":2.0,"perc":66.666666666666657,"total":3.0}},"Caffeine":{"Medium":{"raw":1.0,"perc":100.0,"total":1.0}},"Cannabis":{"Medium":{"raw":1.0,"perc":50.0,"total":2.0},"Strong":{"raw":1.0,"perc":50.0,"total":2.0}},"Hydrocodone":{"Medium":{"raw":1.0,"perc":100.0,"total":1.0}},"Opioids":{"Medium":{"raw":1.0,"perc":100.0,"total":1.0}},"Pharms - Quetiapine":{"Medium":{"raw":1.0,"perc":100.0,"total":1.0}},"H.B. Woodrose":{"Strong":{"raw":1.0,"perc":100.0,"total":1.0}},"GHB":{"Medium":{"raw":1.0,"perc":100.0,"total":1.0}},"Various":{"Medium":{"raw":1.0,"perc":100.0,"total":1.0}},"Morning Glory":{"Medium":{"raw":1.0,"perc":100.0,"total":1.0}},"Absinthe":{"Strong":{"raw":1.0,"perc":100.0,"total":1.0}},"Kava":{"Strong":{"raw":1.0,"perc":100.0,"total":1.0}},"Nitrous Oxide":{"Strong":{"raw":1.0,"perc":33.333333333333329,"total":3.0},"Medium":{"raw":2.0,"perc":66.666666666666657,"total":3.0}},"LSD":{"Medium":{"raw":3.0,"perc":100.0,"total":3.0}},"MDMA":{"Medium":{"raw":2.0,"perc":100.0,"total":2.0}},"Stimulants":{"Medium":{"raw":2.0,"perc":100.0,"total":2.0}},"Salvia divinorum":{"Strong":{"raw":1.0,"perc":20.0,"total":5.0},"Medium":{"raw":4.0,"perc":80.0,"total":5.0}},"Calea zacatechichi":{"Medium":{"raw":1.0,"perc":100.0,"total":1.0}},"Nutmeg":{"Medium":{"raw":1.0,"perc":100.0,"total":1.0}}},"Devices - Mind Machine":{"DXM":{"Strong":{"raw":1.0,"perc":33.333333333333329,"total":3.0},"Medium":{"raw":2.0,"perc":66.666666666666657,"total":3.0}},"Mushrooms":{"Strong":{"raw":1.0,"perc":100.0,"total":1.0}},"Caffeine":{"Medium":{"raw":1.0,"perc":100.0,"total":1.0}},"Cannabis":{"Medium":{"raw":1.0,"perc":50.0,"total":2.0},"Strong":{"raw":1.0,"perc":50.0,"total":2.0}},"Hydrocodone":{"Medium":{"raw":1.0,"perc":100.0,"total":1.0}},"Opioids":{"Medium":{"raw":1.0,"perc":100.0,"total":1.0}},"Pharms - Quetiapine":{"Medium":{"raw":1.0,"perc":100.0,"total":1.0}},"H.B. Woodrose":{"Strong":{"raw":1.0,"perc":100.0,"total":1.0}},"GHB":{"Medium":{"raw":1.0,"perc":100.0,"total":1.0}},"Various":{"Medium":{"raw":1.0,"perc":100.0,"total":1.0}},"Absinthe":{"Strong":{"raw":1.0,"perc":100.0,"total":1.0}},"Kava":{"Strong":{"raw":1.0,"perc":100.0,"total":1.0}},"Nitrous Oxide":{"Strong":{"raw":1.0,"perc":33.333333333333329,"total":3.0},"Medium":{"raw":2.0,"perc":66.666666666666657,"total":3.0}},"LSD":{"Medium":{"raw":2.0,"perc":100.0,"total":2.0}},"MDMA":{"Medium":{"raw":1.0,"perc":100.0,"total":1.0}},"Stimulants":{"Medium":{"raw":1.0,"perc":100.0,"total":1.0}},"Calea zacatechichi":{"Medium":{"raw":1.0,"perc":100.0,"total":1.0}},"Salvia divinorum":{"Medium":{"raw":2.0,"perc":100.0,"total":2.0}},"Nutmeg":{"Medium":{"raw":1.0,"perc":100.0,"total":1.0}}},"Mindfulness":{"Various":{"Medium":{"raw":2.0,"perc":66.666666666666657,"total":3.0},"Strong":{"raw":1.0,"perc":33.333333333333329,"total":3.0}},"Cannabis":{"Extreme":{"raw":1.0,"perc":100.0,"total":1.0}},"Salvia divinorum":{"Medium":{"raw":1.0,"perc":100.0,"total":1.0}},"LSD":{"Medium":{"raw":1.0,"perc":100.0,"total":1.0}},"Ketamine":{"Extreme":{"raw":1.0,"perc":100.0,"total":1.0}},"NMDA Antagonists":{"Extreme":{"raw":1.0,"perc":100.0,"total":1.0}},"4-AcO-DMT":{"Strong":{"raw":1.0,"perc":100.0,"total":1.0}},"DMT":{"Medium":{"raw":1.0,"perc":100.0,"total":1.0}},"Banisteriopsis caapi":{"Strong":{"raw":1.0,"perc":100.0,"total":1.0}},"Harmala Alkaloids":{"Strong":{"raw":1.0,"perc":100.0,"total":1.0}},"Mushrooms":{"Strong":{"raw":1.0,"perc":100.0,"total":1.0}}},"Conferences":{"Mushrooms":{"Extreme":{"raw":1.0,"perc":100.0,"total":1.0}},"Various":{"Extreme":{"raw":1.0,"perc":100.0,"total":1.0}},"Ketamine":{"Medium":{"raw":1.0,"perc":100.0,"total":1.0}},"NMDA Antagonists":{"Medium":{"raw":1.0,"perc":100.0,"total":1.0}},"Codeine":{"Strong":{"raw":1.0,"perc":100.0,"total":1.0}},"Opiates":{"Strong":{"raw":1.0,"perc":100.0,"total":1.0}},"Cannabinoid Receptor Agonists":{"Strong":{"raw":1.0,"perc":100.0,"total":1.0}}},"Hyperventilation":{"Amphetamines":{"Strong":{"raw":1.0,"perc":100.0,"total":1.0}},"Stimulants":{"Strong":{"raw":1.0,"perc":100.0,"total":1.0}},"Acacia":{"Strong":{"raw":1.0,"perc":100.0,"total":1.0}},"DMT":{"Strong":{"raw":1.0,"perc":100.0,"total":1.0}},"Nitrous Oxide":{"Strong":{"raw":1.0,"perc":100.0,"total":1.0}},"Oxygen":{"Medium":{"raw":1.0,"perc":100.0,"total":1.0}}},"Guiding":{"LSD":{"Medium":{"raw":1.0,"perc":100.0,"total":1.0}},"Mushrooms":{"Medium":{"raw":1.0,"perc":100.0,"total":1.0}}},"Chanting":{"Mushrooms":{"Strong":{"raw":1.0,"perc":100.0,"total":1.0}},"MDAI":{"Medium":{"raw":1.0,"perc":100.0,"total":1.0}}},"Sweating":{"Peyote":{"Strong":{"raw":1.0,"perc":100.0,"total":1.0}},"Amanitas":{"Medium":{"raw":1.0,"perc":100.0,"total":1.0}},"Harmala Alkaloids":{"Medium":{"raw":1.0,"perc":100.0,"total":1.0}},"Passion Flower":{"Medium":{"raw":1.0,"perc":100.0,"total":1.0}}},"Humor":{"Mushrooms":{"Strong":{"raw":1.0,"perc":33.333333333333329,"total":3.0},"Extreme":{"raw":1.0,"perc":33.333333333333329,"total":3.0},"Medium":{"raw":1.0,"perc":33.333333333333329,"total":3.0}},"Various":{"Extreme":{"raw":1.0,"perc":50.0,"total":2.0},"Medium":{"raw":1.0,"perc":50.0,"total":2.0}},"Hydrocodone":{"Strong":{"raw":1.0,"perc":100.0,"total":1.0}},"Opioids":{"Strong":{"raw":1.0,"perc":100.0,"total":1.0}},"Unknown":{"Strong":{"raw":1.0,"perc":100.0,"total":1.0}}},"Music":{"Cannabis":{"Extreme":{"raw":1.0,"perc":100.0,"total":1.0}},"MDMA":{"Extreme":{"raw":1.0,"perc":100.0,"total":1.0}},"Stimulants":{"Extreme":{"raw":1.0,"perc":100.0,"total":1.0}},"Various":{"Extreme":{"raw":1.0,"perc":100.0,"total":1.0}},"Acetaminophen":{"Medium":{"raw":1.0,"perc":100.0,"total":1.0}},"Caffeine":{"Medium":{"raw":1.0,"perc":100.0,"total":1.0}},"2C-B":{"Medium":{"raw":1.0,"perc":100.0,"total":1.0}},"Phenethylamine":{"Medium":{"raw":1.0,"perc":100.0,"total":1.0}},"LSD":{"Strong":{"raw":1.0,"perc":100.0,"total":1.0}}},"Nitrogen Narcosis":{"Mushrooms":{"Strong":{"raw":1.0,"perc":100.0,"total":1.0}},"Salvia divinorum":{"Strong":{"raw":1.0,"perc":100.0,"total":1.0}},"Various":{"Strong":{"raw":1.0,"perc":100.0,"total":1.0}}},"Sound (non-music)":{"4-MeO-PCP":{"Extreme":{"raw":1.0,"perc":100.0,"total":1.0}}}}