{"Drug Testing":{"Festival / Lg. Crowd":{"Not-Specified":{"raw":2.0,"perc":100.0,"total":2.0}},"Unknown Context":{"Not-Specified":{"raw":1.0,"perc":6.25,"total":16.0},"Male":{"raw":14.0,"perc":87.5,"total":16.0},"Female":{"raw":1.0,"perc":6.25,"total":16.0}},"Alone":{"Male":{"raw":11.0,"perc":91.666666666666657,"total":12.0},"Female":{"raw":1.0,"perc":8.3333333333333321,"total":12.0}},"Not Applicable":{"Male":{"raw":73.0,"perc":78.494623655913969,"total":93.0},"Not-Specified":{"raw":7.0,"perc":7.5268817204301079,"total":93.0},"Female":{"raw":13.0,"perc":13.978494623655912,"total":93.0}},"Hospital":{"Female":{"raw":3.0,"perc":25.0,"total":12.0},"Male":{"raw":8.0,"perc":66.666666666666657,"total":12.0},"Not-Specified":{"raw":1.0,"perc":8.3333333333333321,"total":12.0}},"Small Group (2-9)":{"Male":{"raw":3.0,"perc":60.0,"total":5.0},"Not-Specified":{"raw":1.0,"perc":20.0,"total":5.0},"Female":{"raw":1.0,"perc":20.0,"total":5.0}},"School":{"Female":{"raw":2.0,"perc":50.0,"total":4.0},"Male":{"raw":2.0,"perc":50.0,"total":4.0}},"Various":{"Male":{"raw":4.0,"perc":80.0,"total":5.0},"Female":{"raw":1.0,"perc":20.0,"total":5.0}},"Military":{"Male":{"raw":1.0,"perc":100.0,"total":1.0}}},"Sleep Deprivation":{"Various":{"Not-Specified":{"raw":2.0,"perc":8.695652173913043,"total":23.0},"Male":{"raw":18.0,"perc":78.260869565217391,"total":23.0},"Female":{"raw":3.0,"perc":13.043478260869565,"total":23.0}},"Alone":{"Male":{"raw":19.0,"perc":86.36363636363636,"total":22.0},"Female":{"raw":2.0,"perc":9.0909090909090917,"total":22.0},"Not-Specified":{"raw":1.0,"perc":4.5454545454545459,"total":22.0}},"Small Group (2-9)":{"Male":{"raw":14.0,"perc":87.5,"total":16.0},"Female":{"raw":1.0,"perc":6.25,"total":16.0},"Not-Specified":{"raw":1.0,"perc":6.25,"total":16.0}},"Large Group (10+)":{"Male":{"raw":2.0,"perc":100.0,"total":2.0}},"Hospital":{"Male":{"raw":1.0,"perc":100.0,"total":1.0}},"Festival / Lg. Crowd":{"Male":{"raw":1.0,"perc":100.0,"total":1.0}},"Not Applicable":{"Male":{"raw":3.0,"perc":100.0,"total":3.0}},"Unknown Context":{"Not-Specified":{"raw":1.0,"perc":33.333333333333329,"total":3.0},"Male":{"raw":1.0,"perc":33.333333333333329,"total":3.0},"Female":{"raw":1.0,"perc":33.333333333333329,"total":3.0}}},"OBE":{"Alone":{"Not-Specified":{"raw":2.0,"perc":8.695652173913043,"total":23.0},"Male":{"raw":21.0,"perc":91.304347826086953,"total":23.0}},"Small Group (2-9)":{"Male":{"raw":26.0,"perc":89.65517241379311,"total":29.0},"Not-Specified":{"raw":1.0,"perc":3.4482758620689653,"total":29.0},"Female":{"raw":2.0,"perc":6.8965517241379306,"total":29.0}},"Large Group (10+)":{"Male":{"raw":1.0,"perc":50.0,"total":2.0},"Female":{"raw":1.0,"perc":50.0,"total":2.0}},"Various":{"Not-Specified":{"raw":1.0,"perc":33.333333333333329,"total":3.0},"Male":{"raw":2.0,"perc":66.666666666666657,"total":3.0}},"School":{"Female":{"raw":1.0,"perc":100.0,"total":1.0}},"Rave / Dance Event":{"Male":{"raw":1.0,"perc":100.0,"total":1.0}},"Not Applicable":{"Male":{"raw":1.0,"perc":100.0,"total":1.0}}},"Dreams":{"Alone":{"Male":{"raw":170.0,"perc":83.743842364532014,"total":203.0},"Not-Specified":{"raw":15.0,"perc":7.389162561576355,"total":203.0},"Female":{"raw":18.0,"perc":8.8669950738916263,"total":203.0}},"Unknown Context":{"Male":{"raw":4.0,"perc":80.0,"total":5.0},"Female":{"raw":1.0,"perc":20.0,"total":5.0}},"Small Group (2-9)":{"Male":{"raw":16.0,"perc":88.888888888888886,"total":18.0},"Female":{"raw":2.0,"perc":11.111111111111111,"total":18.0}},"Hospital":{"Male":{"raw":2.0,"perc":100.0,"total":2.0}},"Not Applicable":{"Male":{"raw":10.0,"perc":83.333333333333343,"total":12.0},"Female":{"raw":1.0,"perc":8.3333333333333321,"total":12.0},"Not-Specified":{"raw":1.0,"perc":8.3333333333333321,"total":12.0}},"Various":{"Male":{"raw":5.0,"perc":71.428571428571431,"total":7.0},"Not-Specified":{"raw":1.0,"perc":14.285714285714285,"total":7.0},"Female":{"raw":1.0,"perc":14.285714285714285,"total":7.0}},"Rave / Dance Event":{"Female":{"raw":1.0,"perc":100.0,"total":1.0}}},"Endogenous":{"Alone":{"Not-Specified":{"raw":1.0,"perc":11.111111111111111,"total":9.0},"Male":{"raw":7.0,"perc":77.777777777777786,"total":9.0},"Female":{"raw":1.0,"perc":11.111111111111111,"total":9.0}},"Small Group (2-9)":{"Male":{"raw":4.0,"perc":100.0,"total":4.0}},"Various":{"Male":{"raw":2.0,"perc":100.0,"total":2.0}},"Hospital":{"Male":{"raw":1.0,"perc":100.0,"total":1.0}},"Not Applicable":{"Male":{"raw":4.0,"perc":80.0,"total":5.0},"Not-Specified":{"raw":1.0,"perc":20.0,"total":5.0}},"Unknown Context":{"Male":{"raw":2.0,"perc":66.666666666666657,"total":3.0},"Female":{"raw":1.0,"perc":33.333333333333329,"total":3.0}}},"Police / Customs":{"Various":{"Male":{"raw":22.0,"perc":81.481481481481481,"total":27.0},"Female":{"raw":5.0,"perc":18.518518518518519,"total":27.0}},"Large Group (10+)":{"Male":{"raw":3.0,"perc":100.0,"total":3.0}},"Alone":{"Male":{"raw":13.0,"perc":86.666666666666671,"total":15.0},"Female":{"raw":2.0,"perc":13.333333333333334,"total":15.0}},"Small Group (2-9)":{"Male":{"raw":57.0,"perc":89.0625,"total":64.0},"Female":{"raw":6.0,"perc":9.375,"total":64.0},"Not-Specified":{"raw":1.0,"perc":1.5625,"total":64.0}},"Rave / Dance Event":{"Male":{"raw":3.0,"perc":75.0,"total":4.0},"Female":{"raw":1.0,"perc":25.0,"total":4.0}},"School":{"Male":{"raw":3.0,"perc":75.0,"total":4.0},"Female":{"raw":1.0,"perc":25.0,"total":4.0}},"Unknown Context":{"Male":{"raw":2.0,"perc":100.0,"total":2.0}},"Not Applicable":{"Male":{"raw":6.0,"perc":75.0,"total":8.0},"Female":{"raw":1.0,"perc":12.5,"total":8.0},"Not-Specified":{"raw":1.0,"perc":12.5,"total":8.0}},"Hospital":{"Male":{"raw":7.0,"perc":87.5,"total":8.0},"Female":{"raw":1.0,"perc":12.5,"total":8.0}},"Festival / Lg. Crowd":{"Male":{"raw":3.0,"perc":100.0,"total":3.0}},"Club / Bar":{"Male":{"raw":1.0,"perc":100.0,"total":1.0}}},"Meditation":{"Alone":{"Male":{"raw":45.0,"perc":84.905660377358487,"total":53.0},"Female":{"raw":5.0,"perc":9.433962264150944,"total":53.0},"Not-Specified":{"raw":3.0,"perc":5.6603773584905666,"total":53.0}},"Various":{"Male":{"raw":13.0,"perc":86.666666666666671,"total":15.0},"Not-Specified":{"raw":1.0,"perc":6.666666666666667,"total":15.0},"Female":{"raw":1.0,"perc":6.666666666666667,"total":15.0}},"Small Group (2-9)":{"Male":{"raw":18.0,"perc":90.0,"total":20.0},"Female":{"raw":2.0,"perc":10.0,"total":20.0}},"Not Applicable":{"Male":{"raw":2.0,"perc":100.0,"total":2.0}},"Unknown Context":{"Male":{"raw":2.0,"perc":66.666666666666657,"total":3.0},"Not-Specified":{"raw":1.0,"perc":33.333333333333329,"total":3.0}},"Hospital":{"Male":{"raw":1.0,"perc":100.0,"total":1.0}},"Large Group (10+)":{"Male":{"raw":2.0,"perc":66.666666666666657,"total":3.0},"Not-Specified":{"raw":1.0,"perc":33.333333333333329,"total":3.0}},"Group Ceremony":{"Male":{"raw":3.0,"perc":75.0,"total":4.0},"Female":{"raw":1.0,"perc":25.0,"total":4.0}},"Rave / Dance Event":{"Female":{"raw":1.0,"perc":50.0,"total":2.0},"Not-Specified":{"raw":1.0,"perc":50.0,"total":2.0}}},"Ritual":{"Small Group (2-9)":{"Male":{"raw":5.0,"perc":71.428571428571431,"total":7.0},"Female":{"raw":2.0,"perc":28.571428571428569,"total":7.0}},"Festival / Lg. Crowd":{"Male":{"raw":2.0,"perc":100.0,"total":2.0}},"Rave / Dance Event":{"Not-Specified":{"raw":1.0,"perc":100.0,"total":1.0}},"Alone":{"Male":{"raw":5.0,"perc":100.0,"total":5.0}},"Various":{"Male":{"raw":3.0,"perc":75.0,"total":4.0},"Female":{"raw":1.0,"perc":25.0,"total":4.0}},"Large Group (10+)":{"Female":{"raw":1.0,"perc":100.0,"total":1.0}},"Group Ceremony":{"Male":{"raw":10.0,"perc":83.333333333333343,"total":12.0},"Female":{"raw":2.0,"perc":16.666666666666664,"total":12.0}}},"Breathing":{"Small Group (2-9)":{"Male":{"raw":8.0,"perc":88.888888888888886,"total":9.0},"Female":{"raw":1.0,"perc":11.111111111111111,"total":9.0}},"Group Ceremony":{"Not-Specified":{"raw":1.0,"perc":100.0,"total":1.0}},"Alone":{"Male":{"raw":12.0,"perc":92.3076923076923,"total":13.0},"Female":{"raw":1.0,"perc":7.6923076923076925,"total":13.0}},"Unknown Context":{"Male":{"raw":1.0,"perc":100.0,"total":1.0}},"Large Group (10+)":{"Male":{"raw":2.0,"perc":100.0,"total":2.0}},"Not Applicable":{"Male":{"raw":2.0,"perc":100.0,"total":2.0}},"Hospital":{"Male":{"raw":1.0,"perc":100.0,"total":1.0}}},"Hyperventilation":{"Small Group (2-9)":{"Male":{"raw":4.0,"perc":100.0,"total":4.0}},"Group Ceremony":{"Not-Specified":{"raw":1.0,"perc":100.0,"total":1.0}},"Alone":{"Male":{"raw":5.0,"perc":100.0,"total":5.0}},"Unknown Context":{"Male":{"raw":1.0,"perc":100.0,"total":1.0}},"Not Applicable":{"Male":{"raw":1.0,"perc":100.0,"total":1.0}}},"Migraines":{"Unknown Context":{"Female":{"raw":3.0,"perc":37.5,"total":8.0},"Male":{"raw":3.0,"perc":37.5,"total":8.0},"Not-Specified":{"raw":2.0,"perc":25.0,"total":8.0}},"Various":{"Male":{"raw":2.0,"perc":100.0,"total":2.0}},"Not Applicable":{"Male":{"raw":6.0,"perc":85.714285714285708,"total":7.0},"Not-Specified":{"raw":1.0,"perc":14.285714285714285,"total":7.0}},"Small Group (2-9)":{"Male":{"raw":3.0,"perc":75.0,"total":4.0},"Female":{"raw":1.0,"perc":25.0,"total":4.0}},"Alone":{"Male":{"raw":2.0,"perc":66.666666666666657,"total":3.0},"Female":{"raw":1.0,"perc":33.333333333333329,"total":3.0}}},"Floatation Tank":{"Alone":{"Male":{"raw":5.0,"perc":71.428571428571431,"total":7.0},"Not-Specified":{"raw":1.0,"perc":14.285714285714285,"total":7.0},"Female":{"raw":1.0,"perc":14.285714285714285,"total":7.0}}},"Fasting":{"Unknown Context":{"Male":{"raw":1.0,"perc":100.0,"total":1.0}},"Various":{"Male":{"raw":5.0,"perc":71.428571428571431,"total":7.0},"Female":{"raw":2.0,"perc":28.571428571428569,"total":7.0}},"Alone":{"Male":{"raw":9.0,"perc":81.818181818181827,"total":11.0},"Not-Specified":{"raw":2.0,"perc":18.181818181818183,"total":11.0}},"Not Applicable":{"Male":{"raw":2.0,"perc":66.666666666666657,"total":3.0},"Female":{"raw":1.0,"perc":33.333333333333329,"total":3.0}},"Hospital":{"Male":{"raw":1.0,"perc":100.0,"total":1.0}},"Small Group (2-9)":{"Male":{"raw":1.0,"perc":100.0,"total":1.0}}},"Guiding":{"Small Group (2-9)":{"Male":{"raw":2.0,"perc":66.666666666666657,"total":3.0},"Female":{"raw":1.0,"perc":33.333333333333329,"total":3.0}},"Rave / Dance Event":{"Male":{"raw":1.0,"perc":100.0,"total":1.0}}},"Nitrogen Narcosis":{"Small Group (2-9)":{"Male":{"raw":2.0,"perc":100.0,"total":2.0}},"Alone":{"Male":{"raw":2.0,"perc":100.0,"total":2.0}},"Various":{"Male":{"raw":1.0,"perc":100.0,"total":1.0}}},"Yoga / Bodywork":{"Alone":{"Male":{"raw":14.0,"perc":87.5,"total":16.0},"Female":{"raw":2.0,"perc":12.5,"total":16.0}},"Various":{"Male":{"raw":2.0,"perc":66.666666666666657,"total":3.0},"Not-Specified":{"raw":1.0,"perc":33.333333333333329,"total":3.0}},"Small Group (2-9)":{"Male":{"raw":11.0,"perc":68.75,"total":16.0},"Female":{"raw":4.0,"perc":25.0,"total":16.0},"Not-Specified":{"raw":1.0,"perc":6.25,"total":16.0}},"Group Ceremony":{"Female":{"raw":1.0,"perc":100.0,"total":1.0}},"Not Applicable":{"Male":{"raw":2.0,"perc":66.666666666666657,"total":3.0},"Female":{"raw":1.0,"perc":33.333333333333329,"total":3.0}},"Unknown Context":{"Male":{"raw":1.0,"perc":100.0,"total":1.0}},"Festival / Lg. Crowd":{"Female":{"raw":1.0,"perc":100.0,"total":1.0}}},"Devices":{"Alone":{"Male":{"raw":17.0,"perc":85.0,"total":20.0},"Female":{"raw":2.0,"perc":10.0,"total":20.0},"Not-Specified":{"raw":1.0,"perc":5.0,"total":20.0}},"Unknown Context":{"Male":{"raw":2.0,"perc":100.0,"total":2.0}},"Various":{"Male":{"raw":1.0,"perc":100.0,"total":1.0}},"Small Group (2-9)":{"Female":{"raw":3.0,"perc":60.0,"total":5.0},"Male":{"raw":2.0,"perc":40.0,"total":5.0}},"Not Applicable":{"Male":{"raw":2.0,"perc":100.0,"total":2.0}}},"Devices - Mind Machine":{"Alone":{"Male":{"raw":11.0,"perc":91.666666666666657,"total":12.0},"Female":{"raw":1.0,"perc":8.3333333333333321,"total":12.0}},"Various":{"Male":{"raw":1.0,"perc":100.0,"total":1.0}},"Unknown Context":{"Male":{"raw":1.0,"perc":100.0,"total":1.0}},"Small Group (2-9)":{"Female":{"raw":2.0,"perc":66.666666666666657,"total":3.0},"Male":{"raw":1.0,"perc":33.333333333333329,"total":3.0}},"Not Applicable":{"Male":{"raw":1.0,"perc":100.0,"total":1.0}}},"Mindfulness":{"Various":{"Male":{"raw":1.0,"perc":33.333333333333329,"total":3.0},"Female":{"raw":2.0,"perc":66.666666666666657,"total":3.0}},"Not Applicable":{"Male":{"raw":1.0,"perc":100.0,"total":1.0}},"Small Group (2-9)":{"Male":{"raw":2.0,"perc":100.0,"total":2.0}},"Alone":{"Male":{"raw":3.0,"perc":100.0,"total":3.0}}},"Devices - Magnetic":{"Alone":{"Male":{"raw":1.0,"perc":100.0,"total":1.0}},"Unknown Context":{"Male":{"raw":1.0,"perc":100.0,"total":1.0}}},"Sweating":{"Group Ceremony":{"Male":{"raw":3.0,"perc":100.0,"total":3.0}},"Alone":{"Male":{"raw":3.0,"perc":100.0,"total":3.0}},"Small Group (2-9)":{"Female":{"raw":1.0,"perc":50.0,"total":2.0},"Male":{"raw":1.0,"perc":50.0,"total":2.0}}},"Conferences":{"Various":{"Male":{"raw":1.0,"perc":100.0,"total":1.0}},"Alone":{"Male":{"raw":2.0,"perc":66.666666666666657,"total":3.0},"Female":{"raw":1.0,"perc":33.333333333333329,"total":3.0}},"Festival / Lg. Crowd":{"Not-Specified":{"raw":10.0,"perc":83.333333333333343,"total":12.0},"Male":{"raw":1.0,"perc":8.3333333333333321,"total":12.0},"Female":{"raw":1.0,"perc":8.3333333333333321,"total":12.0}},"Small Group (2-9)":{"Male":{"raw":1.0,"perc":100.0,"total":1.0}}},"Chanting":{"Alone":{"Male":{"raw":2.0,"perc":100.0,"total":2.0}}},"Humor":{"Small Group (2-9)":{"Male":{"raw":2.0,"perc":100.0,"total":2.0}},"Various":{"Male":{"raw":2.0,"perc":100.0,"total":2.0}},"Alone":{"Male":{"raw":1.0,"perc":100.0,"total":1.0}}},"Music":{"Various":{"Male":{"raw":1.0,"perc":100.0,"total":1.0}},"Alone":{"Male":{"raw":3.0,"perc":100.0,"total":3.0}},"Small Group (2-9)":{"Male":{"raw":1.0,"perc":100.0,"total":1.0}}},"Sound (non-music)":{"Alone":{"Male":{"raw":1.0,"perc":100.0,"total":1.0}}}}