{"Drug Testing":{"General":{"Not-Specified":{"raw":9.0,"perc":7.43801652892562,"total":121.0},"Male":{"raw":94.0,"perc":77.685950413223139,"total":121.0},"Female":{"raw":18.0,"perc":14.87603305785124,"total":121.0}},"Retrospective / Summary":{"Not-Specified":{"raw":3.0,"perc":25.0,"total":12.0},"Male":{"raw":8.0,"perc":66.666666666666657,"total":12.0},"Female":{"raw":1.0,"perc":8.3333333333333321,"total":12.0}},"Post Trip Problems":{"Male":{"raw":5.0,"perc":71.428571428571431,"total":7.0},"Not-Specified":{"raw":2.0,"perc":28.571428571428569,"total":7.0}},"Personal Preparation":{"Male":{"raw":1.0,"perc":100.0,"total":1.0}},"Depression":{"Female":{"raw":1.0,"perc":100.0,"total":1.0}},"Health Problems":{"Male":{"raw":2.0,"perc":66.666666666666657,"total":3.0},"Female":{"raw":1.0,"perc":33.333333333333329,"total":3.0}},"Second Hand Report":{"Male":{"raw":3.0,"perc":100.0,"total":3.0}},"Preparation / Recipes":{"Male":{"raw":3.0,"perc":75.0,"total":4.0},"Not-Specified":{"raw":1.0,"perc":25.0,"total":4.0}},"Bad Trips":{"Male":{"raw":2.0,"perc":66.666666666666657,"total":3.0},"Female":{"raw":1.0,"perc":33.333333333333329,"total":3.0}},"Overdose":{"Female":{"raw":1.0,"perc":100.0,"total":1.0}},"Medical Use":{"Male":{"raw":5.0,"perc":100.0,"total":5.0}},"Difficult Experiences":{"Male":{"raw":2.0,"perc":100.0,"total":2.0}},"Multi-Day Experience":{"Male":{"raw":3.0,"perc":100.0,"total":3.0}}},"Sleep Deprivation":{"General":{"Not-Specified":{"raw":1.0,"perc":3.4482758620689653,"total":29.0},"Male":{"raw":25.0,"perc":86.206896551724128,"total":29.0},"Female":{"raw":3.0,"perc":10.344827586206897,"total":29.0}},"Difficult Experiences":{"Male":{"raw":11.0,"perc":73.333333333333329,"total":15.0},"Not-Specified":{"raw":3.0,"perc":20.0,"total":15.0},"Female":{"raw":1.0,"perc":6.666666666666667,"total":15.0}},"Health Problems":{"Male":{"raw":6.0,"perc":66.666666666666657,"total":9.0},"Female":{"raw":2.0,"perc":22.222222222222221,"total":9.0},"Not-Specified":{"raw":1.0,"perc":11.111111111111111,"total":9.0}},"Multi-Day Experience":{"Male":{"raw":16.0,"perc":72.727272727272734,"total":22.0},"Female":{"raw":4.0,"perc":18.181818181818183,"total":22.0},"Not-Specified":{"raw":2.0,"perc":9.0909090909090917,"total":22.0}},"Retrospective / Summary":{"Male":{"raw":5.0,"perc":83.333333333333343,"total":6.0},"Female":{"raw":1.0,"perc":16.666666666666664,"total":6.0}},"Health Benefits":{"Male":{"raw":2.0,"perc":100.0,"total":2.0}},"Music Discussion":{"Male":{"raw":4.0,"perc":100.0,"total":4.0}},"Entities / Beings":{"Male":{"raw":3.0,"perc":100.0,"total":3.0}},"Mystical Experiences":{"Male":{"raw":3.0,"perc":75.0,"total":4.0},"Not-Specified":{"raw":1.0,"perc":25.0,"total":4.0}},"Depression":{"Male":{"raw":1.0,"perc":100.0,"total":1.0}},"First Times":{"Male":{"raw":6.0,"perc":100.0,"total":6.0}},"Bad Trips":{"Male":{"raw":3.0,"perc":75.0,"total":4.0},"Female":{"raw":1.0,"perc":25.0,"total":4.0}},"Loss of Magic":{"Male":{"raw":1.0,"perc":50.0,"total":2.0},"Female":{"raw":1.0,"perc":50.0,"total":2.0}},"Hangover / Days After":{"Male":{"raw":7.0,"perc":77.777777777777786,"total":9.0},"Female":{"raw":1.0,"perc":11.111111111111111,"total":9.0},"Not-Specified":{"raw":1.0,"perc":11.111111111111111,"total":9.0}},"Medical Use":{"Male":{"raw":1.0,"perc":100.0,"total":1.0}},"HPPD / Lasting Visuals":{"Male":{"raw":2.0,"perc":100.0,"total":2.0}},"Glowing Experiences":{"Male":{"raw":2.0,"perc":100.0,"total":2.0}},"Sex Discussion":{"Male":{"raw":1.0,"perc":50.0,"total":2.0},"Female":{"raw":1.0,"perc":50.0,"total":2.0}},"What Was in That?":{"Male":{"raw":1.0,"perc":100.0,"total":1.0}},"Guides / Sitters":{"Male":{"raw":2.0,"perc":100.0,"total":2.0}},"Relationships":{"Male":{"raw":1.0,"perc":100.0,"total":1.0}},"Overdose":{"Male":{"raw":1.0,"perc":50.0,"total":2.0},"Not-Specified":{"raw":1.0,"perc":50.0,"total":2.0}},"Post Trip Problems":{"Male":{"raw":1.0,"perc":50.0,"total":2.0},"Not-Specified":{"raw":1.0,"perc":50.0,"total":2.0}},"Performance Enhancement":{"Male":{"raw":3.0,"perc":100.0,"total":3.0}},"Preparation / Recipes":{"Male":{"raw":1.0,"perc":100.0,"total":1.0}}},"OBE":{"General":{"Not-Specified":{"raw":3.0,"perc":13.636363636363635,"total":22.0},"Male":{"raw":17.0,"perc":77.272727272727266,"total":22.0},"Female":{"raw":2.0,"perc":9.0909090909090917,"total":22.0}},"Nature / Outdoors":{"Male":{"raw":1.0,"perc":100.0,"total":1.0}},"Mystical Experiences":{"Male":{"raw":13.0,"perc":100.0,"total":13.0}},"Difficult Experiences":{"Male":{"raw":8.0,"perc":72.727272727272734,"total":11.0},"Female":{"raw":2.0,"perc":18.181818181818183,"total":11.0},"Not-Specified":{"raw":1.0,"perc":9.0909090909090917,"total":11.0}},"Entities / Beings":{"Male":{"raw":12.0,"perc":92.3076923076923,"total":13.0},"Not-Specified":{"raw":1.0,"perc":7.6923076923076925,"total":13.0}},"Guides / Sitters":{"Male":{"raw":3.0,"perc":100.0,"total":3.0}},"First Times":{"Male":{"raw":7.0,"perc":87.5,"total":8.0},"Female":{"raw":1.0,"perc":12.5,"total":8.0}},"Depression":{"Male":{"raw":2.0,"perc":100.0,"total":2.0}},"Post Trip Problems":{"Male":{"raw":2.0,"perc":66.666666666666657,"total":3.0},"Female":{"raw":1.0,"perc":33.333333333333329,"total":3.0}},"Medical Use":{"Male":{"raw":1.0,"perc":100.0,"total":1.0}},"Retrospective / Summary":{"Male":{"raw":3.0,"perc":100.0,"total":3.0}},"Glowing Experiences":{"Male":{"raw":10.0,"perc":100.0,"total":10.0}},"Sex Discussion":{"Male":{"raw":2.0,"perc":100.0,"total":2.0}},"Hangover / Days After":{"Female":{"raw":2.0,"perc":50.0,"total":4.0},"Male":{"raw":2.0,"perc":50.0,"total":4.0}},"Second Hand Report":{"Male":{"raw":1.0,"perc":100.0,"total":1.0}},"Overdose":{"Male":{"raw":1.0,"perc":50.0,"total":2.0},"Female":{"raw":1.0,"perc":50.0,"total":2.0}},"Bad Trips":{"Male":{"raw":1.0,"perc":100.0,"total":1.0}},"Music Discussion":{"Male":{"raw":1.0,"perc":100.0,"total":1.0}},"Multi-Day Experience":{"Male":{"raw":2.0,"perc":100.0,"total":2.0}},"Health Problems":{"Female":{"raw":1.0,"perc":100.0,"total":1.0}},"What Was in That?":{"Male":{"raw":1.0,"perc":100.0,"total":1.0}},"Personal Preparation":{"Male":{"raw":1.0,"perc":100.0,"total":1.0}},"Relationships":{"Male":{"raw":1.0,"perc":100.0,"total":1.0}}},"Dreams":{"General":{"Male":{"raw":89.0,"perc":81.651376146788991,"total":109.0},"Not-Specified":{"raw":10.0,"perc":9.1743119266055047,"total":109.0},"Female":{"raw":10.0,"perc":9.1743119266055047,"total":109.0}},"Difficult Experiences":{"Male":{"raw":6.0,"perc":50.0,"total":12.0},"Female":{"raw":5.0,"perc":41.666666666666671,"total":12.0},"Not-Specified":{"raw":1.0,"perc":8.3333333333333321,"total":12.0}},"First Times":{"Male":{"raw":27.0,"perc":75.0,"total":36.0},"Not-Specified":{"raw":3.0,"perc":8.3333333333333321,"total":36.0},"Female":{"raw":6.0,"perc":16.666666666666664,"total":36.0}},"Preparation / Recipes":{"Not-Specified":{"raw":1.0,"perc":14.285714285714285,"total":7.0},"Male":{"raw":6.0,"perc":85.714285714285708,"total":7.0}},"Retrospective / Summary":{"Male":{"raw":48.0,"perc":88.888888888888886,"total":54.0},"Not-Specified":{"raw":4.0,"perc":7.4074074074074066,"total":54.0},"Female":{"raw":2.0,"perc":3.7037037037037033,"total":54.0}},"Health Problems":{"Male":{"raw":4.0,"perc":100.0,"total":4.0}},"Post Trip Problems":{"Male":{"raw":5.0,"perc":83.333333333333343,"total":6.0},"Female":{"raw":1.0,"perc":16.666666666666664,"total":6.0}},"Mystical Experiences":{"Male":{"raw":8.0,"perc":100.0,"total":8.0}},"Glowing Experiences":{"Not-Specified":{"raw":1.0,"perc":3.5714285714285712,"total":28.0},"Male":{"raw":24.0,"perc":85.714285714285708,"total":28.0},"Female":{"raw":3.0,"perc":10.714285714285714,"total":28.0}},"Entities / Beings":{"Male":{"raw":19.0,"perc":95.0,"total":20.0},"Female":{"raw":1.0,"perc":5.0,"total":20.0}},"Sex Discussion":{"Male":{"raw":4.0,"perc":66.666666666666657,"total":6.0},"Not-Specified":{"raw":1.0,"perc":16.666666666666664,"total":6.0},"Female":{"raw":1.0,"perc":16.666666666666664,"total":6.0}},"Hangover / Days After":{"Male":{"raw":6.0,"perc":85.714285714285708,"total":7.0},"Female":{"raw":1.0,"perc":14.285714285714285,"total":7.0}},"Medical Use":{"Male":{"raw":9.0,"perc":81.818181818181827,"total":11.0},"Female":{"raw":1.0,"perc":9.0909090909090917,"total":11.0},"Not-Specified":{"raw":1.0,"perc":9.0909090909090917,"total":11.0}},"Health Benefits":{"Male":{"raw":5.0,"perc":71.428571428571431,"total":7.0},"Female":{"raw":2.0,"perc":28.571428571428569,"total":7.0}},"Depression":{"Male":{"raw":6.0,"perc":100.0,"total":6.0}},"Overdose":{"Male":{"raw":2.0,"perc":100.0,"total":2.0}},"Relationships":{"Male":{"raw":1.0,"perc":100.0,"total":1.0}},"Guides / Sitters":{"Female":{"raw":1.0,"perc":100.0,"total":1.0}},"Multi-Day Experience":{"Male":{"raw":4.0,"perc":80.0,"total":5.0},"Not-Specified":{"raw":1.0,"perc":20.0,"total":5.0}},"Nature / Outdoors":{"Female":{"raw":1.0,"perc":50.0,"total":2.0},"Male":{"raw":1.0,"perc":50.0,"total":2.0}},"Second Hand Report":{"Male":{"raw":2.0,"perc":100.0,"total":2.0}},"Music Discussion":{"Male":{"raw":1.0,"perc":100.0,"total":1.0}},"Therapeutic Intent or Outcome":{"Male":{"raw":6.0,"perc":100.0,"total":6.0}}},"Endogenous":{"Bad Trips":{"Not-Specified":{"raw":1.0,"perc":25.0,"total":4.0},"Male":{"raw":3.0,"perc":75.0,"total":4.0}},"Health Problems":{"Not-Specified":{"raw":2.0,"perc":25.0,"total":8.0},"Male":{"raw":6.0,"perc":75.0,"total":8.0}},"General":{"Male":{"raw":7.0,"perc":77.777777777777786,"total":9.0},"Female":{"raw":2.0,"perc":22.222222222222221,"total":9.0}},"First Times":{"Male":{"raw":4.0,"perc":80.0,"total":5.0},"Not-Specified":{"raw":1.0,"perc":20.0,"total":5.0}},"Multi-Day Experience":{"Male":{"raw":2.0,"perc":100.0,"total":2.0}},"Retrospective / Summary":{"Male":{"raw":4.0,"perc":100.0,"total":4.0}},"HPPD / Lasting Visuals":{"Male":{"raw":2.0,"perc":100.0,"total":2.0}},"Overdose":{"Male":{"raw":1.0,"perc":100.0,"total":1.0}},"Depression":{"Male":{"raw":3.0,"perc":100.0,"total":3.0}},"Post Trip Problems":{"Male":{"raw":3.0,"perc":100.0,"total":3.0}},"Glowing Experiences":{"Male":{"raw":2.0,"perc":100.0,"total":2.0}},"Difficult Experiences":{"Not-Specified":{"raw":1.0,"perc":20.0,"total":5.0},"Male":{"raw":4.0,"perc":80.0,"total":5.0}},"Mystical Experiences":{"Male":{"raw":3.0,"perc":100.0,"total":3.0}},"Entities / Beings":{"Male":{"raw":2.0,"perc":100.0,"total":2.0}},"Therapeutic Intent or Outcome":{"Male":{"raw":1.0,"perc":100.0,"total":1.0}},"Hangover / Days After":{"Female":{"raw":1.0,"perc":50.0,"total":2.0},"Male":{"raw":1.0,"perc":50.0,"total":2.0}},"Guides / Sitters":{"Male":{"raw":1.0,"perc":100.0,"total":1.0}},"Medical Use":{"Female":{"raw":1.0,"perc":33.333333333333329,"total":3.0},"Male":{"raw":2.0,"perc":66.666666666666657,"total":3.0}},"Second Hand Report":{"Female":{"raw":1.0,"perc":100.0,"total":1.0}}},"Police / Customs":{"General":{"Male":{"raw":34.0,"perc":91.8918918918919,"total":37.0},"Female":{"raw":3.0,"perc":8.1081081081081088,"total":37.0}},"First Times":{"Male":{"raw":10.0,"perc":83.333333333333343,"total":12.0},"Female":{"raw":2.0,"perc":16.666666666666664,"total":12.0}},"Retrospective / Summary":{"Male":{"raw":11.0,"perc":84.615384615384613,"total":13.0},"Female":{"raw":2.0,"perc":15.384615384615385,"total":13.0}},"Glowing Experiences":{"Male":{"raw":5.0,"perc":83.333333333333343,"total":6.0},"Female":{"raw":1.0,"perc":16.666666666666664,"total":6.0}},"Bad Trips":{"Male":{"raw":13.0,"perc":86.666666666666671,"total":15.0},"Female":{"raw":2.0,"perc":13.333333333333334,"total":15.0}},"Preparation / Recipes":{"Male":{"raw":3.0,"perc":75.0,"total":4.0},"Not-Specified":{"raw":1.0,"perc":25.0,"total":4.0}},"Post Trip Problems":{"Male":{"raw":14.0,"perc":87.5,"total":16.0},"Female":{"raw":2.0,"perc":12.5,"total":16.0}},"Health Problems":{"Male":{"raw":4.0,"perc":100.0,"total":4.0}},"Entities / Beings":{"Male":{"raw":8.0,"perc":100.0,"total":8.0}},"Difficult Experiences":{"Male":{"raw":21.0,"perc":87.5,"total":24.0},"Female":{"raw":3.0,"perc":12.5,"total":24.0}},"Second Hand Report":{"Male":{"raw":7.0,"perc":87.5,"total":8.0},"Not-Specified":{"raw":1.0,"perc":12.5,"total":8.0}},"Overdose":{"Female":{"raw":1.0,"perc":16.666666666666664,"total":6.0},"Male":{"raw":5.0,"perc":83.333333333333343,"total":6.0}},"Health Benefits":{"Male":{"raw":1.0,"perc":100.0,"total":1.0}},"Depression":{"Male":{"raw":3.0,"perc":75.0,"total":4.0},"Female":{"raw":1.0,"perc":25.0,"total":4.0}},"Multi-Day Experience":{"Female":{"raw":2.0,"perc":66.666666666666657,"total":3.0},"Male":{"raw":1.0,"perc":33.333333333333329,"total":3.0}},"Nature / Outdoors":{"Male":{"raw":3.0,"perc":100.0,"total":3.0}},"HPPD / Lasting Visuals":{"Male":{"raw":1.0,"perc":100.0,"total":1.0}},"Hangover / Days After":{"Female":{"raw":2.0,"perc":25.0,"total":8.0},"Male":{"raw":6.0,"perc":75.0,"total":8.0}},"Music Discussion":{"Male":{"raw":5.0,"perc":83.333333333333343,"total":6.0},"Female":{"raw":1.0,"perc":16.666666666666664,"total":6.0}},"Mystical Experiences":{"Male":{"raw":2.0,"perc":100.0,"total":2.0}},"Relationships":{"Male":{"raw":2.0,"perc":66.666666666666657,"total":3.0},"Female":{"raw":1.0,"perc":33.333333333333329,"total":3.0}},"Personal Preparation":{"Male":{"raw":1.0,"perc":100.0,"total":1.0}},"Guides / Sitters":{"Male":{"raw":1.0,"perc":50.0,"total":2.0},"Female":{"raw":1.0,"perc":50.0,"total":2.0}},"Families":{"Male":{"raw":1.0,"perc":100.0,"total":1.0}},"Therapeutic Intent or Outcome":{"Male":{"raw":1.0,"perc":100.0,"total":1.0}},"Performance Enhancement":{"Male":{"raw":1.0,"perc":100.0,"total":1.0}}},"Meditation":{"General":{"Male":{"raw":32.0,"perc":88.888888888888886,"total":36.0},"Female":{"raw":1.0,"perc":2.7777777777777777,"total":36.0},"Not-Specified":{"raw":3.0,"perc":8.3333333333333321,"total":36.0}},"Retrospective / Summary":{"Male":{"raw":25.0,"perc":83.333333333333343,"total":30.0},"Not-Specified":{"raw":3.0,"perc":10.0,"total":30.0},"Female":{"raw":2.0,"perc":6.666666666666667,"total":30.0}},"Bad Trips":{"Male":{"raw":1.0,"perc":100.0,"total":1.0}},"Mystical Experiences":{"Male":{"raw":14.0,"perc":77.777777777777786,"total":18.0},"Not-Specified":{"raw":3.0,"perc":16.666666666666664,"total":18.0},"Female":{"raw":1.0,"perc":5.5555555555555554,"total":18.0}},"Glowing Experiences":{"Male":{"raw":24.0,"perc":77.41935483870968,"total":31.0},"Female":{"raw":5.0,"perc":16.129032258064516,"total":31.0},"Not-Specified":{"raw":2.0,"perc":6.4516129032258061,"total":31.0}},"Health Benefits":{"Male":{"raw":5.0,"perc":71.428571428571431,"total":7.0},"Female":{"raw":2.0,"perc":28.571428571428569,"total":7.0}},"Personal Preparation":{"Male":{"raw":5.0,"perc":100.0,"total":5.0}},"Depression":{"Male":{"raw":1.0,"perc":100.0,"total":1.0}},"Preparation / Recipes":{"Male":{"raw":2.0,"perc":100.0,"total":2.0}},"Health Problems":{"Male":{"raw":2.0,"perc":100.0,"total":2.0}},"First Times":{"Male":{"raw":7.0,"perc":58.333333333333336,"total":12.0},"Female":{"raw":4.0,"perc":33.333333333333329,"total":12.0},"Not-Specified":{"raw":1.0,"perc":8.3333333333333321,"total":12.0}},"Therapeutic Intent or Outcome":{"Male":{"raw":4.0,"perc":80.0,"total":5.0},"Not-Specified":{"raw":1.0,"perc":20.0,"total":5.0}},"Guides / Sitters":{"Male":{"raw":2.0,"perc":50.0,"total":4.0},"Female":{"raw":1.0,"perc":25.0,"total":4.0},"Not-Specified":{"raw":1.0,"perc":25.0,"total":4.0}},"Multi-Day Experience":{"Male":{"raw":4.0,"perc":100.0,"total":4.0}},"Entities / Beings":{"Male":{"raw":11.0,"perc":91.666666666666657,"total":12.0},"Female":{"raw":1.0,"perc":8.3333333333333321,"total":12.0}},"Hangover / Days After":{"Male":{"raw":3.0,"perc":100.0,"total":3.0}},"Music Discussion":{"Male":{"raw":7.0,"perc":100.0,"total":7.0}},"Relationships":{"Female":{"raw":1.0,"perc":25.0,"total":4.0},"Male":{"raw":2.0,"perc":50.0,"total":4.0},"Not-Specified":{"raw":1.0,"perc":25.0,"total":4.0}},"Second Hand Report":{"Female":{"raw":1.0,"perc":100.0,"total":1.0}},"Difficult Experiences":{"Male":{"raw":4.0,"perc":100.0,"total":4.0}},"Poetry":{"Male":{"raw":1.0,"perc":100.0,"total":1.0}},"Sex Discussion":{"Female":{"raw":1.0,"perc":33.333333333333329,"total":3.0},"Male":{"raw":2.0,"perc":66.666666666666657,"total":3.0}},"Post Trip Problems":{"Male":{"raw":2.0,"perc":100.0,"total":2.0}},"Nature / Outdoors":{"Male":{"raw":4.0,"perc":100.0,"total":4.0}},"What Was in That?":{"Male":{"raw":1.0,"perc":100.0,"total":1.0}},"Loss of Magic":{"Not-Specified":{"raw":1.0,"perc":100.0,"total":1.0}}},"Ritual":{"Sex Discussion":{"Male":{"raw":4.0,"perc":100.0,"total":4.0}},"Difficult Experiences":{"Male":{"raw":4.0,"perc":100.0,"total":4.0}},"Glowing Experiences":{"Male":{"raw":7.0,"perc":77.777777777777786,"total":9.0},"Female":{"raw":2.0,"perc":22.222222222222221,"total":9.0}},"Mystical Experiences":{"Male":{"raw":15.0,"perc":88.235294117647058,"total":17.0},"Female":{"raw":2.0,"perc":11.76470588235294,"total":17.0}},"Multi-Day Experience":{"Male":{"raw":1.0,"perc":100.0,"total":1.0}},"Retrospective / Summary":{"Male":{"raw":5.0,"perc":83.333333333333343,"total":6.0},"Female":{"raw":1.0,"perc":16.666666666666664,"total":6.0}},"Preparation / Recipes":{"Male":{"raw":3.0,"perc":100.0,"total":3.0}},"Personal Preparation":{"Male":{"raw":3.0,"perc":60.0,"total":5.0},"Female":{"raw":2.0,"perc":40.0,"total":5.0}},"First Times":{"Female":{"raw":4.0,"perc":44.444444444444443,"total":9.0},"Male":{"raw":5.0,"perc":55.555555555555557,"total":9.0}},"General":{"Male":{"raw":6.0,"perc":75.0,"total":8.0},"Female":{"raw":2.0,"perc":25.0,"total":8.0}},"Relationships":{"Male":{"raw":2.0,"perc":66.666666666666657,"total":3.0},"Female":{"raw":1.0,"perc":33.333333333333329,"total":3.0}},"Health Benefits":{"Male":{"raw":1.0,"perc":100.0,"total":1.0}},"Depression":{"Male":{"raw":1.0,"perc":100.0,"total":1.0}},"Guides / Sitters":{"Female":{"raw":3.0,"perc":30.0,"total":10.0},"Male":{"raw":7.0,"perc":70.0,"total":10.0}},"Entities / Beings":{"Male":{"raw":8.0,"perc":88.888888888888886,"total":9.0},"Female":{"raw":1.0,"perc":11.111111111111111,"total":9.0}},"Music Discussion":{"Female":{"raw":1.0,"perc":33.333333333333329,"total":3.0},"Male":{"raw":2.0,"perc":66.666666666666657,"total":3.0}},"Nature / Outdoors":{"Male":{"raw":3.0,"perc":100.0,"total":3.0}},"Therapeutic Intent or Outcome":{"Male":{"raw":6.0,"perc":100.0,"total":6.0}}},"Breathing":{"General":{"Male":{"raw":10.0,"perc":100.0,"total":10.0}},"Mystical Experiences":{"Not-Specified":{"raw":1.0,"perc":25.0,"total":4.0},"Male":{"raw":3.0,"perc":75.0,"total":4.0}},"Families":{"Not-Specified":{"raw":1.0,"perc":100.0,"total":1.0}},"Guides / Sitters":{"Not-Specified":{"raw":1.0,"perc":100.0,"total":1.0}},"Entities / Beings":{"Male":{"raw":2.0,"perc":100.0,"total":2.0}},"Health Problems":{"Male":{"raw":3.0,"perc":100.0,"total":3.0}},"Glowing Experiences":{"Male":{"raw":4.0,"perc":80.0,"total":5.0},"Female":{"raw":1.0,"perc":20.0,"total":5.0}},"First Times":{"Male":{"raw":3.0,"perc":75.0,"total":4.0},"Female":{"raw":1.0,"perc":25.0,"total":4.0}},"Post Trip Problems":{"Male":{"raw":2.0,"perc":100.0,"total":2.0}},"Retrospective / Summary":{"Male":{"raw":3.0,"perc":100.0,"total":3.0}},"Health Benefits":{"Female":{"raw":1.0,"perc":100.0,"total":1.0}},"Sex Discussion":{"Female":{"raw":1.0,"perc":100.0,"total":1.0}},"Preparation / Recipes":{"Male":{"raw":1.0,"perc":100.0,"total":1.0}},"Nature / Outdoors":{"Male":{"raw":1.0,"perc":100.0,"total":1.0}},"Medical Use":{"Male":{"raw":1.0,"perc":100.0,"total":1.0}},"Therapeutic Intent or Outcome":{"Male":{"raw":1.0,"perc":100.0,"total":1.0}},"Depression":{"Male":{"raw":1.0,"perc":100.0,"total":1.0}}},"Hyperventilation":{"General":{"Male":{"raw":5.0,"perc":100.0,"total":5.0}},"Mystical Experiences":{"Not-Specified":{"raw":1.0,"perc":50.0,"total":2.0},"Male":{"raw":1.0,"perc":50.0,"total":2.0}},"Families":{"Not-Specified":{"raw":1.0,"perc":100.0,"total":1.0}},"Guides / Sitters":{"Not-Specified":{"raw":1.0,"perc":100.0,"total":1.0}},"Health Problems":{"Male":{"raw":2.0,"perc":100.0,"total":2.0}},"First Times":{"Male":{"raw":3.0,"perc":100.0,"total":3.0}},"Post Trip Problems":{"Male":{"raw":1.0,"perc":100.0,"total":1.0}},"Glowing Experiences":{"Male":{"raw":1.0,"perc":100.0,"total":1.0}}},"Migraines":{"Retrospective / Summary":{"Female":{"raw":2.0,"perc":33.333333333333329,"total":6.0},"Male":{"raw":4.0,"perc":66.666666666666657,"total":6.0}},"Health Problems":{"Female":{"raw":1.0,"perc":16.666666666666664,"total":6.0},"Male":{"raw":5.0,"perc":83.333333333333343,"total":6.0}},"Depression":{"Female":{"raw":1.0,"perc":33.333333333333329,"total":3.0},"Male":{"raw":2.0,"perc":66.666666666666657,"total":3.0}},"Post Trip Problems":{"Female":{"raw":1.0,"perc":25.0,"total":4.0},"Male":{"raw":3.0,"perc":75.0,"total":4.0}},"Health Benefits":{"Male":{"raw":8.0,"perc":66.666666666666657,"total":12.0},"Female":{"raw":2.0,"perc":16.666666666666664,"total":12.0},"Not-Specified":{"raw":2.0,"perc":16.666666666666664,"total":12.0}},"Medical Use":{"Male":{"raw":6.0,"perc":75.0,"total":8.0},"Not-Specified":{"raw":1.0,"perc":12.5,"total":8.0},"Female":{"raw":1.0,"perc":12.5,"total":8.0}},"Second Hand Report":{"Male":{"raw":1.0,"perc":100.0,"total":1.0}},"Hangover / Days After":{"Not-Specified":{"raw":1.0,"perc":33.333333333333329,"total":3.0},"Male":{"raw":2.0,"perc":66.666666666666657,"total":3.0}},"Glowing Experiences":{"Female":{"raw":1.0,"perc":100.0,"total":1.0}},"Mystical Experiences":{"Female":{"raw":1.0,"perc":100.0,"total":1.0}},"Relationships":{"Female":{"raw":1.0,"perc":100.0,"total":1.0}},"General":{"Male":{"raw":1.0,"perc":100.0,"total":1.0}},"Difficult Experiences":{"Male":{"raw":1.0,"perc":100.0,"total":1.0}},"Entities / Beings":{"Male":{"raw":1.0,"perc":100.0,"total":1.0}},"Music Discussion":{"Male":{"raw":1.0,"perc":100.0,"total":1.0}},"What Was in That?":{"Male":{"raw":1.0,"perc":100.0,"total":1.0}},"Therapeutic Intent or Outcome":{"Not-Specified":{"raw":1.0,"perc":100.0,"total":1.0}}},"Floatation Tank":{"General":{"Male":{"raw":3.0,"perc":100.0,"total":3.0}},"Health Problems":{"Male":{"raw":1.0,"perc":100.0,"total":1.0}},"Health Benefits":{"Male":{"raw":1.0,"perc":100.0,"total":1.0}},"First Times":{"Not-Specified":{"raw":1.0,"perc":33.333333333333329,"total":3.0},"Male":{"raw":1.0,"perc":33.333333333333329,"total":3.0},"Female":{"raw":1.0,"perc":33.333333333333329,"total":3.0}},"Hangover / Days After":{"Not-Specified":{"raw":1.0,"perc":100.0,"total":1.0}},"Preparation / Recipes":{"Male":{"raw":1.0,"perc":100.0,"total":1.0}}},"Fasting":{"General":{"Male":{"raw":8.0,"perc":88.888888888888886,"total":9.0},"Female":{"raw":1.0,"perc":11.111111111111111,"total":9.0}},"Health Benefits":{"Male":{"raw":2.0,"perc":66.666666666666657,"total":3.0},"Female":{"raw":1.0,"perc":33.333333333333329,"total":3.0}},"Difficult Experiences":{"Male":{"raw":3.0,"perc":100.0,"total":3.0}},"Mystical Experiences":{"Male":{"raw":5.0,"perc":100.0,"total":5.0}},"Entities / Beings":{"Male":{"raw":4.0,"perc":100.0,"total":4.0}},"Multi-Day Experience":{"Female":{"raw":1.0,"perc":20.0,"total":5.0},"Male":{"raw":3.0,"perc":60.0,"total":5.0},"Not-Specified":{"raw":1.0,"perc":20.0,"total":5.0}},"Glowing Experiences":{"Not-Specified":{"raw":1.0,"perc":100.0,"total":1.0}},"Retrospective / Summary":{"Male":{"raw":6.0,"perc":75.0,"total":8.0},"Female":{"raw":1.0,"perc":12.5,"total":8.0},"Not-Specified":{"raw":1.0,"perc":12.5,"total":8.0}},"Personal Preparation":{"Female":{"raw":1.0,"perc":25.0,"total":4.0},"Male":{"raw":3.0,"perc":75.0,"total":4.0}},"Relationships":{"Male":{"raw":1.0,"perc":100.0,"total":1.0}},"Nature / Outdoors":{"Male":{"raw":2.0,"perc":100.0,"total":2.0}},"Post Trip Problems":{"Male":{"raw":1.0,"perc":100.0,"total":1.0}},"First Times":{"Male":{"raw":1.0,"perc":100.0,"total":1.0}},"Therapeutic Intent or Outcome":{"Male":{"raw":1.0,"perc":100.0,"total":1.0}}},"Guiding":{"Retrospective / Summary":{"Male":{"raw":2.0,"perc":100.0,"total":2.0}},"Glowing Experiences":{"Male":{"raw":2.0,"perc":100.0,"total":2.0}},"Mystical Experiences":{"Male":{"raw":1.0,"perc":100.0,"total":1.0}},"Guides / Sitters":{"Male":{"raw":2.0,"perc":66.666666666666657,"total":3.0},"Female":{"raw":1.0,"perc":33.333333333333329,"total":3.0}},"First Times":{"Female":{"raw":1.0,"perc":100.0,"total":1.0}},"Nature / Outdoors":{"Female":{"raw":1.0,"perc":50.0,"total":2.0},"Male":{"raw":1.0,"perc":50.0,"total":2.0}},"General":{"Male":{"raw":1.0,"perc":100.0,"total":1.0}}},"Nitrogen Narcosis":{"General":{"Male":{"raw":5.0,"perc":100.0,"total":5.0}},"Nature / Outdoors":{"Male":{"raw":1.0,"perc":100.0,"total":1.0}},"First Times":{"Male":{"raw":2.0,"perc":100.0,"total":2.0}},"Retrospective / Summary":{"Male":{"raw":1.0,"perc":100.0,"total":1.0}},"Difficult Experiences":{"Male":{"raw":1.0,"perc":100.0,"total":1.0}},"Entities / Beings":{"Male":{"raw":1.0,"perc":100.0,"total":1.0}}},"Yoga / Bodywork":{"Glowing Experiences":{"Male":{"raw":14.0,"perc":77.777777777777786,"total":18.0},"Female":{"raw":4.0,"perc":22.222222222222221,"total":18.0}},"Mystical Experiences":{"Male":{"raw":8.0,"perc":80.0,"total":10.0},"Not-Specified":{"raw":1.0,"perc":10.0,"total":10.0},"Female":{"raw":1.0,"perc":10.0,"total":10.0}},"Entities / Beings":{"Male":{"raw":5.0,"perc":100.0,"total":5.0}},"General":{"Male":{"raw":11.0,"perc":61.111111111111114,"total":18.0},"Female":{"raw":6.0,"perc":33.333333333333329,"total":18.0},"Not-Specified":{"raw":1.0,"perc":5.5555555555555554,"total":18.0}},"Multi-Day Experience":{"Male":{"raw":1.0,"perc":100.0,"total":1.0}},"Preparation / Recipes":{"Male":{"raw":1.0,"perc":100.0,"total":1.0}},"Music Discussion":{"Male":{"raw":4.0,"perc":80.0,"total":5.0},"Female":{"raw":1.0,"perc":20.0,"total":5.0}},"Retrospective / Summary":{"Male":{"raw":4.0,"perc":66.666666666666657,"total":6.0},"Not-Specified":{"raw":1.0,"perc":16.666666666666664,"total":6.0},"Female":{"raw":1.0,"perc":16.666666666666664,"total":6.0}},"Sex Discussion":{"Male":{"raw":1.0,"perc":50.0,"total":2.0},"Female":{"raw":1.0,"perc":50.0,"total":2.0}},"Health Problems":{"Female":{"raw":1.0,"perc":100.0,"total":1.0}},"Relationships":{"Female":{"raw":1.0,"perc":100.0,"total":1.0}},"Hangover / Days After":{"Female":{"raw":1.0,"perc":100.0,"total":1.0}},"First Times":{"Male":{"raw":4.0,"perc":66.666666666666657,"total":6.0},"Female":{"raw":2.0,"perc":33.333333333333329,"total":6.0}},"Health Benefits":{"Male":{"raw":2.0,"perc":100.0,"total":2.0}},"Nature / Outdoors":{"Male":{"raw":3.0,"perc":100.0,"total":3.0}},"Guides / Sitters":{"Female":{"raw":1.0,"perc":50.0,"total":2.0},"Male":{"raw":1.0,"perc":50.0,"total":2.0}},"Families":{"Male":{"raw":1.0,"perc":100.0,"total":1.0}},"Therapeutic Intent or Outcome":{"Male":{"raw":2.0,"perc":100.0,"total":2.0}},"Depression":{"Male":{"raw":1.0,"perc":100.0,"total":1.0}},"Post Trip Problems":{"Female":{"raw":1.0,"perc":100.0,"total":1.0}},"Performance Enhancement":{"Male":{"raw":1.0,"perc":100.0,"total":1.0}}},"Devices":{"Music Discussion":{"Male":{"raw":3.0,"perc":75.0,"total":4.0},"Female":{"raw":1.0,"perc":25.0,"total":4.0}},"General":{"Male":{"raw":7.0,"perc":70.0,"total":10.0},"Female":{"raw":3.0,"perc":30.0,"total":10.0}},"First Times":{"Male":{"raw":6.0,"perc":85.714285714285708,"total":7.0},"Not-Specified":{"raw":1.0,"perc":14.285714285714285,"total":7.0}},"Difficult Experiences":{"Male":{"raw":1.0,"perc":100.0,"total":1.0}},"Glowing Experiences":{"Male":{"raw":5.0,"perc":62.5,"total":8.0},"Female":{"raw":2.0,"perc":25.0,"total":8.0},"Not-Specified":{"raw":1.0,"perc":12.5,"total":8.0}},"Mystical Experiences":{"Male":{"raw":4.0,"perc":80.0,"total":5.0},"Female":{"raw":1.0,"perc":20.0,"total":5.0}},"Health Benefits":{"Male":{"raw":1.0,"perc":50.0,"total":2.0},"Female":{"raw":1.0,"perc":50.0,"total":2.0}},"Relationships":{"Female":{"raw":1.0,"perc":50.0,"total":2.0},"Male":{"raw":1.0,"perc":50.0,"total":2.0}},"Retrospective / Summary":{"Male":{"raw":1.0,"perc":100.0,"total":1.0}},"Entities / Beings":{"Male":{"raw":2.0,"perc":100.0,"total":2.0}}},"Devices - Mind Machine":{"General":{"Male":{"raw":4.0,"perc":66.666666666666657,"total":6.0},"Female":{"raw":2.0,"perc":33.333333333333329,"total":6.0}},"First Times":{"Male":{"raw":2.0,"perc":100.0,"total":2.0}},"Difficult Experiences":{"Male":{"raw":1.0,"perc":100.0,"total":1.0}},"Glowing Experiences":{"Male":{"raw":4.0,"perc":80.0,"total":5.0},"Female":{"raw":1.0,"perc":20.0,"total":5.0}},"Mystical Experiences":{"Male":{"raw":3.0,"perc":75.0,"total":4.0},"Female":{"raw":1.0,"perc":25.0,"total":4.0}},"Music Discussion":{"Male":{"raw":1.0,"perc":50.0,"total":2.0},"Female":{"raw":1.0,"perc":50.0,"total":2.0}},"Health Benefits":{"Male":{"raw":1.0,"perc":50.0,"total":2.0},"Female":{"raw":1.0,"perc":50.0,"total":2.0}},"Relationships":{"Female":{"raw":1.0,"perc":100.0,"total":1.0}},"Retrospective / Summary":{"Male":{"raw":1.0,"perc":100.0,"total":1.0}},"Entities / Beings":{"Male":{"raw":1.0,"perc":100.0,"total":1.0}}},"Mindfulness":{"Retrospective / Summary":{"Male":{"raw":2.0,"perc":66.666666666666657,"total":3.0},"Female":{"raw":1.0,"perc":33.333333333333329,"total":3.0}},"Health Benefits":{"Male":{"raw":2.0,"perc":100.0,"total":2.0}},"Depression":{"Male":{"raw":2.0,"perc":100.0,"total":2.0}},"General":{"Male":{"raw":2.0,"perc":50.0,"total":4.0},"Female":{"raw":2.0,"perc":50.0,"total":4.0}},"Music Discussion":{"Male":{"raw":1.0,"perc":100.0,"total":1.0}},"Glowing Experiences":{"Male":{"raw":3.0,"perc":60.0,"total":5.0},"Female":{"raw":2.0,"perc":40.0,"total":5.0}},"Mystical Experiences":{"Male":{"raw":4.0,"perc":80.0,"total":5.0},"Female":{"raw":1.0,"perc":20.0,"total":5.0}},"Nature / Outdoors":{"Male":{"raw":2.0,"perc":66.666666666666657,"total":3.0},"Female":{"raw":1.0,"perc":33.333333333333329,"total":3.0}},"First Times":{"Male":{"raw":2.0,"perc":100.0,"total":2.0}},"Entities / Beings":{"Male":{"raw":2.0,"perc":50.0,"total":4.0},"Female":{"raw":2.0,"perc":50.0,"total":4.0}},"Guides / Sitters":{"Male":{"raw":1.0,"perc":100.0,"total":1.0}},"Relationships":{"Male":{"raw":2.0,"perc":66.666666666666657,"total":3.0},"Female":{"raw":1.0,"perc":33.333333333333329,"total":3.0}},"Therapeutic Intent or Outcome":{"Male":{"raw":1.0,"perc":50.0,"total":2.0},"Female":{"raw":1.0,"perc":50.0,"total":2.0}},"Personal Preparation":{"Male":{"raw":1.0,"perc":50.0,"total":2.0},"Female":{"raw":1.0,"perc":50.0,"total":2.0}},"Preparation / Recipes":{"Female":{"raw":1.0,"perc":100.0,"total":1.0}}},"Devices - Magnetic":{"First Times":{"Male":{"raw":2.0,"perc":100.0,"total":2.0}}},"Sweating":{"First Times":{"Male":{"raw":4.0,"perc":100.0,"total":4.0}},"General":{"Male":{"raw":3.0,"perc":75.0,"total":4.0},"Female":{"raw":1.0,"perc":25.0,"total":4.0}},"Retrospective / Summary":{"Male":{"raw":2.0,"perc":100.0,"total":2.0}},"Depression":{"Male":{"raw":1.0,"perc":100.0,"total":1.0}},"Glowing Experiences":{"Male":{"raw":1.0,"perc":100.0,"total":1.0}},"Entities / Beings":{"Male":{"raw":1.0,"perc":100.0,"total":1.0}},"Preparation / Recipes":{"Male":{"raw":2.0,"perc":100.0,"total":2.0}},"Health Benefits":{"Male":{"raw":1.0,"perc":100.0,"total":1.0}},"Sex Discussion":{"Male":{"raw":1.0,"perc":100.0,"total":1.0}}},"Conferences":{"General":{"Male":{"raw":3.0,"perc":23.076923076923077,"total":13.0},"Female":{"raw":1.0,"perc":7.6923076923076925,"total":13.0},"Not-Specified":{"raw":9.0,"perc":69.230769230769226,"total":13.0}},"Entities / Beings":{"Male":{"raw":1.0,"perc":100.0,"total":1.0}},"Nature / Outdoors":{"Male":{"raw":1.0,"perc":100.0,"total":1.0}},"Poetry":{"Male":{"raw":1.0,"perc":100.0,"total":1.0}},"Retrospective / Summary":{"Male":{"raw":1.0,"perc":50.0,"total":2.0},"Female":{"raw":1.0,"perc":50.0,"total":2.0}},"Mystical Experiences":{"Male":{"raw":1.0,"perc":100.0,"total":1.0}},"Post Trip Problems":{"Male":{"raw":1.0,"perc":100.0,"total":1.0}},"Health Problems":{"Female":{"raw":1.0,"perc":100.0,"total":1.0}},"Guides / Sitters":{"Female":{"raw":1.0,"perc":100.0,"total":1.0}},"Overdose":{"Female":{"raw":1.0,"perc":100.0,"total":1.0}},"Hangover / Days After":{"Female":{"raw":1.0,"perc":100.0,"total":1.0}},"Glowing Experiences":{"Not-Specified":{"raw":1.0,"perc":50.0,"total":2.0},"Female":{"raw":1.0,"perc":50.0,"total":2.0}},"Difficult Experiences":{"Male":{"raw":1.0,"perc":100.0,"total":1.0}},"Second Hand Report":{"Male":{"raw":1.0,"perc":100.0,"total":1.0}}},"Chanting":{"Difficult Experiences":{"Male":{"raw":1.0,"perc":100.0,"total":1.0}},"Mystical Experiences":{"Male":{"raw":1.0,"perc":100.0,"total":1.0}},"Entities / Beings":{"Male":{"raw":1.0,"perc":100.0,"total":1.0}}},"Humor":{"General":{"Male":{"raw":3.0,"perc":100.0,"total":3.0}},"Glowing Experiences":{"Male":{"raw":1.0,"perc":100.0,"total":1.0}},"Entities / Beings":{"Male":{"raw":1.0,"perc":100.0,"total":1.0}},"Nature / Outdoors":{"Male":{"raw":1.0,"perc":100.0,"total":1.0}},"Multi-Day Experience":{"Male":{"raw":2.0,"perc":100.0,"total":2.0}},"Retrospective / Summary":{"Male":{"raw":1.0,"perc":100.0,"total":1.0}},"Difficult Experiences":{"Male":{"raw":2.0,"perc":100.0,"total":2.0}},"Mystical Experiences":{"Male":{"raw":1.0,"perc":100.0,"total":1.0}},"Therapeutic Intent or Outcome":{"Male":{"raw":1.0,"perc":100.0,"total":1.0}},"Performance Enhancement":{"Male":{"raw":1.0,"perc":100.0,"total":1.0}},"Bad Trips":{"Male":{"raw":1.0,"perc":100.0,"total":1.0}},"Health Problems":{"Male":{"raw":1.0,"perc":100.0,"total":1.0}}},"Music":{"General":{"Male":{"raw":3.0,"perc":100.0,"total":3.0}},"Mystical Experiences":{"Male":{"raw":1.0,"perc":100.0,"total":1.0}},"What Was in That?":{"Male":{"raw":1.0,"perc":100.0,"total":1.0}},"Hangover / Days After":{"Male":{"raw":1.0,"perc":100.0,"total":1.0}},"Glowing Experiences":{"Male":{"raw":1.0,"perc":100.0,"total":1.0}},"Nature / Outdoors":{"Male":{"raw":1.0,"perc":100.0,"total":1.0}},"Therapeutic Intent or Outcome":{"Male":{"raw":1.0,"perc":100.0,"total":1.0}}},"Sound (non-music)":{"Difficult Experiences":{"Male":{"raw":1.0,"perc":100.0,"total":1.0}},"Hangover / Days After":{"Male":{"raw":1.0,"perc":100.0,"total":1.0}}}}