{"Drug Testing":{"Morning Glory":{"Festival / Lg. Crowd":{"raw":1.0,"perc":100.0,"total":1.0}},"Opiates":{"Unknown Context":{"raw":1.0,"perc":14.285714285714285,"total":7.0},"Not Applicable":{"raw":5.0,"perc":71.428571428571431,"total":7.0},"Alone":{"raw":1.0,"perc":14.285714285714285,"total":7.0}},"Poppies - Opium":{"Unknown Context":{"raw":1.0,"perc":50.0,"total":2.0},"Alone":{"raw":1.0,"perc":50.0,"total":2.0}},"DXM":{"Alone":{"raw":6.0,"perc":9.2307692307692317,"total":65.0},"Not Applicable":{"raw":35.0,"perc":53.846153846153847,"total":65.0},"Unknown Context":{"raw":8.0,"perc":12.307692307692308,"total":65.0},"Hospital":{"raw":10.0,"perc":15.384615384615385,"total":65.0},"School":{"raw":1.0,"perc":1.5384615384615385,"total":65.0},"Various":{"raw":2.0,"perc":3.0769230769230771,"total":65.0},"Small Group (2-9)":{"raw":3.0,"perc":4.6153846153846159,"total":65.0}},"PCP":{"Alone":{"raw":1.0,"perc":100.0,"total":1.0}},"Cannabis":{"Alone":{"raw":1.0,"perc":4.0,"total":25.0},"Not Applicable":{"raw":20.0,"perc":80.0,"total":25.0},"Hospital":{"raw":1.0,"perc":4.0,"total":25.0},"Unknown Context":{"raw":2.0,"perc":8.0,"total":25.0},"Small Group (2-9)":{"raw":1.0,"perc":4.0,"total":25.0}},"Piperazines":{"Unknown Context":{"raw":1.0,"perc":100.0,"total":1.0}},"Pseudoephedrine":{"Alone":{"raw":1.0,"perc":100.0,"total":1.0}},"Cocaine":{"Not Applicable":{"raw":3.0,"perc":50.0,"total":6.0},"Hospital":{"raw":1.0,"perc":16.666666666666664,"total":6.0},"Alone":{"raw":1.0,"perc":16.666666666666664,"total":6.0},"Unknown Context":{"raw":1.0,"perc":16.666666666666664,"total":6.0}},"Adrafinil":{"Not Applicable":{"raw":1.0,"perc":100.0,"total":1.0}},"Morphine":{"Not Applicable":{"raw":1.0,"perc":100.0,"total":1.0}},"Mushrooms":{"Small Group (2-9)":{"raw":1.0,"perc":100.0,"total":1.0}},"2C-I":{"Not Applicable":{"raw":2.0,"perc":100.0,"total":2.0}},"5-MeO-DiPT":{"Not Applicable":{"raw":1.0,"perc":100.0,"total":1.0}},"Chlorpheniramine Maleate":{"Unknown Context":{"raw":1.0,"perc":100.0,"total":1.0}},"Methadone":{"Not Applicable":{"raw":1.0,"perc":100.0,"total":1.0}},"Opioids":{"Not Applicable":{"raw":4.0,"perc":44.444444444444443,"total":9.0},"School":{"raw":2.0,"perc":22.222222222222221,"total":9.0},"Hospital":{"raw":1.0,"perc":11.111111111111111,"total":9.0},"Military":{"raw":1.0,"perc":11.111111111111111,"total":9.0},"Various":{"raw":1.0,"perc":11.111111111111111,"total":9.0}},"Pharms - Oxycodone":{"Not Applicable":{"raw":4.0,"perc":57.142857142857139,"total":7.0},"School":{"raw":1.0,"perc":14.285714285714285,"total":7.0},"Military":{"raw":1.0,"perc":14.285714285714285,"total":7.0},"Various":{"raw":1.0,"perc":14.285714285714285,"total":7.0}},"Hydromorphone":{"School":{"raw":1.0,"perc":50.0,"total":2.0},"Hospital":{"raw":1.0,"perc":50.0,"total":2.0}},"Amphetamines":{"Not Applicable":{"raw":1.0,"perc":50.0,"total":2.0},"Hospital":{"raw":1.0,"perc":50.0,"total":2.0}},"Stimulants":{"Not Applicable":{"raw":1.0,"perc":50.0,"total":2.0},"Hospital":{"raw":1.0,"perc":50.0,"total":2.0}},"Various":{"Various":{"raw":5.0,"perc":71.428571428571431,"total":7.0},"Not Applicable":{"raw":2.0,"perc":28.571428571428569,"total":7.0}},"Hydrocodone":{"Not Applicable":{"raw":1.0,"perc":100.0,"total":1.0}},"Vitamins - Niacin":{"Various":{"raw":1.0,"perc":100.0,"total":1.0}},"Diphenhydramine":{"Hospital":{"raw":1.0,"perc":50.0,"total":2.0},"Not Applicable":{"raw":1.0,"perc":50.0,"total":2.0}},"Alcohol":{"Various":{"raw":1.0,"perc":100.0,"total":1.0}},"2C-B":{"Not Applicable":{"raw":1.0,"perc":100.0,"total":1.0}},"Phenethylamine":{"Not Applicable":{"raw":1.0,"perc":50.0,"total":2.0},"Unknown Context":{"raw":1.0,"perc":50.0,"total":2.0}},"Pharms - Zolpidem":{"Not Applicable":{"raw":2.0,"perc":100.0,"total":2.0}},"Benzodiazepines":{"Not Applicable":{"raw":2.0,"perc":100.0,"total":2.0}},"Pharms - Diazepam":{"Not Applicable":{"raw":1.0,"perc":100.0,"total":1.0}},"Cacti":{"Festival / Lg. Crowd":{"raw":1.0,"perc":100.0,"total":1.0}},"Mescaline":{"Festival / Lg. Crowd":{"raw":1.0,"perc":100.0,"total":1.0}},"Pharms - Buspirone":{"Not Applicable":{"raw":1.0,"perc":100.0,"total":1.0}},"Pharms - Venlafaxine":{"Not Applicable":{"raw":1.0,"perc":100.0,"total":1.0}},"2C-E":{"Unknown Context":{"raw":1.0,"perc":100.0,"total":1.0}},"MDPV":{"Alone":{"raw":1.0,"perc":100.0,"total":1.0}},"AB-FUBINACA":{"Alone":{"raw":1.0,"perc":100.0,"total":1.0}},"Products - Spice and Synthetic Cannabinoids":{"Alone":{"raw":1.0,"perc":100.0,"total":1.0}}},"Sleep Deprivation":{"Various":{"Various":{"raw":23.0,"perc":100.0,"total":23.0}},"Pharms - Benzphetamine":{"Alone":{"raw":1.0,"perc":50.0,"total":2.0},"Various":{"raw":1.0,"perc":50.0,"total":2.0}},"Yohimbe":{"Various":{"raw":1.0,"perc":100.0,"total":1.0}},"Pharmaceuticals":{"Alone":{"raw":1.0,"perc":50.0,"total":2.0},"Small Group (2-9)":{"raw":1.0,"perc":50.0,"total":2.0}},"Pharms - Sertraline":{"Alone":{"raw":1.0,"perc":100.0,"total":1.0}},"SSRIs":{"Alone":{"raw":1.0,"perc":100.0,"total":1.0}},"Methamphetamine":{"Small Group (2-9)":{"raw":1.0,"perc":33.333333333333329,"total":3.0},"Various":{"raw":2.0,"perc":66.666666666666657,"total":3.0}},"Caffeine":{"Various":{"raw":3.0,"perc":75.0,"total":4.0},"Alone":{"raw":1.0,"perc":25.0,"total":4.0}},"Ephedrine":{"Various":{"raw":2.0,"perc":100.0,"total":2.0}},"Ginseng":{"Various":{"raw":1.0,"perc":100.0,"total":1.0}},"Pharms - Cyclobenzaprine":{"Various":{"raw":1.0,"perc":100.0,"total":1.0}},"AMT":{"Various":{"raw":2.0,"perc":100.0,"total":2.0}},"Mushrooms":{"Small Group (2-9)":{"raw":1.0,"perc":100.0,"total":1.0}},"Modafinil":{"Various":{"raw":2.0,"perc":50.0,"total":4.0},"Small Group (2-9)":{"raw":1.0,"perc":25.0,"total":4.0},"Alone":{"raw":1.0,"perc":25.0,"total":4.0}},"Amphetamines":{"Various":{"raw":3.0,"perc":25.0,"total":12.0},"Small Group (2-9)":{"raw":2.0,"perc":16.666666666666664,"total":12.0},"Alone":{"raw":4.0,"perc":33.333333333333329,"total":12.0},"Not Applicable":{"raw":3.0,"perc":25.0,"total":12.0}},"Stimulants":{"Various":{"raw":4.0,"perc":30.76923076923077,"total":13.0},"Small Group (2-9)":{"raw":3.0,"perc":23.076923076923077,"total":13.0},"Alone":{"raw":4.0,"perc":30.76923076923077,"total":13.0},"Not Applicable":{"raw":2.0,"perc":15.384615384615385,"total":13.0}},"Pharms - Corticosteroid":{"Alone":{"raw":1.0,"perc":100.0,"total":1.0}},"Pharms - Prednisone":{"Alone":{"raw":1.0,"perc":100.0,"total":1.0}},"MDMA":{"Small Group (2-9)":{"raw":2.0,"perc":66.666666666666657,"total":3.0},"Various":{"raw":1.0,"perc":33.333333333333329,"total":3.0}},"H.B. Woodrose":{"Large Group (10+)":{"raw":1.0,"perc":100.0,"total":1.0}},"Cannabis":{"Small Group (2-9)":{"raw":3.0,"perc":42.857142857142854,"total":7.0},"Various":{"raw":1.0,"perc":14.285714285714285,"total":7.0},"Alone":{"raw":3.0,"perc":42.857142857142854,"total":7.0}},"2C-I":{"Alone":{"raw":1.0,"perc":100.0,"total":1.0}},"LSD":{"Small Group (2-9)":{"raw":2.0,"perc":66.666666666666657,"total":3.0},"Festival / Lg. Crowd":{"raw":1.0,"perc":33.333333333333329,"total":3.0}},"Pharms - Lorazepam":{"Small Group (2-9)":{"raw":1.0,"perc":100.0,"total":1.0}},"Catnip":{"Alone":{"raw":1.0,"perc":100.0,"total":1.0}},"DMAE":{"Hospital":{"raw":1.0,"perc":100.0,"total":1.0}},"GHB":{"Hospital":{"raw":1.0,"perc":100.0,"total":1.0}},"Vinpocetine":{"Hospital":{"raw":1.0,"perc":100.0,"total":1.0}},"Tobacco":{"Small Group (2-9)":{"raw":1.0,"perc":50.0,"total":2.0},"Alone":{"raw":1.0,"perc":50.0,"total":2.0}},"Nicotine":{"Alone":{"raw":1.0,"perc":100.0,"total":1.0}},"LSA":{"Small Group (2-9)":{"raw":1.0,"perc":100.0,"total":1.0}},"Pharms - Propylhexedrine":{"Various":{"raw":1.0,"perc":100.0,"total":1.0}},"Benzodiazepines":{"Festival / Lg. Crowd":{"raw":1.0,"perc":100.0,"total":1.0}},"Pharms - Diazepam":{"Festival / Lg. Crowd":{"raw":1.0,"perc":100.0,"total":1.0}},"Amanitas":{"Small Group (2-9)":{"raw":1.0,"perc":100.0,"total":1.0}},"Piperazines":{"Alone":{"raw":1.0,"perc":100.0,"total":1.0}},"Tryptophan":{"Not Applicable":{"raw":1.0,"perc":100.0,"total":1.0}},"DXM":{"Alone":{"raw":1.0,"perc":100.0,"total":1.0}},"Melatonin":{"Alone":{"raw":1.0,"perc":100.0,"total":1.0}},"DOB":{"Various":{"raw":1.0,"perc":100.0,"total":1.0}},"2C-B":{"Various":{"raw":1.0,"perc":100.0,"total":1.0}},"Phenethylamine":{"Various":{"raw":1.0,"perc":50.0,"total":2.0},"Unknown Context":{"raw":1.0,"perc":50.0,"total":2.0}},"2C-G-N":{"Unknown Context":{"raw":1.0,"perc":100.0,"total":1.0}},"Lisdexamfetamine":{"Not Applicable":{"raw":1.0,"perc":100.0,"total":1.0}},"4-Methylmethcathinone":{"Small Group (2-9)":{"raw":1.0,"perc":33.333333333333329,"total":3.0},"Unknown Context":{"raw":2.0,"perc":66.666666666666657,"total":3.0}},"Pharms - Methylphenidate":{"Alone":{"raw":1.0,"perc":100.0,"total":1.0}},"MDPV":{"Various":{"raw":1.0,"perc":100.0,"total":1.0}},"Methylone":{"Various":{"raw":1.0,"perc":100.0,"total":1.0}},"5-MeO-DALT":{"Small Group (2-9)":{"raw":1.0,"perc":100.0,"total":1.0}},"Products - Bath Salts, Plant Food, etc":{"Alone":{"raw":1.0,"perc":100.0,"total":1.0}},"3F-Phenmetrazine":{"Alone":{"raw":1.0,"perc":100.0,"total":1.0}}},"OBE":{"LSD":{"Alone":{"raw":3.0,"perc":75.0,"total":4.0},"Small Group (2-9)":{"raw":1.0,"perc":25.0,"total":4.0}},"Datura":{"Alone":{"raw":1.0,"perc":100.0,"total":1.0}},"Salvia divinorum":{"Small Group (2-9)":{"raw":8.0,"perc":61.53846153846154,"total":13.0},"Alone":{"raw":4.0,"perc":30.76923076923077,"total":13.0},"Not Applicable":{"raw":1.0,"perc":7.6923076923076925,"total":13.0}},"MDMA":{"Large Group (10+)":{"raw":1.0,"perc":33.333333333333329,"total":3.0},"Various":{"raw":1.0,"perc":33.333333333333329,"total":3.0},"Small Group (2-9)":{"raw":1.0,"perc":33.333333333333329,"total":3.0}},"Nitrous Oxide":{"Large Group (10+)":{"raw":1.0,"perc":20.0,"total":5.0},"Small Group (2-9)":{"raw":2.0,"perc":40.0,"total":5.0},"Alone":{"raw":1.0,"perc":20.0,"total":5.0},"Rave / Dance Event":{"raw":1.0,"perc":20.0,"total":5.0}},"Stimulants":{"Large Group (10+)":{"raw":1.0,"perc":25.0,"total":4.0},"Various":{"raw":1.0,"perc":25.0,"total":4.0},"Small Group (2-9)":{"raw":2.0,"perc":50.0,"total":4.0}},"Kava":{"Alone":{"raw":1.0,"perc":100.0,"total":1.0}},"Valerian":{"Alone":{"raw":1.0,"perc":100.0,"total":1.0}},"Vitamin B-6":{"Alone":{"raw":1.0,"perc":100.0,"total":1.0}},"2C-B":{"Small Group (2-9)":{"raw":1.0,"perc":50.0,"total":2.0},"Alone":{"raw":1.0,"perc":50.0,"total":2.0}},"Phenethylamine":{"Small Group (2-9)":{"raw":1.0,"perc":50.0,"total":2.0},"Alone":{"raw":1.0,"perc":50.0,"total":2.0}},"Cannabis":{"Small Group (2-9)":{"raw":5.0,"perc":55.555555555555557,"total":9.0},"Alone":{"raw":2.0,"perc":22.222222222222221,"total":9.0},"Large Group (10+)":{"raw":1.0,"perc":11.111111111111111,"total":9.0},"Various":{"raw":1.0,"perc":11.111111111111111,"total":9.0}},"PMA":{"Various":{"raw":1.0,"perc":100.0,"total":1.0}},"Various":{"Various":{"raw":3.0,"perc":100.0,"total":3.0}},"Anadenanthera spp.":{"Small Group (2-9)":{"raw":1.0,"perc":100.0,"total":1.0}},"5-MeO-DiPT":{"Small Group (2-9)":{"raw":1.0,"perc":100.0,"total":1.0}},"DXM":{"Alone":{"raw":2.0,"perc":66.666666666666657,"total":3.0},"Small Group (2-9)":{"raw":1.0,"perc":33.333333333333329,"total":3.0}},"Mushrooms":{"Small Group (2-9)":{"raw":5.0,"perc":71.428571428571431,"total":7.0},"Various":{"raw":1.0,"perc":14.285714285714285,"total":7.0},"Alone":{"raw":1.0,"perc":14.285714285714285,"total":7.0}},"Lotus/Lily":{"Alone":{"raw":1.0,"perc":100.0,"total":1.0}},"Codeine":{"Alone":{"raw":1.0,"perc":100.0,"total":1.0}},"Opiates":{"Alone":{"raw":1.0,"perc":100.0,"total":1.0}},"Ketamine":{"Small Group (2-9)":{"raw":1.0,"perc":50.0,"total":2.0},"Alone":{"raw":1.0,"perc":50.0,"total":2.0}},"NMDA Antagonists":{"Small Group (2-9)":{"raw":1.0,"perc":50.0,"total":2.0},"Alone":{"raw":1.0,"perc":50.0,"total":2.0}},"Mescaline":{"Small Group (2-9)":{"raw":1.0,"perc":100.0,"total":1.0}},"Pharms - Escitalopram":{"Various":{"raw":1.0,"perc":100.0,"total":1.0}},"Inhalants":{"Small Group (2-9)":{"raw":1.0,"perc":100.0,"total":1.0}},"Stipa robusta":{"Alone":{"raw":1.0,"perc":100.0,"total":1.0}},"2C-I":{"Alone":{"raw":1.0,"perc":50.0,"total":2.0},"Small Group (2-9)":{"raw":1.0,"perc":50.0,"total":2.0}},"4-AcO-DiPT":{"Small Group (2-9)":{"raw":1.0,"perc":100.0,"total":1.0}},"2C-T-2":{"Small Group (2-9)":{"raw":1.0,"perc":100.0,"total":1.0}},"DET":{"Small Group (2-9)":{"raw":1.0,"perc":100.0,"total":1.0}},"Pharms - Amitriptyline":{"Small Group (2-9)":{"raw":1.0,"perc":100.0,"total":1.0}},"Amphetamines":{"Small Group (2-9)":{"raw":1.0,"perc":100.0,"total":1.0}},"Modafinil":{"Alone":{"raw":1.0,"perc":100.0,"total":1.0}},"Methylone":{"Small Group (2-9)":{"raw":1.0,"perc":100.0,"total":1.0}},"25I-NBOMe":{"Alone":{"raw":1.0,"perc":100.0,"total":1.0}},"NBOMe Series":{"Alone":{"raw":1.0,"perc":100.0,"total":1.0}},"Methoxphenidine":{"Small Group (2-9)":{"raw":1.0,"perc":100.0,"total":1.0}}},"Dreams":{"DPT":{"Alone":{"raw":1.0,"perc":100.0,"total":1.0}},"Pharmaceuticals":{"Alone":{"raw":3.0,"perc":75.0,"total":4.0},"Not Applicable":{"raw":1.0,"perc":25.0,"total":4.0}},"Calea zacatechichi":{"Alone":{"raw":42.0,"perc":93.333333333333329,"total":45.0},"Small Group (2-9)":{"raw":3.0,"perc":6.666666666666667,"total":45.0}},"Nutmeg":{"Alone":{"raw":3.0,"perc":100.0,"total":3.0}},"MDMA":{"Unknown Context":{"raw":2.0,"perc":66.666666666666657,"total":3.0},"Alone":{"raw":1.0,"perc":33.333333333333329,"total":3.0}},"Stimulants":{"Unknown Context":{"raw":2.0,"perc":66.666666666666657,"total":3.0},"Alone":{"raw":1.0,"perc":33.333333333333329,"total":3.0}},"Datura":{"Small Group (2-9)":{"raw":2.0,"perc":50.0,"total":4.0},"Alone":{"raw":2.0,"perc":50.0,"total":4.0}},"Melatonin":{"Alone":{"raw":40.0,"perc":88.888888888888886,"total":45.0},"Hospital":{"raw":1.0,"perc":2.2222222222222223,"total":45.0},"Small Group (2-9)":{"raw":3.0,"perc":6.666666666666667,"total":45.0},"Not Applicable":{"raw":1.0,"perc":2.2222222222222223,"total":45.0}},"Kava":{"Alone":{"raw":3.0,"perc":75.0,"total":4.0},"Small Group (2-9)":{"raw":1.0,"perc":25.0,"total":4.0}},"Diphenhydramine":{"Alone":{"raw":4.0,"perc":100.0,"total":4.0}},"St. John's Wort":{"Alone":{"raw":1.0,"perc":100.0,"total":1.0}},"Valerian":{"Alone":{"raw":17.0,"perc":85.0,"total":20.0},"Small Group (2-9)":{"raw":3.0,"perc":15.0,"total":20.0}},"Vitamin B-6":{"Alone":{"raw":13.0,"perc":92.857142857142861,"total":14.0},"Small Group (2-9)":{"raw":1.0,"perc":7.1428571428571423,"total":14.0}},"Nicotine":{"Alone":{"raw":2.0,"perc":100.0,"total":2.0}},"Tobacco":{"Alone":{"raw":3.0,"perc":100.0,"total":3.0}},"Caffeine":{"Alone":{"raw":2.0,"perc":100.0,"total":2.0}},"Hydrocodone":{"Alone":{"raw":3.0,"perc":100.0,"total":3.0}},"Opioids":{"Alone":{"raw":4.0,"perc":80.0,"total":5.0},"Hospital":{"raw":1.0,"perc":20.0,"total":5.0}},"Piracetam":{"Alone":{"raw":1.0,"perc":100.0,"total":1.0}},"Lactuca spp.":{"Alone":{"raw":2.0,"perc":100.0,"total":2.0}},"Morning Glory":{"Alone":{"raw":1.0,"perc":50.0,"total":2.0},"Various":{"raw":1.0,"perc":50.0,"total":2.0}},"Yohimbe":{"Alone":{"raw":1.0,"perc":100.0,"total":1.0}},"5-MeO-DiPT":{"Alone":{"raw":1.0,"perc":50.0,"total":2.0},"Small Group (2-9)":{"raw":1.0,"perc":50.0,"total":2.0}},"Alcohol":{"Alone":{"raw":2.0,"perc":66.666666666666657,"total":3.0},"Small Group (2-9)":{"raw":1.0,"perc":33.333333333333329,"total":3.0}},"Banisteriopsis caapi":{"Unknown Context":{"raw":1.0,"perc":50.0,"total":2.0},"Small Group (2-9)":{"raw":1.0,"perc":50.0,"total":2.0}},"Harmala Alkaloids":{"Unknown Context":{"raw":1.0,"perc":14.285714285714285,"total":7.0},"Small Group (2-9)":{"raw":3.0,"perc":42.857142857142854,"total":7.0},"Alone":{"raw":3.0,"perc":42.857142857142854,"total":7.0}},"Mimosa spp.":{"Unknown Context":{"raw":1.0,"perc":100.0,"total":1.0}},"DXM":{"Alone":{"raw":2.0,"perc":100.0,"total":2.0}},"Salvia divinorum":{"Small Group (2-9)":{"raw":2.0,"perc":28.571428571428569,"total":7.0},"Not Applicable":{"raw":4.0,"perc":57.142857142857139,"total":7.0},"Alone":{"raw":1.0,"perc":14.285714285714285,"total":7.0}},"Mugwort":{"Alone":{"raw":11.0,"perc":84.615384615384613,"total":13.0},"Small Group (2-9)":{"raw":1.0,"perc":7.6923076923076925,"total":13.0},"Not Applicable":{"raw":1.0,"perc":7.6923076923076925,"total":13.0}},"Ayahuasca":{"Not Applicable":{"raw":1.0,"perc":100.0,"total":1.0}},"Damiana":{"Alone":{"raw":2.0,"perc":100.0,"total":2.0}},"Hydromorphone":{"Hospital":{"raw":1.0,"perc":50.0,"total":2.0},"Alone":{"raw":1.0,"perc":50.0,"total":2.0}},"Heimia salicifolia":{"Unknown Context":{"raw":1.0,"perc":25.0,"total":4.0},"Alone":{"raw":2.0,"perc":50.0,"total":4.0},"Various":{"raw":1.0,"perc":25.0,"total":4.0}},"Opiates":{"Alone":{"raw":2.0,"perc":100.0,"total":2.0}},"Poppies - Opium":{"Alone":{"raw":1.0,"perc":100.0,"total":1.0}},"Pharms - Paroxetine":{"Alone":{"raw":2.0,"perc":66.666666666666657,"total":3.0},"Not Applicable":{"raw":1.0,"perc":33.333333333333329,"total":3.0}},"SSRIs":{"Alone":{"raw":2.0,"perc":66.666666666666657,"total":3.0},"Not Applicable":{"raw":1.0,"perc":33.333333333333329,"total":3.0}},"Pharms - Tramadol":{"Various":{"raw":1.0,"perc":100.0,"total":1.0}},"Various":{"Various":{"raw":7.0,"perc":100.0,"total":7.0}},"Mandrake":{"Alone":{"raw":1.0,"perc":100.0,"total":1.0}},"2C-I":{"Small Group (2-9)":{"raw":1.0,"perc":50.0,"total":2.0},"Rave / Dance Event":{"raw":1.0,"perc":50.0,"total":2.0}},"DMT":{"Alone":{"raw":1.0,"perc":50.0,"total":2.0},"Small Group (2-9)":{"raw":1.0,"perc":50.0,"total":2.0}},"Pharms - Zaleplon":{"Alone":{"raw":1.0,"perc":100.0,"total":1.0}},"5-MeO-DMT":{"Alone":{"raw":2.0,"perc":100.0,"total":2.0}},"DMAE":{"Various":{"raw":2.0,"perc":66.666666666666657,"total":3.0},"Alone":{"raw":1.0,"perc":33.333333333333329,"total":3.0}},"Pharms - Butorphanol":{"Unknown Context":{"raw":1.0,"perc":100.0,"total":1.0}},"Catnip":{"Alone":{"raw":2.0,"perc":100.0,"total":2.0}},"Pharms - Promethazine":{"Various":{"raw":1.0,"perc":100.0,"total":1.0}},"Tryptophan":{"Alone":{"raw":6.0,"perc":100.0,"total":6.0}},"Pharms - Amitriptyline":{"Alone":{"raw":1.0,"perc":100.0,"total":1.0}},"Pharms - Mefloquine":{"Alone":{"raw":1.0,"perc":100.0,"total":1.0}},"Hops":{"Alone":{"raw":2.0,"perc":100.0,"total":2.0}},"Skullcap":{"Alone":{"raw":1.0,"perc":100.0,"total":1.0}},"Pharms - Venlafaxine":{"Alone":{"raw":3.0,"perc":100.0,"total":3.0}},"Coleus":{"Alone":{"raw":4.0,"perc":80.0,"total":5.0},"Small Group (2-9)":{"raw":1.0,"perc":20.0,"total":5.0}},"Pharms - Atomoxetine":{"Alone":{"raw":1.0,"perc":100.0,"total":1.0}},"Calamus":{"Alone":{"raw":1.0,"perc":100.0,"total":1.0}},"Pharms - Mirtazapine":{"Alone":{"raw":5.0,"perc":100.0,"total":5.0}},"Voacanga africana":{"Alone":{"raw":1.0,"perc":100.0,"total":1.0}},"Passion Flower":{"Small Group (2-9)":{"raw":2.0,"perc":40.0,"total":5.0},"Alone":{"raw":3.0,"perc":60.0,"total":5.0}},"Pharms - Phenytoin":{"Alone":{"raw":1.0,"perc":100.0,"total":1.0}},"Pharms - Zopiclone":{"Alone":{"raw":2.0,"perc":100.0,"total":2.0}},"Sceletium tortuosum":{"Alone":{"raw":1.0,"perc":100.0,"total":1.0}},"Cannabis":{"Alone":{"raw":2.0,"perc":66.666666666666657,"total":3.0},"Not Applicable":{"raw":1.0,"perc":33.333333333333329,"total":3.0}},"Wormwood":{"Alone":{"raw":2.0,"perc":100.0,"total":2.0}},"Pharms - Escitalopram":{"Alone":{"raw":1.0,"perc":100.0,"total":1.0}},"Pharms - Fluoxetine":{"Alone":{"raw":1.0,"perc":100.0,"total":1.0}},"Brugmansia":{"Small Group (2-9)":{"raw":1.0,"perc":100.0,"total":1.0}},"Codeine":{"Alone":{"raw":1.0,"perc":100.0,"total":1.0}},"DOM":{"Alone":{"raw":1.0,"perc":100.0,"total":1.0}},"Ginkgo biloba":{"Alone":{"raw":1.0,"perc":100.0,"total":1.0}},"4-HO-DiPT":{"Alone":{"raw":1.0,"perc":100.0,"total":1.0}},"Leonotis leonurus":{"Alone":{"raw":1.0,"perc":100.0,"total":1.0}},"Pharms - Buprenorphine":{"Not Applicable":{"raw":1.0,"perc":100.0,"total":1.0}},"Naltrexone":{"Not Applicable":{"raw":1.0,"perc":100.0,"total":1.0}},"Amanitas":{"Alone":{"raw":1.0,"perc":100.0,"total":1.0}},"LSD":{"Small Group (2-9)":{"raw":1.0,"perc":100.0,"total":1.0}},"Mushrooms":{"Alone":{"raw":2.0,"perc":100.0,"total":2.0}},"Benzodiazepines":{"Alone":{"raw":1.0,"perc":100.0,"total":1.0}},"Pharms - Alprazolam":{"Alone":{"raw":1.0,"perc":100.0,"total":1.0}},"Cheese - Blue":{"Alone":{"raw":2.0,"perc":100.0,"total":2.0}},"Silene capensis":{"Alone":{"raw":12.0,"perc":92.3076923076923,"total":13.0},"Not Applicable":{"raw":1.0,"perc":7.6923076923076925,"total":13.0}},"AMT":{"Alone":{"raw":1.0,"perc":100.0,"total":1.0}},"Vitamins - Choline":{"Alone":{"raw":1.0,"perc":100.0,"total":1.0}},"Ibogaine":{"Small Group (2-9)":{"raw":1.0,"perc":100.0,"total":1.0}},"Tabernanthe iboga":{"Small Group (2-9)":{"raw":1.0,"perc":100.0,"total":1.0}},"Kratom":{"Alone":{"raw":1.0,"perc":100.0,"total":1.0}},"Entada rheedii":{"Alone":{"raw":1.0,"perc":100.0,"total":1.0}},"Prazosin":{"Alone":{"raw":1.0,"perc":100.0,"total":1.0}}},"Police / Customs":{"Various":{"Various":{"raw":27.0,"perc":100.0,"total":27.0}},"Cannabis":{"Alone":{"raw":3.0,"perc":20.0,"total":15.0},"Small Group (2-9)":{"raw":11.0,"perc":73.333333333333329,"total":15.0},"Various":{"raw":1.0,"perc":6.666666666666667,"total":15.0}},"Mushrooms":{"Small Group (2-9)":{"raw":14.0,"perc":70.0,"total":20.0},"Large Group (10+)":{"raw":1.0,"perc":5.0,"total":20.0},"Various":{"raw":4.0,"perc":20.0,"total":20.0},"Alone":{"raw":1.0,"perc":5.0,"total":20.0}},"Salvia divinorum":{"Various":{"raw":1.0,"perc":50.0,"total":2.0},"Not Applicable":{"raw":1.0,"perc":50.0,"total":2.0}},"LSD":{"Rave / Dance Event":{"raw":3.0,"perc":15.789473684210526,"total":19.0},"Small Group (2-9)":{"raw":8.0,"perc":42.105263157894733,"total":19.0},"Alone":{"raw":2.0,"perc":10.526315789473683,"total":19.0},"Club / Bar":{"raw":1.0,"perc":5.2631578947368416,"total":19.0},"Various":{"raw":3.0,"perc":15.789473684210526,"total":19.0},"Festival / Lg. Crowd":{"raw":2.0,"perc":10.526315789473683,"total":19.0}},"DXM":{"School":{"raw":1.0,"perc":33.333333333333329,"total":3.0},"Rave / Dance Event":{"raw":1.0,"perc":33.333333333333329,"total":3.0},"Small Group (2-9)":{"raw":1.0,"perc":33.333333333333329,"total":3.0}},"Datura":{"Small Group (2-9)":{"raw":4.0,"perc":44.444444444444443,"total":9.0},"Various":{"raw":2.0,"perc":22.222222222222221,"total":9.0},"Alone":{"raw":1.0,"perc":11.111111111111111,"total":9.0},"Hospital":{"raw":2.0,"perc":22.222222222222221,"total":9.0}},"Methamphetamine":{"Small Group (2-9)":{"raw":1.0,"perc":25.0,"total":4.0},"Not Applicable":{"raw":1.0,"perc":25.0,"total":4.0},"Various":{"raw":1.0,"perc":25.0,"total":4.0},"Rave / Dance Event":{"raw":1.0,"perc":25.0,"total":4.0}},"Diphenhydramine":{"Various":{"raw":1.0,"perc":33.333333333333329,"total":3.0},"Small Group (2-9)":{"raw":1.0,"perc":33.333333333333329,"total":3.0},"Hospital":{"raw":1.0,"perc":33.333333333333329,"total":3.0}},"Alcohol":{"Small Group (2-9)":{"raw":3.0,"perc":33.333333333333329,"total":9.0},"Various":{"raw":5.0,"perc":55.555555555555557,"total":9.0},"Alone":{"raw":1.0,"perc":11.111111111111111,"total":9.0}},"Ketamine":{"Small Group (2-9)":{"raw":1.0,"perc":100.0,"total":1.0}},"NMDA Antagonists":{"Small Group (2-9)":{"raw":1.0,"perc":100.0,"total":1.0}},"Opiates":{"Small Group (2-9)":{"raw":2.0,"perc":40.0,"total":5.0},"Not Applicable":{"raw":1.0,"perc":20.0,"total":5.0},"Hospital":{"raw":1.0,"perc":20.0,"total":5.0},"Various":{"raw":1.0,"perc":20.0,"total":5.0}},"Opium":{"Small Group (2-9)":{"raw":1.0,"perc":100.0,"total":1.0}},"Dimenhydrinate":{"Small Group (2-9)":{"raw":2.0,"perc":66.666666666666657,"total":3.0},"Various":{"raw":1.0,"perc":33.333333333333329,"total":3.0}},"Lactuca spp.":{"Small Group (2-9)":{"raw":1.0,"perc":100.0,"total":1.0}},"Heroin":{"Not Applicable":{"raw":1.0,"perc":25.0,"total":4.0},"Hospital":{"raw":1.0,"perc":25.0,"total":4.0},"Various":{"raw":1.0,"perc":25.0,"total":4.0},"Small Group (2-9)":{"raw":1.0,"perc":25.0,"total":4.0}},"Inhalants":{"Various":{"raw":1.0,"perc":100.0,"total":1.0}},"MDMA":{"Various":{"raw":2.0,"perc":33.333333333333329,"total":6.0},"Small Group (2-9)":{"raw":2.0,"perc":33.333333333333329,"total":6.0},"Rave / Dance Event":{"raw":2.0,"perc":33.333333333333329,"total":6.0}},"Stimulants":{"Various":{"raw":2.0,"perc":33.333333333333329,"total":6.0},"Small Group (2-9)":{"raw":2.0,"perc":33.333333333333329,"total":6.0},"Rave / Dance Event":{"raw":2.0,"perc":33.333333333333329,"total":6.0}},"Banisteriopsis caapi":{"Small Group (2-9)":{"raw":1.0,"perc":50.0,"total":2.0},"Not Applicable":{"raw":1.0,"perc":50.0,"total":2.0}},"Harmala Alkaloids":{"Small Group (2-9)":{"raw":1.0,"perc":33.333333333333329,"total":3.0},"Alone":{"raw":1.0,"perc":33.333333333333329,"total":3.0},"Not Applicable":{"raw":1.0,"perc":33.333333333333329,"total":3.0}},"Benzodiazepines":{"Small Group (2-9)":{"raw":2.0,"perc":50.0,"total":4.0},"Alone":{"raw":1.0,"perc":25.0,"total":4.0},"Various":{"raw":1.0,"perc":25.0,"total":4.0}},"Pharmaceuticals":{"Small Group (2-9)":{"raw":3.0,"perc":50.0,"total":6.0},"Alone":{"raw":2.0,"perc":33.333333333333329,"total":6.0},"Various":{"raw":1.0,"perc":16.666666666666664,"total":6.0}},"Pharms - Alprazolam":{"Small Group (2-9)":{"raw":2.0,"perc":50.0,"total":4.0},"Alone":{"raw":1.0,"perc":25.0,"total":4.0},"Various":{"raw":1.0,"perc":25.0,"total":4.0}},"AMT":{"Alone":{"raw":1.0,"perc":25.0,"total":4.0},"Small Group (2-9)":{"raw":3.0,"perc":75.0,"total":4.0}},"5-MeO-DiPT":{"Hospital":{"raw":1.0,"perc":100.0,"total":1.0}},"Nitrous Oxide":{"School":{"raw":1.0,"perc":100.0,"total":1.0}},"Cocaine":{"Various":{"raw":1.0,"perc":50.0,"total":2.0},"Small Group (2-9)":{"raw":1.0,"perc":50.0,"total":2.0}},"2C-B":{"Festival / Lg. Crowd":{"raw":1.0,"perc":50.0,"total":2.0},"Small Group (2-9)":{"raw":1.0,"perc":50.0,"total":2.0}},"Phenethylamine":{"Festival / Lg. Crowd":{"raw":1.0,"perc":14.285714285714285,"total":7.0},"Small Group (2-9)":{"raw":1.0,"perc":14.285714285714285,"total":7.0},"Unknown Context":{"raw":1.0,"perc":14.285714285714285,"total":7.0},"Hospital":{"raw":2.0,"perc":28.571428571428569,"total":7.0},"Alone":{"raw":1.0,"perc":14.285714285714285,"total":7.0},"Various":{"raw":1.0,"perc":14.285714285714285,"total":7.0}},"Pharms - Zolpidem":{"Hospital":{"raw":1.0,"perc":33.333333333333329,"total":3.0},"Various":{"raw":1.0,"perc":33.333333333333329,"total":3.0},"Alone":{"raw":1.0,"perc":33.333333333333329,"total":3.0}},"5-MeO-DMT":{"Small Group (2-9)":{"raw":1.0,"perc":33.333333333333329,"total":3.0},"Alone":{"raw":1.0,"perc":33.333333333333329,"total":3.0},"Various":{"raw":1.0,"perc":33.333333333333329,"total":3.0}},"Pharms - Lithium":{"Alone":{"raw":1.0,"perc":100.0,"total":1.0}},"Pharms - Diazepam":{"Alone":{"raw":1.0,"perc":100.0,"total":1.0}},"Kratom":{"Not Applicable":{"raw":1.0,"perc":100.0,"total":1.0}},"Chlorpheniramine Maleate":{"Small Group (2-9)":{"raw":1.0,"perc":100.0,"total":1.0}},"Brugmansia":{"Small Group (2-9)":{"raw":2.0,"perc":33.333333333333329,"total":6.0},"Alone":{"raw":2.0,"perc":33.333333333333329,"total":6.0},"Hospital":{"raw":1.0,"perc":16.666666666666664,"total":6.0},"Various":{"raw":1.0,"perc":16.666666666666664,"total":6.0}},"2C-T-7":{"Unknown Context":{"raw":1.0,"perc":100.0,"total":1.0}},"Mescaline":{"Rave / Dance Event":{"raw":1.0,"perc":100.0,"total":1.0}},"Scopolamine":{"Alone":{"raw":1.0,"perc":100.0,"total":1.0}},"Opioids":{"Various":{"raw":1.0,"perc":100.0,"total":1.0}},"Pharms - Oxycodone":{"Various":{"raw":1.0,"perc":100.0,"total":1.0}},"Syrian Rue":{"Alone":{"raw":1.0,"perc":100.0,"total":1.0}},"Psychotria viridis":{"Not Applicable":{"raw":1.0,"perc":100.0,"total":1.0}},"Pharms - Clonazepam":{"Small Group (2-9)":{"raw":1.0,"perc":100.0,"total":1.0}},"2C-E":{"Hospital":{"raw":1.0,"perc":50.0,"total":2.0},"Various":{"raw":1.0,"perc":50.0,"total":2.0}},"4-AcO-DMT":{"Not Applicable":{"raw":1.0,"perc":100.0,"total":1.0}},"Cannabinoid Receptor Agonists":{"Small Group (2-9)":{"raw":1.0,"perc":100.0,"total":1.0}},"JWH-018":{"Small Group (2-9)":{"raw":1.0,"perc":100.0,"total":1.0}},"DOC":{"Small Group (2-9)":{"raw":1.0,"perc":100.0,"total":1.0}},"2C-D":{"Alone":{"raw":1.0,"perc":100.0,"total":1.0}},"2C-P":{"Hospital":{"raw":1.0,"perc":100.0,"total":1.0}},"25C-NBOMe":{"Small Group (2-9)":{"raw":1.0,"perc":100.0,"total":1.0}},"NBOMe Series":{"Small Group (2-9)":{"raw":1.0,"perc":100.0,"total":1.0}},"Coca":{"Various":{"raw":1.0,"perc":100.0,"total":1.0}}},"Ritual":{"Cannabis":{"Small Group (2-9)":{"raw":1.0,"perc":33.333333333333329,"total":3.0},"Alone":{"raw":1.0,"perc":33.333333333333329,"total":3.0},"Festival / Lg. Crowd":{"raw":1.0,"perc":33.333333333333329,"total":3.0}},"MDMA":{"Small Group (2-9)":{"raw":1.0,"perc":33.333333333333329,"total":3.0},"Festival / Lg. Crowd":{"raw":1.0,"perc":33.333333333333329,"total":3.0},"Rave / Dance Event":{"raw":1.0,"perc":33.333333333333329,"total":3.0}},"Pharmaceuticals":{"Small Group (2-9)":{"raw":1.0,"perc":100.0,"total":1.0}},"Pharms - Sildenafil":{"Small Group (2-9)":{"raw":1.0,"perc":100.0,"total":1.0}},"Stimulants":{"Small Group (2-9)":{"raw":1.0,"perc":33.333333333333329,"total":3.0},"Festival / Lg. Crowd":{"raw":1.0,"perc":33.333333333333329,"total":3.0},"Rave / Dance Event":{"raw":1.0,"perc":33.333333333333329,"total":3.0}},"2C-B":{"Festival / Lg. Crowd":{"raw":1.0,"perc":100.0,"total":1.0}},"Phenethylamine":{"Festival / Lg. Crowd":{"raw":1.0,"perc":100.0,"total":1.0}},"Tryptophan":{"Festival / Lg. Crowd":{"raw":1.0,"perc":100.0,"total":1.0}},"Salvia divinorum":{"Rave / Dance Event":{"raw":1.0,"perc":33.333333333333329,"total":3.0},"Alone":{"raw":1.0,"perc":33.333333333333329,"total":3.0},"Various":{"raw":1.0,"perc":33.333333333333329,"total":3.0}},"Harmala Alkaloids":{"Alone":{"raw":2.0,"perc":22.222222222222221,"total":9.0},"Group Ceremony":{"raw":7.0,"perc":77.777777777777786,"total":9.0}},"Psychotria viridis":{"Alone":{"raw":1.0,"perc":12.5,"total":8.0},"Group Ceremony":{"raw":7.0,"perc":87.5,"total":8.0}},"Syrian Rue":{"Alone":{"raw":2.0,"perc":100.0,"total":2.0}},"DPT":{"Various":{"raw":1.0,"perc":100.0,"total":1.0}},"Various":{"Various":{"raw":4.0,"perc":100.0,"total":4.0}},"5-MeO-DMT":{"Small Group (2-9)":{"raw":1.0,"perc":100.0,"total":1.0}},"H.B. Woodrose":{"Small Group (2-9)":{"raw":1.0,"perc":100.0,"total":1.0}},"Amanitas":{"Small Group (2-9)":{"raw":1.0,"perc":100.0,"total":1.0}},"Cacti":{"Festival / Lg. Crowd":{"raw":1.0,"perc":50.0,"total":2.0},"Group Ceremony":{"raw":1.0,"perc":50.0,"total":2.0}},"Mushrooms":{"Small Group (2-9)":{"raw":2.0,"perc":100.0,"total":2.0}},"Peyote":{"Group Ceremony":{"raw":1.0,"perc":100.0,"total":1.0}},"Morning Glory":{"Small Group (2-9)":{"raw":1.0,"perc":100.0,"total":1.0}},"LSA":{"Alone":{"raw":1.0,"perc":100.0,"total":1.0}},"Ayahuasca":{"Group Ceremony":{"raw":9.0,"perc":100.0,"total":9.0}},"Banisteriopsis caapi":{"Group Ceremony":{"raw":7.0,"perc":100.0,"total":7.0}},"Anadenanthera spp.":{"Alone":{"raw":1.0,"perc":100.0,"total":1.0}}},"Endogenous":{"LSD":{"Small Group (2-9)":{"raw":1.0,"perc":100.0,"total":1.0}},"MDMA":{"Various":{"raw":1.0,"perc":100.0,"total":1.0}},"Stimulants":{"Various":{"raw":1.0,"perc":100.0,"total":1.0}},"Various":{"Various":{"raw":2.0,"perc":100.0,"total":2.0}},"DXM":{"Hospital":{"raw":1.0,"perc":33.333333333333329,"total":3.0},"Unknown Context":{"raw":2.0,"perc":66.666666666666657,"total":3.0}},"Pharms - Venlafaxine":{"Not Applicable":{"raw":1.0,"perc":100.0,"total":1.0}},"Cannabis":{"Small Group (2-9)":{"raw":3.0,"perc":100.0,"total":3.0}},"Salvia divinorum":{"Alone":{"raw":2.0,"perc":100.0,"total":2.0}},"Opiates":{"Small Group (2-9)":{"raw":1.0,"perc":100.0,"total":1.0}},"Opioids":{"Small Group (2-9)":{"raw":1.0,"perc":100.0,"total":1.0}},"Pharms - Oxycodone":{"Small Group (2-9)":{"raw":1.0,"perc":100.0,"total":1.0}},"Pharms - Phenytoin":{"Not Applicable":{"raw":1.0,"perc":100.0,"total":1.0}},"Pharms - Aripiprazole":{"Alone":{"raw":1.0,"perc":100.0,"total":1.0}},"Benzodiazepines":{"Not Applicable":{"raw":1.0,"perc":100.0,"total":1.0}},"Pharmaceuticals":{"Not Applicable":{"raw":1.0,"perc":100.0,"total":1.0}},"Pharms - Clonazepam":{"Not Applicable":{"raw":1.0,"perc":100.0,"total":1.0}},"Pharms - Diazepam":{"Not Applicable":{"raw":1.0,"perc":100.0,"total":1.0}}},"Migraines":{"MDMA":{"Unknown Context":{"raw":3.0,"perc":60.0,"total":5.0},"Various":{"raw":1.0,"perc":20.0,"total":5.0},"Small Group (2-9)":{"raw":1.0,"perc":20.0,"total":5.0}},"Stimulants":{"Unknown Context":{"raw":3.0,"perc":60.0,"total":5.0},"Various":{"raw":1.0,"perc":20.0,"total":5.0},"Small Group (2-9)":{"raw":1.0,"perc":20.0,"total":5.0}},"4-AcO-DET":{"Various":{"raw":1.0,"perc":100.0,"total":1.0}},"5-MeO-DiPT":{"Various":{"raw":1.0,"perc":100.0,"total":1.0}},"Various":{"Various":{"raw":2.0,"perc":100.0,"total":2.0}},"Cannabis":{"Various":{"raw":1.0,"perc":100.0,"total":1.0}},"LSD":{"Various":{"raw":1.0,"perc":33.333333333333329,"total":3.0},"Not Applicable":{"raw":2.0,"perc":66.666666666666657,"total":3.0}},"Mushrooms":{"Not Applicable":{"raw":1.0,"perc":12.5,"total":8.0},"Unknown Context":{"raw":5.0,"perc":62.5,"total":8.0},"Small Group (2-9)":{"raw":1.0,"perc":12.5,"total":8.0},"Alone":{"raw":1.0,"perc":12.5,"total":8.0}},"2C-T-7":{"Unknown Context":{"raw":1.0,"perc":100.0,"total":1.0}},"Morning Glory":{"Unknown Context":{"raw":1.0,"perc":50.0,"total":2.0},"Not Applicable":{"raw":1.0,"perc":50.0,"total":2.0}},"Phenethylamine":{"Unknown Context":{"raw":1.0,"perc":100.0,"total":1.0}},"Ginkgo biloba":{"Not Applicable":{"raw":1.0,"perc":100.0,"total":1.0}},"Pharms - Carisoprodol":{"Unknown Context":{"raw":1.0,"perc":100.0,"total":1.0}},"Caffeine":{"Not Applicable":{"raw":1.0,"perc":100.0,"total":1.0}},"Pharmaceuticals":{"Not Applicable":{"raw":1.0,"perc":100.0,"total":1.0}},"Salvia divinorum":{"Alone":{"raw":1.0,"perc":100.0,"total":1.0}},"Pharms - Fentanyl":{"Small Group (2-9)":{"raw":1.0,"perc":100.0,"total":1.0}},"MDA":{"Small Group (2-9)":{"raw":1.0,"perc":100.0,"total":1.0}},"Piperazines":{"Small Group (2-9)":{"raw":1.0,"perc":100.0,"total":1.0}},"Alcohol":{"Alone":{"raw":1.0,"perc":100.0,"total":1.0}},"Harmala Alkaloids":{"Alone":{"raw":1.0,"perc":100.0,"total":1.0}},"Syrian Rue":{"Alone":{"raw":1.0,"perc":100.0,"total":1.0}},"H.B. Woodrose":{"Not Applicable":{"raw":1.0,"perc":100.0,"total":1.0}},"Turbina corymbosa":{"Not Applicable":{"raw":1.0,"perc":100.0,"total":1.0}},"Pharms - Olanzapine":{"Unknown Context":{"raw":1.0,"perc":100.0,"total":1.0}}},"Floatation Tank":{"Morning Glory":{"Alone":{"raw":1.0,"perc":100.0,"total":1.0}},"Unknown":{"Alone":{"raw":1.0,"perc":100.0,"total":1.0}},"2C-E":{"Alone":{"raw":1.0,"perc":100.0,"total":1.0}},"Phenethylamine":{"Alone":{"raw":1.0,"perc":100.0,"total":1.0}}},"Yoga / Bodywork":{"LSD":{"Alone":{"raw":3.0,"perc":33.333333333333329,"total":9.0},"Small Group (2-9)":{"raw":4.0,"perc":44.444444444444443,"total":9.0},"Various":{"raw":1.0,"perc":11.111111111111111,"total":9.0},"Not Applicable":{"raw":1.0,"perc":11.111111111111111,"total":9.0}},"MDMA":{"Alone":{"raw":1.0,"perc":16.666666666666664,"total":6.0},"Small Group (2-9)":{"raw":3.0,"perc":50.0,"total":6.0},"Unknown Context":{"raw":1.0,"perc":16.666666666666664,"total":6.0},"Festival / Lg. Crowd":{"raw":1.0,"perc":16.666666666666664,"total":6.0}},"Stimulants":{"Alone":{"raw":1.0,"perc":16.666666666666664,"total":6.0},"Small Group (2-9)":{"raw":3.0,"perc":50.0,"total":6.0},"Unknown Context":{"raw":1.0,"perc":16.666666666666664,"total":6.0},"Festival / Lg. Crowd":{"raw":1.0,"perc":16.666666666666664,"total":6.0}},"Various":{"Various":{"raw":3.0,"perc":100.0,"total":3.0}},"Ayahuasca":{"Alone":{"raw":2.0,"perc":66.666666666666657,"total":3.0},"Small Group (2-9)":{"raw":1.0,"perc":33.333333333333329,"total":3.0}},"Mushrooms":{"Small Group (2-9)":{"raw":3.0,"perc":50.0,"total":6.0},"Alone":{"raw":2.0,"perc":33.333333333333329,"total":6.0},"Not Applicable":{"raw":1.0,"perc":16.666666666666664,"total":6.0}},"Cacti":{"Alone":{"raw":1.0,"perc":50.0,"total":2.0},"Group Ceremony":{"raw":1.0,"perc":50.0,"total":2.0}},"Salvia divinorum":{"Alone":{"raw":1.0,"perc":50.0,"total":2.0},"Small Group (2-9)":{"raw":1.0,"perc":50.0,"total":2.0}},"Harmala Alkaloids":{"Alone":{"raw":1.0,"perc":100.0,"total":1.0}},"LSA":{"Alone":{"raw":1.0,"perc":50.0,"total":2.0},"Small Group (2-9)":{"raw":1.0,"perc":50.0,"total":2.0}},"Syrian Rue":{"Alone":{"raw":1.0,"perc":100.0,"total":1.0}},"Mimosa spp.":{"Alone":{"raw":1.0,"perc":100.0,"total":1.0}},"Moclobemide":{"Alone":{"raw":1.0,"perc":100.0,"total":1.0}},"Yerba Mate":{"Alone":{"raw":1.0,"perc":100.0,"total":1.0}},"DPT":{"Alone":{"raw":1.0,"perc":100.0,"total":1.0}},"Morning Glory":{"Various":{"raw":1.0,"perc":100.0,"total":1.0}},"Yohimbe":{"Small Group (2-9)":{"raw":1.0,"perc":100.0,"total":1.0}},"5-MeO-DiPT":{"Alone":{"raw":1.0,"perc":100.0,"total":1.0}},"Cannabis":{"Not Applicable":{"raw":1.0,"perc":100.0,"total":1.0}},"2C-E":{"Small Group (2-9)":{"raw":1.0,"perc":100.0,"total":1.0}},"Phenethylamine":{"Small Group (2-9)":{"raw":1.0,"perc":100.0,"total":1.0}}},"Meditation":{"Mushrooms":{"Various":{"raw":2.0,"perc":33.333333333333329,"total":6.0},"Alone":{"raw":3.0,"perc":50.0,"total":6.0},"Small Group (2-9)":{"raw":1.0,"perc":16.666666666666664,"total":6.0}},"Various":{"Various":{"raw":15.0,"perc":100.0,"total":15.0}},"Caffeine":{"Alone":{"raw":3.0,"perc":100.0,"total":3.0}},"Ephedrine":{"Alone":{"raw":1.0,"perc":100.0,"total":1.0}},"Cannabis":{"Small Group (2-9)":{"raw":4.0,"perc":36.363636363636367,"total":11.0},"Alone":{"raw":5.0,"perc":45.454545454545453,"total":11.0},"Various":{"raw":2.0,"perc":18.181818181818183,"total":11.0}},"MDMA":{"Small Group (2-9)":{"raw":2.0,"perc":28.571428571428569,"total":7.0},"Rave / Dance Event":{"raw":2.0,"perc":28.571428571428569,"total":7.0},"Alone":{"raw":2.0,"perc":28.571428571428569,"total":7.0},"Unknown Context":{"raw":1.0,"perc":14.285714285714285,"total":7.0}},"Nitrous Oxide":{"Small Group (2-9)":{"raw":1.0,"perc":25.0,"total":4.0},"Alone":{"raw":2.0,"perc":50.0,"total":4.0},"Hospital":{"raw":1.0,"perc":25.0,"total":4.0}},"Stimulants":{"Small Group (2-9)":{"raw":2.0,"perc":25.0,"total":8.0},"Rave / Dance Event":{"raw":2.0,"perc":25.0,"total":8.0},"Alone":{"raw":3.0,"perc":37.5,"total":8.0},"Unknown Context":{"raw":1.0,"perc":12.5,"total":8.0}},"4-AcO-DET":{"Alone":{"raw":1.0,"perc":100.0,"total":1.0}},"AMT":{"Alone":{"raw":1.0,"perc":100.0,"total":1.0}},"Calea zacatechichi":{"Alone":{"raw":3.0,"perc":75.0,"total":4.0},"Small Group (2-9)":{"raw":1.0,"perc":25.0,"total":4.0}},"Alcohol":{"Small Group (2-9)":{"raw":1.0,"perc":100.0,"total":1.0}},"Thujone":{"Small Group (2-9)":{"raw":1.0,"perc":100.0,"total":1.0}},"Unknown":{"Alone":{"raw":1.0,"perc":100.0,"total":1.0}},"Cacti":{"Alone":{"raw":1.0,"perc":33.333333333333329,"total":3.0},"Various":{"raw":1.0,"perc":33.333333333333329,"total":3.0},"Group Ceremony":{"raw":1.0,"perc":33.333333333333329,"total":3.0}},"LSD":{"Alone":{"raw":1.0,"perc":11.111111111111111,"total":9.0},"Various":{"raw":3.0,"perc":33.333333333333329,"total":9.0},"Group Ceremony":{"raw":2.0,"perc":22.222222222222221,"total":9.0},"Small Group (2-9)":{"raw":3.0,"perc":33.333333333333329,"total":9.0}},"Morning Glory":{"Alone":{"raw":2.0,"perc":50.0,"total":4.0},"Various":{"raw":2.0,"perc":50.0,"total":4.0}},"Opiates":{"Alone":{"raw":2.0,"perc":100.0,"total":2.0}},"Opium":{"Alone":{"raw":1.0,"perc":100.0,"total":1.0}},"Capsicum spp.":{"Alone":{"raw":1.0,"perc":100.0,"total":1.0}},"Hops":{"Alone":{"raw":1.0,"perc":100.0,"total":1.0}},"Kava":{"Alone":{"raw":1.0,"perc":100.0,"total":1.0}},"Lecithin":{"Alone":{"raw":1.0,"perc":100.0,"total":1.0}},"Opioids":{"Alone":{"raw":1.0,"perc":50.0,"total":2.0},"Various":{"raw":1.0,"perc":50.0,"total":2.0}},"Pharms - Oxycodone":{"Alone":{"raw":1.0,"perc":50.0,"total":2.0},"Various":{"raw":1.0,"perc":50.0,"total":2.0}},"Skullcap":{"Alone":{"raw":1.0,"perc":100.0,"total":1.0}},"Valerian":{"Alone":{"raw":1.0,"perc":100.0,"total":1.0}},"Harmala Alkaloids":{"Alone":{"raw":3.0,"perc":100.0,"total":3.0}},"Syrian Rue":{"Alone":{"raw":2.0,"perc":100.0,"total":2.0}},"5-MeO-DMT":{"Various":{"raw":1.0,"perc":50.0,"total":2.0},"Small Group (2-9)":{"raw":1.0,"perc":50.0,"total":2.0}},"DXM":{"Various":{"raw":1.0,"perc":100.0,"total":1.0}},"Nutmeg":{"Small Group (2-9)":{"raw":1.0,"perc":100.0,"total":1.0}},"Kratom":{"Alone":{"raw":2.0,"perc":100.0,"total":2.0}},"Amanitas":{"Small Group (2-9)":{"raw":1.0,"perc":50.0,"total":2.0},"Alone":{"raw":1.0,"perc":50.0,"total":2.0}},"Lobelia spp.":{"Small Group (2-9)":{"raw":1.0,"perc":100.0,"total":1.0}},"Salvia divinorum":{"Alone":{"raw":6.0,"perc":66.666666666666657,"total":9.0},"Small Group (2-9)":{"raw":3.0,"perc":33.333333333333329,"total":9.0}},"Methamphetamine":{"Alone":{"raw":1.0,"perc":100.0,"total":1.0}},"Yerba Mate":{"Alone":{"raw":1.0,"perc":100.0,"total":1.0}},"Mescaline":{"Various":{"raw":1.0,"perc":100.0,"total":1.0}},"Pharms - Venlafaxine":{"Various":{"raw":1.0,"perc":100.0,"total":1.0}},"2C-E":{"Alone":{"raw":1.0,"perc":100.0,"total":1.0}},"Phenethylamine":{"Alone":{"raw":1.0,"perc":33.333333333333329,"total":3.0},"Small Group (2-9)":{"raw":2.0,"perc":66.666666666666657,"total":3.0}},"Damiana":{"Alone":{"raw":2.0,"perc":100.0,"total":2.0}},"Mugwort":{"Alone":{"raw":2.0,"perc":100.0,"total":2.0}},"2C-T-2":{"Alone":{"raw":1.0,"perc":100.0,"total":1.0}},"Amphetamines":{"Alone":{"raw":1.0,"perc":100.0,"total":1.0}},"Leonotis leonurus":{"Alone":{"raw":1.0,"perc":100.0,"total":1.0}},"Passion Flower":{"Alone":{"raw":1.0,"perc":100.0,"total":1.0}},"Ayahuasca":{"Small Group (2-9)":{"raw":1.0,"perc":50.0,"total":2.0},"Group Ceremony":{"raw":1.0,"perc":50.0,"total":2.0}},"DOC":{"Alone":{"raw":1.0,"perc":100.0,"total":1.0}},"Lotus/Lily":{"Various":{"raw":1.0,"perc":100.0,"total":1.0}},"Piperazines":{"Alone":{"raw":1.0,"perc":50.0,"total":2.0},"Small Group (2-9)":{"raw":1.0,"perc":50.0,"total":2.0}},"4-HO-DET":{"Various":{"raw":1.0,"perc":100.0,"total":1.0}},"Pharms - Clonidine":{"Various":{"raw":1.0,"perc":100.0,"total":1.0}},"Piperazines - pFPP":{"Small Group (2-9)":{"raw":1.0,"perc":100.0,"total":1.0}},"DPT":{"Small Group (2-9)":{"raw":1.0,"perc":100.0,"total":1.0}},"Pharms - Zaleplon":{"Alone":{"raw":1.0,"perc":100.0,"total":1.0}},"DOI":{"Alone":{"raw":1.0,"perc":100.0,"total":1.0}},"DMT":{"Small Group (2-9)":{"raw":1.0,"perc":100.0,"total":1.0}},"2C-B":{"Small Group (2-9)":{"raw":2.0,"perc":100.0,"total":2.0}},"2C-I":{"Alone":{"raw":2.0,"perc":100.0,"total":2.0}},"Ketamine":{"Alone":{"raw":1.0,"perc":100.0,"total":1.0}},"NMDA Antagonists":{"Alone":{"raw":1.0,"perc":100.0,"total":1.0}},"Tabernanthe iboga":{"Small Group (2-9)":{"raw":1.0,"perc":100.0,"total":1.0}}},"Fasting":{"Various":{"Various":{"raw":7.0,"perc":100.0,"total":7.0}},"Salvia divinorum":{"Alone":{"raw":4.0,"perc":100.0,"total":4.0}},"Caffeine":{"Various":{"raw":2.0,"perc":100.0,"total":2.0}},"Mushrooms":{"Alone":{"raw":2.0,"perc":100.0,"total":2.0}},"Morning Glory":{"Alone":{"raw":1.0,"perc":100.0,"total":1.0}},"Nutmeg":{"Alone":{"raw":1.0,"perc":100.0,"total":1.0}},"Tobacco":{"Various":{"raw":1.0,"perc":100.0,"total":1.0}},"Alcohol":{"Hospital":{"raw":1.0,"perc":100.0,"total":1.0}},"Cacti":{"Alone":{"raw":1.0,"perc":100.0,"total":1.0}},"Cannabis":{"Alone":{"raw":1.0,"perc":100.0,"total":1.0}},"DXM":{"Small Group (2-9)":{"raw":1.0,"perc":100.0,"total":1.0}},"DOM":{"Alone":{"raw":1.0,"perc":100.0,"total":1.0}}},"Breathing":{"GBL":{"Alone":{"raw":1.0,"perc":100.0,"total":1.0}},"4-AcO-MiPT":{"Large Group (10+)":{"raw":1.0,"perc":100.0,"total":1.0}},"Amphetamines":{"Alone":{"raw":1.0,"perc":100.0,"total":1.0}},"Stimulants":{"Alone":{"raw":1.0,"perc":100.0,"total":1.0}},"5-MeO-DMT":{"Alone":{"raw":1.0,"perc":100.0,"total":1.0}},"Carbogen":{"Alone":{"raw":1.0,"perc":16.666666666666664,"total":6.0},"Small Group (2-9)":{"raw":3.0,"perc":50.0,"total":6.0},"Hospital":{"raw":1.0,"perc":16.666666666666664,"total":6.0},"Large Group (10+)":{"raw":1.0,"perc":16.666666666666664,"total":6.0}},"Cannabis":{"Alone":{"raw":1.0,"perc":100.0,"total":1.0}},"Acacia":{"Small Group (2-9)":{"raw":1.0,"perc":100.0,"total":1.0}},"DMT":{"Small Group (2-9)":{"raw":1.0,"perc":50.0,"total":2.0},"Alone":{"raw":1.0,"perc":50.0,"total":2.0}},"Nitrous Oxide":{"Small Group (2-9)":{"raw":1.0,"perc":100.0,"total":1.0}},"LSD":{"Small Group (2-9)":{"raw":1.0,"perc":100.0,"total":1.0}},"DPT":{"Alone":{"raw":1.0,"perc":100.0,"total":1.0}},"Methylone":{"Alone":{"raw":1.0,"perc":100.0,"total":1.0}},"Oxygen":{"Alone":{"raw":1.0,"perc":100.0,"total":1.0}}},"Devices":{"Mushrooms":{"Alone":{"raw":2.0,"perc":100.0,"total":2.0}},"DXM":{"Alone":{"raw":3.0,"perc":100.0,"total":3.0}},"Caffeine":{"Alone":{"raw":1.0,"perc":100.0,"total":1.0}},"Cannabis":{"Alone":{"raw":2.0,"perc":100.0,"total":2.0}},"Hydrocodone":{"Alone":{"raw":1.0,"perc":100.0,"total":1.0}},"Opioids":{"Alone":{"raw":1.0,"perc":100.0,"total":1.0}},"Pharms - Quetiapine":{"Alone":{"raw":1.0,"perc":100.0,"total":1.0}},"H.B. Woodrose":{"Alone":{"raw":1.0,"perc":100.0,"total":1.0}},"GHB":{"Alone":{"raw":1.0,"perc":100.0,"total":1.0}},"Various":{"Various":{"raw":1.0,"perc":100.0,"total":1.0}},"2C-I":{"Unknown Context":{"raw":1.0,"perc":100.0,"total":1.0}},"Morning Glory":{"Alone":{"raw":1.0,"perc":100.0,"total":1.0}},"Absinthe":{"Alone":{"raw":1.0,"perc":100.0,"total":1.0}},"Kava":{"Alone":{"raw":1.0,"perc":100.0,"total":1.0}},"Nitrous Oxide":{"Alone":{"raw":3.0,"perc":100.0,"total":3.0}},"LSD":{"Small Group (2-9)":{"raw":2.0,"perc":66.666666666666657,"total":3.0},"Alone":{"raw":1.0,"perc":33.333333333333329,"total":3.0}},"MDMA":{"Small Group (2-9)":{"raw":2.0,"perc":100.0,"total":2.0}},"Stimulants":{"Small Group (2-9)":{"raw":2.0,"perc":100.0,"total":2.0}},"Salvia divinorum":{"Small Group (2-9)":{"raw":1.0,"perc":20.0,"total":5.0},"Alone":{"raw":4.0,"perc":80.0,"total":5.0}},"Calea zacatechichi":{"Alone":{"raw":1.0,"perc":100.0,"total":1.0}},"Nutmeg":{"Alone":{"raw":1.0,"perc":100.0,"total":1.0}}},"Guiding":{"LSD":{"Rave / Dance Event":{"raw":1.0,"perc":50.0,"total":2.0},"Small Group (2-9)":{"raw":1.0,"perc":50.0,"total":2.0}},"MDMA":{"Rave / Dance Event":{"raw":1.0,"perc":100.0,"total":1.0}},"Mushrooms":{"Rave / Dance Event":{"raw":1.0,"perc":50.0,"total":2.0},"Small Group (2-9)":{"raw":1.0,"perc":50.0,"total":2.0}},"Stimulants":{"Rave / Dance Event":{"raw":1.0,"perc":100.0,"total":1.0}}},"Devices - Mind Machine":{"DXM":{"Alone":{"raw":3.0,"perc":100.0,"total":3.0}},"Mushrooms":{"Alone":{"raw":1.0,"perc":100.0,"total":1.0}},"Caffeine":{"Alone":{"raw":1.0,"perc":100.0,"total":1.0}},"Cannabis":{"Alone":{"raw":2.0,"perc":100.0,"total":2.0}},"Hydrocodone":{"Alone":{"raw":1.0,"perc":100.0,"total":1.0}},"Opioids":{"Alone":{"raw":1.0,"perc":100.0,"total":1.0}},"Pharms - Quetiapine":{"Alone":{"raw":1.0,"perc":100.0,"total":1.0}},"H.B. Woodrose":{"Alone":{"raw":1.0,"perc":100.0,"total":1.0}},"GHB":{"Alone":{"raw":1.0,"perc":100.0,"total":1.0}},"Various":{"Various":{"raw":1.0,"perc":100.0,"total":1.0}},"2C-I":{"Unknown Context":{"raw":1.0,"perc":100.0,"total":1.0}},"Absinthe":{"Alone":{"raw":1.0,"perc":100.0,"total":1.0}},"Kava":{"Alone":{"raw":1.0,"perc":100.0,"total":1.0}},"Nitrous Oxide":{"Alone":{"raw":3.0,"perc":100.0,"total":3.0}},"LSD":{"Small Group (2-9)":{"raw":1.0,"perc":50.0,"total":2.0},"Alone":{"raw":1.0,"perc":50.0,"total":2.0}},"MDMA":{"Small Group (2-9)":{"raw":1.0,"perc":100.0,"total":1.0}},"Stimulants":{"Small Group (2-9)":{"raw":1.0,"perc":100.0,"total":1.0}},"Calea zacatechichi":{"Alone":{"raw":1.0,"perc":100.0,"total":1.0}},"Salvia divinorum":{"Alone":{"raw":2.0,"perc":100.0,"total":2.0}},"Nutmeg":{"Alone":{"raw":1.0,"perc":100.0,"total":1.0}}},"Mindfulness":{"Various":{"Various":{"raw":3.0,"perc":100.0,"total":3.0}},"Cannabis":{"Small Group (2-9)":{"raw":1.0,"perc":100.0,"total":1.0}},"Salvia divinorum":{"Small Group (2-9)":{"raw":1.0,"perc":100.0,"total":1.0}},"LSD":{"Alone":{"raw":1.0,"perc":100.0,"total":1.0}},"Ketamine":{"Alone":{"raw":1.0,"perc":100.0,"total":1.0}},"NMDA Antagonists":{"Alone":{"raw":1.0,"perc":100.0,"total":1.0}},"4-AcO-DMT":{"Alone":{"raw":1.0,"perc":100.0,"total":1.0}},"DMT":{"Various":{"raw":1.0,"perc":100.0,"total":1.0}},"Banisteriopsis caapi":{"Various":{"raw":1.0,"perc":100.0,"total":1.0}},"Harmala Alkaloids":{"Various":{"raw":1.0,"perc":100.0,"total":1.0}},"Mushrooms":{"Various":{"raw":1.0,"perc":100.0,"total":1.0}}},"Conferences":{"Mushrooms":{"Various":{"raw":1.0,"perc":100.0,"total":1.0}},"Various":{"Various":{"raw":1.0,"perc":100.0,"total":1.0}},"Ketamine":{"Alone":{"raw":1.0,"perc":100.0,"total":1.0}},"NMDA Antagonists":{"Alone":{"raw":1.0,"perc":100.0,"total":1.0}},"Codeine":{"Alone":{"raw":1.0,"perc":100.0,"total":1.0}},"Opiates":{"Alone":{"raw":1.0,"perc":100.0,"total":1.0}},"Chamomile":{"Alone":{"raw":1.0,"perc":100.0,"total":1.0}},"Harmala Alkaloids":{"Alone":{"raw":1.0,"perc":100.0,"total":1.0}},"Passion Flower":{"Alone":{"raw":1.0,"perc":100.0,"total":1.0}},"Cannabinoid Receptor Agonists":{"Small Group (2-9)":{"raw":1.0,"perc":100.0,"total":1.0}}},"Hyperventilation":{"Amphetamines":{"Alone":{"raw":1.0,"perc":100.0,"total":1.0}},"Stimulants":{"Alone":{"raw":1.0,"perc":100.0,"total":1.0}},"Carbogen":{"Alone":{"raw":1.0,"perc":100.0,"total":1.0}},"Acacia":{"Small Group (2-9)":{"raw":1.0,"perc":100.0,"total":1.0}},"DMT":{"Small Group (2-9)":{"raw":1.0,"perc":100.0,"total":1.0}},"Nitrous Oxide":{"Small Group (2-9)":{"raw":1.0,"perc":100.0,"total":1.0}},"Oxygen":{"Alone":{"raw":1.0,"perc":100.0,"total":1.0}}},"Chanting":{"Mushrooms":{"Alone":{"raw":1.0,"perc":100.0,"total":1.0}},"MDAI":{"Alone":{"raw":1.0,"perc":100.0,"total":1.0}}},"Sweating":{"Peyote":{"Group Ceremony":{"raw":1.0,"perc":100.0,"total":1.0}},"Amanitas":{"Alone":{"raw":1.0,"perc":100.0,"total":1.0}},"Harmala Alkaloids":{"Alone":{"raw":1.0,"perc":100.0,"total":1.0}},"Passion Flower":{"Alone":{"raw":1.0,"perc":100.0,"total":1.0}}},"Humor":{"Mushrooms":{"Small Group (2-9)":{"raw":1.0,"perc":33.333333333333329,"total":3.0},"Various":{"raw":2.0,"perc":66.666666666666657,"total":3.0}},"Various":{"Various":{"raw":2.0,"perc":100.0,"total":2.0}},"Hydrocodone":{"Small Group (2-9)":{"raw":1.0,"perc":100.0,"total":1.0}},"Opioids":{"Small Group (2-9)":{"raw":1.0,"perc":100.0,"total":1.0}},"Unknown":{"Small Group (2-9)":{"raw":1.0,"perc":100.0,"total":1.0}},"Cheese - Blue":{"Alone":{"raw":1.0,"perc":100.0,"total":1.0}}},"Music":{"Cannabis":{"Various":{"raw":1.0,"perc":100.0,"total":1.0}},"MDMA":{"Various":{"raw":1.0,"perc":100.0,"total":1.0}},"Stimulants":{"Various":{"raw":1.0,"perc":100.0,"total":1.0}},"Various":{"Various":{"raw":1.0,"perc":100.0,"total":1.0}},"Acetaminophen":{"Alone":{"raw":1.0,"perc":100.0,"total":1.0}},"Caffeine":{"Alone":{"raw":1.0,"perc":100.0,"total":1.0}},"2C-B":{"Alone":{"raw":1.0,"perc":100.0,"total":1.0}},"Phenethylamine":{"Alone":{"raw":1.0,"perc":100.0,"total":1.0}},"LSD":{"Small Group (2-9)":{"raw":1.0,"perc":100.0,"total":1.0}}},"Nitrogen Narcosis":{"Mushrooms":{"Various":{"raw":1.0,"perc":100.0,"total":1.0}},"Salvia divinorum":{"Various":{"raw":1.0,"perc":100.0,"total":1.0}},"Various":{"Various":{"raw":1.0,"perc":100.0,"total":1.0}}},"Sound (non-music)":{"4-MeO-PCP":{"Alone":{"raw":1.0,"perc":100.0,"total":1.0}}}}