{"Drug Testing":{"Morning Glory":{"raw":1.0,"perc":0.61349693251533743,"total":163.0},"Opiates":{"raw":7.0,"perc":4.294478527607362,"total":163.0},"Poppies - Opium":{"raw":2.0,"perc":1.2269938650306749,"total":163.0},"DXM":{"raw":65.0,"perc":39.877300613496928,"total":163.0},"PCP":{"raw":1.0,"perc":0.61349693251533743,"total":163.0},"Cannabis":{"raw":25.0,"perc":15.337423312883436,"total":163.0},"Piperazines":{"raw":1.0,"perc":0.61349693251533743,"total":163.0},"Pseudoephedrine":{"raw":1.0,"perc":0.61349693251533743,"total":163.0},"Cocaine":{"raw":6.0,"perc":3.6809815950920246,"total":163.0},"Adrafinil":{"raw":1.0,"perc":0.61349693251533743,"total":163.0},"Morphine":{"raw":1.0,"perc":0.61349693251533743,"total":163.0},"Mushrooms":{"raw":1.0,"perc":0.61349693251533743,"total":163.0},"2C-I":{"raw":2.0,"perc":1.2269938650306749,"total":163.0},"5-MeO-DiPT":{"raw":1.0,"perc":0.61349693251533743,"total":163.0},"Chlorpheniramine Maleate":{"raw":1.0,"perc":0.61349693251533743,"total":163.0},"Methadone":{"raw":1.0,"perc":0.61349693251533743,"total":163.0},"Opioids":{"raw":8.0,"perc":4.9079754601226995,"total":163.0},"Pharms - Oxycodone":{"raw":6.0,"perc":3.6809815950920246,"total":163.0},"Hydromorphone":{"raw":2.0,"perc":1.2269938650306749,"total":163.0},"Amphetamines":{"raw":2.0,"perc":1.2269938650306749,"total":163.0},"Stimulants":{"raw":2.0,"perc":1.2269938650306749,"total":163.0},"Various":{"raw":5.0,"perc":3.0674846625766872,"total":163.0},"Hydrocodone":{"raw":1.0,"perc":0.61349693251533743,"total":163.0},"Vitamins - Niacin":{"raw":1.0,"perc":0.61349693251533743,"total":163.0},"Diphenhydramine":{"raw":2.0,"perc":1.2269938650306749,"total":163.0},"Alcohol":{"raw":1.0,"perc":0.61349693251533743,"total":163.0},"2C-B":{"raw":1.0,"perc":0.61349693251533743,"total":163.0},"Phenethylamine":{"raw":2.0,"perc":1.2269938650306749,"total":163.0},"Pharms - Zolpidem":{"raw":2.0,"perc":1.2269938650306749,"total":163.0},"Benzodiazepines":{"raw":2.0,"perc":1.2269938650306749,"total":163.0},"Pharms - Diazepam":{"raw":1.0,"perc":0.61349693251533743,"total":163.0},"Cacti":{"raw":1.0,"perc":0.61349693251533743,"total":163.0},"Mescaline":{"raw":1.0,"perc":0.61349693251533743,"total":163.0},"Pharms - Buspirone":{"raw":1.0,"perc":0.61349693251533743,"total":163.0},"Pharms - Venlafaxine":{"raw":1.0,"perc":0.61349693251533743,"total":163.0},"2C-E":{"raw":1.0,"perc":0.61349693251533743,"total":163.0},"MDPV":{"raw":1.0,"perc":0.61349693251533743,"total":163.0},"AB-FUBINACA":{"raw":1.0,"perc":0.61349693251533743,"total":163.0},"Products - Spice and Synthetic Cannabinoids":{"raw":1.0,"perc":0.61349693251533743,"total":163.0}},"Sleep Deprivation":{"Various":{"raw":23.0,"perc":18.852459016393443,"total":122.0},"Pharms - Benzphetamine":{"raw":2.0,"perc":1.639344262295082,"total":122.0},"Yohimbe":{"raw":1.0,"perc":0.819672131147541,"total":122.0},"Pharmaceuticals":{"raw":2.0,"perc":1.639344262295082,"total":122.0},"Pharms - Sertraline":{"raw":1.0,"perc":0.819672131147541,"total":122.0},"SSRIs":{"raw":1.0,"perc":0.819672131147541,"total":122.0},"Methamphetamine":{"raw":3.0,"perc":2.459016393442623,"total":122.0},"Caffeine":{"raw":4.0,"perc":3.278688524590164,"total":122.0},"Ephedrine":{"raw":2.0,"perc":1.639344262295082,"total":122.0},"Ginseng":{"raw":1.0,"perc":0.819672131147541,"total":122.0},"Pharms - Cyclobenzaprine":{"raw":1.0,"perc":0.819672131147541,"total":122.0},"AMT":{"raw":2.0,"perc":1.639344262295082,"total":122.0},"Mushrooms":{"raw":1.0,"perc":0.819672131147541,"total":122.0},"Modafinil":{"raw":4.0,"perc":3.278688524590164,"total":122.0},"Amphetamines":{"raw":12.0,"perc":9.8360655737704921,"total":122.0},"Stimulants":{"raw":13.0,"perc":10.655737704918032,"total":122.0},"Pharms - Corticosteroid":{"raw":1.0,"perc":0.819672131147541,"total":122.0},"Pharms - Prednisone":{"raw":1.0,"perc":0.819672131147541,"total":122.0},"MDMA":{"raw":3.0,"perc":2.459016393442623,"total":122.0},"H.B. Woodrose":{"raw":1.0,"perc":0.819672131147541,"total":122.0},"Cannabis":{"raw":7.0,"perc":5.7377049180327866,"total":122.0},"2C-I":{"raw":1.0,"perc":0.819672131147541,"total":122.0},"LSD":{"raw":3.0,"perc":2.459016393442623,"total":122.0},"Pharms - Lorazepam":{"raw":1.0,"perc":0.819672131147541,"total":122.0},"Catnip":{"raw":1.0,"perc":0.819672131147541,"total":122.0},"DMAE":{"raw":1.0,"perc":0.819672131147541,"total":122.0},"GHB":{"raw":1.0,"perc":0.819672131147541,"total":122.0},"Vinpocetine":{"raw":1.0,"perc":0.819672131147541,"total":122.0},"Tobacco":{"raw":2.0,"perc":1.639344262295082,"total":122.0},"Nicotine":{"raw":1.0,"perc":0.819672131147541,"total":122.0},"LSA":{"raw":1.0,"perc":0.819672131147541,"total":122.0},"Pharms - Propylhexedrine":{"raw":1.0,"perc":0.819672131147541,"total":122.0},"Benzodiazepines":{"raw":1.0,"perc":0.819672131147541,"total":122.0},"Pharms - Diazepam":{"raw":1.0,"perc":0.819672131147541,"total":122.0},"Amanitas":{"raw":1.0,"perc":0.819672131147541,"total":122.0},"Piperazines":{"raw":1.0,"perc":0.819672131147541,"total":122.0},"Tryptophan":{"raw":1.0,"perc":0.819672131147541,"total":122.0},"DXM":{"raw":1.0,"perc":0.819672131147541,"total":122.0},"Melatonin":{"raw":1.0,"perc":0.819672131147541,"total":122.0},"DOB":{"raw":1.0,"perc":0.819672131147541,"total":122.0},"2C-B":{"raw":1.0,"perc":0.819672131147541,"total":122.0},"Phenethylamine":{"raw":2.0,"perc":1.639344262295082,"total":122.0},"2C-G-N":{"raw":1.0,"perc":0.819672131147541,"total":122.0},"Lisdexamfetamine":{"raw":1.0,"perc":0.819672131147541,"total":122.0},"4-Methylmethcathinone":{"raw":3.0,"perc":2.459016393442623,"total":122.0},"Pharms - Methylphenidate":{"raw":1.0,"perc":0.819672131147541,"total":122.0},"MDPV":{"raw":1.0,"perc":0.819672131147541,"total":122.0},"Methylone":{"raw":1.0,"perc":0.819672131147541,"total":122.0},"5-MeO-DALT":{"raw":1.0,"perc":0.819672131147541,"total":122.0},"Products - Bath Salts, Plant Food, etc":{"raw":1.0,"perc":0.819672131147541,"total":122.0},"3F-Phenmetrazine":{"raw":1.0,"perc":0.819672131147541,"total":122.0}},"OBE":{"LSD":{"raw":4.0,"perc":4.7058823529411766,"total":85.0},"Datura":{"raw":1.0,"perc":1.1764705882352942,"total":85.0},"Salvia divinorum":{"raw":13.0,"perc":15.294117647058824,"total":85.0},"MDMA":{"raw":3.0,"perc":3.5294117647058822,"total":85.0},"Nitrous Oxide":{"raw":5.0,"perc":5.88235294117647,"total":85.0},"Stimulants":{"raw":4.0,"perc":4.7058823529411766,"total":85.0},"Kava":{"raw":1.0,"perc":1.1764705882352942,"total":85.0},"Valerian":{"raw":1.0,"perc":1.1764705882352942,"total":85.0},"Vitamin B-6":{"raw":1.0,"perc":1.1764705882352942,"total":85.0},"2C-B":{"raw":2.0,"perc":2.3529411764705883,"total":85.0},"Phenethylamine":{"raw":2.0,"perc":2.3529411764705883,"total":85.0},"Cannabis":{"raw":9.0,"perc":10.588235294117647,"total":85.0},"PMA":{"raw":1.0,"perc":1.1764705882352942,"total":85.0},"Various":{"raw":3.0,"perc":3.5294117647058822,"total":85.0},"Anadenanthera spp.":{"raw":1.0,"perc":1.1764705882352942,"total":85.0},"5-MeO-DiPT":{"raw":1.0,"perc":1.1764705882352942,"total":85.0},"DXM":{"raw":3.0,"perc":3.5294117647058822,"total":85.0},"Mushrooms":{"raw":7.0,"perc":8.235294117647058,"total":85.0},"Lotus/Lily":{"raw":1.0,"perc":1.1764705882352942,"total":85.0},"Codeine":{"raw":1.0,"perc":1.1764705882352942,"total":85.0},"Opiates":{"raw":1.0,"perc":1.1764705882352942,"total":85.0},"Ketamine":{"raw":2.0,"perc":2.3529411764705883,"total":85.0},"NMDA Antagonists":{"raw":2.0,"perc":2.3529411764705883,"total":85.0},"Mescaline":{"raw":1.0,"perc":1.1764705882352942,"total":85.0},"Pharms - Escitalopram":{"raw":1.0,"perc":1.1764705882352942,"total":85.0},"Inhalants":{"raw":1.0,"perc":1.1764705882352942,"total":85.0},"Stipa robusta":{"raw":1.0,"perc":1.1764705882352942,"total":85.0},"2C-I":{"raw":2.0,"perc":2.3529411764705883,"total":85.0},"4-AcO-DiPT":{"raw":1.0,"perc":1.1764705882352942,"total":85.0},"2C-T-2":{"raw":1.0,"perc":1.1764705882352942,"total":85.0},"DET":{"raw":1.0,"perc":1.1764705882352942,"total":85.0},"Pharms - Amitriptyline":{"raw":1.0,"perc":1.1764705882352942,"total":85.0},"Amphetamines":{"raw":1.0,"perc":1.1764705882352942,"total":85.0},"Modafinil":{"raw":1.0,"perc":1.1764705882352942,"total":85.0},"Methylone":{"raw":1.0,"perc":1.1764705882352942,"total":85.0},"25I-NBOMe":{"raw":1.0,"perc":1.1764705882352942,"total":85.0},"NBOMe Series":{"raw":1.0,"perc":1.1764705882352942,"total":85.0},"Methoxphenidine":{"raw":1.0,"perc":1.1764705882352942,"total":85.0}},"Dreams":{"DPT":{"raw":1.0,"perc":0.303951367781155,"total":329.0},"Pharmaceuticals":{"raw":4.0,"perc":1.21580547112462,"total":329.0},"Calea zacatechichi":{"raw":45.0,"perc":13.677811550151976,"total":329.0},"Nutmeg":{"raw":3.0,"perc":0.911854103343465,"total":329.0},"MDMA":{"raw":3.0,"perc":0.911854103343465,"total":329.0},"Stimulants":{"raw":3.0,"perc":0.911854103343465,"total":329.0},"Datura":{"raw":4.0,"perc":1.21580547112462,"total":329.0},"Melatonin":{"raw":45.0,"perc":13.677811550151976,"total":329.0},"Kava":{"raw":4.0,"perc":1.21580547112462,"total":329.0},"Diphenhydramine":{"raw":4.0,"perc":1.21580547112462,"total":329.0},"St. John's Wort":{"raw":1.0,"perc":0.303951367781155,"total":329.0},"Valerian":{"raw":20.0,"perc":6.0790273556231007,"total":329.0},"Vitamin B-6":{"raw":14.0,"perc":4.25531914893617,"total":329.0},"Nicotine":{"raw":2.0,"perc":0.60790273556231,"total":329.0},"Tobacco":{"raw":3.0,"perc":0.911854103343465,"total":329.0},"Caffeine":{"raw":2.0,"perc":0.60790273556231,"total":329.0},"Hydrocodone":{"raw":3.0,"perc":0.911854103343465,"total":329.0},"Opioids":{"raw":5.0,"perc":1.5197568389057752,"total":329.0},"Piracetam":{"raw":1.0,"perc":0.303951367781155,"total":329.0},"Lactuca spp.":{"raw":2.0,"perc":0.60790273556231,"total":329.0},"Morning Glory":{"raw":2.0,"perc":0.60790273556231,"total":329.0},"Yohimbe":{"raw":1.0,"perc":0.303951367781155,"total":329.0},"5-MeO-DiPT":{"raw":2.0,"perc":0.60790273556231,"total":329.0},"Alcohol":{"raw":3.0,"perc":0.911854103343465,"total":329.0},"Banisteriopsis caapi":{"raw":2.0,"perc":0.60790273556231,"total":329.0},"Harmala Alkaloids":{"raw":7.0,"perc":2.1276595744680851,"total":329.0},"Mimosa spp.":{"raw":1.0,"perc":0.303951367781155,"total":329.0},"DXM":{"raw":2.0,"perc":0.60790273556231,"total":329.0},"Salvia divinorum":{"raw":7.0,"perc":2.1276595744680851,"total":329.0},"Mugwort":{"raw":13.0,"perc":3.9513677811550152,"total":329.0},"Ayahuasca":{"raw":1.0,"perc":0.303951367781155,"total":329.0},"Damiana":{"raw":2.0,"perc":0.60790273556231,"total":329.0},"Hydromorphone":{"raw":2.0,"perc":0.60790273556231,"total":329.0},"Heimia salicifolia":{"raw":4.0,"perc":1.21580547112462,"total":329.0},"Opiates":{"raw":2.0,"perc":0.60790273556231,"total":329.0},"Poppies - Opium":{"raw":1.0,"perc":0.303951367781155,"total":329.0},"Pharms - Paroxetine":{"raw":3.0,"perc":0.911854103343465,"total":329.0},"SSRIs":{"raw":3.0,"perc":0.911854103343465,"total":329.0},"Pharms - Tramadol":{"raw":1.0,"perc":0.303951367781155,"total":329.0},"Various":{"raw":7.0,"perc":2.1276595744680851,"total":329.0},"Mandrake":{"raw":1.0,"perc":0.303951367781155,"total":329.0},"2C-I":{"raw":2.0,"perc":0.60790273556231,"total":329.0},"DMT":{"raw":2.0,"perc":0.60790273556231,"total":329.0},"Pharms - Zaleplon":{"raw":1.0,"perc":0.303951367781155,"total":329.0},"5-MeO-DMT":{"raw":2.0,"perc":0.60790273556231,"total":329.0},"DMAE":{"raw":3.0,"perc":0.911854103343465,"total":329.0},"Pharms - Butorphanol":{"raw":1.0,"perc":0.303951367781155,"total":329.0},"Catnip":{"raw":2.0,"perc":0.60790273556231,"total":329.0},"Pharms - Promethazine":{"raw":1.0,"perc":0.303951367781155,"total":329.0},"Tryptophan":{"raw":6.0,"perc":1.82370820668693,"total":329.0},"Pharms - Amitriptyline":{"raw":1.0,"perc":0.303951367781155,"total":329.0},"Pharms - Mefloquine":{"raw":1.0,"perc":0.303951367781155,"total":329.0},"Hops":{"raw":2.0,"perc":0.60790273556231,"total":329.0},"Skullcap":{"raw":1.0,"perc":0.303951367781155,"total":329.0},"Pharms - Venlafaxine":{"raw":3.0,"perc":0.911854103343465,"total":329.0},"Coleus":{"raw":5.0,"perc":1.5197568389057752,"total":329.0},"Pharms - Atomoxetine":{"raw":1.0,"perc":0.303951367781155,"total":329.0},"Calamus":{"raw":1.0,"perc":0.303951367781155,"total":329.0},"Pharms - Mirtazapine":{"raw":5.0,"perc":1.5197568389057752,"total":329.0},"Voacanga africana":{"raw":1.0,"perc":0.303951367781155,"total":329.0},"Passion Flower":{"raw":5.0,"perc":1.5197568389057752,"total":329.0},"Pharms - Phenytoin":{"raw":1.0,"perc":0.303951367781155,"total":329.0},"Pharms - Zopiclone":{"raw":2.0,"perc":0.60790273556231,"total":329.0},"Sceletium tortuosum":{"raw":1.0,"perc":0.303951367781155,"total":329.0},"Cannabis":{"raw":3.0,"perc":0.911854103343465,"total":329.0},"Wormwood":{"raw":2.0,"perc":0.60790273556231,"total":329.0},"Pharms - Escitalopram":{"raw":1.0,"perc":0.303951367781155,"total":329.0},"Pharms - Fluoxetine":{"raw":1.0,"perc":0.303951367781155,"total":329.0},"Brugmansia":{"raw":1.0,"perc":0.303951367781155,"total":329.0},"Codeine":{"raw":1.0,"perc":0.303951367781155,"total":329.0},"DOM":{"raw":1.0,"perc":0.303951367781155,"total":329.0},"Ginkgo biloba":{"raw":1.0,"perc":0.303951367781155,"total":329.0},"4-HO-DiPT":{"raw":1.0,"perc":0.303951367781155,"total":329.0},"Leonotis leonurus":{"raw":1.0,"perc":0.303951367781155,"total":329.0},"Pharms - Buprenorphine":{"raw":1.0,"perc":0.303951367781155,"total":329.0},"Naltrexone":{"raw":1.0,"perc":0.303951367781155,"total":329.0},"Amanitas":{"raw":1.0,"perc":0.303951367781155,"total":329.0},"LSD":{"raw":1.0,"perc":0.303951367781155,"total":329.0},"Mushrooms":{"raw":2.0,"perc":0.60790273556231,"total":329.0},"Benzodiazepines":{"raw":1.0,"perc":0.303951367781155,"total":329.0},"Pharms - Alprazolam":{"raw":1.0,"perc":0.303951367781155,"total":329.0},"Cheese - Blue":{"raw":2.0,"perc":0.60790273556231,"total":329.0},"Silene capensis":{"raw":13.0,"perc":3.9513677811550152,"total":329.0},"AMT":{"raw":1.0,"perc":0.303951367781155,"total":329.0},"Vitamins - Choline":{"raw":1.0,"perc":0.303951367781155,"total":329.0},"Ibogaine":{"raw":1.0,"perc":0.303951367781155,"total":329.0},"Tabernanthe iboga":{"raw":1.0,"perc":0.303951367781155,"total":329.0},"Kratom":{"raw":1.0,"perc":0.303951367781155,"total":329.0},"Entada rheedii":{"raw":1.0,"perc":0.303951367781155,"total":329.0},"Prazosin":{"raw":1.0,"perc":0.303951367781155,"total":329.0}},"Police / Customs":{"Various":{"raw":27.0,"perc":12.796208530805686,"total":211.0},"Cannabis":{"raw":15.0,"perc":7.109004739336493,"total":211.0},"Mushrooms":{"raw":20.0,"perc":9.47867298578199,"total":211.0},"Salvia divinorum":{"raw":2.0,"perc":0.94786729857819907,"total":211.0},"LSD":{"raw":19.0,"perc":9.0047393364928912,"total":211.0},"DXM":{"raw":3.0,"perc":1.4218009478672986,"total":211.0},"Datura":{"raw":9.0,"perc":4.2654028436018958,"total":211.0},"Methamphetamine":{"raw":4.0,"perc":1.8957345971563981,"total":211.0},"Diphenhydramine":{"raw":3.0,"perc":1.4218009478672986,"total":211.0},"Alcohol":{"raw":9.0,"perc":4.2654028436018958,"total":211.0},"Ketamine":{"raw":1.0,"perc":0.47393364928909953,"total":211.0},"NMDA Antagonists":{"raw":1.0,"perc":0.47393364928909953,"total":211.0},"Opiates":{"raw":5.0,"perc":2.3696682464454977,"total":211.0},"Opium":{"raw":1.0,"perc":0.47393364928909953,"total":211.0},"Dimenhydrinate":{"raw":3.0,"perc":1.4218009478672986,"total":211.0},"Lactuca spp.":{"raw":1.0,"perc":0.47393364928909953,"total":211.0},"Heroin":{"raw":4.0,"perc":1.8957345971563981,"total":211.0},"Inhalants":{"raw":1.0,"perc":0.47393364928909953,"total":211.0},"MDMA":{"raw":6.0,"perc":2.8436018957345972,"total":211.0},"Stimulants":{"raw":6.0,"perc":2.8436018957345972,"total":211.0},"Banisteriopsis caapi":{"raw":2.0,"perc":0.94786729857819907,"total":211.0},"Harmala Alkaloids":{"raw":3.0,"perc":1.4218009478672986,"total":211.0},"Benzodiazepines":{"raw":4.0,"perc":1.8957345971563981,"total":211.0},"Pharmaceuticals":{"raw":6.0,"perc":2.8436018957345972,"total":211.0},"Pharms - Alprazolam":{"raw":4.0,"perc":1.8957345971563981,"total":211.0},"AMT":{"raw":4.0,"perc":1.8957345971563981,"total":211.0},"5-MeO-DiPT":{"raw":1.0,"perc":0.47393364928909953,"total":211.0},"Nitrous Oxide":{"raw":1.0,"perc":0.47393364928909953,"total":211.0},"Cocaine":{"raw":2.0,"perc":0.94786729857819907,"total":211.0},"2C-B":{"raw":2.0,"perc":0.94786729857819907,"total":211.0},"Phenethylamine":{"raw":7.0,"perc":3.3175355450236967,"total":211.0},"Pharms - Zolpidem":{"raw":3.0,"perc":1.4218009478672986,"total":211.0},"5-MeO-DMT":{"raw":3.0,"perc":1.4218009478672986,"total":211.0},"Pharms - Lithium":{"raw":1.0,"perc":0.47393364928909953,"total":211.0},"Pharms - Diazepam":{"raw":1.0,"perc":0.47393364928909953,"total":211.0},"Kratom":{"raw":1.0,"perc":0.47393364928909953,"total":211.0},"Chlorpheniramine Maleate":{"raw":1.0,"perc":0.47393364928909953,"total":211.0},"Brugmansia":{"raw":6.0,"perc":2.8436018957345972,"total":211.0},"2C-T-7":{"raw":1.0,"perc":0.47393364928909953,"total":211.0},"Mescaline":{"raw":1.0,"perc":0.47393364928909953,"total":211.0},"Scopolamine":{"raw":1.0,"perc":0.47393364928909953,"total":211.0},"Opioids":{"raw":1.0,"perc":0.47393364928909953,"total":211.0},"Pharms - Oxycodone":{"raw":1.0,"perc":0.47393364928909953,"total":211.0},"Syrian Rue":{"raw":1.0,"perc":0.47393364928909953,"total":211.0},"Psychotria viridis":{"raw":1.0,"perc":0.47393364928909953,"total":211.0},"Pharms - Clonazepam":{"raw":1.0,"perc":0.47393364928909953,"total":211.0},"2C-E":{"raw":2.0,"perc":0.94786729857819907,"total":211.0},"4-AcO-DMT":{"raw":1.0,"perc":0.47393364928909953,"total":211.0},"Cannabinoid Receptor Agonists":{"raw":1.0,"perc":0.47393364928909953,"total":211.0},"JWH-018":{"raw":1.0,"perc":0.47393364928909953,"total":211.0},"DOC":{"raw":1.0,"perc":0.47393364928909953,"total":211.0},"2C-D":{"raw":1.0,"perc":0.47393364928909953,"total":211.0},"2C-P":{"raw":1.0,"perc":0.47393364928909953,"total":211.0},"25C-NBOMe":{"raw":1.0,"perc":0.47393364928909953,"total":211.0},"NBOMe Series":{"raw":1.0,"perc":0.47393364928909953,"total":211.0},"Coca":{"raw":1.0,"perc":0.47393364928909953,"total":211.0}},"Ritual":{"Cannabis":{"raw":3.0,"perc":4.4117647058823533,"total":68.0},"MDMA":{"raw":3.0,"perc":4.4117647058823533,"total":68.0},"Pharmaceuticals":{"raw":1.0,"perc":1.4705882352941175,"total":68.0},"Pharms - Sildenafil":{"raw":1.0,"perc":1.4705882352941175,"total":68.0},"Stimulants":{"raw":3.0,"perc":4.4117647058823533,"total":68.0},"2C-B":{"raw":1.0,"perc":1.4705882352941175,"total":68.0},"Phenethylamine":{"raw":1.0,"perc":1.4705882352941175,"total":68.0},"Tryptophan":{"raw":1.0,"perc":1.4705882352941175,"total":68.0},"Salvia divinorum":{"raw":3.0,"perc":4.4117647058823533,"total":68.0},"Harmala Alkaloids":{"raw":9.0,"perc":13.23529411764706,"total":68.0},"Psychotria viridis":{"raw":8.0,"perc":11.76470588235294,"total":68.0},"Syrian Rue":{"raw":2.0,"perc":2.9411764705882351,"total":68.0},"DPT":{"raw":1.0,"perc":1.4705882352941175,"total":68.0},"Various":{"raw":4.0,"perc":5.88235294117647,"total":68.0},"5-MeO-DMT":{"raw":1.0,"perc":1.4705882352941175,"total":68.0},"H.B. Woodrose":{"raw":1.0,"perc":1.4705882352941175,"total":68.0},"Amanitas":{"raw":1.0,"perc":1.4705882352941175,"total":68.0},"Cacti":{"raw":2.0,"perc":2.9411764705882351,"total":68.0},"Mushrooms":{"raw":2.0,"perc":2.9411764705882351,"total":68.0},"Peyote":{"raw":1.0,"perc":1.4705882352941175,"total":68.0},"Morning Glory":{"raw":1.0,"perc":1.4705882352941175,"total":68.0},"LSA":{"raw":1.0,"perc":1.4705882352941175,"total":68.0},"Ayahuasca":{"raw":9.0,"perc":13.23529411764706,"total":68.0},"Banisteriopsis caapi":{"raw":7.0,"perc":10.294117647058822,"total":68.0},"Anadenanthera spp.":{"raw":1.0,"perc":1.4705882352941175,"total":68.0}},"Endogenous":{"LSD":{"raw":1.0,"perc":4.3478260869565215,"total":23.0},"MDMA":{"raw":1.0,"perc":4.3478260869565215,"total":23.0},"Stimulants":{"raw":1.0,"perc":4.3478260869565215,"total":23.0},"Various":{"raw":2.0,"perc":8.695652173913043,"total":23.0},"DXM":{"raw":3.0,"perc":13.043478260869565,"total":23.0},"Pharms - Venlafaxine":{"raw":1.0,"perc":4.3478260869565215,"total":23.0},"Cannabis":{"raw":3.0,"perc":13.043478260869565,"total":23.0},"Salvia divinorum":{"raw":2.0,"perc":8.695652173913043,"total":23.0},"Opiates":{"raw":1.0,"perc":4.3478260869565215,"total":23.0},"Opioids":{"raw":1.0,"perc":4.3478260869565215,"total":23.0},"Pharms - Oxycodone":{"raw":1.0,"perc":4.3478260869565215,"total":23.0},"Pharms - Phenytoin":{"raw":1.0,"perc":4.3478260869565215,"total":23.0},"Pharms - Aripiprazole":{"raw":1.0,"perc":4.3478260869565215,"total":23.0},"Benzodiazepines":{"raw":1.0,"perc":4.3478260869565215,"total":23.0},"Pharmaceuticals":{"raw":1.0,"perc":4.3478260869565215,"total":23.0},"Pharms - Clonazepam":{"raw":1.0,"perc":4.3478260869565215,"total":23.0},"Pharms - Diazepam":{"raw":1.0,"perc":4.3478260869565215,"total":23.0}},"Migraines":{"MDMA":{"raw":5.0,"perc":11.363636363636363,"total":44.0},"Stimulants":{"raw":5.0,"perc":11.363636363636363,"total":44.0},"4-AcO-DET":{"raw":1.0,"perc":2.2727272727272729,"total":44.0},"5-MeO-DiPT":{"raw":1.0,"perc":2.2727272727272729,"total":44.0},"Various":{"raw":2.0,"perc":4.5454545454545459,"total":44.0},"Cannabis":{"raw":1.0,"perc":2.2727272727272729,"total":44.0},"LSD":{"raw":3.0,"perc":6.8181818181818175,"total":44.0},"Mushrooms":{"raw":8.0,"perc":18.181818181818183,"total":44.0},"2C-T-7":{"raw":1.0,"perc":2.2727272727272729,"total":44.0},"Morning Glory":{"raw":2.0,"perc":4.5454545454545459,"total":44.0},"Phenethylamine":{"raw":1.0,"perc":2.2727272727272729,"total":44.0},"Ginkgo biloba":{"raw":1.0,"perc":2.2727272727272729,"total":44.0},"Pharms - Carisoprodol":{"raw":1.0,"perc":2.2727272727272729,"total":44.0},"Caffeine":{"raw":1.0,"perc":2.2727272727272729,"total":44.0},"Pharmaceuticals":{"raw":1.0,"perc":2.2727272727272729,"total":44.0},"Salvia divinorum":{"raw":1.0,"perc":2.2727272727272729,"total":44.0},"Pharms - Fentanyl":{"raw":1.0,"perc":2.2727272727272729,"total":44.0},"MDA":{"raw":1.0,"perc":2.2727272727272729,"total":44.0},"Piperazines":{"raw":1.0,"perc":2.2727272727272729,"total":44.0},"Alcohol":{"raw":1.0,"perc":2.2727272727272729,"total":44.0},"Harmala Alkaloids":{"raw":1.0,"perc":2.2727272727272729,"total":44.0},"Syrian Rue":{"raw":1.0,"perc":2.2727272727272729,"total":44.0},"H.B. Woodrose":{"raw":1.0,"perc":2.2727272727272729,"total":44.0},"Turbina corymbosa":{"raw":1.0,"perc":2.2727272727272729,"total":44.0},"Pharms - Olanzapine":{"raw":1.0,"perc":2.2727272727272729,"total":44.0}},"Floatation Tank":{"Morning Glory":{"raw":1.0,"perc":25.0,"total":4.0},"Unknown":{"raw":1.0,"perc":25.0,"total":4.0},"2C-E":{"raw":1.0,"perc":25.0,"total":4.0},"Phenethylamine":{"raw":1.0,"perc":25.0,"total":4.0}},"Yoga / Bodywork":{"LSD":{"raw":9.0,"perc":17.647058823529413,"total":51.0},"MDMA":{"raw":6.0,"perc":11.76470588235294,"total":51.0},"Stimulants":{"raw":6.0,"perc":11.76470588235294,"total":51.0},"Various":{"raw":3.0,"perc":5.88235294117647,"total":51.0},"Ayahuasca":{"raw":3.0,"perc":5.88235294117647,"total":51.0},"Mushrooms":{"raw":6.0,"perc":11.76470588235294,"total":51.0},"Cacti":{"raw":2.0,"perc":3.9215686274509802,"total":51.0},"Salvia divinorum":{"raw":2.0,"perc":3.9215686274509802,"total":51.0},"Harmala Alkaloids":{"raw":1.0,"perc":1.9607843137254901,"total":51.0},"LSA":{"raw":2.0,"perc":3.9215686274509802,"total":51.0},"Syrian Rue":{"raw":1.0,"perc":1.9607843137254901,"total":51.0},"Mimosa spp.":{"raw":1.0,"perc":1.9607843137254901,"total":51.0},"Moclobemide":{"raw":1.0,"perc":1.9607843137254901,"total":51.0},"Yerba Mate":{"raw":1.0,"perc":1.9607843137254901,"total":51.0},"DPT":{"raw":1.0,"perc":1.9607843137254901,"total":51.0},"Morning Glory":{"raw":1.0,"perc":1.9607843137254901,"total":51.0},"Yohimbe":{"raw":1.0,"perc":1.9607843137254901,"total":51.0},"5-MeO-DiPT":{"raw":1.0,"perc":1.9607843137254901,"total":51.0},"Cannabis":{"raw":1.0,"perc":1.9607843137254901,"total":51.0},"2C-E":{"raw":1.0,"perc":1.9607843137254901,"total":51.0},"Phenethylamine":{"raw":1.0,"perc":1.9607843137254901,"total":51.0}},"Meditation":{"Mushrooms":{"raw":6.0,"perc":3.9473684210526314,"total":152.0},"Various":{"raw":15.0,"perc":9.8684210526315788,"total":152.0},"Caffeine":{"raw":3.0,"perc":1.9736842105263157,"total":152.0},"Ephedrine":{"raw":1.0,"perc":0.6578947368421052,"total":152.0},"Cannabis":{"raw":11.0,"perc":7.2368421052631584,"total":152.0},"MDMA":{"raw":7.0,"perc":4.6052631578947363,"total":152.0},"Nitrous Oxide":{"raw":4.0,"perc":2.6315789473684208,"total":152.0},"Stimulants":{"raw":8.0,"perc":5.2631578947368416,"total":152.0},"4-AcO-DET":{"raw":1.0,"perc":0.6578947368421052,"total":152.0},"AMT":{"raw":1.0,"perc":0.6578947368421052,"total":152.0},"Calea zacatechichi":{"raw":4.0,"perc":2.6315789473684208,"total":152.0},"Alcohol":{"raw":1.0,"perc":0.6578947368421052,"total":152.0},"Thujone":{"raw":1.0,"perc":0.6578947368421052,"total":152.0},"Unknown":{"raw":1.0,"perc":0.6578947368421052,"total":152.0},"Cacti":{"raw":3.0,"perc":1.9736842105263157,"total":152.0},"LSD":{"raw":9.0,"perc":5.9210526315789469,"total":152.0},"Morning Glory":{"raw":4.0,"perc":2.6315789473684208,"total":152.0},"Opiates":{"raw":2.0,"perc":1.3157894736842104,"total":152.0},"Opium":{"raw":1.0,"perc":0.6578947368421052,"total":152.0},"Capsicum spp.":{"raw":1.0,"perc":0.6578947368421052,"total":152.0},"Hops":{"raw":1.0,"perc":0.6578947368421052,"total":152.0},"Kava":{"raw":1.0,"perc":0.6578947368421052,"total":152.0},"Lecithin":{"raw":1.0,"perc":0.6578947368421052,"total":152.0},"Opioids":{"raw":2.0,"perc":1.3157894736842104,"total":152.0},"Pharms - Oxycodone":{"raw":2.0,"perc":1.3157894736842104,"total":152.0},"Skullcap":{"raw":1.0,"perc":0.6578947368421052,"total":152.0},"Valerian":{"raw":1.0,"perc":0.6578947368421052,"total":152.0},"Harmala Alkaloids":{"raw":3.0,"perc":1.9736842105263157,"total":152.0},"Syrian Rue":{"raw":2.0,"perc":1.3157894736842104,"total":152.0},"5-MeO-DMT":{"raw":2.0,"perc":1.3157894736842104,"total":152.0},"DXM":{"raw":1.0,"perc":0.6578947368421052,"total":152.0},"Nutmeg":{"raw":1.0,"perc":0.6578947368421052,"total":152.0},"Kratom":{"raw":2.0,"perc":1.3157894736842104,"total":152.0},"Amanitas":{"raw":2.0,"perc":1.3157894736842104,"total":152.0},"Lobelia spp.":{"raw":1.0,"perc":0.6578947368421052,"total":152.0},"Salvia divinorum":{"raw":9.0,"perc":5.9210526315789469,"total":152.0},"Methamphetamine":{"raw":1.0,"perc":0.6578947368421052,"total":152.0},"Yerba Mate":{"raw":1.0,"perc":0.6578947368421052,"total":152.0},"Mescaline":{"raw":1.0,"perc":0.6578947368421052,"total":152.0},"Pharms - Venlafaxine":{"raw":1.0,"perc":0.6578947368421052,"total":152.0},"2C-E":{"raw":1.0,"perc":0.6578947368421052,"total":152.0},"Phenethylamine":{"raw":3.0,"perc":1.9736842105263157,"total":152.0},"Damiana":{"raw":2.0,"perc":1.3157894736842104,"total":152.0},"Mugwort":{"raw":2.0,"perc":1.3157894736842104,"total":152.0},"2C-T-2":{"raw":1.0,"perc":0.6578947368421052,"total":152.0},"Amphetamines":{"raw":1.0,"perc":0.6578947368421052,"total":152.0},"Leonotis leonurus":{"raw":1.0,"perc":0.6578947368421052,"total":152.0},"Passion Flower":{"raw":1.0,"perc":0.6578947368421052,"total":152.0},"Ayahuasca":{"raw":2.0,"perc":1.3157894736842104,"total":152.0},"DOC":{"raw":1.0,"perc":0.6578947368421052,"total":152.0},"Lotus/Lily":{"raw":1.0,"perc":0.6578947368421052,"total":152.0},"Piperazines":{"raw":2.0,"perc":1.3157894736842104,"total":152.0},"4-HO-DET":{"raw":1.0,"perc":0.6578947368421052,"total":152.0},"Pharms - Clonidine":{"raw":1.0,"perc":0.6578947368421052,"total":152.0},"Piperazines - pFPP":{"raw":1.0,"perc":0.6578947368421052,"total":152.0},"DPT":{"raw":1.0,"perc":0.6578947368421052,"total":152.0},"Pharms - Zaleplon":{"raw":1.0,"perc":0.6578947368421052,"total":152.0},"DOI":{"raw":1.0,"perc":0.6578947368421052,"total":152.0},"DMT":{"raw":1.0,"perc":0.6578947368421052,"total":152.0},"2C-B":{"raw":2.0,"perc":1.3157894736842104,"total":152.0},"2C-I":{"raw":2.0,"perc":1.3157894736842104,"total":152.0},"Ketamine":{"raw":1.0,"perc":0.6578947368421052,"total":152.0},"NMDA Antagonists":{"raw":1.0,"perc":0.6578947368421052,"total":152.0},"Tabernanthe iboga":{"raw":1.0,"perc":0.6578947368421052,"total":152.0}},"Fasting":{"Various":{"raw":7.0,"perc":30.434782608695656,"total":23.0},"Salvia divinorum":{"raw":4.0,"perc":17.391304347826086,"total":23.0},"Caffeine":{"raw":2.0,"perc":8.695652173913043,"total":23.0},"Mushrooms":{"raw":2.0,"perc":8.695652173913043,"total":23.0},"Morning Glory":{"raw":1.0,"perc":4.3478260869565215,"total":23.0},"Nutmeg":{"raw":1.0,"perc":4.3478260869565215,"total":23.0},"Tobacco":{"raw":1.0,"perc":4.3478260869565215,"total":23.0},"Alcohol":{"raw":1.0,"perc":4.3478260869565215,"total":23.0},"Cacti":{"raw":1.0,"perc":4.3478260869565215,"total":23.0},"Cannabis":{"raw":1.0,"perc":4.3478260869565215,"total":23.0},"DXM":{"raw":1.0,"perc":4.3478260869565215,"total":23.0},"DOM":{"raw":1.0,"perc":4.3478260869565215,"total":23.0}},"Breathing":{"GBL":{"raw":1.0,"perc":5.0,"total":20.0},"4-AcO-MiPT":{"raw":1.0,"perc":5.0,"total":20.0},"Amphetamines":{"raw":1.0,"perc":5.0,"total":20.0},"Stimulants":{"raw":1.0,"perc":5.0,"total":20.0},"5-MeO-DMT":{"raw":1.0,"perc":5.0,"total":20.0},"Carbogen":{"raw":6.0,"perc":30.0,"total":20.0},"Cannabis":{"raw":1.0,"perc":5.0,"total":20.0},"Acacia":{"raw":1.0,"perc":5.0,"total":20.0},"DMT":{"raw":2.0,"perc":10.0,"total":20.0},"Nitrous Oxide":{"raw":1.0,"perc":5.0,"total":20.0},"LSD":{"raw":1.0,"perc":5.0,"total":20.0},"DPT":{"raw":1.0,"perc":5.0,"total":20.0},"Methylone":{"raw":1.0,"perc":5.0,"total":20.0},"Oxygen":{"raw":1.0,"perc":5.0,"total":20.0}},"Devices":{"Mushrooms":{"raw":2.0,"perc":5.7142857142857144,"total":35.0},"DXM":{"raw":3.0,"perc":8.5714285714285712,"total":35.0},"Caffeine":{"raw":1.0,"perc":2.8571428571428572,"total":35.0},"Cannabis":{"raw":2.0,"perc":5.7142857142857144,"total":35.0},"Hydrocodone":{"raw":1.0,"perc":2.8571428571428572,"total":35.0},"Opioids":{"raw":1.0,"perc":2.8571428571428572,"total":35.0},"Pharms - Quetiapine":{"raw":1.0,"perc":2.8571428571428572,"total":35.0},"H.B. Woodrose":{"raw":1.0,"perc":2.8571428571428572,"total":35.0},"GHB":{"raw":1.0,"perc":2.8571428571428572,"total":35.0},"Various":{"raw":1.0,"perc":2.8571428571428572,"total":35.0},"2C-I":{"raw":1.0,"perc":2.8571428571428572,"total":35.0},"Morning Glory":{"raw":1.0,"perc":2.8571428571428572,"total":35.0},"Absinthe":{"raw":1.0,"perc":2.8571428571428572,"total":35.0},"Kava":{"raw":1.0,"perc":2.8571428571428572,"total":35.0},"Nitrous Oxide":{"raw":3.0,"perc":8.5714285714285712,"total":35.0},"LSD":{"raw":3.0,"perc":8.5714285714285712,"total":35.0},"MDMA":{"raw":2.0,"perc":5.7142857142857144,"total":35.0},"Stimulants":{"raw":2.0,"perc":5.7142857142857144,"total":35.0},"Salvia divinorum":{"raw":5.0,"perc":14.285714285714285,"total":35.0},"Calea zacatechichi":{"raw":1.0,"perc":2.8571428571428572,"total":35.0},"Nutmeg":{"raw":1.0,"perc":2.8571428571428572,"total":35.0}},"Guiding":{"LSD":{"raw":2.0,"perc":33.333333333333329,"total":6.0},"MDMA":{"raw":1.0,"perc":16.666666666666664,"total":6.0},"Mushrooms":{"raw":2.0,"perc":33.333333333333329,"total":6.0},"Stimulants":{"raw":1.0,"perc":16.666666666666664,"total":6.0}},"Devices - Mind Machine":{"DXM":{"raw":3.0,"perc":11.111111111111111,"total":27.0},"Mushrooms":{"raw":1.0,"perc":3.7037037037037033,"total":27.0},"Caffeine":{"raw":1.0,"perc":3.7037037037037033,"total":27.0},"Cannabis":{"raw":2.0,"perc":7.4074074074074066,"total":27.0},"Hydrocodone":{"raw":1.0,"perc":3.7037037037037033,"total":27.0},"Opioids":{"raw":1.0,"perc":3.7037037037037033,"total":27.0},"Pharms - Quetiapine":{"raw":1.0,"perc":3.7037037037037033,"total":27.0},"H.B. Woodrose":{"raw":1.0,"perc":3.7037037037037033,"total":27.0},"GHB":{"raw":1.0,"perc":3.7037037037037033,"total":27.0},"Various":{"raw":1.0,"perc":3.7037037037037033,"total":27.0},"2C-I":{"raw":1.0,"perc":3.7037037037037033,"total":27.0},"Absinthe":{"raw":1.0,"perc":3.7037037037037033,"total":27.0},"Kava":{"raw":1.0,"perc":3.7037037037037033,"total":27.0},"Nitrous Oxide":{"raw":3.0,"perc":11.111111111111111,"total":27.0},"LSD":{"raw":2.0,"perc":7.4074074074074066,"total":27.0},"MDMA":{"raw":1.0,"perc":3.7037037037037033,"total":27.0},"Stimulants":{"raw":1.0,"perc":3.7037037037037033,"total":27.0},"Calea zacatechichi":{"raw":1.0,"perc":3.7037037037037033,"total":27.0},"Salvia divinorum":{"raw":2.0,"perc":7.4074074074074066,"total":27.0},"Nutmeg":{"raw":1.0,"perc":3.7037037037037033,"total":27.0}},"Mindfulness":{"Various":{"raw":3.0,"perc":23.076923076923077,"total":13.0},"Cannabis":{"raw":1.0,"perc":7.6923076923076925,"total":13.0},"Salvia divinorum":{"raw":1.0,"perc":7.6923076923076925,"total":13.0},"LSD":{"raw":1.0,"perc":7.6923076923076925,"total":13.0},"Ketamine":{"raw":1.0,"perc":7.6923076923076925,"total":13.0},"NMDA Antagonists":{"raw":1.0,"perc":7.6923076923076925,"total":13.0},"4-AcO-DMT":{"raw":1.0,"perc":7.6923076923076925,"total":13.0},"DMT":{"raw":1.0,"perc":7.6923076923076925,"total":13.0},"Banisteriopsis caapi":{"raw":1.0,"perc":7.6923076923076925,"total":13.0},"Harmala Alkaloids":{"raw":1.0,"perc":7.6923076923076925,"total":13.0},"Mushrooms":{"raw":1.0,"perc":7.6923076923076925,"total":13.0}},"Conferences":{"Mushrooms":{"raw":1.0,"perc":10.0,"total":10.0},"Various":{"raw":1.0,"perc":10.0,"total":10.0},"Ketamine":{"raw":1.0,"perc":10.0,"total":10.0},"NMDA Antagonists":{"raw":1.0,"perc":10.0,"total":10.0},"Codeine":{"raw":1.0,"perc":10.0,"total":10.0},"Opiates":{"raw":1.0,"perc":10.0,"total":10.0},"Chamomile":{"raw":1.0,"perc":10.0,"total":10.0},"Harmala Alkaloids":{"raw":1.0,"perc":10.0,"total":10.0},"Passion Flower":{"raw":1.0,"perc":10.0,"total":10.0},"Cannabinoid Receptor Agonists":{"raw":1.0,"perc":10.0,"total":10.0}},"Hyperventilation":{"Amphetamines":{"raw":1.0,"perc":14.285714285714285,"total":7.0},"Stimulants":{"raw":1.0,"perc":14.285714285714285,"total":7.0},"Carbogen":{"raw":1.0,"perc":14.285714285714285,"total":7.0},"Acacia":{"raw":1.0,"perc":14.285714285714285,"total":7.0},"DMT":{"raw":1.0,"perc":14.285714285714285,"total":7.0},"Nitrous Oxide":{"raw":1.0,"perc":14.285714285714285,"total":7.0},"Oxygen":{"raw":1.0,"perc":14.285714285714285,"total":7.0}},"Chanting":{"Mushrooms":{"raw":1.0,"perc":50.0,"total":2.0},"MDAI":{"raw":1.0,"perc":50.0,"total":2.0}},"Sweating":{"Peyote":{"raw":1.0,"perc":25.0,"total":4.0},"Amanitas":{"raw":1.0,"perc":25.0,"total":4.0},"Harmala Alkaloids":{"raw":1.0,"perc":25.0,"total":4.0},"Passion Flower":{"raw":1.0,"perc":25.0,"total":4.0}},"Humor":{"Mushrooms":{"raw":3.0,"perc":33.333333333333329,"total":9.0},"Various":{"raw":2.0,"perc":22.222222222222221,"total":9.0},"Hydrocodone":{"raw":1.0,"perc":11.111111111111111,"total":9.0},"Opioids":{"raw":1.0,"perc":11.111111111111111,"total":9.0},"Unknown":{"raw":1.0,"perc":11.111111111111111,"total":9.0},"Cheese - Blue":{"raw":1.0,"perc":11.111111111111111,"total":9.0}},"Music":{"Cannabis":{"raw":1.0,"perc":11.111111111111111,"total":9.0},"MDMA":{"raw":1.0,"perc":11.111111111111111,"total":9.0},"Stimulants":{"raw":1.0,"perc":11.111111111111111,"total":9.0},"Various":{"raw":1.0,"perc":11.111111111111111,"total":9.0},"Acetaminophen":{"raw":1.0,"perc":11.111111111111111,"total":9.0},"Caffeine":{"raw":1.0,"perc":11.111111111111111,"total":9.0},"2C-B":{"raw":1.0,"perc":11.111111111111111,"total":9.0},"Phenethylamine":{"raw":1.0,"perc":11.111111111111111,"total":9.0},"LSD":{"raw":1.0,"perc":11.111111111111111,"total":9.0}},"Nitrogen Narcosis":{"Mushrooms":{"raw":1.0,"perc":33.333333333333329,"total":3.0},"Salvia divinorum":{"raw":1.0,"perc":33.333333333333329,"total":3.0},"Various":{"raw":1.0,"perc":33.333333333333329,"total":3.0}},"Sound (non-music)":{"4-MeO-PCP":{"raw":1.0,"perc":100.0,"total":1.0}}}