{"Drug Testing":{"Morning Glory":{"Not-Specified":{"raw":1.0,"perc":100.0,"total":1.0}},"Opiates":{"Not-Specified":{"raw":1.0,"perc":14.285714285714285,"total":7.0},"Female":{"raw":4.0,"perc":57.142857142857139,"total":7.0},"Male":{"raw":2.0,"perc":28.571428571428569,"total":7.0}},"Poppies - Opium":{"Not-Specified":{"raw":1.0,"perc":50.0,"total":2.0},"Female":{"raw":1.0,"perc":50.0,"total":2.0}},"DXM":{"Male":{"raw":55.0,"perc":84.615384615384613,"total":65.0},"Female":{"raw":7.0,"perc":10.76923076923077,"total":65.0},"Not-Specified":{"raw":3.0,"perc":4.6153846153846159,"total":65.0}},"PCP":{"Male":{"raw":1.0,"perc":100.0,"total":1.0}},"Cannabis":{"Male":{"raw":19.0,"perc":76.0,"total":25.0},"Female":{"raw":6.0,"perc":24.0,"total":25.0}},"Piperazines":{"Male":{"raw":1.0,"perc":100.0,"total":1.0}},"Pseudoephedrine":{"Male":{"raw":1.0,"perc":100.0,"total":1.0}},"Cocaine":{"Male":{"raw":6.0,"perc":100.0,"total":6.0}},"Adrafinil":{"Female":{"raw":1.0,"perc":100.0,"total":1.0}},"Morphine":{"Female":{"raw":1.0,"perc":100.0,"total":1.0}},"Mushrooms":{"Male":{"raw":1.0,"perc":100.0,"total":1.0}},"2C-I":{"Male":{"raw":1.0,"perc":50.0,"total":2.0},"Not-Specified":{"raw":1.0,"perc":50.0,"total":2.0}},"5-MeO-DiPT":{"Male":{"raw":1.0,"perc":100.0,"total":1.0}},"Chlorpheniramine Maleate":{"Male":{"raw":1.0,"perc":100.0,"total":1.0}},"Methadone":{"Male":{"raw":1.0,"perc":100.0,"total":1.0}},"Opioids":{"Male":{"raw":8.0,"perc":100.0,"total":8.0}},"Pharms - Oxycodone":{"Male":{"raw":6.0,"perc":100.0,"total":6.0}},"Hydromorphone":{"Male":{"raw":2.0,"perc":100.0,"total":2.0}},"Amphetamines":{"Not-Specified":{"raw":1.0,"perc":50.0,"total":2.0},"Male":{"raw":1.0,"perc":50.0,"total":2.0}},"Stimulants":{"Not-Specified":{"raw":1.0,"perc":50.0,"total":2.0},"Male":{"raw":1.0,"perc":50.0,"total":2.0}},"Various":{"Male":{"raw":4.0,"perc":80.0,"total":5.0},"Female":{"raw":1.0,"perc":20.0,"total":5.0}},"Hydrocodone":{"Male":{"raw":1.0,"perc":100.0,"total":1.0}},"Vitamins - Niacin":{"Male":{"raw":1.0,"perc":100.0,"total":1.0}},"Diphenhydramine":{"Male":{"raw":1.0,"perc":50.0,"total":2.0},"Female":{"raw":1.0,"perc":50.0,"total":2.0}},"Alcohol":{"Male":{"raw":1.0,"perc":100.0,"total":1.0}},"2C-B":{"Male":{"raw":1.0,"perc":100.0,"total":1.0}},"Phenethylamine":{"Male":{"raw":2.0,"perc":100.0,"total":2.0}},"Pharms - Zolpidem":{"Male":{"raw":1.0,"perc":50.0,"total":2.0},"Female":{"raw":1.0,"perc":50.0,"total":2.0}},"Benzodiazepines":{"Male":{"raw":1.0,"perc":50.0,"total":2.0},"Female":{"raw":1.0,"perc":50.0,"total":2.0}},"Pharms - Diazepam":{"Male":{"raw":1.0,"perc":100.0,"total":1.0}},"Cacti":{"Not-Specified":{"raw":1.0,"perc":100.0,"total":1.0}},"Mescaline":{"Not-Specified":{"raw":1.0,"perc":100.0,"total":1.0}},"Pharms - Buspirone":{"Male":{"raw":1.0,"perc":100.0,"total":1.0}},"Pharms - Venlafaxine":{"Male":{"raw":1.0,"perc":100.0,"total":1.0}},"2C-E":{"Male":{"raw":1.0,"perc":100.0,"total":1.0}},"MDPV":{"Male":{"raw":1.0,"perc":100.0,"total":1.0}},"AB-FUBINACA":{"Male":{"raw":1.0,"perc":100.0,"total":1.0}},"Products - Spice and Synthetic Cannabinoids":{"Male":{"raw":1.0,"perc":100.0,"total":1.0}}},"Sleep Deprivation":{"Various":{"Not-Specified":{"raw":2.0,"perc":8.695652173913043,"total":23.0},"Male":{"raw":18.0,"perc":78.260869565217391,"total":23.0},"Female":{"raw":3.0,"perc":13.043478260869565,"total":23.0}},"Pharms - Benzphetamine":{"Male":{"raw":2.0,"perc":100.0,"total":2.0}},"Yohimbe":{"Male":{"raw":1.0,"perc":100.0,"total":1.0}},"Pharmaceuticals":{"Male":{"raw":2.0,"perc":100.0,"total":2.0}},"Pharms - Sertraline":{"Male":{"raw":1.0,"perc":100.0,"total":1.0}},"SSRIs":{"Male":{"raw":1.0,"perc":100.0,"total":1.0}},"Methamphetamine":{"Male":{"raw":3.0,"perc":100.0,"total":3.0}},"Caffeine":{"Male":{"raw":2.0,"perc":50.0,"total":4.0},"Female":{"raw":2.0,"perc":50.0,"total":4.0}},"Ephedrine":{"Male":{"raw":2.0,"perc":100.0,"total":2.0}},"Ginseng":{"Male":{"raw":1.0,"perc":100.0,"total":1.0}},"Pharms - Cyclobenzaprine":{"Male":{"raw":1.0,"perc":100.0,"total":1.0}},"AMT":{"Male":{"raw":2.0,"perc":100.0,"total":2.0}},"Mushrooms":{"Male":{"raw":1.0,"perc":100.0,"total":1.0}},"Modafinil":{"Male":{"raw":4.0,"perc":100.0,"total":4.0}},"Amphetamines":{"Male":{"raw":12.0,"perc":100.0,"total":12.0}},"Stimulants":{"Male":{"raw":12.0,"perc":92.3076923076923,"total":13.0},"Female":{"raw":1.0,"perc":7.6923076923076925,"total":13.0}},"Pharms - Corticosteroid":{"Male":{"raw":1.0,"perc":100.0,"total":1.0}},"Pharms - Prednisone":{"Male":{"raw":1.0,"perc":100.0,"total":1.0}},"MDMA":{"Male":{"raw":2.0,"perc":66.666666666666657,"total":3.0},"Female":{"raw":1.0,"perc":33.333333333333329,"total":3.0}},"H.B. Woodrose":{"Male":{"raw":1.0,"perc":100.0,"total":1.0}},"Cannabis":{"Male":{"raw":7.0,"perc":100.0,"total":7.0}},"2C-I":{"Male":{"raw":1.0,"perc":100.0,"total":1.0}},"LSD":{"Male":{"raw":3.0,"perc":100.0,"total":3.0}},"Pharms - Lorazepam":{"Male":{"raw":1.0,"perc":100.0,"total":1.0}},"Catnip":{"Male":{"raw":1.0,"perc":100.0,"total":1.0}},"DMAE":{"Male":{"raw":1.0,"perc":100.0,"total":1.0}},"GHB":{"Male":{"raw":1.0,"perc":100.0,"total":1.0}},"Vinpocetine":{"Male":{"raw":1.0,"perc":100.0,"total":1.0}},"Tobacco":{"Male":{"raw":2.0,"perc":100.0,"total":2.0}},"Nicotine":{"Male":{"raw":1.0,"perc":100.0,"total":1.0}},"LSA":{"Male":{"raw":1.0,"perc":100.0,"total":1.0}},"Pharms - Propylhexedrine":{"Male":{"raw":1.0,"perc":100.0,"total":1.0}},"Benzodiazepines":{"Male":{"raw":1.0,"perc":100.0,"total":1.0}},"Pharms - Diazepam":{"Male":{"raw":1.0,"perc":100.0,"total":1.0}},"Amanitas":{"Male":{"raw":1.0,"perc":100.0,"total":1.0}},"Piperazines":{"Male":{"raw":1.0,"perc":100.0,"total":1.0}},"Tryptophan":{"Male":{"raw":1.0,"perc":100.0,"total":1.0}},"DXM":{"Male":{"raw":1.0,"perc":100.0,"total":1.0}},"Melatonin":{"Male":{"raw":1.0,"perc":100.0,"total":1.0}},"DOB":{"Male":{"raw":1.0,"perc":100.0,"total":1.0}},"2C-B":{"Male":{"raw":1.0,"perc":100.0,"total":1.0}},"Phenethylamine":{"Male":{"raw":1.0,"perc":50.0,"total":2.0},"Not-Specified":{"raw":1.0,"perc":50.0,"total":2.0}},"2C-G-N":{"Not-Specified":{"raw":1.0,"perc":100.0,"total":1.0}},"Lisdexamfetamine":{"Male":{"raw":1.0,"perc":100.0,"total":1.0}},"4-Methylmethcathinone":{"Female":{"raw":2.0,"perc":66.666666666666657,"total":3.0},"Male":{"raw":1.0,"perc":33.333333333333329,"total":3.0}},"Pharms - Methylphenidate":{"Male":{"raw":1.0,"perc":100.0,"total":1.0}},"MDPV":{"Male":{"raw":1.0,"perc":100.0,"total":1.0}},"Methylone":{"Male":{"raw":1.0,"perc":100.0,"total":1.0}},"5-MeO-DALT":{"Not-Specified":{"raw":1.0,"perc":100.0,"total":1.0}},"Products - Bath Salts, Plant Food, etc":{"Not-Specified":{"raw":1.0,"perc":100.0,"total":1.0}},"3F-Phenmetrazine":{"Male":{"raw":1.0,"perc":100.0,"total":1.0}}},"OBE":{"LSD":{"Not-Specified":{"raw":1.0,"perc":25.0,"total":4.0},"Male":{"raw":3.0,"perc":75.0,"total":4.0}},"Datura":{"Male":{"raw":1.0,"perc":100.0,"total":1.0}},"Salvia divinorum":{"Male":{"raw":13.0,"perc":100.0,"total":13.0}},"MDMA":{"Male":{"raw":2.0,"perc":66.666666666666657,"total":3.0},"Not-Specified":{"raw":1.0,"perc":33.333333333333329,"total":3.0}},"Nitrous Oxide":{"Male":{"raw":5.0,"perc":100.0,"total":5.0}},"Stimulants":{"Male":{"raw":2.0,"perc":50.0,"total":4.0},"Not-Specified":{"raw":1.0,"perc":25.0,"total":4.0},"Female":{"raw":1.0,"perc":25.0,"total":4.0}},"Kava":{"Male":{"raw":1.0,"perc":100.0,"total":1.0}},"Valerian":{"Male":{"raw":1.0,"perc":100.0,"total":1.0}},"Vitamin B-6":{"Male":{"raw":1.0,"perc":100.0,"total":1.0}},"2C-B":{"Male":{"raw":2.0,"perc":100.0,"total":2.0}},"Phenethylamine":{"Male":{"raw":2.0,"perc":100.0,"total":2.0}},"Cannabis":{"Male":{"raw":6.0,"perc":66.666666666666657,"total":9.0},"Female":{"raw":2.0,"perc":22.222222222222221,"total":9.0},"Not-Specified":{"raw":1.0,"perc":11.111111111111111,"total":9.0}},"PMA":{"Not-Specified":{"raw":1.0,"perc":100.0,"total":1.0}},"Various":{"Not-Specified":{"raw":1.0,"perc":33.333333333333329,"total":3.0},"Male":{"raw":2.0,"perc":66.666666666666657,"total":3.0}},"Anadenanthera spp.":{"Male":{"raw":1.0,"perc":100.0,"total":1.0}},"5-MeO-DiPT":{"Male":{"raw":1.0,"perc":100.0,"total":1.0}},"DXM":{"Male":{"raw":3.0,"perc":100.0,"total":3.0}},"Mushrooms":{"Male":{"raw":7.0,"perc":100.0,"total":7.0}},"Lotus/Lily":{"Male":{"raw":1.0,"perc":100.0,"total":1.0}},"Codeine":{"Male":{"raw":1.0,"perc":100.0,"total":1.0}},"Opiates":{"Male":{"raw":1.0,"perc":100.0,"total":1.0}},"Ketamine":{"Male":{"raw":2.0,"perc":100.0,"total":2.0}},"NMDA Antagonists":{"Male":{"raw":2.0,"perc":100.0,"total":2.0}},"Mescaline":{"Male":{"raw":1.0,"perc":100.0,"total":1.0}},"Pharms - Escitalopram":{"Male":{"raw":1.0,"perc":100.0,"total":1.0}},"Inhalants":{"Male":{"raw":1.0,"perc":100.0,"total":1.0}},"Stipa robusta":{"Male":{"raw":1.0,"perc":100.0,"total":1.0}},"2C-I":{"Male":{"raw":2.0,"perc":100.0,"total":2.0}},"4-AcO-DiPT":{"Male":{"raw":1.0,"perc":100.0,"total":1.0}},"2C-T-2":{"Male":{"raw":1.0,"perc":100.0,"total":1.0}},"DET":{"Male":{"raw":1.0,"perc":100.0,"total":1.0}},"Pharms - Amitriptyline":{"Female":{"raw":1.0,"perc":100.0,"total":1.0}},"Amphetamines":{"Female":{"raw":1.0,"perc":100.0,"total":1.0}},"Modafinil":{"Male":{"raw":1.0,"perc":100.0,"total":1.0}},"Methylone":{"Male":{"raw":1.0,"perc":100.0,"total":1.0}},"25I-NBOMe":{"Male":{"raw":1.0,"perc":100.0,"total":1.0}},"NBOMe Series":{"Male":{"raw":1.0,"perc":100.0,"total":1.0}},"Methoxphenidine":{"Male":{"raw":1.0,"perc":100.0,"total":1.0}}},"Dreams":{"DPT":{"Male":{"raw":1.0,"perc":100.0,"total":1.0}},"Pharmaceuticals":{"Male":{"raw":3.0,"perc":75.0,"total":4.0},"Not-Specified":{"raw":1.0,"perc":25.0,"total":4.0}},"Calea zacatechichi":{"Male":{"raw":42.0,"perc":93.333333333333329,"total":45.0},"Not-Specified":{"raw":3.0,"perc":6.666666666666667,"total":45.0}},"Nutmeg":{"Male":{"raw":3.0,"perc":100.0,"total":3.0}},"MDMA":{"Male":{"raw":2.0,"perc":66.666666666666657,"total":3.0},"Female":{"raw":1.0,"perc":33.333333333333329,"total":3.0}},"Stimulants":{"Male":{"raw":2.0,"perc":66.666666666666657,"total":3.0},"Female":{"raw":1.0,"perc":33.333333333333329,"total":3.0}},"Datura":{"Male":{"raw":4.0,"perc":100.0,"total":4.0}},"Melatonin":{"Male":{"raw":40.0,"perc":88.888888888888886,"total":45.0},"Female":{"raw":4.0,"perc":8.88888888888889,"total":45.0},"Not-Specified":{"raw":1.0,"perc":2.2222222222222223,"total":45.0}},"Kava":{"Male":{"raw":4.0,"perc":100.0,"total":4.0}},"Diphenhydramine":{"Male":{"raw":4.0,"perc":100.0,"total":4.0}},"St. John's Wort":{"Male":{"raw":1.0,"perc":100.0,"total":1.0}},"Valerian":{"Male":{"raw":19.0,"perc":95.0,"total":20.0},"Female":{"raw":1.0,"perc":5.0,"total":20.0}},"Vitamin B-6":{"Male":{"raw":13.0,"perc":92.857142857142861,"total":14.0},"Female":{"raw":1.0,"perc":7.1428571428571423,"total":14.0}},"Nicotine":{"Male":{"raw":2.0,"perc":100.0,"total":2.0}},"Tobacco":{"Male":{"raw":3.0,"perc":100.0,"total":3.0}},"Caffeine":{"Not-Specified":{"raw":1.0,"perc":50.0,"total":2.0},"Male":{"raw":1.0,"perc":50.0,"total":2.0}},"Hydrocodone":{"Female":{"raw":1.0,"perc":33.333333333333329,"total":3.0},"Male":{"raw":2.0,"perc":66.666666666666657,"total":3.0}},"Opioids":{"Female":{"raw":1.0,"perc":20.0,"total":5.0},"Male":{"raw":4.0,"perc":80.0,"total":5.0}},"Piracetam":{"Male":{"raw":1.0,"perc":100.0,"total":1.0}},"Lactuca spp.":{"Male":{"raw":2.0,"perc":100.0,"total":2.0}},"Morning Glory":{"Male":{"raw":2.0,"perc":100.0,"total":2.0}},"Yohimbe":{"Male":{"raw":1.0,"perc":100.0,"total":1.0}},"5-MeO-DiPT":{"Male":{"raw":2.0,"perc":100.0,"total":2.0}},"Alcohol":{"Male":{"raw":3.0,"perc":100.0,"total":3.0}},"Banisteriopsis caapi":{"Male":{"raw":2.0,"perc":100.0,"total":2.0}},"Harmala Alkaloids":{"Male":{"raw":7.0,"perc":100.0,"total":7.0}},"Mimosa spp.":{"Male":{"raw":1.0,"perc":100.0,"total":1.0}},"DXM":{"Male":{"raw":2.0,"perc":100.0,"total":2.0}},"Salvia divinorum":{"Male":{"raw":5.0,"perc":71.428571428571431,"total":7.0},"Female":{"raw":2.0,"perc":28.571428571428569,"total":7.0}},"Mugwort":{"Male":{"raw":10.0,"perc":76.923076923076934,"total":13.0},"Not-Specified":{"raw":1.0,"perc":7.6923076923076925,"total":13.0},"Female":{"raw":2.0,"perc":15.384615384615385,"total":13.0}},"Ayahuasca":{"Male":{"raw":1.0,"perc":100.0,"total":1.0}},"Damiana":{"Not-Specified":{"raw":1.0,"perc":50.0,"total":2.0},"Female":{"raw":1.0,"perc":50.0,"total":2.0}},"Hydromorphone":{"Male":{"raw":2.0,"perc":100.0,"total":2.0}},"Heimia salicifolia":{"Male":{"raw":4.0,"perc":100.0,"total":4.0}},"Opiates":{"Male":{"raw":2.0,"perc":100.0,"total":2.0}},"Poppies - Opium":{"Male":{"raw":1.0,"perc":100.0,"total":1.0}},"Pharms - Paroxetine":{"Male":{"raw":3.0,"perc":100.0,"total":3.0}},"SSRIs":{"Male":{"raw":3.0,"perc":100.0,"total":3.0}},"Pharms - Tramadol":{"Male":{"raw":1.0,"perc":100.0,"total":1.0}},"Various":{"Male":{"raw":5.0,"perc":71.428571428571431,"total":7.0},"Not-Specified":{"raw":1.0,"perc":14.285714285714285,"total":7.0},"Female":{"raw":1.0,"perc":14.285714285714285,"total":7.0}},"Mandrake":{"Male":{"raw":1.0,"perc":100.0,"total":1.0}},"2C-I":{"Male":{"raw":1.0,"perc":50.0,"total":2.0},"Female":{"raw":1.0,"perc":50.0,"total":2.0}},"DMT":{"Male":{"raw":2.0,"perc":100.0,"total":2.0}},"Pharms - Zaleplon":{"Male":{"raw":1.0,"perc":100.0,"total":1.0}},"5-MeO-DMT":{"Male":{"raw":2.0,"perc":100.0,"total":2.0}},"DMAE":{"Not-Specified":{"raw":1.0,"perc":33.333333333333329,"total":3.0},"Male":{"raw":2.0,"perc":66.666666666666657,"total":3.0}},"Pharms - Butorphanol":{"Male":{"raw":1.0,"perc":100.0,"total":1.0}},"Catnip":{"Male":{"raw":2.0,"perc":100.0,"total":2.0}},"Pharms - Promethazine":{"Male":{"raw":1.0,"perc":100.0,"total":1.0}},"Tryptophan":{"Male":{"raw":5.0,"perc":83.333333333333343,"total":6.0},"Female":{"raw":1.0,"perc":16.666666666666664,"total":6.0}},"Pharms - Amitriptyline":{"Female":{"raw":1.0,"perc":100.0,"total":1.0}},"Pharms - Mefloquine":{"Male":{"raw":1.0,"perc":100.0,"total":1.0}},"Hops":{"Male":{"raw":2.0,"perc":100.0,"total":2.0}},"Skullcap":{"Male":{"raw":1.0,"perc":100.0,"total":1.0}},"Pharms - Venlafaxine":{"Male":{"raw":2.0,"perc":66.666666666666657,"total":3.0},"Female":{"raw":1.0,"perc":33.333333333333329,"total":3.0}},"Coleus":{"Male":{"raw":5.0,"perc":100.0,"total":5.0}},"Pharms - Atomoxetine":{"Male":{"raw":1.0,"perc":100.0,"total":1.0}},"Calamus":{"Male":{"raw":1.0,"perc":100.0,"total":1.0}},"Pharms - Mirtazapine":{"Male":{"raw":4.0,"perc":80.0,"total":5.0},"Not-Specified":{"raw":1.0,"perc":20.0,"total":5.0}},"Voacanga africana":{"Male":{"raw":1.0,"perc":100.0,"total":1.0}},"Passion Flower":{"Male":{"raw":5.0,"perc":100.0,"total":5.0}},"Pharms - Phenytoin":{"Male":{"raw":1.0,"perc":100.0,"total":1.0}},"Pharms - Zopiclone":{"Male":{"raw":2.0,"perc":100.0,"total":2.0}},"Sceletium tortuosum":{"Male":{"raw":1.0,"perc":100.0,"total":1.0}},"Cannabis":{"Male":{"raw":3.0,"perc":100.0,"total":3.0}},"Wormwood":{"Male":{"raw":2.0,"perc":100.0,"total":2.0}},"Pharms - Escitalopram":{"Male":{"raw":1.0,"perc":100.0,"total":1.0}},"Pharms - Fluoxetine":{"Male":{"raw":1.0,"perc":100.0,"total":1.0}},"Brugmansia":{"Male":{"raw":1.0,"perc":100.0,"total":1.0}},"Codeine":{"Male":{"raw":1.0,"perc":100.0,"total":1.0}},"DOM":{"Male":{"raw":1.0,"perc":100.0,"total":1.0}},"Ginkgo biloba":{"Female":{"raw":1.0,"perc":100.0,"total":1.0}},"4-HO-DiPT":{"Male":{"raw":1.0,"perc":100.0,"total":1.0}},"Leonotis leonurus":{"Male":{"raw":1.0,"perc":100.0,"total":1.0}},"Pharms - Buprenorphine":{"Male":{"raw":1.0,"perc":100.0,"total":1.0}},"Naltrexone":{"Male":{"raw":1.0,"perc":100.0,"total":1.0}},"Amanitas":{"Male":{"raw":1.0,"perc":100.0,"total":1.0}},"LSD":{"Male":{"raw":1.0,"perc":100.0,"total":1.0}},"Mushrooms":{"Male":{"raw":2.0,"perc":100.0,"total":2.0}},"Benzodiazepines":{"Male":{"raw":1.0,"perc":100.0,"total":1.0}},"Pharms - Alprazolam":{"Male":{"raw":1.0,"perc":100.0,"total":1.0}},"Cheese - Blue":{"Male":{"raw":1.0,"perc":50.0,"total":2.0},"Not-Specified":{"raw":1.0,"perc":50.0,"total":2.0}},"Silene capensis":{"Male":{"raw":10.0,"perc":76.923076923076934,"total":13.0},"Female":{"raw":2.0,"perc":15.384615384615385,"total":13.0},"Not-Specified":{"raw":1.0,"perc":7.6923076923076925,"total":13.0}},"AMT":{"Male":{"raw":1.0,"perc":100.0,"total":1.0}},"Vitamins - Choline":{"Female":{"raw":1.0,"perc":100.0,"total":1.0}},"Ibogaine":{"Male":{"raw":1.0,"perc":100.0,"total":1.0}},"Tabernanthe iboga":{"Male":{"raw":1.0,"perc":100.0,"total":1.0}},"Kratom":{"Female":{"raw":1.0,"perc":100.0,"total":1.0}},"Entada rheedii":{"Not-Specified":{"raw":1.0,"perc":100.0,"total":1.0}},"Prazosin":{"Male":{"raw":1.0,"perc":100.0,"total":1.0}}},"Police / Customs":{"Various":{"Male":{"raw":22.0,"perc":81.481481481481481,"total":27.0},"Female":{"raw":5.0,"perc":18.518518518518519,"total":27.0}},"Cannabis":{"Male":{"raw":15.0,"perc":100.0,"total":15.0}},"Mushrooms":{"Male":{"raw":17.0,"perc":85.0,"total":20.0},"Female":{"raw":3.0,"perc":15.0,"total":20.0}},"Salvia divinorum":{"Male":{"raw":2.0,"perc":100.0,"total":2.0}},"LSD":{"Male":{"raw":18.0,"perc":94.73684210526315,"total":19.0},"Female":{"raw":1.0,"perc":5.2631578947368416,"total":19.0}},"DXM":{"Male":{"raw":3.0,"perc":100.0,"total":3.0}},"Datura":{"Male":{"raw":9.0,"perc":100.0,"total":9.0}},"Methamphetamine":{"Male":{"raw":2.0,"perc":50.0,"total":4.0},"Female":{"raw":2.0,"perc":50.0,"total":4.0}},"Diphenhydramine":{"Male":{"raw":2.0,"perc":66.666666666666657,"total":3.0},"Female":{"raw":1.0,"perc":33.333333333333329,"total":3.0}},"Alcohol":{"Male":{"raw":9.0,"perc":100.0,"total":9.0}},"Ketamine":{"Male":{"raw":1.0,"perc":100.0,"total":1.0}},"NMDA Antagonists":{"Male":{"raw":1.0,"perc":100.0,"total":1.0}},"Opiates":{"Male":{"raw":5.0,"perc":100.0,"total":5.0}},"Opium":{"Male":{"raw":1.0,"perc":100.0,"total":1.0}},"Dimenhydrinate":{"Male":{"raw":3.0,"perc":100.0,"total":3.0}},"Lactuca spp.":{"Male":{"raw":1.0,"perc":100.0,"total":1.0}},"Heroin":{"Male":{"raw":4.0,"perc":100.0,"total":4.0}},"Inhalants":{"Male":{"raw":1.0,"perc":100.0,"total":1.0}},"MDMA":{"Female":{"raw":3.0,"perc":50.0,"total":6.0},"Male":{"raw":3.0,"perc":50.0,"total":6.0}},"Stimulants":{"Female":{"raw":3.0,"perc":50.0,"total":6.0},"Male":{"raw":3.0,"perc":50.0,"total":6.0}},"Banisteriopsis caapi":{"Male":{"raw":2.0,"perc":100.0,"total":2.0}},"Harmala Alkaloids":{"Male":{"raw":3.0,"perc":100.0,"total":3.0}},"Benzodiazepines":{"Not-Specified":{"raw":1.0,"perc":25.0,"total":4.0},"Female":{"raw":1.0,"perc":25.0,"total":4.0},"Male":{"raw":2.0,"perc":50.0,"total":4.0}},"Pharmaceuticals":{"Not-Specified":{"raw":1.0,"perc":16.666666666666664,"total":6.0},"Female":{"raw":1.0,"perc":16.666666666666664,"total":6.0},"Male":{"raw":4.0,"perc":66.666666666666657,"total":6.0}},"Pharms - Alprazolam":{"Not-Specified":{"raw":1.0,"perc":25.0,"total":4.0},"Female":{"raw":1.0,"perc":25.0,"total":4.0},"Male":{"raw":2.0,"perc":50.0,"total":4.0}},"AMT":{"Female":{"raw":2.0,"perc":50.0,"total":4.0},"Male":{"raw":2.0,"perc":50.0,"total":4.0}},"5-MeO-DiPT":{"Male":{"raw":1.0,"perc":100.0,"total":1.0}},"Nitrous Oxide":{"Male":{"raw":1.0,"perc":100.0,"total":1.0}},"Cocaine":{"Female":{"raw":1.0,"perc":50.0,"total":2.0},"Male":{"raw":1.0,"perc":50.0,"total":2.0}},"2C-B":{"Male":{"raw":2.0,"perc":100.0,"total":2.0}},"Phenethylamine":{"Male":{"raw":6.0,"perc":100.0,"total":6.0}},"Pharms - Zolpidem":{"Male":{"raw":2.0,"perc":66.666666666666657,"total":3.0},"Female":{"raw":1.0,"perc":33.333333333333329,"total":3.0}},"5-MeO-DMT":{"Male":{"raw":3.0,"perc":100.0,"total":3.0}},"Pharms - Lithium":{"Male":{"raw":1.0,"perc":100.0,"total":1.0}},"Pharms - Diazepam":{"Male":{"raw":1.0,"perc":100.0,"total":1.0}},"Kratom":{"Not-Specified":{"raw":1.0,"perc":100.0,"total":1.0}},"Chlorpheniramine Maleate":{"Male":{"raw":1.0,"perc":100.0,"total":1.0}},"Brugmansia":{"Male":{"raw":6.0,"perc":100.0,"total":6.0}},"2C-T-7":{"Male":{"raw":1.0,"perc":100.0,"total":1.0}},"Mescaline":{"Male":{"raw":1.0,"perc":100.0,"total":1.0}},"Scopolamine":{"Male":{"raw":1.0,"perc":100.0,"total":1.0}},"Opioids":{"Male":{"raw":1.0,"perc":100.0,"total":1.0}},"Pharms - Oxycodone":{"Male":{"raw":1.0,"perc":100.0,"total":1.0}},"Syrian Rue":{"Male":{"raw":1.0,"perc":100.0,"total":1.0}},"Psychotria viridis":{"Male":{"raw":1.0,"perc":100.0,"total":1.0}},"Pharms - Clonazepam":{"Male":{"raw":1.0,"perc":100.0,"total":1.0}},"2C-E":{"Male":{"raw":2.0,"perc":100.0,"total":2.0}},"4-AcO-DMT":{"Male":{"raw":1.0,"perc":100.0,"total":1.0}},"Cannabinoid Receptor Agonists":{"Male":{"raw":1.0,"perc":100.0,"total":1.0}},"JWH-018":{"Male":{"raw":1.0,"perc":100.0,"total":1.0}},"DOC":{"Male":{"raw":1.0,"perc":100.0,"total":1.0}},"2C-D":{"Male":{"raw":1.0,"perc":100.0,"total":1.0}},"25C-NBOMe":{"Female":{"raw":1.0,"perc":100.0,"total":1.0}},"NBOMe Series":{"Female":{"raw":1.0,"perc":100.0,"total":1.0}},"Coca":{"Male":{"raw":1.0,"perc":100.0,"total":1.0}}},"Ritual":{"Cannabis":{"Male":{"raw":3.0,"perc":100.0,"total":3.0}},"MDMA":{"Male":{"raw":2.0,"perc":66.666666666666657,"total":3.0},"Not-Specified":{"raw":1.0,"perc":33.333333333333329,"total":3.0}},"Pharmaceuticals":{"Male":{"raw":1.0,"perc":100.0,"total":1.0}},"Pharms - Sildenafil":{"Male":{"raw":1.0,"perc":100.0,"total":1.0}},"Stimulants":{"Male":{"raw":2.0,"perc":66.666666666666657,"total":3.0},"Not-Specified":{"raw":1.0,"perc":33.333333333333329,"total":3.0}},"2C-B":{"Male":{"raw":1.0,"perc":100.0,"total":1.0}},"Phenethylamine":{"Male":{"raw":1.0,"perc":100.0,"total":1.0}},"Tryptophan":{"Male":{"raw":1.0,"perc":100.0,"total":1.0}},"Salvia divinorum":{"Not-Specified":{"raw":1.0,"perc":33.333333333333329,"total":3.0},"Male":{"raw":2.0,"perc":66.666666666666657,"total":3.0}},"Harmala Alkaloids":{"Male":{"raw":9.0,"perc":100.0,"total":9.0}},"Psychotria viridis":{"Male":{"raw":8.0,"perc":100.0,"total":8.0}},"Syrian Rue":{"Male":{"raw":2.0,"perc":100.0,"total":2.0}},"DPT":{"Male":{"raw":1.0,"perc":100.0,"total":1.0}},"Various":{"Male":{"raw":3.0,"perc":75.0,"total":4.0},"Female":{"raw":1.0,"perc":25.0,"total":4.0}},"5-MeO-DMT":{"Male":{"raw":1.0,"perc":100.0,"total":1.0}},"H.B. Woodrose":{"Male":{"raw":1.0,"perc":100.0,"total":1.0}},"Amanitas":{"Male":{"raw":1.0,"perc":100.0,"total":1.0}},"Cacti":{"Male":{"raw":1.0,"perc":50.0,"total":2.0},"Female":{"raw":1.0,"perc":50.0,"total":2.0}},"Mushrooms":{"Female":{"raw":1.0,"perc":50.0,"total":2.0},"Male":{"raw":1.0,"perc":50.0,"total":2.0}},"Peyote":{"Male":{"raw":1.0,"perc":100.0,"total":1.0}},"Morning Glory":{"Female":{"raw":1.0,"perc":100.0,"total":1.0}},"LSA":{"Male":{"raw":1.0,"perc":100.0,"total":1.0}},"Ayahuasca":{"Male":{"raw":8.0,"perc":88.888888888888886,"total":9.0},"Female":{"raw":1.0,"perc":11.111111111111111,"total":9.0}},"Banisteriopsis caapi":{"Male":{"raw":7.0,"perc":100.0,"total":7.0}},"Anadenanthera spp.":{"Male":{"raw":1.0,"perc":100.0,"total":1.0}}},"Endogenous":{"LSD":{"Male":{"raw":1.0,"perc":100.0,"total":1.0}},"MDMA":{"Male":{"raw":1.0,"perc":100.0,"total":1.0}},"Stimulants":{"Male":{"raw":1.0,"perc":100.0,"total":1.0}},"Various":{"Male":{"raw":2.0,"perc":100.0,"total":2.0}},"DXM":{"Male":{"raw":2.0,"perc":66.666666666666657,"total":3.0},"Female":{"raw":1.0,"perc":33.333333333333329,"total":3.0}},"Pharms - Venlafaxine":{"Not-Specified":{"raw":1.0,"perc":100.0,"total":1.0}},"Cannabis":{"Male":{"raw":3.0,"perc":100.0,"total":3.0}},"Salvia divinorum":{"Male":{"raw":2.0,"perc":100.0,"total":2.0}},"Opiates":{"Male":{"raw":1.0,"perc":100.0,"total":1.0}},"Opioids":{"Male":{"raw":1.0,"perc":100.0,"total":1.0}},"Pharms - Oxycodone":{"Male":{"raw":1.0,"perc":100.0,"total":1.0}},"Pharms - Phenytoin":{"Male":{"raw":1.0,"perc":100.0,"total":1.0}},"Pharms - Aripiprazole":{"Male":{"raw":1.0,"perc":100.0,"total":1.0}},"Benzodiazepines":{"Male":{"raw":1.0,"perc":100.0,"total":1.0}},"Pharmaceuticals":{"Male":{"raw":1.0,"perc":100.0,"total":1.0}},"Pharms - Clonazepam":{"Male":{"raw":1.0,"perc":100.0,"total":1.0}},"Pharms - Diazepam":{"Male":{"raw":1.0,"perc":100.0,"total":1.0}}},"Migraines":{"MDMA":{"Female":{"raw":3.0,"perc":60.0,"total":5.0},"Male":{"raw":1.0,"perc":20.0,"total":5.0},"Not-Specified":{"raw":1.0,"perc":20.0,"total":5.0}},"Stimulants":{"Female":{"raw":3.0,"perc":60.0,"total":5.0},"Male":{"raw":1.0,"perc":20.0,"total":5.0},"Not-Specified":{"raw":1.0,"perc":20.0,"total":5.0}},"4-AcO-DET":{"Male":{"raw":1.0,"perc":100.0,"total":1.0}},"5-MeO-DiPT":{"Male":{"raw":1.0,"perc":100.0,"total":1.0}},"Various":{"Male":{"raw":2.0,"perc":100.0,"total":2.0}},"Cannabis":{"Male":{"raw":1.0,"perc":100.0,"total":1.0}},"LSD":{"Male":{"raw":2.0,"perc":66.666666666666657,"total":3.0},"Not-Specified":{"raw":1.0,"perc":33.333333333333329,"total":3.0}},"Mushrooms":{"Male":{"raw":5.0,"perc":62.5,"total":8.0},"Female":{"raw":3.0,"perc":37.5,"total":8.0}},"2C-T-7":{"Male":{"raw":1.0,"perc":100.0,"total":1.0}},"Morning Glory":{"Male":{"raw":2.0,"perc":100.0,"total":2.0}},"Phenethylamine":{"Male":{"raw":1.0,"perc":100.0,"total":1.0}},"Ginkgo biloba":{"Male":{"raw":1.0,"perc":100.0,"total":1.0}},"Pharms - Carisoprodol":{"Not-Specified":{"raw":1.0,"perc":100.0,"total":1.0}},"Caffeine":{"Male":{"raw":1.0,"perc":100.0,"total":1.0}},"Pharmaceuticals":{"Male":{"raw":1.0,"perc":100.0,"total":1.0}},"Salvia divinorum":{"Male":{"raw":1.0,"perc":100.0,"total":1.0}},"Pharms - Fentanyl":{"Male":{"raw":1.0,"perc":100.0,"total":1.0}},"MDA":{"Male":{"raw":1.0,"perc":100.0,"total":1.0}},"Piperazines":{"Male":{"raw":1.0,"perc":100.0,"total":1.0}},"Alcohol":{"Male":{"raw":1.0,"perc":100.0,"total":1.0}},"Harmala Alkaloids":{"Male":{"raw":1.0,"perc":100.0,"total":1.0}},"Syrian Rue":{"Male":{"raw":1.0,"perc":100.0,"total":1.0}},"H.B. Woodrose":{"Male":{"raw":1.0,"perc":100.0,"total":1.0}},"Turbina corymbosa":{"Male":{"raw":1.0,"perc":100.0,"total":1.0}},"Pharms - Olanzapine":{"Female":{"raw":1.0,"perc":100.0,"total":1.0}}},"Floatation Tank":{"Morning Glory":{"Male":{"raw":1.0,"perc":100.0,"total":1.0}},"Unknown":{"Male":{"raw":1.0,"perc":100.0,"total":1.0}},"2C-E":{"Male":{"raw":1.0,"perc":100.0,"total":1.0}},"Phenethylamine":{"Male":{"raw":1.0,"perc":100.0,"total":1.0}}},"Yoga / Bodywork":{"LSD":{"Male":{"raw":5.0,"perc":55.555555555555557,"total":9.0},"Not-Specified":{"raw":1.0,"perc":11.111111111111111,"total":9.0},"Female":{"raw":3.0,"perc":33.333333333333329,"total":9.0}},"MDMA":{"Male":{"raw":2.0,"perc":33.333333333333329,"total":6.0},"Female":{"raw":3.0,"perc":50.0,"total":6.0},"Not-Specified":{"raw":1.0,"perc":16.666666666666664,"total":6.0}},"Stimulants":{"Male":{"raw":2.0,"perc":33.333333333333329,"total":6.0},"Female":{"raw":3.0,"perc":50.0,"total":6.0},"Not-Specified":{"raw":1.0,"perc":16.666666666666664,"total":6.0}},"Various":{"Male":{"raw":2.0,"perc":66.666666666666657,"total":3.0},"Not-Specified":{"raw":1.0,"perc":33.333333333333329,"total":3.0}},"Ayahuasca":{"Female":{"raw":1.0,"perc":33.333333333333329,"total":3.0},"Male":{"raw":2.0,"perc":66.666666666666657,"total":3.0}},"Mushrooms":{"Male":{"raw":4.0,"perc":66.666666666666657,"total":6.0},"Female":{"raw":2.0,"perc":33.333333333333329,"total":6.0}},"Cacti":{"Male":{"raw":1.0,"perc":50.0,"total":2.0},"Female":{"raw":1.0,"perc":50.0,"total":2.0}},"Salvia divinorum":{"Male":{"raw":2.0,"perc":100.0,"total":2.0}},"Harmala Alkaloids":{"Male":{"raw":1.0,"perc":100.0,"total":1.0}},"LSA":{"Male":{"raw":2.0,"perc":100.0,"total":2.0}},"Syrian Rue":{"Male":{"raw":1.0,"perc":100.0,"total":1.0}},"Mimosa spp.":{"Male":{"raw":1.0,"perc":100.0,"total":1.0}},"Moclobemide":{"Male":{"raw":1.0,"perc":100.0,"total":1.0}},"Yerba Mate":{"Male":{"raw":1.0,"perc":100.0,"total":1.0}},"DPT":{"Male":{"raw":1.0,"perc":100.0,"total":1.0}},"Morning Glory":{"Male":{"raw":1.0,"perc":100.0,"total":1.0}},"Yohimbe":{"Female":{"raw":1.0,"perc":100.0,"total":1.0}},"5-MeO-DiPT":{"Male":{"raw":1.0,"perc":100.0,"total":1.0}},"Cannabis":{"Male":{"raw":1.0,"perc":100.0,"total":1.0}},"2C-E":{"Male":{"raw":1.0,"perc":100.0,"total":1.0}},"Phenethylamine":{"Male":{"raw":1.0,"perc":100.0,"total":1.0}}},"Meditation":{"Mushrooms":{"Male":{"raw":6.0,"perc":100.0,"total":6.0}},"Various":{"Male":{"raw":13.0,"perc":86.666666666666671,"total":15.0},"Not-Specified":{"raw":1.0,"perc":6.666666666666667,"total":15.0},"Female":{"raw":1.0,"perc":6.666666666666667,"total":15.0}},"Caffeine":{"Female":{"raw":1.0,"perc":33.333333333333329,"total":3.0},"Male":{"raw":2.0,"perc":66.666666666666657,"total":3.0}},"Ephedrine":{"Female":{"raw":1.0,"perc":100.0,"total":1.0}},"Cannabis":{"Male":{"raw":11.0,"perc":100.0,"total":11.0}},"MDMA":{"Male":{"raw":4.0,"perc":57.142857142857139,"total":7.0},"Female":{"raw":1.0,"perc":14.285714285714285,"total":7.0},"Not-Specified":{"raw":2.0,"perc":28.571428571428569,"total":7.0}},"Nitrous Oxide":{"Male":{"raw":4.0,"perc":100.0,"total":4.0}},"Stimulants":{"Male":{"raw":5.0,"perc":62.5,"total":8.0},"Female":{"raw":1.0,"perc":12.5,"total":8.0},"Not-Specified":{"raw":2.0,"perc":25.0,"total":8.0}},"4-AcO-DET":{"Male":{"raw":1.0,"perc":100.0,"total":1.0}},"AMT":{"Male":{"raw":1.0,"perc":100.0,"total":1.0}},"Calea zacatechichi":{"Male":{"raw":4.0,"perc":100.0,"total":4.0}},"Alcohol":{"Male":{"raw":1.0,"perc":100.0,"total":1.0}},"Thujone":{"Male":{"raw":1.0,"perc":100.0,"total":1.0}},"Unknown":{"Male":{"raw":1.0,"perc":100.0,"total":1.0}},"Cacti":{"Male":{"raw":2.0,"perc":66.666666666666657,"total":3.0},"Female":{"raw":1.0,"perc":33.333333333333329,"total":3.0}},"LSD":{"Male":{"raw":8.0,"perc":88.888888888888886,"total":9.0},"Not-Specified":{"raw":1.0,"perc":11.111111111111111,"total":9.0}},"Morning Glory":{"Male":{"raw":3.0,"perc":75.0,"total":4.0},"Female":{"raw":1.0,"perc":25.0,"total":4.0}},"Opiates":{"Male":{"raw":2.0,"perc":100.0,"total":2.0}},"Opium":{"Male":{"raw":1.0,"perc":100.0,"total":1.0}},"Capsicum spp.":{"Male":{"raw":1.0,"perc":100.0,"total":1.0}},"Hops":{"Male":{"raw":1.0,"perc":100.0,"total":1.0}},"Kava":{"Male":{"raw":1.0,"perc":100.0,"total":1.0}},"Lecithin":{"Male":{"raw":1.0,"perc":100.0,"total":1.0}},"Opioids":{"Male":{"raw":2.0,"perc":100.0,"total":2.0}},"Pharms - Oxycodone":{"Male":{"raw":2.0,"perc":100.0,"total":2.0}},"Skullcap":{"Male":{"raw":1.0,"perc":100.0,"total":1.0}},"Valerian":{"Male":{"raw":1.0,"perc":100.0,"total":1.0}},"Harmala Alkaloids":{"Male":{"raw":3.0,"perc":100.0,"total":3.0}},"Syrian Rue":{"Male":{"raw":2.0,"perc":100.0,"total":2.0}},"5-MeO-DMT":{"Male":{"raw":2.0,"perc":100.0,"total":2.0}},"DXM":{"Male":{"raw":1.0,"perc":100.0,"total":1.0}},"Nutmeg":{"Male":{"raw":1.0,"perc":100.0,"total":1.0}},"Kratom":{"Male":{"raw":2.0,"perc":100.0,"total":2.0}},"Amanitas":{"Male":{"raw":2.0,"perc":100.0,"total":2.0}},"Lobelia spp.":{"Male":{"raw":1.0,"perc":100.0,"total":1.0}},"Salvia divinorum":{"Male":{"raw":7.0,"perc":77.777777777777786,"total":9.0},"Female":{"raw":2.0,"perc":22.222222222222221,"total":9.0}},"Methamphetamine":{"Male":{"raw":1.0,"perc":100.0,"total":1.0}},"Yerba Mate":{"Male":{"raw":1.0,"perc":100.0,"total":1.0}},"Mescaline":{"Male":{"raw":1.0,"perc":100.0,"total":1.0}},"Pharms - Venlafaxine":{"Male":{"raw":1.0,"perc":100.0,"total":1.0}},"2C-E":{"Male":{"raw":1.0,"perc":100.0,"total":1.0}},"Phenethylamine":{"Male":{"raw":2.0,"perc":66.666666666666657,"total":3.0},"Female":{"raw":1.0,"perc":33.333333333333329,"total":3.0}},"Damiana":{"Female":{"raw":1.0,"perc":50.0,"total":2.0},"Male":{"raw":1.0,"perc":50.0,"total":2.0}},"Mugwort":{"Female":{"raw":1.0,"perc":50.0,"total":2.0},"Male":{"raw":1.0,"perc":50.0,"total":2.0}},"2C-T-2":{"Male":{"raw":1.0,"perc":100.0,"total":1.0}},"Amphetamines":{"Male":{"raw":1.0,"perc":100.0,"total":1.0}},"Leonotis leonurus":{"Male":{"raw":1.0,"perc":100.0,"total":1.0}},"Passion Flower":{"Male":{"raw":1.0,"perc":100.0,"total":1.0}},"Ayahuasca":{"Male":{"raw":2.0,"perc":100.0,"total":2.0}},"DOC":{"Male":{"raw":1.0,"perc":100.0,"total":1.0}},"Lotus/Lily":{"Female":{"raw":1.0,"perc":100.0,"total":1.0}},"Piperazines":{"Male":{"raw":2.0,"perc":100.0,"total":2.0}},"4-HO-DET":{"Male":{"raw":1.0,"perc":100.0,"total":1.0}},"Pharms - Clonidine":{"Male":{"raw":1.0,"perc":100.0,"total":1.0}},"Piperazines - pFPP":{"Male":{"raw":1.0,"perc":100.0,"total":1.0}},"DPT":{"Male":{"raw":1.0,"perc":100.0,"total":1.0}},"Pharms - Zaleplon":{"Not-Specified":{"raw":1.0,"perc":100.0,"total":1.0}},"DOI":{"Male":{"raw":1.0,"perc":100.0,"total":1.0}},"DMT":{"Male":{"raw":1.0,"perc":100.0,"total":1.0}},"2C-B":{"Male":{"raw":1.0,"perc":50.0,"total":2.0},"Female":{"raw":1.0,"perc":50.0,"total":2.0}},"2C-I":{"Female":{"raw":1.0,"perc":50.0,"total":2.0},"Male":{"raw":1.0,"perc":50.0,"total":2.0}},"Ketamine":{"Male":{"raw":1.0,"perc":100.0,"total":1.0}},"NMDA Antagonists":{"Male":{"raw":1.0,"perc":100.0,"total":1.0}},"Tabernanthe iboga":{"Male":{"raw":1.0,"perc":100.0,"total":1.0}}},"Fasting":{"Various":{"Male":{"raw":5.0,"perc":71.428571428571431,"total":7.0},"Female":{"raw":2.0,"perc":28.571428571428569,"total":7.0}},"Salvia divinorum":{"Male":{"raw":4.0,"perc":100.0,"total":4.0}},"Caffeine":{"Female":{"raw":1.0,"perc":50.0,"total":2.0},"Male":{"raw":1.0,"perc":50.0,"total":2.0}},"Mushrooms":{"Not-Specified":{"raw":1.0,"perc":50.0,"total":2.0},"Male":{"raw":1.0,"perc":50.0,"total":2.0}},"Morning Glory":{"Male":{"raw":1.0,"perc":100.0,"total":1.0}},"Nutmeg":{"Male":{"raw":1.0,"perc":100.0,"total":1.0}},"Tobacco":{"Male":{"raw":1.0,"perc":100.0,"total":1.0}},"Alcohol":{"Male":{"raw":1.0,"perc":100.0,"total":1.0}},"Cacti":{"Male":{"raw":1.0,"perc":100.0,"total":1.0}},"Cannabis":{"Male":{"raw":1.0,"perc":100.0,"total":1.0}},"DXM":{"Male":{"raw":1.0,"perc":100.0,"total":1.0}},"DOM":{"Male":{"raw":1.0,"perc":100.0,"total":1.0}}},"Breathing":{"GBL":{"Male":{"raw":1.0,"perc":100.0,"total":1.0}},"4-AcO-MiPT":{"Male":{"raw":1.0,"perc":100.0,"total":1.0}},"Amphetamines":{"Male":{"raw":1.0,"perc":100.0,"total":1.0}},"Stimulants":{"Male":{"raw":1.0,"perc":100.0,"total":1.0}},"5-MeO-DMT":{"Female":{"raw":1.0,"perc":100.0,"total":1.0}},"Carbogen":{"Male":{"raw":5.0,"perc":83.333333333333343,"total":6.0},"Female":{"raw":1.0,"perc":16.666666666666664,"total":6.0}},"Cannabis":{"Male":{"raw":1.0,"perc":100.0,"total":1.0}},"Acacia":{"Male":{"raw":1.0,"perc":100.0,"total":1.0}},"DMT":{"Male":{"raw":2.0,"perc":100.0,"total":2.0}},"Nitrous Oxide":{"Male":{"raw":1.0,"perc":100.0,"total":1.0}},"LSD":{"Male":{"raw":1.0,"perc":100.0,"total":1.0}},"DPT":{"Male":{"raw":1.0,"perc":100.0,"total":1.0}},"Methylone":{"Male":{"raw":1.0,"perc":100.0,"total":1.0}},"Oxygen":{"Male":{"raw":1.0,"perc":100.0,"total":1.0}}},"Devices":{"Mushrooms":{"Male":{"raw":2.0,"perc":100.0,"total":2.0}},"DXM":{"Male":{"raw":3.0,"perc":100.0,"total":3.0}},"Caffeine":{"Male":{"raw":1.0,"perc":100.0,"total":1.0}},"Cannabis":{"Male":{"raw":2.0,"perc":100.0,"total":2.0}},"Hydrocodone":{"Male":{"raw":1.0,"perc":100.0,"total":1.0}},"Opioids":{"Male":{"raw":1.0,"perc":100.0,"total":1.0}},"Pharms - Quetiapine":{"Male":{"raw":1.0,"perc":100.0,"total":1.0}},"H.B. Woodrose":{"Male":{"raw":1.0,"perc":100.0,"total":1.0}},"GHB":{"Male":{"raw":1.0,"perc":100.0,"total":1.0}},"Various":{"Male":{"raw":1.0,"perc":100.0,"total":1.0}},"2C-I":{"Male":{"raw":1.0,"perc":100.0,"total":1.0}},"Morning Glory":{"Male":{"raw":1.0,"perc":100.0,"total":1.0}},"Absinthe":{"Male":{"raw":1.0,"perc":100.0,"total":1.0}},"Kava":{"Male":{"raw":1.0,"perc":100.0,"total":1.0}},"Nitrous Oxide":{"Male":{"raw":3.0,"perc":100.0,"total":3.0}},"LSD":{"Female":{"raw":2.0,"perc":66.666666666666657,"total":3.0},"Male":{"raw":1.0,"perc":33.333333333333329,"total":3.0}},"MDMA":{"Female":{"raw":2.0,"perc":100.0,"total":2.0}},"Stimulants":{"Female":{"raw":2.0,"perc":100.0,"total":2.0}},"Salvia divinorum":{"Male":{"raw":5.0,"perc":100.0,"total":5.0}},"Calea zacatechichi":{"Male":{"raw":1.0,"perc":100.0,"total":1.0}},"Nutmeg":{"Male":{"raw":1.0,"perc":100.0,"total":1.0}}},"Guiding":{"LSD":{"Male":{"raw":1.0,"perc":50.0,"total":2.0},"Female":{"raw":1.0,"perc":50.0,"total":2.0}},"MDMA":{"Male":{"raw":1.0,"perc":100.0,"total":1.0}},"Mushrooms":{"Male":{"raw":2.0,"perc":100.0,"total":2.0}},"Stimulants":{"Male":{"raw":1.0,"perc":100.0,"total":1.0}}},"Devices - Mind Machine":{"DXM":{"Male":{"raw":3.0,"perc":100.0,"total":3.0}},"Mushrooms":{"Male":{"raw":1.0,"perc":100.0,"total":1.0}},"Caffeine":{"Male":{"raw":1.0,"perc":100.0,"total":1.0}},"Cannabis":{"Male":{"raw":2.0,"perc":100.0,"total":2.0}},"Hydrocodone":{"Male":{"raw":1.0,"perc":100.0,"total":1.0}},"Opioids":{"Male":{"raw":1.0,"perc":100.0,"total":1.0}},"Pharms - Quetiapine":{"Male":{"raw":1.0,"perc":100.0,"total":1.0}},"H.B. Woodrose":{"Male":{"raw":1.0,"perc":100.0,"total":1.0}},"GHB":{"Male":{"raw":1.0,"perc":100.0,"total":1.0}},"Various":{"Male":{"raw":1.0,"perc":100.0,"total":1.0}},"2C-I":{"Male":{"raw":1.0,"perc":100.0,"total":1.0}},"Absinthe":{"Male":{"raw":1.0,"perc":100.0,"total":1.0}},"Kava":{"Male":{"raw":1.0,"perc":100.0,"total":1.0}},"Nitrous Oxide":{"Male":{"raw":3.0,"perc":100.0,"total":3.0}},"LSD":{"Female":{"raw":1.0,"perc":50.0,"total":2.0},"Male":{"raw":1.0,"perc":50.0,"total":2.0}},"MDMA":{"Female":{"raw":1.0,"perc":100.0,"total":1.0}},"Stimulants":{"Female":{"raw":1.0,"perc":100.0,"total":1.0}},"Calea zacatechichi":{"Male":{"raw":1.0,"perc":100.0,"total":1.0}},"Salvia divinorum":{"Male":{"raw":2.0,"perc":100.0,"total":2.0}},"Nutmeg":{"Male":{"raw":1.0,"perc":100.0,"total":1.0}}},"Mindfulness":{"Various":{"Male":{"raw":1.0,"perc":33.333333333333329,"total":3.0},"Female":{"raw":2.0,"perc":66.666666666666657,"total":3.0}},"Cannabis":{"Male":{"raw":1.0,"perc":100.0,"total":1.0}},"Salvia divinorum":{"Male":{"raw":1.0,"perc":100.0,"total":1.0}},"LSD":{"Male":{"raw":1.0,"perc":100.0,"total":1.0}},"Ketamine":{"Male":{"raw":1.0,"perc":100.0,"total":1.0}},"NMDA Antagonists":{"Male":{"raw":1.0,"perc":100.0,"total":1.0}},"4-AcO-DMT":{"Male":{"raw":1.0,"perc":100.0,"total":1.0}},"DMT":{"Female":{"raw":1.0,"perc":100.0,"total":1.0}},"Banisteriopsis caapi":{"Female":{"raw":1.0,"perc":100.0,"total":1.0}},"Harmala Alkaloids":{"Female":{"raw":1.0,"perc":100.0,"total":1.0}},"Mushrooms":{"Female":{"raw":1.0,"perc":100.0,"total":1.0}}},"Conferences":{"Mushrooms":{"Male":{"raw":1.0,"perc":100.0,"total":1.0}},"Various":{"Male":{"raw":1.0,"perc":100.0,"total":1.0}},"Ketamine":{"Male":{"raw":1.0,"perc":100.0,"total":1.0}},"NMDA Antagonists":{"Male":{"raw":1.0,"perc":100.0,"total":1.0}},"Codeine":{"Female":{"raw":1.0,"perc":100.0,"total":1.0}},"Opiates":{"Female":{"raw":1.0,"perc":100.0,"total":1.0}},"Chamomile":{"Male":{"raw":1.0,"perc":100.0,"total":1.0}},"Harmala Alkaloids":{"Male":{"raw":1.0,"perc":100.0,"total":1.0}},"Passion Flower":{"Male":{"raw":1.0,"perc":100.0,"total":1.0}},"Cannabinoid Receptor Agonists":{"Male":{"raw":1.0,"perc":100.0,"total":1.0}}},"Hyperventilation":{"Amphetamines":{"Male":{"raw":1.0,"perc":100.0,"total":1.0}},"Stimulants":{"Male":{"raw":1.0,"perc":100.0,"total":1.0}},"Carbogen":{"Male":{"raw":1.0,"perc":100.0,"total":1.0}},"Acacia":{"Male":{"raw":1.0,"perc":100.0,"total":1.0}},"DMT":{"Male":{"raw":1.0,"perc":100.0,"total":1.0}},"Nitrous Oxide":{"Male":{"raw":1.0,"perc":100.0,"total":1.0}},"Oxygen":{"Male":{"raw":1.0,"perc":100.0,"total":1.0}}},"Chanting":{"Mushrooms":{"Male":{"raw":1.0,"perc":100.0,"total":1.0}},"MDAI":{"Male":{"raw":1.0,"perc":100.0,"total":1.0}}},"Sweating":{"Peyote":{"Male":{"raw":1.0,"perc":100.0,"total":1.0}},"Amanitas":{"Male":{"raw":1.0,"perc":100.0,"total":1.0}},"Harmala Alkaloids":{"Male":{"raw":1.0,"perc":100.0,"total":1.0}},"Passion Flower":{"Male":{"raw":1.0,"perc":100.0,"total":1.0}}},"Humor":{"Mushrooms":{"Male":{"raw":3.0,"perc":100.0,"total":3.0}},"Various":{"Male":{"raw":2.0,"perc":100.0,"total":2.0}},"Hydrocodone":{"Male":{"raw":1.0,"perc":100.0,"total":1.0}},"Opioids":{"Male":{"raw":1.0,"perc":100.0,"total":1.0}},"Unknown":{"Male":{"raw":1.0,"perc":100.0,"total":1.0}},"Cheese - Blue":{"Male":{"raw":1.0,"perc":100.0,"total":1.0}}},"Music":{"Cannabis":{"Male":{"raw":1.0,"perc":100.0,"total":1.0}},"MDMA":{"Male":{"raw":1.0,"perc":100.0,"total":1.0}},"Stimulants":{"Male":{"raw":1.0,"perc":100.0,"total":1.0}},"Various":{"Male":{"raw":1.0,"perc":100.0,"total":1.0}},"Acetaminophen":{"Male":{"raw":1.0,"perc":100.0,"total":1.0}},"Caffeine":{"Male":{"raw":1.0,"perc":100.0,"total":1.0}},"2C-B":{"Male":{"raw":1.0,"perc":100.0,"total":1.0}},"Phenethylamine":{"Male":{"raw":1.0,"perc":100.0,"total":1.0}},"LSD":{"Male":{"raw":1.0,"perc":100.0,"total":1.0}}},"Nitrogen Narcosis":{"Mushrooms":{"Male":{"raw":1.0,"perc":100.0,"total":1.0}},"Salvia divinorum":{"Male":{"raw":1.0,"perc":100.0,"total":1.0}},"Various":{"Male":{"raw":1.0,"perc":100.0,"total":1.0}}},"Sound (non-music)":{"4-MeO-PCP":{"Male":{"raw":1.0,"perc":100.0,"total":1.0}}}}