{"Drug Testing":{"General":{"raw":121.0,"perc":72.891566265060234,"total":166.0},"Retrospective / Summary":{"raw":12.0,"perc":7.2289156626506017,"total":166.0},"Post Trip Problems":{"raw":7.0,"perc":4.2168674698795181,"total":166.0},"Personal Preparation":{"raw":1.0,"perc":0.60240963855421692,"total":166.0},"Depression":{"raw":1.0,"perc":0.60240963855421692,"total":166.0},"Health Problems":{"raw":3.0,"perc":1.8072289156626504,"total":166.0},"Second Hand Report":{"raw":3.0,"perc":1.8072289156626504,"total":166.0},"Preparation / Recipes":{"raw":4.0,"perc":2.4096385542168677,"total":166.0},"Bad Trips":{"raw":3.0,"perc":1.8072289156626504,"total":166.0},"Overdose":{"raw":1.0,"perc":0.60240963855421692,"total":166.0},"Medical Use":{"raw":5.0,"perc":3.0120481927710845,"total":166.0},"Difficult Experiences":{"raw":2.0,"perc":1.2048192771084338,"total":166.0},"Multi-Day Experience":{"raw":3.0,"perc":1.8072289156626504,"total":166.0}},"Sleep Deprivation":{"General":{"raw":29.0,"perc":21.481481481481481,"total":135.0},"Difficult Experiences":{"raw":15.0,"perc":11.111111111111111,"total":135.0},"Health Problems":{"raw":9.0,"perc":6.666666666666667,"total":135.0},"Multi-Day Experience":{"raw":22.0,"perc":16.296296296296298,"total":135.0},"Retrospective / Summary":{"raw":6.0,"perc":4.4444444444444446,"total":135.0},"Health Benefits":{"raw":2.0,"perc":1.4814814814814816,"total":135.0},"Music Discussion":{"raw":4.0,"perc":2.9629629629629632,"total":135.0},"Entities / Beings":{"raw":3.0,"perc":2.2222222222222223,"total":135.0},"Mystical Experiences":{"raw":4.0,"perc":2.9629629629629632,"total":135.0},"Depression":{"raw":1.0,"perc":0.74074074074074081,"total":135.0},"First Times":{"raw":6.0,"perc":4.4444444444444446,"total":135.0},"Bad Trips":{"raw":4.0,"perc":2.9629629629629632,"total":135.0},"Loss of Magic":{"raw":2.0,"perc":1.4814814814814816,"total":135.0},"Hangover / Days After":{"raw":9.0,"perc":6.666666666666667,"total":135.0},"Medical Use":{"raw":1.0,"perc":0.74074074074074081,"total":135.0},"HPPD / Lasting Visuals":{"raw":2.0,"perc":1.4814814814814816,"total":135.0},"Glowing Experiences":{"raw":2.0,"perc":1.4814814814814816,"total":135.0},"Sex Discussion":{"raw":2.0,"perc":1.4814814814814816,"total":135.0},"What Was in That?":{"raw":1.0,"perc":0.74074074074074081,"total":135.0},"Guides / Sitters":{"raw":2.0,"perc":1.4814814814814816,"total":135.0},"Relationships":{"raw":1.0,"perc":0.74074074074074081,"total":135.0},"Overdose":{"raw":2.0,"perc":1.4814814814814816,"total":135.0},"Post Trip Problems":{"raw":2.0,"perc":1.4814814814814816,"total":135.0},"Performance Enhancement":{"raw":3.0,"perc":2.2222222222222223,"total":135.0},"Preparation / Recipes":{"raw":1.0,"perc":0.74074074074074081,"total":135.0}},"OBE":{"General":{"raw":22.0,"perc":20.5607476635514,"total":107.0},"Nature / Outdoors":{"raw":1.0,"perc":0.93457943925233633,"total":107.0},"Mystical Experiences":{"raw":13.0,"perc":12.149532710280374,"total":107.0},"Difficult Experiences":{"raw":11.0,"perc":10.2803738317757,"total":107.0},"Entities / Beings":{"raw":13.0,"perc":12.149532710280374,"total":107.0},"Guides / Sitters":{"raw":3.0,"perc":2.8037383177570092,"total":107.0},"First Times":{"raw":8.0,"perc":7.4766355140186906,"total":107.0},"Depression":{"raw":2.0,"perc":1.8691588785046727,"total":107.0},"Post Trip Problems":{"raw":3.0,"perc":2.8037383177570092,"total":107.0},"Medical Use":{"raw":1.0,"perc":0.93457943925233633,"total":107.0},"Retrospective / Summary":{"raw":3.0,"perc":2.8037383177570092,"total":107.0},"Glowing Experiences":{"raw":10.0,"perc":9.3457943925233646,"total":107.0},"Sex Discussion":{"raw":2.0,"perc":1.8691588785046727,"total":107.0},"Hangover / Days After":{"raw":4.0,"perc":3.7383177570093453,"total":107.0},"Second Hand Report":{"raw":1.0,"perc":0.93457943925233633,"total":107.0},"Overdose":{"raw":2.0,"perc":1.8691588785046727,"total":107.0},"Bad Trips":{"raw":1.0,"perc":0.93457943925233633,"total":107.0},"Music Discussion":{"raw":1.0,"perc":0.93457943925233633,"total":107.0},"Multi-Day Experience":{"raw":2.0,"perc":1.8691588785046727,"total":107.0},"Health Problems":{"raw":1.0,"perc":0.93457943925233633,"total":107.0},"What Was in That?":{"raw":1.0,"perc":0.93457943925233633,"total":107.0},"Personal Preparation":{"raw":1.0,"perc":0.93457943925233633,"total":107.0},"Relationships":{"raw":1.0,"perc":0.93457943925233633,"total":107.0}},"Dreams":{"General":{"raw":109.0,"perc":31.964809384164223,"total":341.0},"Difficult Experiences":{"raw":12.0,"perc":3.519061583577713,"total":341.0},"First Times":{"raw":36.0,"perc":10.557184750733137,"total":341.0},"Preparation / Recipes":{"raw":7.0,"perc":2.0527859237536656,"total":341.0},"Retrospective / Summary":{"raw":54.0,"perc":15.835777126099707,"total":341.0},"Health Problems":{"raw":4.0,"perc":1.1730205278592376,"total":341.0},"Post Trip Problems":{"raw":6.0,"perc":1.7595307917888565,"total":341.0},"Mystical Experiences":{"raw":8.0,"perc":2.3460410557184752,"total":341.0},"Glowing Experiences":{"raw":28.0,"perc":8.2111436950146626,"total":341.0},"Entities / Beings":{"raw":20.0,"perc":5.8651026392961878,"total":341.0},"Sex Discussion":{"raw":6.0,"perc":1.7595307917888565,"total":341.0},"Hangover / Days After":{"raw":7.0,"perc":2.0527859237536656,"total":341.0},"Medical Use":{"raw":11.0,"perc":3.225806451612903,"total":341.0},"Health Benefits":{"raw":7.0,"perc":2.0527859237536656,"total":341.0},"Depression":{"raw":6.0,"perc":1.7595307917888565,"total":341.0},"Overdose":{"raw":2.0,"perc":0.5865102639296188,"total":341.0},"Relationships":{"raw":1.0,"perc":0.2932551319648094,"total":341.0},"Guides / Sitters":{"raw":1.0,"perc":0.2932551319648094,"total":341.0},"Multi-Day Experience":{"raw":5.0,"perc":1.466275659824047,"total":341.0},"Nature / Outdoors":{"raw":2.0,"perc":0.5865102639296188,"total":341.0},"Second Hand Report":{"raw":2.0,"perc":0.5865102639296188,"total":341.0},"Music Discussion":{"raw":1.0,"perc":0.2932551319648094,"total":341.0},"Therapeutic Intent or Outcome":{"raw":6.0,"perc":1.7595307917888565,"total":341.0}},"Endogenous":{"Bad Trips":{"raw":4.0,"perc":6.557377049180328,"total":61.0},"Health Problems":{"raw":8.0,"perc":13.114754098360656,"total":61.0},"General":{"raw":9.0,"perc":14.754098360655737,"total":61.0},"First Times":{"raw":5.0,"perc":8.19672131147541,"total":61.0},"Multi-Day Experience":{"raw":2.0,"perc":3.278688524590164,"total":61.0},"Retrospective / Summary":{"raw":4.0,"perc":6.557377049180328,"total":61.0},"HPPD / Lasting Visuals":{"raw":2.0,"perc":3.278688524590164,"total":61.0},"Overdose":{"raw":1.0,"perc":1.639344262295082,"total":61.0},"Depression":{"raw":3.0,"perc":4.918032786885246,"total":61.0},"Post Trip Problems":{"raw":3.0,"perc":4.918032786885246,"total":61.0},"Glowing Experiences":{"raw":2.0,"perc":3.278688524590164,"total":61.0},"Difficult Experiences":{"raw":5.0,"perc":8.19672131147541,"total":61.0},"Mystical Experiences":{"raw":3.0,"perc":4.918032786885246,"total":61.0},"Entities / Beings":{"raw":2.0,"perc":3.278688524590164,"total":61.0},"Therapeutic Intent or Outcome":{"raw":1.0,"perc":1.639344262295082,"total":61.0},"Hangover / Days After":{"raw":2.0,"perc":3.278688524590164,"total":61.0},"Guides / Sitters":{"raw":1.0,"perc":1.639344262295082,"total":61.0},"Medical Use":{"raw":3.0,"perc":4.918032786885246,"total":61.0},"Second Hand Report":{"raw":1.0,"perc":1.639344262295082,"total":61.0}},"Police / Customs":{"General":{"raw":37.0,"perc":19.270833333333336,"total":192.0},"First Times":{"raw":13.0,"perc":6.770833333333333,"total":192.0},"Retrospective / Summary":{"raw":13.0,"perc":6.770833333333333,"total":192.0},"Glowing Experiences":{"raw":6.0,"perc":3.125,"total":192.0},"Bad Trips":{"raw":15.0,"perc":7.8125,"total":192.0},"Preparation / Recipes":{"raw":4.0,"perc":2.083333333333333,"total":192.0},"Post Trip Problems":{"raw":16.0,"perc":8.3333333333333321,"total":192.0},"Health Problems":{"raw":4.0,"perc":2.083333333333333,"total":192.0},"Entities / Beings":{"raw":8.0,"perc":4.1666666666666661,"total":192.0},"Difficult Experiences":{"raw":25.0,"perc":13.020833333333334,"total":192.0},"Second Hand Report":{"raw":8.0,"perc":4.1666666666666661,"total":192.0},"Overdose":{"raw":6.0,"perc":3.125,"total":192.0},"Health Benefits":{"raw":1.0,"perc":0.52083333333333326,"total":192.0},"Depression":{"raw":4.0,"perc":2.083333333333333,"total":192.0},"Multi-Day Experience":{"raw":3.0,"perc":1.5625,"total":192.0},"Nature / Outdoors":{"raw":3.0,"perc":1.5625,"total":192.0},"HPPD / Lasting Visuals":{"raw":1.0,"perc":0.52083333333333326,"total":192.0},"Hangover / Days After":{"raw":8.0,"perc":4.1666666666666661,"total":192.0},"Music Discussion":{"raw":6.0,"perc":3.125,"total":192.0},"Mystical Experiences":{"raw":2.0,"perc":1.0416666666666665,"total":192.0},"Relationships":{"raw":3.0,"perc":1.5625,"total":192.0},"Personal Preparation":{"raw":1.0,"perc":0.52083333333333326,"total":192.0},"Guides / Sitters":{"raw":2.0,"perc":1.0416666666666665,"total":192.0},"Families":{"raw":1.0,"perc":0.52083333333333326,"total":192.0},"Therapeutic Intent or Outcome":{"raw":1.0,"perc":0.52083333333333326,"total":192.0},"Performance Enhancement":{"raw":1.0,"perc":0.52083333333333326,"total":192.0}},"Meditation":{"General":{"raw":36.0,"perc":17.910447761194028,"total":201.0},"Retrospective / Summary":{"raw":30.0,"perc":14.925373134328357,"total":201.0},"Bad Trips":{"raw":1.0,"perc":0.49751243781094528,"total":201.0},"Mystical Experiences":{"raw":18.0,"perc":8.9552238805970141,"total":201.0},"Glowing Experiences":{"raw":31.0,"perc":15.422885572139302,"total":201.0},"Health Benefits":{"raw":7.0,"perc":3.4825870646766171,"total":201.0},"Personal Preparation":{"raw":5.0,"perc":2.4875621890547266,"total":201.0},"Depression":{"raw":1.0,"perc":0.49751243781094528,"total":201.0},"Preparation / Recipes":{"raw":2.0,"perc":0.99502487562189057,"total":201.0},"Health Problems":{"raw":2.0,"perc":0.99502487562189057,"total":201.0},"First Times":{"raw":12.0,"perc":5.9701492537313428,"total":201.0},"Therapeutic Intent or Outcome":{"raw":5.0,"perc":2.4875621890547266,"total":201.0},"Guides / Sitters":{"raw":4.0,"perc":1.9900497512437811,"total":201.0},"Multi-Day Experience":{"raw":4.0,"perc":1.9900497512437811,"total":201.0},"Entities / Beings":{"raw":12.0,"perc":5.9701492537313428,"total":201.0},"Hangover / Days After":{"raw":3.0,"perc":1.4925373134328357,"total":201.0},"Music Discussion":{"raw":7.0,"perc":3.4825870646766171,"total":201.0},"Relationships":{"raw":4.0,"perc":1.9900497512437811,"total":201.0},"Second Hand Report":{"raw":1.0,"perc":0.49751243781094528,"total":201.0},"Difficult Experiences":{"raw":4.0,"perc":1.9900497512437811,"total":201.0},"Poetry":{"raw":1.0,"perc":0.49751243781094528,"total":201.0},"Sex Discussion":{"raw":3.0,"perc":1.4925373134328357,"total":201.0},"Post Trip Problems":{"raw":2.0,"perc":0.99502487562189057,"total":201.0},"Nature / Outdoors":{"raw":4.0,"perc":1.9900497512437811,"total":201.0},"What Was in That?":{"raw":1.0,"perc":0.49751243781094528,"total":201.0},"Loss of Magic":{"raw":1.0,"perc":0.49751243781094528,"total":201.0}},"Ritual":{"Sex Discussion":{"raw":4.0,"perc":3.9215686274509802,"total":102.0},"Difficult Experiences":{"raw":4.0,"perc":3.9215686274509802,"total":102.0},"Glowing Experiences":{"raw":9.0,"perc":8.8235294117647065,"total":102.0},"Mystical Experiences":{"raw":17.0,"perc":16.666666666666664,"total":102.0},"Multi-Day Experience":{"raw":1.0,"perc":0.98039215686274506,"total":102.0},"Retrospective / Summary":{"raw":6.0,"perc":5.88235294117647,"total":102.0},"Preparation / Recipes":{"raw":3.0,"perc":2.9411764705882351,"total":102.0},"Personal Preparation":{"raw":5.0,"perc":4.9019607843137258,"total":102.0},"First Times":{"raw":9.0,"perc":8.8235294117647065,"total":102.0},"General":{"raw":8.0,"perc":7.8431372549019605,"total":102.0},"Relationships":{"raw":3.0,"perc":2.9411764705882351,"total":102.0},"Health Benefits":{"raw":1.0,"perc":0.98039215686274506,"total":102.0},"Depression":{"raw":1.0,"perc":0.98039215686274506,"total":102.0},"Guides / Sitters":{"raw":10.0,"perc":9.8039215686274517,"total":102.0},"Entities / Beings":{"raw":9.0,"perc":8.8235294117647065,"total":102.0},"Music Discussion":{"raw":3.0,"perc":2.9411764705882351,"total":102.0},"Nature / Outdoors":{"raw":3.0,"perc":2.9411764705882351,"total":102.0},"Therapeutic Intent or Outcome":{"raw":6.0,"perc":5.88235294117647,"total":102.0}},"Breathing":{"General":{"raw":10.0,"perc":23.809523809523807,"total":42.0},"Mystical Experiences":{"raw":4.0,"perc":9.5238095238095237,"total":42.0},"Families":{"raw":1.0,"perc":2.3809523809523809,"total":42.0},"Guides / Sitters":{"raw":1.0,"perc":2.3809523809523809,"total":42.0},"Entities / Beings":{"raw":2.0,"perc":4.7619047619047619,"total":42.0},"Health Problems":{"raw":3.0,"perc":7.1428571428571423,"total":42.0},"Glowing Experiences":{"raw":5.0,"perc":11.904761904761903,"total":42.0},"First Times":{"raw":4.0,"perc":9.5238095238095237,"total":42.0},"Post Trip Problems":{"raw":2.0,"perc":4.7619047619047619,"total":42.0},"Retrospective / Summary":{"raw":3.0,"perc":7.1428571428571423,"total":42.0},"Health Benefits":{"raw":1.0,"perc":2.3809523809523809,"total":42.0},"Sex Discussion":{"raw":1.0,"perc":2.3809523809523809,"total":42.0},"Preparation / Recipes":{"raw":1.0,"perc":2.3809523809523809,"total":42.0},"Nature / Outdoors":{"raw":1.0,"perc":2.3809523809523809,"total":42.0},"Medical Use":{"raw":1.0,"perc":2.3809523809523809,"total":42.0},"Therapeutic Intent or Outcome":{"raw":1.0,"perc":2.3809523809523809,"total":42.0},"Depression":{"raw":1.0,"perc":2.3809523809523809,"total":42.0}},"Hyperventilation":{"General":{"raw":5.0,"perc":31.25,"total":16.0},"Mystical Experiences":{"raw":2.0,"perc":12.5,"total":16.0},"Families":{"raw":1.0,"perc":6.25,"total":16.0},"Guides / Sitters":{"raw":1.0,"perc":6.25,"total":16.0},"Health Problems":{"raw":2.0,"perc":12.5,"total":16.0},"First Times":{"raw":3.0,"perc":18.75,"total":16.0},"Post Trip Problems":{"raw":1.0,"perc":6.25,"total":16.0},"Glowing Experiences":{"raw":1.0,"perc":6.25,"total":16.0}},"Migraines":{"Retrospective / Summary":{"raw":6.0,"perc":11.538461538461538,"total":52.0},"Health Problems":{"raw":6.0,"perc":11.538461538461538,"total":52.0},"Depression":{"raw":3.0,"perc":5.7692307692307692,"total":52.0},"Post Trip Problems":{"raw":4.0,"perc":7.6923076923076925,"total":52.0},"Health Benefits":{"raw":12.0,"perc":23.076923076923077,"total":52.0},"Medical Use":{"raw":8.0,"perc":15.384615384615385,"total":52.0},"Second Hand Report":{"raw":1.0,"perc":1.9230769230769231,"total":52.0},"Hangover / Days After":{"raw":3.0,"perc":5.7692307692307692,"total":52.0},"Glowing Experiences":{"raw":1.0,"perc":1.9230769230769231,"total":52.0},"Mystical Experiences":{"raw":1.0,"perc":1.9230769230769231,"total":52.0},"Relationships":{"raw":1.0,"perc":1.9230769230769231,"total":52.0},"General":{"raw":1.0,"perc":1.9230769230769231,"total":52.0},"Difficult Experiences":{"raw":1.0,"perc":1.9230769230769231,"total":52.0},"Entities / Beings":{"raw":1.0,"perc":1.9230769230769231,"total":52.0},"Music Discussion":{"raw":1.0,"perc":1.9230769230769231,"total":52.0},"What Was in That?":{"raw":1.0,"perc":1.9230769230769231,"total":52.0},"Therapeutic Intent or Outcome":{"raw":1.0,"perc":1.9230769230769231,"total":52.0}},"Floatation Tank":{"General":{"raw":3.0,"perc":30.0,"total":10.0},"Health Problems":{"raw":1.0,"perc":10.0,"total":10.0},"Health Benefits":{"raw":1.0,"perc":10.0,"total":10.0},"First Times":{"raw":3.0,"perc":30.0,"total":10.0},"Hangover / Days After":{"raw":1.0,"perc":10.0,"total":10.0},"Preparation / Recipes":{"raw":1.0,"perc":10.0,"total":10.0}},"Fasting":{"General":{"raw":9.0,"perc":18.75,"total":48.0},"Health Benefits":{"raw":3.0,"perc":6.25,"total":48.0},"Difficult Experiences":{"raw":3.0,"perc":6.25,"total":48.0},"Mystical Experiences":{"raw":5.0,"perc":10.416666666666668,"total":48.0},"Entities / Beings":{"raw":4.0,"perc":8.3333333333333321,"total":48.0},"Multi-Day Experience":{"raw":5.0,"perc":10.416666666666668,"total":48.0},"Glowing Experiences":{"raw":1.0,"perc":2.083333333333333,"total":48.0},"Retrospective / Summary":{"raw":8.0,"perc":16.666666666666664,"total":48.0},"Personal Preparation":{"raw":4.0,"perc":8.3333333333333321,"total":48.0},"Relationships":{"raw":1.0,"perc":2.083333333333333,"total":48.0},"Nature / Outdoors":{"raw":2.0,"perc":4.1666666666666661,"total":48.0},"Post Trip Problems":{"raw":1.0,"perc":2.083333333333333,"total":48.0},"First Times":{"raw":1.0,"perc":2.083333333333333,"total":48.0},"Therapeutic Intent or Outcome":{"raw":1.0,"perc":2.083333333333333,"total":48.0}},"Guiding":{"Retrospective / Summary":{"raw":2.0,"perc":16.666666666666664,"total":12.0},"Glowing Experiences":{"raw":2.0,"perc":16.666666666666664,"total":12.0},"Mystical Experiences":{"raw":1.0,"perc":8.3333333333333321,"total":12.0},"Guides / Sitters":{"raw":3.0,"perc":25.0,"total":12.0},"First Times":{"raw":1.0,"perc":8.3333333333333321,"total":12.0},"Nature / Outdoors":{"raw":2.0,"perc":16.666666666666664,"total":12.0},"General":{"raw":1.0,"perc":8.3333333333333321,"total":12.0}},"Nitrogen Narcosis":{"General":{"raw":5.0,"perc":45.454545454545453,"total":11.0},"Nature / Outdoors":{"raw":1.0,"perc":9.0909090909090917,"total":11.0},"First Times":{"raw":2.0,"perc":18.181818181818183,"total":11.0},"Retrospective / Summary":{"raw":1.0,"perc":9.0909090909090917,"total":11.0},"Difficult Experiences":{"raw":1.0,"perc":9.0909090909090917,"total":11.0},"Entities / Beings":{"raw":1.0,"perc":9.0909090909090917,"total":11.0}},"Yoga / Bodywork":{"Glowing Experiences":{"raw":18.0,"perc":20.454545454545457,"total":88.0},"Mystical Experiences":{"raw":10.0,"perc":11.363636363636363,"total":88.0},"Entities / Beings":{"raw":5.0,"perc":5.6818181818181817,"total":88.0},"General":{"raw":18.0,"perc":20.454545454545457,"total":88.0},"Multi-Day Experience":{"raw":1.0,"perc":1.1363636363636365,"total":88.0},"Preparation / Recipes":{"raw":1.0,"perc":1.1363636363636365,"total":88.0},"Music Discussion":{"raw":5.0,"perc":5.6818181818181817,"total":88.0},"Retrospective / Summary":{"raw":6.0,"perc":6.8181818181818175,"total":88.0},"Sex Discussion":{"raw":2.0,"perc":2.2727272727272729,"total":88.0},"Health Problems":{"raw":1.0,"perc":1.1363636363636365,"total":88.0},"Relationships":{"raw":1.0,"perc":1.1363636363636365,"total":88.0},"Hangover / Days After":{"raw":1.0,"perc":1.1363636363636365,"total":88.0},"First Times":{"raw":6.0,"perc":6.8181818181818175,"total":88.0},"Health Benefits":{"raw":2.0,"perc":2.2727272727272729,"total":88.0},"Nature / Outdoors":{"raw":3.0,"perc":3.4090909090909087,"total":88.0},"Guides / Sitters":{"raw":2.0,"perc":2.2727272727272729,"total":88.0},"Families":{"raw":1.0,"perc":1.1363636363636365,"total":88.0},"Therapeutic Intent or Outcome":{"raw":2.0,"perc":2.2727272727272729,"total":88.0},"Depression":{"raw":1.0,"perc":1.1363636363636365,"total":88.0},"Post Trip Problems":{"raw":1.0,"perc":1.1363636363636365,"total":88.0},"Performance Enhancement":{"raw":1.0,"perc":1.1363636363636365,"total":88.0}},"Devices":{"Music Discussion":{"raw":4.0,"perc":9.5238095238095237,"total":42.0},"General":{"raw":10.0,"perc":23.809523809523807,"total":42.0},"First Times":{"raw":7.0,"perc":16.666666666666664,"total":42.0},"Difficult Experiences":{"raw":1.0,"perc":2.3809523809523809,"total":42.0},"Glowing Experiences":{"raw":8.0,"perc":19.047619047619047,"total":42.0},"Mystical Experiences":{"raw":5.0,"perc":11.904761904761903,"total":42.0},"Health Benefits":{"raw":2.0,"perc":4.7619047619047619,"total":42.0},"Relationships":{"raw":2.0,"perc":4.7619047619047619,"total":42.0},"Retrospective / Summary":{"raw":1.0,"perc":2.3809523809523809,"total":42.0},"Entities / Beings":{"raw":2.0,"perc":4.7619047619047619,"total":42.0}},"Devices - Mind Machine":{"General":{"raw":6.0,"perc":24.0,"total":25.0},"First Times":{"raw":2.0,"perc":8.0,"total":25.0},"Difficult Experiences":{"raw":1.0,"perc":4.0,"total":25.0},"Glowing Experiences":{"raw":5.0,"perc":20.0,"total":25.0},"Mystical Experiences":{"raw":4.0,"perc":16.0,"total":25.0},"Music Discussion":{"raw":2.0,"perc":8.0,"total":25.0},"Health Benefits":{"raw":2.0,"perc":8.0,"total":25.0},"Relationships":{"raw":1.0,"perc":4.0,"total":25.0},"Retrospective / Summary":{"raw":1.0,"perc":4.0,"total":25.0},"Entities / Beings":{"raw":1.0,"perc":4.0,"total":25.0}},"Mindfulness":{"Retrospective / Summary":{"raw":3.0,"perc":7.5,"total":40.0},"Health Benefits":{"raw":2.0,"perc":5.0,"total":40.0},"Depression":{"raw":2.0,"perc":5.0,"total":40.0},"General":{"raw":4.0,"perc":10.0,"total":40.0},"Music Discussion":{"raw":1.0,"perc":2.5,"total":40.0},"Glowing Experiences":{"raw":5.0,"perc":12.5,"total":40.0},"Mystical Experiences":{"raw":5.0,"perc":12.5,"total":40.0},"Nature / Outdoors":{"raw":3.0,"perc":7.5,"total":40.0},"First Times":{"raw":2.0,"perc":5.0,"total":40.0},"Entities / Beings":{"raw":4.0,"perc":10.0,"total":40.0},"Guides / Sitters":{"raw":1.0,"perc":2.5,"total":40.0},"Relationships":{"raw":3.0,"perc":7.5,"total":40.0},"Therapeutic Intent or Outcome":{"raw":2.0,"perc":5.0,"total":40.0},"Personal Preparation":{"raw":2.0,"perc":5.0,"total":40.0},"Preparation / Recipes":{"raw":1.0,"perc":2.5,"total":40.0}},"Devices - Magnetic":{"First Times":{"raw":2.0,"perc":100.0,"total":2.0}},"Sweating":{"First Times":{"raw":4.0,"perc":23.52941176470588,"total":17.0},"General":{"raw":4.0,"perc":23.52941176470588,"total":17.0},"Retrospective / Summary":{"raw":2.0,"perc":11.76470588235294,"total":17.0},"Depression":{"raw":1.0,"perc":5.88235294117647,"total":17.0},"Glowing Experiences":{"raw":1.0,"perc":5.88235294117647,"total":17.0},"Entities / Beings":{"raw":1.0,"perc":5.88235294117647,"total":17.0},"Preparation / Recipes":{"raw":2.0,"perc":11.76470588235294,"total":17.0},"Health Benefits":{"raw":1.0,"perc":5.88235294117647,"total":17.0},"Sex Discussion":{"raw":1.0,"perc":5.88235294117647,"total":17.0}},"Conferences":{"General":{"raw":13.0,"perc":46.428571428571431,"total":28.0},"Entities / Beings":{"raw":1.0,"perc":3.5714285714285712,"total":28.0},"Nature / Outdoors":{"raw":1.0,"perc":3.5714285714285712,"total":28.0},"Poetry":{"raw":1.0,"perc":3.5714285714285712,"total":28.0},"Retrospective / Summary":{"raw":2.0,"perc":7.1428571428571423,"total":28.0},"Mystical Experiences":{"raw":1.0,"perc":3.5714285714285712,"total":28.0},"Post Trip Problems":{"raw":1.0,"perc":3.5714285714285712,"total":28.0},"Health Problems":{"raw":1.0,"perc":3.5714285714285712,"total":28.0},"Guides / Sitters":{"raw":1.0,"perc":3.5714285714285712,"total":28.0},"Overdose":{"raw":1.0,"perc":3.5714285714285712,"total":28.0},"Hangover / Days After":{"raw":1.0,"perc":3.5714285714285712,"total":28.0},"Glowing Experiences":{"raw":2.0,"perc":7.1428571428571423,"total":28.0},"Difficult Experiences":{"raw":1.0,"perc":3.5714285714285712,"total":28.0},"Second Hand Report":{"raw":1.0,"perc":3.5714285714285712,"total":28.0}},"Chanting":{"Difficult Experiences":{"raw":1.0,"perc":33.333333333333329,"total":3.0},"Mystical Experiences":{"raw":1.0,"perc":33.333333333333329,"total":3.0},"Entities / Beings":{"raw":1.0,"perc":33.333333333333329,"total":3.0}},"Humor":{"General":{"raw":3.0,"perc":18.75,"total":16.0},"Glowing Experiences":{"raw":1.0,"perc":6.25,"total":16.0},"Entities / Beings":{"raw":1.0,"perc":6.25,"total":16.0},"Nature / Outdoors":{"raw":1.0,"perc":6.25,"total":16.0},"Multi-Day Experience":{"raw":2.0,"perc":12.5,"total":16.0},"Retrospective / Summary":{"raw":1.0,"perc":6.25,"total":16.0},"Difficult Experiences":{"raw":2.0,"perc":12.5,"total":16.0},"Mystical Experiences":{"raw":1.0,"perc":6.25,"total":16.0},"Therapeutic Intent or Outcome":{"raw":1.0,"perc":6.25,"total":16.0},"Performance Enhancement":{"raw":1.0,"perc":6.25,"total":16.0},"Bad Trips":{"raw":1.0,"perc":6.25,"total":16.0},"Health Problems":{"raw":1.0,"perc":6.25,"total":16.0}},"Music":{"General":{"raw":3.0,"perc":33.333333333333329,"total":9.0},"Mystical Experiences":{"raw":1.0,"perc":11.111111111111111,"total":9.0},"What Was in That?":{"raw":1.0,"perc":11.111111111111111,"total":9.0},"Hangover / Days After":{"raw":1.0,"perc":11.111111111111111,"total":9.0},"Glowing Experiences":{"raw":1.0,"perc":11.111111111111111,"total":9.0},"Nature / Outdoors":{"raw":1.0,"perc":11.111111111111111,"total":9.0},"Therapeutic Intent or Outcome":{"raw":1.0,"perc":11.111111111111111,"total":9.0}},"Sound (non-music)":{"Difficult Experiences":{"raw":1.0,"perc":50.0,"total":2.0},"Hangover / Days After":{"raw":1.0,"perc":50.0,"total":2.0}}}