{"Drug Testing":{"Not-Specified":{"Strong":{"raw":1.0,"perc":8.3333333333333321,"total":12.0},"Medium":{"raw":8.0,"perc":66.666666666666657,"total":12.0},"No Effect":{"raw":3.0,"perc":25.0,"total":12.0}},"Male":{"Medium":{"raw":65.0,"perc":66.3265306122449,"total":98.0},"No Effect":{"raw":26.0,"perc":26.530612244897959,"total":98.0},"Strong":{"raw":5.0,"perc":5.1020408163265305,"total":98.0},"Extreme":{"raw":2.0,"perc":2.0408163265306123,"total":98.0}},"Female":{"Medium":{"raw":9.0,"perc":52.941176470588239,"total":17.0},"No Effect":{"raw":5.0,"perc":29.411764705882355,"total":17.0},"Extreme":{"raw":2.0,"perc":11.76470588235294,"total":17.0},"Strong":{"raw":1.0,"perc":5.88235294117647,"total":17.0}}},"Sleep Deprivation":{"Not-Specified":{"Strong":{"raw":2.0,"perc":50.0,"total":4.0},"Extreme":{"raw":1.0,"perc":25.0,"total":4.0},"Medium":{"raw":1.0,"perc":25.0,"total":4.0}},"Male":{"Medium":{"raw":24.0,"perc":46.153846153846153,"total":52.0},"Strong":{"raw":24.0,"perc":46.153846153846153,"total":52.0},"Extreme":{"raw":4.0,"perc":7.6923076923076925,"total":52.0}},"Female":{"Medium":{"raw":3.0,"perc":50.0,"total":6.0},"Strong":{"raw":1.0,"perc":16.666666666666664,"total":6.0},"Extreme":{"raw":2.0,"perc":33.333333333333329,"total":6.0}}},"Dreams":{"Male":{"Strong":{"raw":28.0,"perc":24.347826086956523,"total":115.0},"Medium":{"raw":79.0,"perc":68.695652173913047,"total":115.0},"No Effect":{"raw":6.0,"perc":5.2173913043478262,"total":115.0},"Extreme":{"raw":2.0,"perc":1.7391304347826086,"total":115.0}},"Female":{"Extreme":{"raw":1.0,"perc":7.1428571428571423,"total":14.0},"Strong":{"raw":3.0,"perc":21.428571428571427,"total":14.0},"Medium":{"raw":10.0,"perc":71.428571428571431,"total":14.0}},"Not-Specified":{"Medium":{"raw":5.0,"perc":100.0,"total":5.0}}},"Endogenous":{"Not-Specified":{"Medium":{"raw":2.0,"perc":100.0,"total":2.0}},"Male":{"Medium":{"raw":10.0,"perc":55.555555555555557,"total":18.0},"Extreme":{"raw":3.0,"perc":16.666666666666664,"total":18.0},"Strong":{"raw":5.0,"perc":27.777777777777779,"total":18.0}},"Female":{"Strong":{"raw":1.0,"perc":50.0,"total":2.0},"Medium":{"raw":1.0,"perc":50.0,"total":2.0}}},"Police / Customs":{"Male":{"Strong":{"raw":23.0,"perc":21.69811320754717,"total":106.0},"Medium":{"raw":49.0,"perc":46.226415094339622,"total":106.0},"Extreme":{"raw":27.0,"perc":25.471698113207548,"total":106.0},"No Effect":{"raw":7.0,"perc":6.60377358490566,"total":106.0}},"Female":{"Extreme":{"raw":2.0,"perc":11.76470588235294,"total":17.0},"Strong":{"raw":6.0,"perc":35.294117647058826,"total":17.0},"Medium":{"raw":9.0,"perc":52.941176470588239,"total":17.0}},"Not-Specified":{"Strong":{"raw":1.0,"perc":50.0,"total":2.0},"Medium":{"raw":1.0,"perc":50.0,"total":2.0}}},"Meditation":{"Male":{"Medium":{"raw":41.0,"perc":60.294117647058819,"total":68.0},"Strong":{"raw":24.0,"perc":35.294117647058826,"total":68.0},"Extreme":{"raw":3.0,"perc":4.4117647058823533,"total":68.0}},"Not-Specified":{"Medium":{"raw":5.0,"perc":100.0,"total":5.0}},"Female":{"Medium":{"raw":5.0,"perc":71.428571428571431,"total":7.0},"Strong":{"raw":2.0,"perc":28.571428571428569,"total":7.0}}},"OBE":{"Male":{"Medium":{"raw":17.0,"perc":35.416666666666671,"total":48.0},"Extreme":{"raw":9.0,"perc":18.75,"total":48.0},"Strong":{"raw":22.0,"perc":45.833333333333329,"total":48.0}},"Not-Specified":{"Medium":{"raw":1.0,"perc":33.333333333333329,"total":3.0},"Strong":{"raw":2.0,"perc":66.666666666666657,"total":3.0}},"Female":{"Extreme":{"raw":2.0,"perc":50.0,"total":4.0},"Medium":{"raw":1.0,"perc":25.0,"total":4.0},"Strong":{"raw":1.0,"perc":25.0,"total":4.0}}},"Ritual":{"Male":{"Medium":{"raw":15.0,"perc":65.217391304347828,"total":23.0},"Strong":{"raw":8.0,"perc":34.782608695652172,"total":23.0}},"Not-Specified":{"Strong":{"raw":1.0,"perc":100.0,"total":1.0}},"Female":{"Strong":{"raw":3.0,"perc":75.0,"total":4.0},"Medium":{"raw":1.0,"perc":25.0,"total":4.0}}},"Breathing":{"Male":{"Medium":{"raw":13.0,"perc":56.521739130434781,"total":23.0},"Strong":{"raw":9.0,"perc":39.130434782608695,"total":23.0},"Extreme":{"raw":1.0,"perc":4.3478260869565215,"total":23.0}},"Not-Specified":{"Medium":{"raw":1.0,"perc":100.0,"total":1.0}},"Female":{"Strong":{"raw":1.0,"perc":100.0,"total":1.0}}},"Hyperventilation":{"Male":{"Medium":{"raw":6.0,"perc":66.666666666666657,"total":9.0},"Strong":{"raw":3.0,"perc":33.333333333333329,"total":9.0}},"Not-Specified":{"Medium":{"raw":1.0,"perc":100.0,"total":1.0}}},"Migraines":{"Female":{"Medium":{"raw":2.0,"perc":50.0,"total":4.0},"Strong":{"raw":2.0,"perc":50.0,"total":4.0}},"Male":{"Medium":{"raw":9.0,"perc":69.230769230769226,"total":13.0},"Strong":{"raw":4.0,"perc":30.76923076923077,"total":13.0}},"Not-Specified":{"Medium":{"raw":3.0,"perc":100.0,"total":3.0}}},"Fasting":{"Male":{"Medium":{"raw":10.0,"perc":62.5,"total":16.0},"Strong":{"raw":5.0,"perc":31.25,"total":16.0},"Extreme":{"raw":1.0,"perc":6.25,"total":16.0}},"Not-Specified":{"Medium":{"raw":1.0,"perc":100.0,"total":1.0}},"Female":{"Medium":{"raw":1.0,"perc":100.0,"total":1.0}}},"Guiding":{"Male":{"Medium":{"raw":2.0,"perc":100.0,"total":2.0}},"Female":{"Medium":{"raw":1.0,"perc":100.0,"total":1.0}}},"Nitrogen Narcosis":{"Male":{"Medium":{"raw":2.0,"perc":66.666666666666657,"total":3.0},"Strong":{"raw":1.0,"perc":33.333333333333329,"total":3.0}}},"Yoga / Bodywork":{"Male":{"Strong":{"raw":10.0,"perc":40.0,"total":25.0},"Medium":{"raw":15.0,"perc":60.0,"total":25.0}},"Female":{"No Effect":{"raw":1.0,"perc":14.285714285714285,"total":7.0},"Strong":{"raw":3.0,"perc":42.857142857142854,"total":7.0},"Medium":{"raw":3.0,"perc":42.857142857142854,"total":7.0}},"Not-Specified":{"Medium":{"raw":2.0,"perc":100.0,"total":2.0}}},"Floatation Tank":{"Male":{"Medium":{"raw":3.0,"perc":75.0,"total":4.0},"Strong":{"raw":1.0,"perc":25.0,"total":4.0}},"Not-Specified":{"Medium":{"raw":1.0,"perc":100.0,"total":1.0}}},"Devices":{"Male":{"Extreme":{"raw":1.0,"perc":4.7619047619047619,"total":21.0},"Strong":{"raw":6.0,"perc":28.571428571428569,"total":21.0},"Medium":{"raw":13.0,"perc":61.904761904761905,"total":21.0},"No Effect":{"raw":1.0,"perc":4.7619047619047619,"total":21.0}},"Female":{"Medium":{"raw":3.0,"perc":100.0,"total":3.0}},"Not-Specified":{"Strong":{"raw":1.0,"perc":100.0,"total":1.0}}},"Devices - Mind Machine":{"Male":{"Strong":{"raw":5.0,"perc":35.714285714285715,"total":14.0},"Medium":{"raw":9.0,"perc":64.285714285714292,"total":14.0}},"Female":{"Medium":{"raw":2.0,"perc":100.0,"total":2.0}}},"Mindfulness":{"Male":{"Medium":{"raw":4.0,"perc":57.142857142857139,"total":7.0},"Extreme":{"raw":2.0,"perc":28.571428571428569,"total":7.0},"Strong":{"raw":1.0,"perc":14.285714285714285,"total":7.0}},"Female":{"Medium":{"raw":1.0,"perc":50.0,"total":2.0},"Strong":{"raw":1.0,"perc":50.0,"total":2.0}}},"Devices - Magnetic":{"Male":{"No Effect":{"raw":1.0,"perc":100.0,"total":1.0}}},"Sweating":{"Male":{"Strong":{"raw":3.0,"perc":50.0,"total":6.0},"Medium":{"raw":3.0,"perc":50.0,"total":6.0}},"Female":{"Medium":{"raw":1.0,"perc":100.0,"total":1.0}}},"Conferences":{"Male":{"Extreme":{"raw":1.0,"perc":25.0,"total":4.0},"Medium":{"raw":2.0,"perc":50.0,"total":4.0},"Strong":{"raw":1.0,"perc":25.0,"total":4.0}},"Female":{"Strong":{"raw":2.0,"perc":100.0,"total":2.0}},"Not-Specified":{"Medium":{"raw":7.0,"perc":70.0,"total":10.0},"No Effect":{"raw":2.0,"perc":20.0,"total":10.0},"Strong":{"raw":1.0,"perc":10.0,"total":10.0}}},"Chanting":{"Male":{"Strong":{"raw":1.0,"perc":50.0,"total":2.0},"Medium":{"raw":1.0,"perc":50.0,"total":2.0}}},"Humor":{"Male":{"Strong":{"raw":2.0,"perc":50.0,"total":4.0},"Extreme":{"raw":1.0,"perc":25.0,"total":4.0},"Medium":{"raw":1.0,"perc":25.0,"total":4.0}}},"Music":{"Male":{"Extreme":{"raw":1.0,"perc":20.0,"total":5.0},"Medium":{"raw":3.0,"perc":60.0,"total":5.0},"Strong":{"raw":1.0,"perc":20.0,"total":5.0}}},"Sound (non-music)":{"Male":{"Extreme":{"raw":1.0,"perc":100.0,"total":1.0}}}}