{"Drug Testing":{"Not-Specified":{"Morning Glory":{"raw":1.0,"perc":9.0909090909090917,"total":11.0},"Opiates":{"raw":1.0,"perc":9.0909090909090917,"total":11.0},"Poppies - Opium":{"raw":1.0,"perc":9.0909090909090917,"total":11.0},"Amphetamines":{"raw":1.0,"perc":9.0909090909090917,"total":11.0},"Stimulants":{"raw":1.0,"perc":9.0909090909090917,"total":11.0},"DXM":{"raw":3.0,"perc":27.27272727272727,"total":11.0},"2C-I":{"raw":1.0,"perc":9.0909090909090917,"total":11.0},"Cacti":{"raw":1.0,"perc":9.0909090909090917,"total":11.0},"Mescaline":{"raw":1.0,"perc":9.0909090909090917,"total":11.0}},"Male":{"DXM":{"raw":55.0,"perc":42.96875,"total":128.0},"PCP":{"raw":1.0,"perc":0.78125,"total":128.0},"Cannabis":{"raw":19.0,"perc":14.84375,"total":128.0},"Piperazines":{"raw":1.0,"perc":0.78125,"total":128.0},"Pseudoephedrine":{"raw":1.0,"perc":0.78125,"total":128.0},"Cocaine":{"raw":6.0,"perc":4.6875,"total":128.0},"Mushrooms":{"raw":1.0,"perc":0.78125,"total":128.0},"2C-I":{"raw":1.0,"perc":0.78125,"total":128.0},"5-MeO-DiPT":{"raw":1.0,"perc":0.78125,"total":128.0},"Chlorpheniramine Maleate":{"raw":1.0,"perc":0.78125,"total":128.0},"Methadone":{"raw":1.0,"perc":0.78125,"total":128.0},"Opiates":{"raw":2.0,"perc":1.5625,"total":128.0},"Opioids":{"raw":8.0,"perc":6.25,"total":128.0},"Pharms - Oxycodone":{"raw":6.0,"perc":4.6875,"total":128.0},"Hydromorphone":{"raw":2.0,"perc":1.5625,"total":128.0},"Various":{"raw":4.0,"perc":3.125,"total":128.0},"Amphetamines":{"raw":1.0,"perc":0.78125,"total":128.0},"Stimulants":{"raw":1.0,"perc":0.78125,"total":128.0},"Hydrocodone":{"raw":1.0,"perc":0.78125,"total":128.0},"Vitamins - Niacin":{"raw":1.0,"perc":0.78125,"total":128.0},"Diphenhydramine":{"raw":1.0,"perc":0.78125,"total":128.0},"Alcohol":{"raw":1.0,"perc":0.78125,"total":128.0},"2C-B":{"raw":1.0,"perc":0.78125,"total":128.0},"Phenethylamine":{"raw":2.0,"perc":1.5625,"total":128.0},"Pharms - Zolpidem":{"raw":1.0,"perc":0.78125,"total":128.0},"Benzodiazepines":{"raw":1.0,"perc":0.78125,"total":128.0},"Pharms - Diazepam":{"raw":1.0,"perc":0.78125,"total":128.0},"Pharms - Buspirone":{"raw":1.0,"perc":0.78125,"total":128.0},"Pharms - Venlafaxine":{"raw":1.0,"perc":0.78125,"total":128.0},"2C-E":{"raw":1.0,"perc":0.78125,"total":128.0},"MDPV":{"raw":1.0,"perc":0.78125,"total":128.0},"AB-FUBINACA":{"raw":1.0,"perc":0.78125,"total":128.0},"Products - Spice and Synthetic Cannabinoids":{"raw":1.0,"perc":0.78125,"total":128.0}},"Female":{"Opiates":{"raw":4.0,"perc":16.666666666666664,"total":24.0},"DXM":{"raw":7.0,"perc":29.166666666666668,"total":24.0},"Adrafinil":{"raw":1.0,"perc":4.1666666666666661,"total":24.0},"Morphine":{"raw":1.0,"perc":4.1666666666666661,"total":24.0},"Cannabis":{"raw":6.0,"perc":25.0,"total":24.0},"Various":{"raw":1.0,"perc":4.1666666666666661,"total":24.0},"Pharms - Zolpidem":{"raw":1.0,"perc":4.1666666666666661,"total":24.0},"Benzodiazepines":{"raw":1.0,"perc":4.1666666666666661,"total":24.0},"Diphenhydramine":{"raw":1.0,"perc":4.1666666666666661,"total":24.0},"Poppies - Opium":{"raw":1.0,"perc":4.1666666666666661,"total":24.0}}},"Sleep Deprivation":{"Not-Specified":{"Various":{"raw":2.0,"perc":33.333333333333329,"total":6.0},"2C-G-N":{"raw":1.0,"perc":16.666666666666664,"total":6.0},"Phenethylamine":{"raw":1.0,"perc":16.666666666666664,"total":6.0},"5-MeO-DALT":{"raw":1.0,"perc":16.666666666666664,"total":6.0},"Products - Bath Salts, Plant Food, etc":{"raw":1.0,"perc":16.666666666666664,"total":6.0}},"Male":{"Various":{"raw":18.0,"perc":16.822429906542055,"total":107.0},"Pharms - Benzphetamine":{"raw":2.0,"perc":1.8691588785046727,"total":107.0},"Yohimbe":{"raw":1.0,"perc":0.93457943925233633,"total":107.0},"Pharmaceuticals":{"raw":2.0,"perc":1.8691588785046727,"total":107.0},"Pharms - Sertraline":{"raw":1.0,"perc":0.93457943925233633,"total":107.0},"SSRIs":{"raw":1.0,"perc":0.93457943925233633,"total":107.0},"Methamphetamine":{"raw":3.0,"perc":2.8037383177570092,"total":107.0},"Caffeine":{"raw":2.0,"perc":1.8691588785046727,"total":107.0},"Ephedrine":{"raw":2.0,"perc":1.8691588785046727,"total":107.0},"Ginseng":{"raw":1.0,"perc":0.93457943925233633,"total":107.0},"Pharms - Cyclobenzaprine":{"raw":1.0,"perc":0.93457943925233633,"total":107.0},"AMT":{"raw":2.0,"perc":1.8691588785046727,"total":107.0},"Mushrooms":{"raw":1.0,"perc":0.93457943925233633,"total":107.0},"Modafinil":{"raw":4.0,"perc":3.7383177570093453,"total":107.0},"Amphetamines":{"raw":12.0,"perc":11.214953271028037,"total":107.0},"Stimulants":{"raw":12.0,"perc":11.214953271028037,"total":107.0},"Pharms - Corticosteroid":{"raw":1.0,"perc":0.93457943925233633,"total":107.0},"Pharms - Prednisone":{"raw":1.0,"perc":0.93457943925233633,"total":107.0},"MDMA":{"raw":2.0,"perc":1.8691588785046727,"total":107.0},"H.B. Woodrose":{"raw":1.0,"perc":0.93457943925233633,"total":107.0},"Cannabis":{"raw":7.0,"perc":6.5420560747663545,"total":107.0},"2C-I":{"raw":1.0,"perc":0.93457943925233633,"total":107.0},"LSD":{"raw":3.0,"perc":2.8037383177570092,"total":107.0},"Pharms - Lorazepam":{"raw":1.0,"perc":0.93457943925233633,"total":107.0},"Catnip":{"raw":1.0,"perc":0.93457943925233633,"total":107.0},"DMAE":{"raw":1.0,"perc":0.93457943925233633,"total":107.0},"GHB":{"raw":1.0,"perc":0.93457943925233633,"total":107.0},"Vinpocetine":{"raw":1.0,"perc":0.93457943925233633,"total":107.0},"Tobacco":{"raw":2.0,"perc":1.8691588785046727,"total":107.0},"Nicotine":{"raw":1.0,"perc":0.93457943925233633,"total":107.0},"LSA":{"raw":1.0,"perc":0.93457943925233633,"total":107.0},"Pharms - Propylhexedrine":{"raw":1.0,"perc":0.93457943925233633,"total":107.0},"Benzodiazepines":{"raw":1.0,"perc":0.93457943925233633,"total":107.0},"Pharms - Diazepam":{"raw":1.0,"perc":0.93457943925233633,"total":107.0},"Amanitas":{"raw":1.0,"perc":0.93457943925233633,"total":107.0},"Piperazines":{"raw":1.0,"perc":0.93457943925233633,"total":107.0},"Tryptophan":{"raw":1.0,"perc":0.93457943925233633,"total":107.0},"DXM":{"raw":1.0,"perc":0.93457943925233633,"total":107.0},"Melatonin":{"raw":1.0,"perc":0.93457943925233633,"total":107.0},"DOB":{"raw":1.0,"perc":0.93457943925233633,"total":107.0},"2C-B":{"raw":1.0,"perc":0.93457943925233633,"total":107.0},"Phenethylamine":{"raw":1.0,"perc":0.93457943925233633,"total":107.0},"Lisdexamfetamine":{"raw":1.0,"perc":0.93457943925233633,"total":107.0},"4-Methylmethcathinone":{"raw":1.0,"perc":0.93457943925233633,"total":107.0},"Pharms - Methylphenidate":{"raw":1.0,"perc":0.93457943925233633,"total":107.0},"MDPV":{"raw":1.0,"perc":0.93457943925233633,"total":107.0},"Methylone":{"raw":1.0,"perc":0.93457943925233633,"total":107.0},"3F-Phenmetrazine":{"raw":1.0,"perc":0.93457943925233633,"total":107.0}},"Female":{"Caffeine":{"raw":2.0,"perc":22.222222222222221,"total":9.0},"Various":{"raw":3.0,"perc":33.333333333333329,"total":9.0},"MDMA":{"raw":1.0,"perc":11.111111111111111,"total":9.0},"Stimulants":{"raw":1.0,"perc":11.111111111111111,"total":9.0},"4-Methylmethcathinone":{"raw":2.0,"perc":22.222222222222221,"total":9.0}}},"OBE":{"Not-Specified":{"LSD":{"raw":1.0,"perc":16.666666666666664,"total":6.0},"MDMA":{"raw":1.0,"perc":16.666666666666664,"total":6.0},"PMA":{"raw":1.0,"perc":16.666666666666664,"total":6.0},"Stimulants":{"raw":1.0,"perc":16.666666666666664,"total":6.0},"Various":{"raw":1.0,"perc":16.666666666666664,"total":6.0},"Cannabis":{"raw":1.0,"perc":16.666666666666664,"total":6.0}},"Male":{"LSD":{"raw":3.0,"perc":4.0540540540540544,"total":74.0},"Datura":{"raw":1.0,"perc":1.3513513513513513,"total":74.0},"Salvia divinorum":{"raw":13.0,"perc":17.567567567567568,"total":74.0},"MDMA":{"raw":2.0,"perc":2.7027027027027026,"total":74.0},"Nitrous Oxide":{"raw":5.0,"perc":6.756756756756757,"total":74.0},"Stimulants":{"raw":2.0,"perc":2.7027027027027026,"total":74.0},"Kava":{"raw":1.0,"perc":1.3513513513513513,"total":74.0},"Valerian":{"raw":1.0,"perc":1.3513513513513513,"total":74.0},"Vitamin B-6":{"raw":1.0,"perc":1.3513513513513513,"total":74.0},"2C-B":{"raw":2.0,"perc":2.7027027027027026,"total":74.0},"Phenethylamine":{"raw":2.0,"perc":2.7027027027027026,"total":74.0},"Cannabis":{"raw":6.0,"perc":8.1081081081081088,"total":74.0},"Anadenanthera spp.":{"raw":1.0,"perc":1.3513513513513513,"total":74.0},"5-MeO-DiPT":{"raw":1.0,"perc":1.3513513513513513,"total":74.0},"DXM":{"raw":3.0,"perc":4.0540540540540544,"total":74.0},"Mushrooms":{"raw":7.0,"perc":9.45945945945946,"total":74.0},"Lotus/Lily":{"raw":1.0,"perc":1.3513513513513513,"total":74.0},"Codeine":{"raw":1.0,"perc":1.3513513513513513,"total":74.0},"Opiates":{"raw":1.0,"perc":1.3513513513513513,"total":74.0},"Ketamine":{"raw":2.0,"perc":2.7027027027027026,"total":74.0},"NMDA Antagonists":{"raw":2.0,"perc":2.7027027027027026,"total":74.0},"Mescaline":{"raw":1.0,"perc":1.3513513513513513,"total":74.0},"Pharms - Escitalopram":{"raw":1.0,"perc":1.3513513513513513,"total":74.0},"Various":{"raw":2.0,"perc":2.7027027027027026,"total":74.0},"Inhalants":{"raw":1.0,"perc":1.3513513513513513,"total":74.0},"Stipa robusta":{"raw":1.0,"perc":1.3513513513513513,"total":74.0},"2C-I":{"raw":2.0,"perc":2.7027027027027026,"total":74.0},"4-AcO-DiPT":{"raw":1.0,"perc":1.3513513513513513,"total":74.0},"2C-T-2":{"raw":1.0,"perc":1.3513513513513513,"total":74.0},"DET":{"raw":1.0,"perc":1.3513513513513513,"total":74.0},"Modafinil":{"raw":1.0,"perc":1.3513513513513513,"total":74.0},"Methylone":{"raw":1.0,"perc":1.3513513513513513,"total":74.0},"25I-NBOMe":{"raw":1.0,"perc":1.3513513513513513,"total":74.0},"NBOMe Series":{"raw":1.0,"perc":1.3513513513513513,"total":74.0},"Methoxphenidine":{"raw":1.0,"perc":1.3513513513513513,"total":74.0}},"Female":{"Cannabis":{"raw":2.0,"perc":40.0,"total":5.0},"Pharms - Amitriptyline":{"raw":1.0,"perc":20.0,"total":5.0},"Amphetamines":{"raw":1.0,"perc":20.0,"total":5.0},"Stimulants":{"raw":1.0,"perc":20.0,"total":5.0}}},"Dreams":{"Male":{"DPT":{"raw":1.0,"perc":0.34482758620689657,"total":290.0},"Pharmaceuticals":{"raw":3.0,"perc":1.0344827586206897,"total":290.0},"Calea zacatechichi":{"raw":42.0,"perc":14.482758620689657,"total":290.0},"Nutmeg":{"raw":3.0,"perc":1.0344827586206897,"total":290.0},"MDMA":{"raw":2.0,"perc":0.68965517241379315,"total":290.0},"Stimulants":{"raw":2.0,"perc":0.68965517241379315,"total":290.0},"Datura":{"raw":4.0,"perc":1.3793103448275863,"total":290.0},"Melatonin":{"raw":40.0,"perc":13.793103448275861,"total":290.0},"Kava":{"raw":4.0,"perc":1.3793103448275863,"total":290.0},"Diphenhydramine":{"raw":4.0,"perc":1.3793103448275863,"total":290.0},"St. John's Wort":{"raw":1.0,"perc":0.34482758620689657,"total":290.0},"Valerian":{"raw":19.0,"perc":6.5517241379310347,"total":290.0},"Vitamin B-6":{"raw":13.0,"perc":4.4827586206896548,"total":290.0},"Nicotine":{"raw":2.0,"perc":0.68965517241379315,"total":290.0},"Tobacco":{"raw":3.0,"perc":1.0344827586206897,"total":290.0},"Piracetam":{"raw":1.0,"perc":0.34482758620689657,"total":290.0},"Lactuca spp.":{"raw":2.0,"perc":0.68965517241379315,"total":290.0},"Morning Glory":{"raw":2.0,"perc":0.68965517241379315,"total":290.0},"Yohimbe":{"raw":1.0,"perc":0.34482758620689657,"total":290.0},"5-MeO-DiPT":{"raw":2.0,"perc":0.68965517241379315,"total":290.0},"Alcohol":{"raw":3.0,"perc":1.0344827586206897,"total":290.0},"Banisteriopsis caapi":{"raw":2.0,"perc":0.68965517241379315,"total":290.0},"Harmala Alkaloids":{"raw":7.0,"perc":2.4137931034482758,"total":290.0},"Mimosa spp.":{"raw":1.0,"perc":0.34482758620689657,"total":290.0},"DXM":{"raw":2.0,"perc":0.68965517241379315,"total":290.0},"Salvia divinorum":{"raw":5.0,"perc":1.7241379310344827,"total":290.0},"Mugwort":{"raw":10.0,"perc":3.4482758620689653,"total":290.0},"Ayahuasca":{"raw":1.0,"perc":0.34482758620689657,"total":290.0},"Hydromorphone":{"raw":2.0,"perc":0.68965517241379315,"total":290.0},"Opioids":{"raw":4.0,"perc":1.3793103448275863,"total":290.0},"Heimia salicifolia":{"raw":4.0,"perc":1.3793103448275863,"total":290.0},"Opiates":{"raw":2.0,"perc":0.68965517241379315,"total":290.0},"Poppies - Opium":{"raw":1.0,"perc":0.34482758620689657,"total":290.0},"Pharms - Paroxetine":{"raw":3.0,"perc":1.0344827586206897,"total":290.0},"SSRIs":{"raw":3.0,"perc":1.0344827586206897,"total":290.0},"Pharms - Tramadol":{"raw":1.0,"perc":0.34482758620689657,"total":290.0},"Various":{"raw":5.0,"perc":1.7241379310344827,"total":290.0},"Mandrake":{"raw":1.0,"perc":0.34482758620689657,"total":290.0},"2C-I":{"raw":1.0,"perc":0.34482758620689657,"total":290.0},"DMT":{"raw":2.0,"perc":0.68965517241379315,"total":290.0},"Pharms - Zaleplon":{"raw":1.0,"perc":0.34482758620689657,"total":290.0},"5-MeO-DMT":{"raw":2.0,"perc":0.68965517241379315,"total":290.0},"Pharms - Butorphanol":{"raw":1.0,"perc":0.34482758620689657,"total":290.0},"Catnip":{"raw":2.0,"perc":0.68965517241379315,"total":290.0},"Pharms - Promethazine":{"raw":1.0,"perc":0.34482758620689657,"total":290.0},"Tryptophan":{"raw":5.0,"perc":1.7241379310344827,"total":290.0},"DMAE":{"raw":2.0,"perc":0.68965517241379315,"total":290.0},"Pharms - Mefloquine":{"raw":1.0,"perc":0.34482758620689657,"total":290.0},"Hops":{"raw":2.0,"perc":0.68965517241379315,"total":290.0},"Skullcap":{"raw":1.0,"perc":0.34482758620689657,"total":290.0},"Pharms - Venlafaxine":{"raw":2.0,"perc":0.68965517241379315,"total":290.0},"Coleus":{"raw":5.0,"perc":1.7241379310344827,"total":290.0},"Pharms - Atomoxetine":{"raw":1.0,"perc":0.34482758620689657,"total":290.0},"Caffeine":{"raw":1.0,"perc":0.34482758620689657,"total":290.0},"Hydrocodone":{"raw":2.0,"perc":0.68965517241379315,"total":290.0},"Calamus":{"raw":1.0,"perc":0.34482758620689657,"total":290.0},"Pharms - Mirtazapine":{"raw":4.0,"perc":1.3793103448275863,"total":290.0},"Voacanga africana":{"raw":1.0,"perc":0.34482758620689657,"total":290.0},"Passion Flower":{"raw":5.0,"perc":1.7241379310344827,"total":290.0},"Pharms - Phenytoin":{"raw":1.0,"perc":0.34482758620689657,"total":290.0},"Pharms - Zopiclone":{"raw":2.0,"perc":0.68965517241379315,"total":290.0},"Sceletium tortuosum":{"raw":1.0,"perc":0.34482758620689657,"total":290.0},"Cannabis":{"raw":3.0,"perc":1.0344827586206897,"total":290.0},"Wormwood":{"raw":2.0,"perc":0.68965517241379315,"total":290.0},"Pharms - Escitalopram":{"raw":1.0,"perc":0.34482758620689657,"total":290.0},"Pharms - Fluoxetine":{"raw":1.0,"perc":0.34482758620689657,"total":290.0},"Brugmansia":{"raw":1.0,"perc":0.34482758620689657,"total":290.0},"Codeine":{"raw":1.0,"perc":0.34482758620689657,"total":290.0},"DOM":{"raw":1.0,"perc":0.34482758620689657,"total":290.0},"4-HO-DiPT":{"raw":1.0,"perc":0.34482758620689657,"total":290.0},"Leonotis leonurus":{"raw":1.0,"perc":0.34482758620689657,"total":290.0},"Pharms - Buprenorphine":{"raw":1.0,"perc":0.34482758620689657,"total":290.0},"Naltrexone":{"raw":1.0,"perc":0.34482758620689657,"total":290.0},"Amanitas":{"raw":1.0,"perc":0.34482758620689657,"total":290.0},"LSD":{"raw":1.0,"perc":0.34482758620689657,"total":290.0},"Mushrooms":{"raw":2.0,"perc":0.68965517241379315,"total":290.0},"Benzodiazepines":{"raw":1.0,"perc":0.34482758620689657,"total":290.0},"Pharms - Alprazolam":{"raw":1.0,"perc":0.34482758620689657,"total":290.0},"Cheese - Blue":{"raw":1.0,"perc":0.34482758620689657,"total":290.0},"Silene capensis":{"raw":10.0,"perc":3.4482758620689653,"total":290.0},"AMT":{"raw":1.0,"perc":0.34482758620689657,"total":290.0},"Ibogaine":{"raw":1.0,"perc":0.34482758620689657,"total":290.0},"Tabernanthe iboga":{"raw":1.0,"perc":0.34482758620689657,"total":290.0},"Prazosin":{"raw":1.0,"perc":0.34482758620689657,"total":290.0}},"Not-Specified":{"Calea zacatechichi":{"raw":3.0,"perc":21.428571428571427,"total":14.0},"Caffeine":{"raw":1.0,"perc":7.1428571428571423,"total":14.0},"Damiana":{"raw":1.0,"perc":7.1428571428571423,"total":14.0},"DMAE":{"raw":1.0,"perc":7.1428571428571423,"total":14.0},"Various":{"raw":1.0,"perc":7.1428571428571423,"total":14.0},"Melatonin":{"raw":1.0,"perc":7.1428571428571423,"total":14.0},"Mugwort":{"raw":1.0,"perc":7.1428571428571423,"total":14.0},"Pharms - Mirtazapine":{"raw":1.0,"perc":7.1428571428571423,"total":14.0},"Cheese - Blue":{"raw":1.0,"perc":7.1428571428571423,"total":14.0},"Pharmaceuticals":{"raw":1.0,"perc":7.1428571428571423,"total":14.0},"Silene capensis":{"raw":1.0,"perc":7.1428571428571423,"total":14.0},"Entada rheedii":{"raw":1.0,"perc":7.1428571428571423,"total":14.0}},"Female":{"Hydrocodone":{"raw":1.0,"perc":4.0,"total":25.0},"Opioids":{"raw":1.0,"perc":4.0,"total":25.0},"Melatonin":{"raw":4.0,"perc":16.0,"total":25.0},"Salvia divinorum":{"raw":2.0,"perc":8.0,"total":25.0},"MDMA":{"raw":1.0,"perc":4.0,"total":25.0},"Stimulants":{"raw":1.0,"perc":4.0,"total":25.0},"Pharms - Amitriptyline":{"raw":1.0,"perc":4.0,"total":25.0},"Various":{"raw":1.0,"perc":4.0,"total":25.0},"Damiana":{"raw":1.0,"perc":4.0,"total":25.0},"Pharms - Venlafaxine":{"raw":1.0,"perc":4.0,"total":25.0},"Valerian":{"raw":1.0,"perc":4.0,"total":25.0},"Vitamin B-6":{"raw":1.0,"perc":4.0,"total":25.0},"2C-I":{"raw":1.0,"perc":4.0,"total":25.0},"Tryptophan":{"raw":1.0,"perc":4.0,"total":25.0},"Ginkgo biloba":{"raw":1.0,"perc":4.0,"total":25.0},"Mugwort":{"raw":2.0,"perc":8.0,"total":25.0},"Silene capensis":{"raw":2.0,"perc":8.0,"total":25.0},"Vitamins - Choline":{"raw":1.0,"perc":4.0,"total":25.0},"Kratom":{"raw":1.0,"perc":4.0,"total":25.0}}},"Police / Customs":{"Male":{"Various":{"raw":22.0,"perc":12.359550561797752,"total":178.0},"Cannabis":{"raw":15.0,"perc":8.4269662921348321,"total":178.0},"Mushrooms":{"raw":17.0,"perc":9.5505617977528079,"total":178.0},"Salvia divinorum":{"raw":2.0,"perc":1.1235955056179776,"total":178.0},"LSD":{"raw":18.0,"perc":10.112359550561797,"total":178.0},"DXM":{"raw":3.0,"perc":1.6853932584269662,"total":178.0},"Datura":{"raw":9.0,"perc":5.0561797752808983,"total":178.0},"Methamphetamine":{"raw":2.0,"perc":1.1235955056179776,"total":178.0},"Diphenhydramine":{"raw":2.0,"perc":1.1235955056179776,"total":178.0},"Alcohol":{"raw":9.0,"perc":5.0561797752808983,"total":178.0},"Ketamine":{"raw":1.0,"perc":0.5617977528089888,"total":178.0},"NMDA Antagonists":{"raw":1.0,"perc":0.5617977528089888,"total":178.0},"Opiates":{"raw":5.0,"perc":2.8089887640449436,"total":178.0},"Opium":{"raw":1.0,"perc":0.5617977528089888,"total":178.0},"Dimenhydrinate":{"raw":3.0,"perc":1.6853932584269662,"total":178.0},"Lactuca spp.":{"raw":1.0,"perc":0.5617977528089888,"total":178.0},"Heroin":{"raw":4.0,"perc":2.2471910112359552,"total":178.0},"Inhalants":{"raw":1.0,"perc":0.5617977528089888,"total":178.0},"Banisteriopsis caapi":{"raw":2.0,"perc":1.1235955056179776,"total":178.0},"Harmala Alkaloids":{"raw":3.0,"perc":1.6853932584269662,"total":178.0},"5-MeO-DiPT":{"raw":1.0,"perc":0.5617977528089888,"total":178.0},"Nitrous Oxide":{"raw":1.0,"perc":0.5617977528089888,"total":178.0},"AMT":{"raw":2.0,"perc":1.1235955056179776,"total":178.0},"2C-B":{"raw":2.0,"perc":1.1235955056179776,"total":178.0},"Phenethylamine":{"raw":6.0,"perc":3.3707865168539324,"total":178.0},"Pharms - Zolpidem":{"raw":2.0,"perc":1.1235955056179776,"total":178.0},"5-MeO-DMT":{"raw":3.0,"perc":1.6853932584269662,"total":178.0},"Pharmaceuticals":{"raw":4.0,"perc":2.2471910112359552,"total":178.0},"Pharms - Lithium":{"raw":1.0,"perc":0.5617977528089888,"total":178.0},"MDMA":{"raw":3.0,"perc":1.6853932584269662,"total":178.0},"Stimulants":{"raw":3.0,"perc":1.6853932584269662,"total":178.0},"Benzodiazepines":{"raw":2.0,"perc":1.1235955056179776,"total":178.0},"Pharms - Alprazolam":{"raw":2.0,"perc":1.1235955056179776,"total":178.0},"Pharms - Diazepam":{"raw":1.0,"perc":0.5617977528089888,"total":178.0},"Chlorpheniramine Maleate":{"raw":1.0,"perc":0.5617977528089888,"total":178.0},"Brugmansia":{"raw":6.0,"perc":3.3707865168539324,"total":178.0},"2C-T-7":{"raw":1.0,"perc":0.5617977528089888,"total":178.0},"Mescaline":{"raw":1.0,"perc":0.5617977528089888,"total":178.0},"Scopolamine":{"raw":1.0,"perc":0.5617977528089888,"total":178.0},"Opioids":{"raw":1.0,"perc":0.5617977528089888,"total":178.0},"Pharms - Oxycodone":{"raw":1.0,"perc":0.5617977528089888,"total":178.0},"Syrian Rue":{"raw":1.0,"perc":0.5617977528089888,"total":178.0},"Psychotria viridis":{"raw":1.0,"perc":0.5617977528089888,"total":178.0},"Pharms - Clonazepam":{"raw":1.0,"perc":0.5617977528089888,"total":178.0},"2C-E":{"raw":2.0,"perc":1.1235955056179776,"total":178.0},"4-AcO-DMT":{"raw":1.0,"perc":0.5617977528089888,"total":178.0},"Cannabinoid Receptor Agonists":{"raw":1.0,"perc":0.5617977528089888,"total":178.0},"JWH-018":{"raw":1.0,"perc":0.5617977528089888,"total":178.0},"DOC":{"raw":1.0,"perc":0.5617977528089888,"total":178.0},"2C-D":{"raw":1.0,"perc":0.5617977528089888,"total":178.0},"Cocaine":{"raw":1.0,"perc":0.5617977528089888,"total":178.0},"Coca":{"raw":1.0,"perc":0.5617977528089888,"total":178.0}},"Female":{"Methamphetamine":{"raw":2.0,"perc":7.4074074074074066,"total":27.0},"Mushrooms":{"raw":3.0,"perc":11.111111111111111,"total":27.0},"MDMA":{"raw":3.0,"perc":11.111111111111111,"total":27.0},"Stimulants":{"raw":3.0,"perc":11.111111111111111,"total":27.0},"Various":{"raw":5.0,"perc":18.518518518518519,"total":27.0},"AMT":{"raw":2.0,"perc":7.4074074074074066,"total":27.0},"Benzodiazepines":{"raw":1.0,"perc":3.7037037037037033,"total":27.0},"Pharmaceuticals":{"raw":1.0,"perc":3.7037037037037033,"total":27.0},"Pharms - Alprazolam":{"raw":1.0,"perc":3.7037037037037033,"total":27.0},"Cocaine":{"raw":1.0,"perc":3.7037037037037033,"total":27.0},"LSD":{"raw":1.0,"perc":3.7037037037037033,"total":27.0},"Pharms - Zolpidem":{"raw":1.0,"perc":3.7037037037037033,"total":27.0},"Diphenhydramine":{"raw":1.0,"perc":3.7037037037037033,"total":27.0},"25C-NBOMe":{"raw":1.0,"perc":3.7037037037037033,"total":27.0},"NBOMe Series":{"raw":1.0,"perc":3.7037037037037033,"total":27.0}},"Not-Specified":{"Benzodiazepines":{"raw":1.0,"perc":25.0,"total":4.0},"Pharmaceuticals":{"raw":1.0,"perc":25.0,"total":4.0},"Pharms - Alprazolam":{"raw":1.0,"perc":25.0,"total":4.0},"Kratom":{"raw":1.0,"perc":25.0,"total":4.0}}},"Ritual":{"Male":{"Cannabis":{"raw":3.0,"perc":5.0,"total":60.0},"MDMA":{"raw":2.0,"perc":3.3333333333333335,"total":60.0},"Pharmaceuticals":{"raw":1.0,"perc":1.6666666666666667,"total":60.0},"Pharms - Sildenafil":{"raw":1.0,"perc":1.6666666666666667,"total":60.0},"Stimulants":{"raw":2.0,"perc":3.3333333333333335,"total":60.0},"2C-B":{"raw":1.0,"perc":1.6666666666666667,"total":60.0},"Phenethylamine":{"raw":1.0,"perc":1.6666666666666667,"total":60.0},"Tryptophan":{"raw":1.0,"perc":1.6666666666666667,"total":60.0},"Salvia divinorum":{"raw":2.0,"perc":3.3333333333333335,"total":60.0},"Harmala Alkaloids":{"raw":9.0,"perc":15.0,"total":60.0},"Psychotria viridis":{"raw":8.0,"perc":13.333333333333334,"total":60.0},"Syrian Rue":{"raw":2.0,"perc":3.3333333333333335,"total":60.0},"DPT":{"raw":1.0,"perc":1.6666666666666667,"total":60.0},"Various":{"raw":3.0,"perc":5.0,"total":60.0},"5-MeO-DMT":{"raw":1.0,"perc":1.6666666666666667,"total":60.0},"H.B. Woodrose":{"raw":1.0,"perc":1.6666666666666667,"total":60.0},"Amanitas":{"raw":1.0,"perc":1.6666666666666667,"total":60.0},"Cacti":{"raw":1.0,"perc":1.6666666666666667,"total":60.0},"Peyote":{"raw":1.0,"perc":1.6666666666666667,"total":60.0},"LSA":{"raw":1.0,"perc":1.6666666666666667,"total":60.0},"Ayahuasca":{"raw":8.0,"perc":13.333333333333334,"total":60.0},"Banisteriopsis caapi":{"raw":7.0,"perc":11.666666666666666,"total":60.0},"Anadenanthera spp.":{"raw":1.0,"perc":1.6666666666666667,"total":60.0},"Mushrooms":{"raw":1.0,"perc":1.6666666666666667,"total":60.0}},"Not-Specified":{"MDMA":{"raw":1.0,"perc":33.333333333333329,"total":3.0},"Salvia divinorum":{"raw":1.0,"perc":33.333333333333329,"total":3.0},"Stimulants":{"raw":1.0,"perc":33.333333333333329,"total":3.0}},"Female":{"Mushrooms":{"raw":1.0,"perc":20.0,"total":5.0},"Morning Glory":{"raw":1.0,"perc":20.0,"total":5.0},"Various":{"raw":1.0,"perc":20.0,"total":5.0},"Cacti":{"raw":1.0,"perc":20.0,"total":5.0},"Ayahuasca":{"raw":1.0,"perc":20.0,"total":5.0}}},"Endogenous":{"Male":{"LSD":{"raw":1.0,"perc":4.7619047619047619,"total":21.0},"MDMA":{"raw":1.0,"perc":4.7619047619047619,"total":21.0},"Stimulants":{"raw":1.0,"perc":4.7619047619047619,"total":21.0},"Various":{"raw":2.0,"perc":9.5238095238095237,"total":21.0},"DXM":{"raw":2.0,"perc":9.5238095238095237,"total":21.0},"Cannabis":{"raw":3.0,"perc":14.285714285714285,"total":21.0},"Salvia divinorum":{"raw":2.0,"perc":9.5238095238095237,"total":21.0},"Opiates":{"raw":1.0,"perc":4.7619047619047619,"total":21.0},"Opioids":{"raw":1.0,"perc":4.7619047619047619,"total":21.0},"Pharms - Oxycodone":{"raw":1.0,"perc":4.7619047619047619,"total":21.0},"Pharms - Phenytoin":{"raw":1.0,"perc":4.7619047619047619,"total":21.0},"Pharms - Aripiprazole":{"raw":1.0,"perc":4.7619047619047619,"total":21.0},"Benzodiazepines":{"raw":1.0,"perc":4.7619047619047619,"total":21.0},"Pharmaceuticals":{"raw":1.0,"perc":4.7619047619047619,"total":21.0},"Pharms - Clonazepam":{"raw":1.0,"perc":4.7619047619047619,"total":21.0},"Pharms - Diazepam":{"raw":1.0,"perc":4.7619047619047619,"total":21.0}},"Not-Specified":{"Pharms - Venlafaxine":{"raw":1.0,"perc":100.0,"total":1.0}},"Female":{"DXM":{"raw":1.0,"perc":100.0,"total":1.0}}},"Migraines":{"Female":{"MDMA":{"raw":3.0,"perc":30.0,"total":10.0},"Stimulants":{"raw":3.0,"perc":30.0,"total":10.0},"Mushrooms":{"raw":3.0,"perc":30.0,"total":10.0},"Pharms - Olanzapine":{"raw":1.0,"perc":10.0,"total":10.0}},"Male":{"4-AcO-DET":{"raw":1.0,"perc":3.3333333333333335,"total":30.0},"5-MeO-DiPT":{"raw":1.0,"perc":3.3333333333333335,"total":30.0},"MDMA":{"raw":1.0,"perc":3.3333333333333335,"total":30.0},"Stimulants":{"raw":1.0,"perc":3.3333333333333335,"total":30.0},"Various":{"raw":2.0,"perc":6.666666666666667,"total":30.0},"Cannabis":{"raw":1.0,"perc":3.3333333333333335,"total":30.0},"LSD":{"raw":2.0,"perc":6.666666666666667,"total":30.0},"Mushrooms":{"raw":5.0,"perc":16.666666666666664,"total":30.0},"2C-T-7":{"raw":1.0,"perc":3.3333333333333335,"total":30.0},"Morning Glory":{"raw":2.0,"perc":6.666666666666667,"total":30.0},"Phenethylamine":{"raw":1.0,"perc":3.3333333333333335,"total":30.0},"Ginkgo biloba":{"raw":1.0,"perc":3.3333333333333335,"total":30.0},"Caffeine":{"raw":1.0,"perc":3.3333333333333335,"total":30.0},"Pharmaceuticals":{"raw":1.0,"perc":3.3333333333333335,"total":30.0},"Salvia divinorum":{"raw":1.0,"perc":3.3333333333333335,"total":30.0},"Pharms - Fentanyl":{"raw":1.0,"perc":3.3333333333333335,"total":30.0},"MDA":{"raw":1.0,"perc":3.3333333333333335,"total":30.0},"Piperazines":{"raw":1.0,"perc":3.3333333333333335,"total":30.0},"Alcohol":{"raw":1.0,"perc":3.3333333333333335,"total":30.0},"Harmala Alkaloids":{"raw":1.0,"perc":3.3333333333333335,"total":30.0},"Syrian Rue":{"raw":1.0,"perc":3.3333333333333335,"total":30.0},"H.B. Woodrose":{"raw":1.0,"perc":3.3333333333333335,"total":30.0},"Turbina corymbosa":{"raw":1.0,"perc":3.3333333333333335,"total":30.0}},"Not-Specified":{"Pharms - Carisoprodol":{"raw":1.0,"perc":25.0,"total":4.0},"LSD":{"raw":1.0,"perc":25.0,"total":4.0},"MDMA":{"raw":1.0,"perc":25.0,"total":4.0},"Stimulants":{"raw":1.0,"perc":25.0,"total":4.0}}},"Floatation Tank":{"Male":{"Morning Glory":{"raw":1.0,"perc":25.0,"total":4.0},"Unknown":{"raw":1.0,"perc":25.0,"total":4.0},"2C-E":{"raw":1.0,"perc":25.0,"total":4.0},"Phenethylamine":{"raw":1.0,"perc":25.0,"total":4.0}}},"Yoga / Bodywork":{"Male":{"LSD":{"raw":5.0,"perc":15.151515151515152,"total":33.0},"MDMA":{"raw":2.0,"perc":6.0606060606060606,"total":33.0},"Stimulants":{"raw":2.0,"perc":6.0606060606060606,"total":33.0},"Various":{"raw":2.0,"perc":6.0606060606060606,"total":33.0},"Ayahuasca":{"raw":2.0,"perc":6.0606060606060606,"total":33.0},"Mushrooms":{"raw":4.0,"perc":12.121212121212121,"total":33.0},"Cacti":{"raw":1.0,"perc":3.0303030303030303,"total":33.0},"Salvia divinorum":{"raw":2.0,"perc":6.0606060606060606,"total":33.0},"Harmala Alkaloids":{"raw":1.0,"perc":3.0303030303030303,"total":33.0},"LSA":{"raw":2.0,"perc":6.0606060606060606,"total":33.0},"Syrian Rue":{"raw":1.0,"perc":3.0303030303030303,"total":33.0},"Mimosa spp.":{"raw":1.0,"perc":3.0303030303030303,"total":33.0},"Moclobemide":{"raw":1.0,"perc":3.0303030303030303,"total":33.0},"Yerba Mate":{"raw":1.0,"perc":3.0303030303030303,"total":33.0},"DPT":{"raw":1.0,"perc":3.0303030303030303,"total":33.0},"Morning Glory":{"raw":1.0,"perc":3.0303030303030303,"total":33.0},"5-MeO-DiPT":{"raw":1.0,"perc":3.0303030303030303,"total":33.0},"Cannabis":{"raw":1.0,"perc":3.0303030303030303,"total":33.0},"2C-E":{"raw":1.0,"perc":3.0303030303030303,"total":33.0},"Phenethylamine":{"raw":1.0,"perc":3.0303030303030303,"total":33.0}},"Female":{"Ayahuasca":{"raw":1.0,"perc":7.1428571428571423,"total":14.0},"MDMA":{"raw":3.0,"perc":21.428571428571427,"total":14.0},"Stimulants":{"raw":3.0,"perc":21.428571428571427,"total":14.0},"LSD":{"raw":3.0,"perc":21.428571428571427,"total":14.0},"Mushrooms":{"raw":2.0,"perc":14.285714285714285,"total":14.0},"Cacti":{"raw":1.0,"perc":7.1428571428571423,"total":14.0},"Yohimbe":{"raw":1.0,"perc":7.1428571428571423,"total":14.0}},"Not-Specified":{"LSD":{"raw":1.0,"perc":25.0,"total":4.0},"Various":{"raw":1.0,"perc":25.0,"total":4.0},"MDMA":{"raw":1.0,"perc":25.0,"total":4.0},"Stimulants":{"raw":1.0,"perc":25.0,"total":4.0}}},"Meditation":{"Male":{"Mushrooms":{"raw":6.0,"perc":4.6153846153846159,"total":130.0},"Various":{"raw":13.0,"perc":10.0,"total":130.0},"Cannabis":{"raw":11.0,"perc":8.4615384615384617,"total":130.0},"MDMA":{"raw":4.0,"perc":3.0769230769230771,"total":130.0},"Nitrous Oxide":{"raw":4.0,"perc":3.0769230769230771,"total":130.0},"Stimulants":{"raw":5.0,"perc":3.8461538461538463,"total":130.0},"4-AcO-DET":{"raw":1.0,"perc":0.76923076923076927,"total":130.0},"AMT":{"raw":1.0,"perc":0.76923076923076927,"total":130.0},"Calea zacatechichi":{"raw":4.0,"perc":3.0769230769230771,"total":130.0},"Alcohol":{"raw":1.0,"perc":0.76923076923076927,"total":130.0},"Thujone":{"raw":1.0,"perc":0.76923076923076927,"total":130.0},"Unknown":{"raw":1.0,"perc":0.76923076923076927,"total":130.0},"Cacti":{"raw":2.0,"perc":1.5384615384615385,"total":130.0},"LSD":{"raw":8.0,"perc":6.1538461538461542,"total":130.0},"Morning Glory":{"raw":3.0,"perc":2.3076923076923079,"total":130.0},"Opiates":{"raw":2.0,"perc":1.5384615384615385,"total":130.0},"Opium":{"raw":1.0,"perc":0.76923076923076927,"total":130.0},"Capsicum spp.":{"raw":1.0,"perc":0.76923076923076927,"total":130.0},"Hops":{"raw":1.0,"perc":0.76923076923076927,"total":130.0},"Kava":{"raw":1.0,"perc":0.76923076923076927,"total":130.0},"Lecithin":{"raw":1.0,"perc":0.76923076923076927,"total":130.0},"Opioids":{"raw":2.0,"perc":1.5384615384615385,"total":130.0},"Pharms - Oxycodone":{"raw":2.0,"perc":1.5384615384615385,"total":130.0},"Skullcap":{"raw":1.0,"perc":0.76923076923076927,"total":130.0},"Valerian":{"raw":1.0,"perc":0.76923076923076927,"total":130.0},"Harmala Alkaloids":{"raw":3.0,"perc":2.3076923076923079,"total":130.0},"Syrian Rue":{"raw":2.0,"perc":1.5384615384615385,"total":130.0},"5-MeO-DMT":{"raw":2.0,"perc":1.5384615384615385,"total":130.0},"DXM":{"raw":1.0,"perc":0.76923076923076927,"total":130.0},"Caffeine":{"raw":2.0,"perc":1.5384615384615385,"total":130.0},"Nutmeg":{"raw":1.0,"perc":0.76923076923076927,"total":130.0},"Kratom":{"raw":2.0,"perc":1.5384615384615385,"total":130.0},"Amanitas":{"raw":2.0,"perc":1.5384615384615385,"total":130.0},"Lobelia spp.":{"raw":1.0,"perc":0.76923076923076927,"total":130.0},"Salvia divinorum":{"raw":7.0,"perc":5.384615384615385,"total":130.0},"Methamphetamine":{"raw":1.0,"perc":0.76923076923076927,"total":130.0},"Yerba Mate":{"raw":1.0,"perc":0.76923076923076927,"total":130.0},"Mescaline":{"raw":1.0,"perc":0.76923076923076927,"total":130.0},"Pharms - Venlafaxine":{"raw":1.0,"perc":0.76923076923076927,"total":130.0},"2C-E":{"raw":1.0,"perc":0.76923076923076927,"total":130.0},"Phenethylamine":{"raw":2.0,"perc":1.5384615384615385,"total":130.0},"2C-T-2":{"raw":1.0,"perc":0.76923076923076927,"total":130.0},"Amphetamines":{"raw":1.0,"perc":0.76923076923076927,"total":130.0},"Damiana":{"raw":1.0,"perc":0.76923076923076927,"total":130.0},"Leonotis leonurus":{"raw":1.0,"perc":0.76923076923076927,"total":130.0},"Mugwort":{"raw":1.0,"perc":0.76923076923076927,"total":130.0},"Passion Flower":{"raw":1.0,"perc":0.76923076923076927,"total":130.0},"Ayahuasca":{"raw":2.0,"perc":1.5384615384615385,"total":130.0},"DOC":{"raw":1.0,"perc":0.76923076923076927,"total":130.0},"Piperazines":{"raw":2.0,"perc":1.5384615384615385,"total":130.0},"4-HO-DET":{"raw":1.0,"perc":0.76923076923076927,"total":130.0},"Pharms - Clonidine":{"raw":1.0,"perc":0.76923076923076927,"total":130.0},"Piperazines - pFPP":{"raw":1.0,"perc":0.76923076923076927,"total":130.0},"DPT":{"raw":1.0,"perc":0.76923076923076927,"total":130.0},"DOI":{"raw":1.0,"perc":0.76923076923076927,"total":130.0},"DMT":{"raw":1.0,"perc":0.76923076923076927,"total":130.0},"2C-B":{"raw":1.0,"perc":0.76923076923076927,"total":130.0},"2C-I":{"raw":1.0,"perc":0.76923076923076927,"total":130.0},"Ketamine":{"raw":1.0,"perc":0.76923076923076927,"total":130.0},"NMDA Antagonists":{"raw":1.0,"perc":0.76923076923076927,"total":130.0},"Tabernanthe iboga":{"raw":1.0,"perc":0.76923076923076927,"total":130.0}},"Female":{"Caffeine":{"raw":1.0,"perc":6.666666666666667,"total":15.0},"Ephedrine":{"raw":1.0,"perc":6.666666666666667,"total":15.0},"Salvia divinorum":{"raw":2.0,"perc":13.333333333333334,"total":15.0},"MDMA":{"raw":1.0,"perc":6.666666666666667,"total":15.0},"Stimulants":{"raw":1.0,"perc":6.666666666666667,"total":15.0},"Damiana":{"raw":1.0,"perc":6.666666666666667,"total":15.0},"Mugwort":{"raw":1.0,"perc":6.666666666666667,"total":15.0},"Lotus/Lily":{"raw":1.0,"perc":6.666666666666667,"total":15.0},"Various":{"raw":1.0,"perc":6.666666666666667,"total":15.0},"Cacti":{"raw":1.0,"perc":6.666666666666667,"total":15.0},"2C-I":{"raw":1.0,"perc":6.666666666666667,"total":15.0},"Morning Glory":{"raw":1.0,"perc":6.666666666666667,"total":15.0},"2C-B":{"raw":1.0,"perc":6.666666666666667,"total":15.0},"Phenethylamine":{"raw":1.0,"perc":6.666666666666667,"total":15.0}},"Not-Specified":{"LSD":{"raw":1.0,"perc":14.285714285714285,"total":7.0},"Various":{"raw":1.0,"perc":14.285714285714285,"total":7.0},"Pharms - Zaleplon":{"raw":1.0,"perc":14.285714285714285,"total":7.0},"MDMA":{"raw":2.0,"perc":28.571428571428569,"total":7.0},"Stimulants":{"raw":2.0,"perc":28.571428571428569,"total":7.0}}},"Fasting":{"Male":{"Various":{"raw":5.0,"perc":26.315789473684209,"total":19.0},"Salvia divinorum":{"raw":4.0,"perc":21.052631578947366,"total":19.0},"Morning Glory":{"raw":1.0,"perc":5.2631578947368416,"total":19.0},"Nutmeg":{"raw":1.0,"perc":5.2631578947368416,"total":19.0},"Caffeine":{"raw":1.0,"perc":5.2631578947368416,"total":19.0},"Tobacco":{"raw":1.0,"perc":5.2631578947368416,"total":19.0},"Alcohol":{"raw":1.0,"perc":5.2631578947368416,"total":19.0},"Mushrooms":{"raw":1.0,"perc":5.2631578947368416,"total":19.0},"Cacti":{"raw":1.0,"perc":5.2631578947368416,"total":19.0},"Cannabis":{"raw":1.0,"perc":5.2631578947368416,"total":19.0},"DXM":{"raw":1.0,"perc":5.2631578947368416,"total":19.0},"DOM":{"raw":1.0,"perc":5.2631578947368416,"total":19.0}},"Female":{"Caffeine":{"raw":1.0,"perc":33.333333333333329,"total":3.0},"Various":{"raw":2.0,"perc":66.666666666666657,"total":3.0}},"Not-Specified":{"Mushrooms":{"raw":1.0,"perc":100.0,"total":1.0}}},"Breathing":{"Male":{"GBL":{"raw":1.0,"perc":5.5555555555555554,"total":18.0},"4-AcO-MiPT":{"raw":1.0,"perc":5.5555555555555554,"total":18.0},"Amphetamines":{"raw":1.0,"perc":5.5555555555555554,"total":18.0},"Stimulants":{"raw":1.0,"perc":5.5555555555555554,"total":18.0},"Carbogen":{"raw":5.0,"perc":27.777777777777779,"total":18.0},"Cannabis":{"raw":1.0,"perc":5.5555555555555554,"total":18.0},"Acacia":{"raw":1.0,"perc":5.5555555555555554,"total":18.0},"DMT":{"raw":2.0,"perc":11.111111111111111,"total":18.0},"Nitrous Oxide":{"raw":1.0,"perc":5.5555555555555554,"total":18.0},"LSD":{"raw":1.0,"perc":5.5555555555555554,"total":18.0},"DPT":{"raw":1.0,"perc":5.5555555555555554,"total":18.0},"Methylone":{"raw":1.0,"perc":5.5555555555555554,"total":18.0},"Oxygen":{"raw":1.0,"perc":5.5555555555555554,"total":18.0}},"Female":{"5-MeO-DMT":{"raw":1.0,"perc":50.0,"total":2.0},"Carbogen":{"raw":1.0,"perc":50.0,"total":2.0}}},"Devices":{"Male":{"Mushrooms":{"raw":2.0,"perc":6.8965517241379306,"total":29.0},"DXM":{"raw":3.0,"perc":10.344827586206897,"total":29.0},"Caffeine":{"raw":1.0,"perc":3.4482758620689653,"total":29.0},"Cannabis":{"raw":2.0,"perc":6.8965517241379306,"total":29.0},"Hydrocodone":{"raw":1.0,"perc":3.4482758620689653,"total":29.0},"Opioids":{"raw":1.0,"perc":3.4482758620689653,"total":29.0},"Pharms - Quetiapine":{"raw":1.0,"perc":3.4482758620689653,"total":29.0},"H.B. Woodrose":{"raw":1.0,"perc":3.4482758620689653,"total":29.0},"GHB":{"raw":1.0,"perc":3.4482758620689653,"total":29.0},"Various":{"raw":1.0,"perc":3.4482758620689653,"total":29.0},"2C-I":{"raw":1.0,"perc":3.4482758620689653,"total":29.0},"Morning Glory":{"raw":1.0,"perc":3.4482758620689653,"total":29.0},"Absinthe":{"raw":1.0,"perc":3.4482758620689653,"total":29.0},"Kava":{"raw":1.0,"perc":3.4482758620689653,"total":29.0},"Nitrous Oxide":{"raw":3.0,"perc":10.344827586206897,"total":29.0},"Salvia divinorum":{"raw":5.0,"perc":17.241379310344829,"total":29.0},"Calea zacatechichi":{"raw":1.0,"perc":3.4482758620689653,"total":29.0},"LSD":{"raw":1.0,"perc":3.4482758620689653,"total":29.0},"Nutmeg":{"raw":1.0,"perc":3.4482758620689653,"total":29.0}},"Female":{"LSD":{"raw":2.0,"perc":33.333333333333329,"total":6.0},"MDMA":{"raw":2.0,"perc":33.333333333333329,"total":6.0},"Stimulants":{"raw":2.0,"perc":33.333333333333329,"total":6.0}}},"Guiding":{"Male":{"LSD":{"raw":1.0,"perc":20.0,"total":5.0},"MDMA":{"raw":1.0,"perc":20.0,"total":5.0},"Mushrooms":{"raw":2.0,"perc":40.0,"total":5.0},"Stimulants":{"raw":1.0,"perc":20.0,"total":5.0}},"Female":{"LSD":{"raw":1.0,"perc":100.0,"total":1.0}}},"Devices - Mind Machine":{"Male":{"DXM":{"raw":3.0,"perc":12.5,"total":24.0},"Mushrooms":{"raw":1.0,"perc":4.1666666666666661,"total":24.0},"Caffeine":{"raw":1.0,"perc":4.1666666666666661,"total":24.0},"Cannabis":{"raw":2.0,"perc":8.3333333333333321,"total":24.0},"Hydrocodone":{"raw":1.0,"perc":4.1666666666666661,"total":24.0},"Opioids":{"raw":1.0,"perc":4.1666666666666661,"total":24.0},"Pharms - Quetiapine":{"raw":1.0,"perc":4.1666666666666661,"total":24.0},"H.B. Woodrose":{"raw":1.0,"perc":4.1666666666666661,"total":24.0},"GHB":{"raw":1.0,"perc":4.1666666666666661,"total":24.0},"Various":{"raw":1.0,"perc":4.1666666666666661,"total":24.0},"2C-I":{"raw":1.0,"perc":4.1666666666666661,"total":24.0},"Absinthe":{"raw":1.0,"perc":4.1666666666666661,"total":24.0},"Kava":{"raw":1.0,"perc":4.1666666666666661,"total":24.0},"Nitrous Oxide":{"raw":3.0,"perc":12.5,"total":24.0},"Calea zacatechichi":{"raw":1.0,"perc":4.1666666666666661,"total":24.0},"Salvia divinorum":{"raw":2.0,"perc":8.3333333333333321,"total":24.0},"LSD":{"raw":1.0,"perc":4.1666666666666661,"total":24.0},"Nutmeg":{"raw":1.0,"perc":4.1666666666666661,"total":24.0}},"Female":{"LSD":{"raw":1.0,"perc":33.333333333333329,"total":3.0},"MDMA":{"raw":1.0,"perc":33.333333333333329,"total":3.0},"Stimulants":{"raw":1.0,"perc":33.333333333333329,"total":3.0}}},"Mindfulness":{"Male":{"Various":{"raw":1.0,"perc":14.285714285714285,"total":7.0},"Cannabis":{"raw":1.0,"perc":14.285714285714285,"total":7.0},"Salvia divinorum":{"raw":1.0,"perc":14.285714285714285,"total":7.0},"LSD":{"raw":1.0,"perc":14.285714285714285,"total":7.0},"Ketamine":{"raw":1.0,"perc":14.285714285714285,"total":7.0},"NMDA Antagonists":{"raw":1.0,"perc":14.285714285714285,"total":7.0},"4-AcO-DMT":{"raw":1.0,"perc":14.285714285714285,"total":7.0}},"Female":{"DMT":{"raw":1.0,"perc":16.666666666666664,"total":6.0},"Various":{"raw":2.0,"perc":33.333333333333329,"total":6.0},"Banisteriopsis caapi":{"raw":1.0,"perc":16.666666666666664,"total":6.0},"Harmala Alkaloids":{"raw":1.0,"perc":16.666666666666664,"total":6.0},"Mushrooms":{"raw":1.0,"perc":16.666666666666664,"total":6.0}}},"Conferences":{"Male":{"Mushrooms":{"raw":1.0,"perc":12.5,"total":8.0},"Various":{"raw":1.0,"perc":12.5,"total":8.0},"Ketamine":{"raw":1.0,"perc":12.5,"total":8.0},"NMDA Antagonists":{"raw":1.0,"perc":12.5,"total":8.0},"Chamomile":{"raw":1.0,"perc":12.5,"total":8.0},"Harmala Alkaloids":{"raw":1.0,"perc":12.5,"total":8.0},"Passion Flower":{"raw":1.0,"perc":12.5,"total":8.0},"Cannabinoid Receptor Agonists":{"raw":1.0,"perc":12.5,"total":8.0}},"Female":{"Codeine":{"raw":1.0,"perc":50.0,"total":2.0},"Opiates":{"raw":1.0,"perc":50.0,"total":2.0}}},"Hyperventilation":{"Male":{"Amphetamines":{"raw":1.0,"perc":14.285714285714285,"total":7.0},"Stimulants":{"raw":1.0,"perc":14.285714285714285,"total":7.0},"Carbogen":{"raw":1.0,"perc":14.285714285714285,"total":7.0},"Acacia":{"raw":1.0,"perc":14.285714285714285,"total":7.0},"DMT":{"raw":1.0,"perc":14.285714285714285,"total":7.0},"Nitrous Oxide":{"raw":1.0,"perc":14.285714285714285,"total":7.0},"Oxygen":{"raw":1.0,"perc":14.285714285714285,"total":7.0}}},"Chanting":{"Male":{"Mushrooms":{"raw":1.0,"perc":50.0,"total":2.0},"MDAI":{"raw":1.0,"perc":50.0,"total":2.0}}},"Sweating":{"Male":{"Peyote":{"raw":1.0,"perc":25.0,"total":4.0},"Amanitas":{"raw":1.0,"perc":25.0,"total":4.0},"Harmala Alkaloids":{"raw":1.0,"perc":25.0,"total":4.0},"Passion Flower":{"raw":1.0,"perc":25.0,"total":4.0}}},"Humor":{"Male":{"Mushrooms":{"raw":3.0,"perc":33.333333333333329,"total":9.0},"Various":{"raw":2.0,"perc":22.222222222222221,"total":9.0},"Hydrocodone":{"raw":1.0,"perc":11.111111111111111,"total":9.0},"Opioids":{"raw":1.0,"perc":11.111111111111111,"total":9.0},"Unknown":{"raw":1.0,"perc":11.111111111111111,"total":9.0},"Cheese - Blue":{"raw":1.0,"perc":11.111111111111111,"total":9.0}}},"Music":{"Male":{"Cannabis":{"raw":1.0,"perc":11.111111111111111,"total":9.0},"MDMA":{"raw":1.0,"perc":11.111111111111111,"total":9.0},"Stimulants":{"raw":1.0,"perc":11.111111111111111,"total":9.0},"Various":{"raw":1.0,"perc":11.111111111111111,"total":9.0},"Acetaminophen":{"raw":1.0,"perc":11.111111111111111,"total":9.0},"Caffeine":{"raw":1.0,"perc":11.111111111111111,"total":9.0},"2C-B":{"raw":1.0,"perc":11.111111111111111,"total":9.0},"Phenethylamine":{"raw":1.0,"perc":11.111111111111111,"total":9.0},"LSD":{"raw":1.0,"perc":11.111111111111111,"total":9.0}}},"Nitrogen Narcosis":{"Male":{"Mushrooms":{"raw":1.0,"perc":33.333333333333329,"total":3.0},"Salvia divinorum":{"raw":1.0,"perc":33.333333333333329,"total":3.0},"Various":{"raw":1.0,"perc":33.333333333333329,"total":3.0}}},"Sound (non-music)":{"Male":{"4-MeO-PCP":{"raw":1.0,"perc":100.0,"total":1.0}}}}