{"Drug Testing":{"General":{"Festival / Lg. Crowd":{"raw":2.0,"perc":1.6260162601626018,"total":123.0},"Unknown Context":{"raw":13.0,"perc":10.569105691056912,"total":123.0},"Alone":{"raw":10.0,"perc":8.1300813008130071,"total":123.0},"Not Applicable":{"raw":79.0,"perc":64.22764227642277,"total":123.0},"Hospital":{"raw":9.0,"perc":7.3170731707317067,"total":123.0},"School":{"raw":3.0,"perc":2.4390243902439024,"total":123.0},"Various":{"raw":4.0,"perc":3.2520325203252036,"total":123.0},"Small Group (2-9)":{"raw":3.0,"perc":2.4390243902439024,"total":123.0}},"Retrospective / Summary":{"Unknown Context":{"raw":1.0,"perc":8.3333333333333321,"total":12.0},"Not Applicable":{"raw":9.0,"perc":75.0,"total":12.0},"Various":{"raw":1.0,"perc":8.3333333333333321,"total":12.0},"Military":{"raw":1.0,"perc":8.3333333333333321,"total":12.0}},"Post Trip Problems":{"Unknown Context":{"raw":3.0,"perc":42.857142857142854,"total":7.0},"School":{"raw":1.0,"perc":14.285714285714285,"total":7.0},"Hospital":{"raw":1.0,"perc":14.285714285714285,"total":7.0},"Festival / Lg. Crowd":{"raw":1.0,"perc":14.285714285714285,"total":7.0},"Alone":{"raw":1.0,"perc":14.285714285714285,"total":7.0}},"Personal Preparation":{"Not Applicable":{"raw":1.0,"perc":100.0,"total":1.0}},"Depression":{"Hospital":{"raw":1.0,"perc":100.0,"total":1.0}},"Health Problems":{"Unknown Context":{"raw":1.0,"perc":33.333333333333329,"total":3.0},"School":{"raw":1.0,"perc":33.333333333333329,"total":3.0},"Alone":{"raw":1.0,"perc":33.333333333333329,"total":3.0}},"Second Hand Report":{"Small Group (2-9)":{"raw":1.0,"perc":33.333333333333329,"total":3.0},"Not Applicable":{"raw":2.0,"perc":66.666666666666657,"total":3.0}},"Preparation / Recipes":{"Not Applicable":{"raw":4.0,"perc":100.0,"total":4.0}},"Bad Trips":{"Alone":{"raw":2.0,"perc":66.666666666666657,"total":3.0},"Small Group (2-9)":{"raw":1.0,"perc":33.333333333333329,"total":3.0}},"Overdose":{"School":{"raw":1.0,"perc":100.0,"total":1.0}},"Medical Use":{"Not Applicable":{"raw":5.0,"perc":100.0,"total":5.0}},"Difficult Experiences":{"Not Applicable":{"raw":2.0,"perc":100.0,"total":2.0}},"Multi-Day Experience":{"Not Applicable":{"raw":3.0,"perc":100.0,"total":3.0}}},"Sleep Deprivation":{"General":{"Various":{"raw":11.0,"perc":37.931034482758619,"total":29.0},"Alone":{"raw":10.0,"perc":34.482758620689658,"total":29.0},"Small Group (2-9)":{"raw":4.0,"perc":13.793103448275861,"total":29.0},"Large Group (10+)":{"raw":1.0,"perc":3.4482758620689653,"total":29.0},"Festival / Lg. Crowd":{"raw":1.0,"perc":3.4482758620689653,"total":29.0},"Unknown Context":{"raw":2.0,"perc":6.8965517241379306,"total":29.0}},"Difficult Experiences":{"Various":{"raw":6.0,"perc":40.0,"total":15.0},"Alone":{"raw":4.0,"perc":26.666666666666668,"total":15.0},"Small Group (2-9)":{"raw":2.0,"perc":13.333333333333334,"total":15.0},"Festival / Lg. Crowd":{"raw":1.0,"perc":6.666666666666667,"total":15.0},"Unknown Context":{"raw":1.0,"perc":6.666666666666667,"total":15.0},"Not Applicable":{"raw":1.0,"perc":6.666666666666667,"total":15.0}},"Health Problems":{"Various":{"raw":4.0,"perc":44.444444444444443,"total":9.0},"Small Group (2-9)":{"raw":3.0,"perc":33.333333333333329,"total":9.0},"Hospital":{"raw":1.0,"perc":11.111111111111111,"total":9.0},"Not Applicable":{"raw":1.0,"perc":11.111111111111111,"total":9.0}},"Multi-Day Experience":{"Alone":{"raw":7.0,"perc":31.818181818181817,"total":22.0},"Small Group (2-9)":{"raw":4.0,"perc":18.181818181818183,"total":22.0},"Various":{"raw":8.0,"perc":36.363636363636367,"total":22.0},"Large Group (10+)":{"raw":1.0,"perc":4.5454545454545459,"total":22.0},"Unknown Context":{"raw":1.0,"perc":4.5454545454545459,"total":22.0},"Not Applicable":{"raw":1.0,"perc":4.5454545454545459,"total":22.0}},"Retrospective / Summary":{"Various":{"raw":4.0,"perc":66.666666666666657,"total":6.0},"Alone":{"raw":1.0,"perc":16.666666666666664,"total":6.0},"Not Applicable":{"raw":1.0,"perc":16.666666666666664,"total":6.0}},"Health Benefits":{"Various":{"raw":1.0,"perc":50.0,"total":2.0},"Small Group (2-9)":{"raw":1.0,"perc":50.0,"total":2.0}},"Music Discussion":{"Small Group (2-9)":{"raw":2.0,"perc":50.0,"total":4.0},"Large Group (10+)":{"raw":1.0,"perc":25.0,"total":4.0},"Festival / Lg. Crowd":{"raw":1.0,"perc":25.0,"total":4.0}},"Entities / Beings":{"Various":{"raw":2.0,"perc":66.666666666666657,"total":3.0},"Small Group (2-9)":{"raw":1.0,"perc":33.333333333333329,"total":3.0}},"Mystical Experiences":{"Various":{"raw":1.0,"perc":25.0,"total":4.0},"Small Group (2-9)":{"raw":1.0,"perc":25.0,"total":4.0},"Festival / Lg. Crowd":{"raw":1.0,"perc":25.0,"total":4.0},"Unknown Context":{"raw":1.0,"perc":25.0,"total":4.0}},"Depression":{"Various":{"raw":1.0,"perc":100.0,"total":1.0}},"First Times":{"Small Group (2-9)":{"raw":3.0,"perc":50.0,"total":6.0},"Various":{"raw":1.0,"perc":16.666666666666664,"total":6.0},"Large Group (10+)":{"raw":1.0,"perc":16.666666666666664,"total":6.0},"Alone":{"raw":1.0,"perc":16.666666666666664,"total":6.0}},"Bad Trips":{"Small Group (2-9)":{"raw":2.0,"perc":50.0,"total":4.0},"Various":{"raw":1.0,"perc":25.0,"total":4.0},"Alone":{"raw":1.0,"perc":25.0,"total":4.0}},"Loss of Magic":{"Various":{"raw":2.0,"perc":100.0,"total":2.0}},"Hangover / Days After":{"Various":{"raw":2.0,"perc":22.222222222222221,"total":9.0},"Small Group (2-9)":{"raw":1.0,"perc":11.111111111111111,"total":9.0},"Alone":{"raw":3.0,"perc":33.333333333333329,"total":9.0},"Festival / Lg. Crowd":{"raw":1.0,"perc":11.111111111111111,"total":9.0},"Not Applicable":{"raw":1.0,"perc":11.111111111111111,"total":9.0},"Unknown Context":{"raw":1.0,"perc":11.111111111111111,"total":9.0}},"Medical Use":{"Alone":{"raw":1.0,"perc":100.0,"total":1.0}},"HPPD / Lasting Visuals":{"Small Group (2-9)":{"raw":1.0,"perc":50.0,"total":2.0},"Hospital":{"raw":1.0,"perc":50.0,"total":2.0}},"Glowing Experiences":{"Large Group (10+)":{"raw":1.0,"perc":50.0,"total":2.0},"Small Group (2-9)":{"raw":1.0,"perc":50.0,"total":2.0}},"Sex Discussion":{"Large Group (10+)":{"raw":1.0,"perc":50.0,"total":2.0},"Various":{"raw":1.0,"perc":50.0,"total":2.0}},"What Was in That?":{"Small Group (2-9)":{"raw":1.0,"perc":100.0,"total":1.0}},"Guides / Sitters":{"Small Group (2-9)":{"raw":1.0,"perc":50.0,"total":2.0},"Festival / Lg. Crowd":{"raw":1.0,"perc":50.0,"total":2.0}},"Relationships":{"Festival / Lg. Crowd":{"raw":1.0,"perc":100.0,"total":1.0}},"Overdose":{"Various":{"raw":1.0,"perc":50.0,"total":2.0},"Small Group (2-9)":{"raw":1.0,"perc":50.0,"total":2.0}},"Post Trip Problems":{"Alone":{"raw":1.0,"perc":50.0,"total":2.0},"Small Group (2-9)":{"raw":1.0,"perc":50.0,"total":2.0}},"Performance Enhancement":{"Not Applicable":{"raw":1.0,"perc":33.333333333333329,"total":3.0},"Alone":{"raw":2.0,"perc":66.666666666666657,"total":3.0}},"Preparation / Recipes":{"Alone":{"raw":1.0,"perc":100.0,"total":1.0}}},"OBE":{"General":{"Alone":{"raw":11.0,"perc":50.0,"total":22.0},"Small Group (2-9)":{"raw":8.0,"perc":36.363636363636367,"total":22.0},"Various":{"raw":1.0,"perc":4.5454545454545459,"total":22.0},"Large Group (10+)":{"raw":1.0,"perc":4.5454545454545459,"total":22.0},"School":{"raw":1.0,"perc":4.5454545454545459,"total":22.0}},"Nature / Outdoors":{"Small Group (2-9)":{"raw":1.0,"perc":100.0,"total":1.0}},"Mystical Experiences":{"Small Group (2-9)":{"raw":8.0,"perc":61.53846153846154,"total":13.0},"Alone":{"raw":4.0,"perc":30.76923076923077,"total":13.0},"Rave / Dance Event":{"raw":1.0,"perc":7.6923076923076925,"total":13.0}},"Difficult Experiences":{"Small Group (2-9)":{"raw":7.0,"perc":63.636363636363633,"total":11.0},"Large Group (10+)":{"raw":1.0,"perc":9.0909090909090917,"total":11.0},"Various":{"raw":2.0,"perc":18.181818181818183,"total":11.0},"Alone":{"raw":1.0,"perc":9.0909090909090917,"total":11.0}},"Entities / Beings":{"Small Group (2-9)":{"raw":8.0,"perc":61.53846153846154,"total":13.0},"Alone":{"raw":4.0,"perc":30.76923076923077,"total":13.0},"Not Applicable":{"raw":1.0,"perc":7.6923076923076925,"total":13.0}},"Guides / Sitters":{"Small Group (2-9)":{"raw":3.0,"perc":100.0,"total":3.0}},"First Times":{"Small Group (2-9)":{"raw":7.0,"perc":87.5,"total":8.0},"Alone":{"raw":1.0,"perc":12.5,"total":8.0}},"Depression":{"Small Group (2-9)":{"raw":1.0,"perc":50.0,"total":2.0},"Alone":{"raw":1.0,"perc":50.0,"total":2.0}},"Post Trip Problems":{"Small Group (2-9)":{"raw":2.0,"perc":66.666666666666657,"total":3.0},"Various":{"raw":1.0,"perc":33.333333333333329,"total":3.0}},"Medical Use":{"Alone":{"raw":1.0,"perc":100.0,"total":1.0}},"Retrospective / Summary":{"Small Group (2-9)":{"raw":1.0,"perc":33.333333333333329,"total":3.0},"Alone":{"raw":1.0,"perc":33.333333333333329,"total":3.0},"Not Applicable":{"raw":1.0,"perc":33.333333333333329,"total":3.0}},"Glowing Experiences":{"Alone":{"raw":5.0,"perc":50.0,"total":10.0},"Small Group (2-9)":{"raw":5.0,"perc":50.0,"total":10.0}},"Sex Discussion":{"Small Group (2-9)":{"raw":1.0,"perc":50.0,"total":2.0},"Alone":{"raw":1.0,"perc":50.0,"total":2.0}},"Hangover / Days After":{"School":{"raw":1.0,"perc":25.0,"total":4.0},"Small Group (2-9)":{"raw":2.0,"perc":50.0,"total":4.0},"Alone":{"raw":1.0,"perc":25.0,"total":4.0}},"Second Hand Report":{"Small Group (2-9)":{"raw":1.0,"perc":100.0,"total":1.0}},"Overdose":{"Small Group (2-9)":{"raw":2.0,"perc":100.0,"total":2.0}},"Bad Trips":{"Small Group (2-9)":{"raw":1.0,"perc":100.0,"total":1.0}},"Music Discussion":{"Small Group (2-9)":{"raw":1.0,"perc":100.0,"total":1.0}},"Multi-Day Experience":{"Small Group (2-9)":{"raw":1.0,"perc":50.0,"total":2.0},"Alone":{"raw":1.0,"perc":50.0,"total":2.0}},"Health Problems":{"Small Group (2-9)":{"raw":1.0,"perc":100.0,"total":1.0}},"What Was in That?":{"Alone":{"raw":1.0,"perc":100.0,"total":1.0}},"Personal Preparation":{"Alone":{"raw":1.0,"perc":100.0,"total":1.0}},"Relationships":{"Small Group (2-9)":{"raw":1.0,"perc":100.0,"total":1.0}}},"Dreams":{"General":{"Alone":{"raw":93.0,"perc":85.3211009174312,"total":109.0},"Unknown Context":{"raw":4.0,"perc":3.669724770642202,"total":109.0},"Small Group (2-9)":{"raw":6.0,"perc":5.5045871559633035,"total":109.0},"Not Applicable":{"raw":6.0,"perc":5.5045871559633035,"total":109.0}},"Difficult Experiences":{"Alone":{"raw":10.0,"perc":83.333333333333343,"total":12.0},"Small Group (2-9)":{"raw":1.0,"perc":8.3333333333333321,"total":12.0},"Various":{"raw":1.0,"perc":8.3333333333333321,"total":12.0}},"First Times":{"Alone":{"raw":26.0,"perc":72.222222222222214,"total":36.0},"Unknown Context":{"raw":1.0,"perc":2.7777777777777777,"total":36.0},"Small Group (2-9)":{"raw":7.0,"perc":19.444444444444446,"total":36.0},"Various":{"raw":1.0,"perc":2.7777777777777777,"total":36.0},"Rave / Dance Event":{"raw":1.0,"perc":2.7777777777777777,"total":36.0}},"Preparation / Recipes":{"Alone":{"raw":6.0,"perc":85.714285714285708,"total":7.0},"Not Applicable":{"raw":1.0,"perc":14.285714285714285,"total":7.0}},"Retrospective / Summary":{"Unknown Context":{"raw":2.0,"perc":3.7037037037037033,"total":54.0},"Alone":{"raw":41.0,"perc":75.925925925925924,"total":54.0},"Hospital":{"raw":1.0,"perc":1.8518518518518516,"total":54.0},"Various":{"raw":4.0,"perc":7.4074074074074066,"total":54.0},"Not Applicable":{"raw":6.0,"perc":11.111111111111111,"total":54.0}},"Health Problems":{"Unknown Context":{"raw":1.0,"perc":25.0,"total":4.0},"Various":{"raw":1.0,"perc":25.0,"total":4.0},"Alone":{"raw":2.0,"perc":50.0,"total":4.0}},"Post Trip Problems":{"Unknown Context":{"raw":3.0,"perc":50.0,"total":6.0},"Alone":{"raw":3.0,"perc":50.0,"total":6.0}},"Mystical Experiences":{"Small Group (2-9)":{"raw":1.0,"perc":12.5,"total":8.0},"Not Applicable":{"raw":3.0,"perc":37.5,"total":8.0},"Alone":{"raw":4.0,"perc":50.0,"total":8.0}},"Glowing Experiences":{"Alone":{"raw":25.0,"perc":89.285714285714292,"total":28.0},"Hospital":{"raw":1.0,"perc":3.5714285714285712,"total":28.0},"Various":{"raw":1.0,"perc":3.5714285714285712,"total":28.0},"Small Group (2-9)":{"raw":1.0,"perc":3.5714285714285712,"total":28.0}},"Entities / Beings":{"Alone":{"raw":15.0,"perc":75.0,"total":20.0},"Small Group (2-9)":{"raw":3.0,"perc":15.0,"total":20.0},"Not Applicable":{"raw":2.0,"perc":10.0,"total":20.0}},"Sex Discussion":{"Alone":{"raw":3.0,"perc":50.0,"total":6.0},"Small Group (2-9)":{"raw":1.0,"perc":16.666666666666664,"total":6.0},"Rave / Dance Event":{"raw":1.0,"perc":16.666666666666664,"total":6.0},"Not Applicable":{"raw":1.0,"perc":16.666666666666664,"total":6.0}},"Hangover / Days After":{"Alone":{"raw":5.0,"perc":71.428571428571431,"total":7.0},"Not Applicable":{"raw":1.0,"perc":14.285714285714285,"total":7.0},"Small Group (2-9)":{"raw":1.0,"perc":14.285714285714285,"total":7.0}},"Medical Use":{"Hospital":{"raw":1.0,"perc":9.0909090909090917,"total":11.0},"Not Applicable":{"raw":3.0,"perc":27.27272727272727,"total":11.0},"Alone":{"raw":7.0,"perc":63.636363636363633,"total":11.0}},"Health Benefits":{"Alone":{"raw":5.0,"perc":71.428571428571431,"total":7.0},"Not Applicable":{"raw":2.0,"perc":28.571428571428569,"total":7.0}},"Depression":{"Alone":{"raw":5.0,"perc":83.333333333333343,"total":6.0},"Small Group (2-9)":{"raw":1.0,"perc":16.666666666666664,"total":6.0}},"Overdose":{"Unknown Context":{"raw":1.0,"perc":50.0,"total":2.0},"Various":{"raw":1.0,"perc":50.0,"total":2.0}},"Relationships":{"Not Applicable":{"raw":1.0,"perc":100.0,"total":1.0}},"Guides / Sitters":{"Small Group (2-9)":{"raw":1.0,"perc":100.0,"total":1.0}},"Multi-Day Experience":{"Alone":{"raw":3.0,"perc":60.0,"total":5.0},"Not Applicable":{"raw":2.0,"perc":40.0,"total":5.0}},"Nature / Outdoors":{"Not Applicable":{"raw":1.0,"perc":50.0,"total":2.0},"Small Group (2-9)":{"raw":1.0,"perc":50.0,"total":2.0}},"Second Hand Report":{"Small Group (2-9)":{"raw":2.0,"perc":100.0,"total":2.0}},"Music Discussion":{"Alone":{"raw":1.0,"perc":100.0,"total":1.0}},"Therapeutic Intent or Outcome":{"Alone":{"raw":6.0,"perc":100.0,"total":6.0}}},"Endogenous":{"Bad Trips":{"Alone":{"raw":3.0,"perc":75.0,"total":4.0},"Small Group (2-9)":{"raw":1.0,"perc":25.0,"total":4.0}},"Health Problems":{"Alone":{"raw":2.0,"perc":25.0,"total":8.0},"Not Applicable":{"raw":3.0,"perc":37.5,"total":8.0},"Various":{"raw":1.0,"perc":12.5,"total":8.0},"Small Group (2-9)":{"raw":1.0,"perc":12.5,"total":8.0},"Unknown Context":{"raw":1.0,"perc":12.5,"total":8.0}},"General":{"Small Group (2-9)":{"raw":1.0,"perc":11.111111111111111,"total":9.0},"Alone":{"raw":4.0,"perc":44.444444444444443,"total":9.0},"Unknown Context":{"raw":2.0,"perc":22.222222222222221,"total":9.0},"Not Applicable":{"raw":2.0,"perc":22.222222222222221,"total":9.0}},"First Times":{"Various":{"raw":1.0,"perc":20.0,"total":5.0},"Not Applicable":{"raw":1.0,"perc":20.0,"total":5.0},"Small Group (2-9)":{"raw":1.0,"perc":20.0,"total":5.0},"Alone":{"raw":2.0,"perc":40.0,"total":5.0}},"Multi-Day Experience":{"Various":{"raw":1.0,"perc":50.0,"total":2.0},"Unknown Context":{"raw":1.0,"perc":50.0,"total":2.0}},"Retrospective / Summary":{"Hospital":{"raw":1.0,"perc":25.0,"total":4.0},"Various":{"raw":1.0,"perc":25.0,"total":4.0},"Not Applicable":{"raw":2.0,"perc":50.0,"total":4.0}},"HPPD / Lasting Visuals":{"Hospital":{"raw":1.0,"perc":50.0,"total":2.0},"Alone":{"raw":1.0,"perc":50.0,"total":2.0}},"Overdose":{"Hospital":{"raw":1.0,"perc":100.0,"total":1.0}},"Depression":{"Hospital":{"raw":1.0,"perc":33.333333333333329,"total":3.0},"Various":{"raw":1.0,"perc":33.333333333333329,"total":3.0},"Small Group (2-9)":{"raw":1.0,"perc":33.333333333333329,"total":3.0}},"Post Trip Problems":{"Hospital":{"raw":1.0,"perc":33.333333333333329,"total":3.0},"Alone":{"raw":1.0,"perc":33.333333333333329,"total":3.0},"Unknown Context":{"raw":1.0,"perc":33.333333333333329,"total":3.0}},"Glowing Experiences":{"Not Applicable":{"raw":1.0,"perc":50.0,"total":2.0},"Alone":{"raw":1.0,"perc":50.0,"total":2.0}},"Difficult Experiences":{"Not Applicable":{"raw":1.0,"perc":20.0,"total":5.0},"Small Group (2-9)":{"raw":3.0,"perc":60.0,"total":5.0},"Alone":{"raw":1.0,"perc":20.0,"total":5.0}},"Mystical Experiences":{"Unknown Context":{"raw":1.0,"perc":33.333333333333329,"total":3.0},"Alone":{"raw":2.0,"perc":66.666666666666657,"total":3.0}},"Entities / Beings":{"Unknown Context":{"raw":1.0,"perc":50.0,"total":2.0},"Alone":{"raw":1.0,"perc":50.0,"total":2.0}},"Therapeutic Intent or Outcome":{"Alone":{"raw":1.0,"perc":100.0,"total":1.0}},"Hangover / Days After":{"Alone":{"raw":1.0,"perc":50.0,"total":2.0},"Not Applicable":{"raw":1.0,"perc":50.0,"total":2.0}},"Guides / Sitters":{"Small Group (2-9)":{"raw":1.0,"perc":100.0,"total":1.0}},"Medical Use":{"Unknown Context":{"raw":1.0,"perc":33.333333333333329,"total":3.0},"Not Applicable":{"raw":1.0,"perc":33.333333333333329,"total":3.0},"Alone":{"raw":1.0,"perc":33.333333333333329,"total":3.0}},"Second Hand Report":{"Unknown Context":{"raw":1.0,"perc":100.0,"total":1.0}}},"Police / Customs":{"General":{"Various":{"raw":6.0,"perc":16.216216216216218,"total":37.0},"Large Group (10+)":{"raw":1.0,"perc":2.7027027027027026,"total":37.0},"Alone":{"raw":3.0,"perc":8.1081081081081088,"total":37.0},"School":{"raw":3.0,"perc":8.1081081081081088,"total":37.0},"Small Group (2-9)":{"raw":17.0,"perc":45.945945945945951,"total":37.0},"Unknown Context":{"raw":1.0,"perc":2.7027027027027026,"total":37.0},"Not Applicable":{"raw":5.0,"perc":13.513513513513514,"total":37.0},"Club / Bar":{"raw":1.0,"perc":2.7027027027027026,"total":37.0}},"First Times":{"Small Group (2-9)":{"raw":6.0,"perc":46.153846153846153,"total":13.0},"Various":{"raw":5.0,"perc":38.461538461538467,"total":13.0},"Rave / Dance Event":{"raw":1.0,"perc":7.6923076923076925,"total":13.0},"Hospital":{"raw":1.0,"perc":7.6923076923076925,"total":13.0}},"Retrospective / Summary":{"Various":{"raw":6.0,"perc":46.153846153846153,"total":13.0},"Small Group (2-9)":{"raw":3.0,"perc":23.076923076923077,"total":13.0},"Not Applicable":{"raw":1.0,"perc":7.6923076923076925,"total":13.0},"Alone":{"raw":1.0,"perc":7.6923076923076925,"total":13.0},"Club / Bar":{"raw":1.0,"perc":7.6923076923076925,"total":13.0},"School":{"raw":1.0,"perc":7.6923076923076925,"total":13.0}},"Glowing Experiences":{"Various":{"raw":3.0,"perc":50.0,"total":6.0},"Club / Bar":{"raw":1.0,"perc":16.666666666666664,"total":6.0},"Unknown Context":{"raw":1.0,"perc":16.666666666666664,"total":6.0},"Alone":{"raw":1.0,"perc":16.666666666666664,"total":6.0}},"Bad Trips":{"Small Group (2-9)":{"raw":10.0,"perc":66.666666666666657,"total":15.0},"Alone":{"raw":1.0,"perc":6.666666666666667,"total":15.0},"Hospital":{"raw":1.0,"perc":6.666666666666667,"total":15.0},"Various":{"raw":3.0,"perc":20.0,"total":15.0}},"Preparation / Recipes":{"Small Group (2-9)":{"raw":1.0,"perc":25.0,"total":4.0},"Not Applicable":{"raw":1.0,"perc":25.0,"total":4.0},"Various":{"raw":2.0,"perc":50.0,"total":4.0}},"Post Trip Problems":{"Small Group (2-9)":{"raw":5.0,"perc":31.25,"total":16.0},"Various":{"raw":8.0,"perc":50.0,"total":16.0},"Alone":{"raw":2.0,"perc":12.5,"total":16.0},"School":{"raw":1.0,"perc":6.25,"total":16.0}},"Health Problems":{"Various":{"raw":1.0,"perc":25.0,"total":4.0},"Small Group (2-9)":{"raw":3.0,"perc":75.0,"total":4.0}},"Entities / Beings":{"Various":{"raw":2.0,"perc":25.0,"total":8.0},"Small Group (2-9)":{"raw":3.0,"perc":37.5,"total":8.0},"Alone":{"raw":3.0,"perc":37.5,"total":8.0}},"Difficult Experiences":{"Small Group (2-9)":{"raw":9.0,"perc":36.0,"total":25.0},"Hospital":{"raw":6.0,"perc":24.0,"total":25.0},"Alone":{"raw":5.0,"perc":20.0,"total":25.0},"Various":{"raw":4.0,"perc":16.0,"total":25.0},"Club / Bar":{"raw":1.0,"perc":4.0,"total":25.0}},"Second Hand Report":{"Small Group (2-9)":{"raw":7.0,"perc":87.5,"total":8.0},"Hospital":{"raw":1.0,"perc":12.5,"total":8.0}},"Overdose":{"Alone":{"raw":2.0,"perc":33.333333333333329,"total":6.0},"Hospital":{"raw":3.0,"perc":50.0,"total":6.0},"Small Group (2-9)":{"raw":1.0,"perc":16.666666666666664,"total":6.0}},"Health Benefits":{"School":{"raw":1.0,"perc":100.0,"total":1.0}},"Depression":{"Small Group (2-9)":{"raw":2.0,"perc":50.0,"total":4.0},"Various":{"raw":1.0,"perc":25.0,"total":4.0},"Hospital":{"raw":1.0,"perc":25.0,"total":4.0}},"Multi-Day Experience":{"Various":{"raw":2.0,"perc":66.666666666666657,"total":3.0},"Alone":{"raw":1.0,"perc":33.333333333333329,"total":3.0}},"Nature / Outdoors":{"Small Group (2-9)":{"raw":1.0,"perc":33.333333333333329,"total":3.0},"Various":{"raw":2.0,"perc":66.666666666666657,"total":3.0}},"HPPD / Lasting Visuals":{"Small Group (2-9)":{"raw":1.0,"perc":100.0,"total":1.0}},"Hangover / Days After":{"School":{"raw":1.0,"perc":12.5,"total":8.0},"Various":{"raw":3.0,"perc":37.5,"total":8.0},"Alone":{"raw":2.0,"perc":25.0,"total":8.0},"Hospital":{"raw":2.0,"perc":25.0,"total":8.0}},"Music Discussion":{"Various":{"raw":3.0,"perc":50.0,"total":6.0},"Club / Bar":{"raw":1.0,"perc":16.666666666666664,"total":6.0},"Rave / Dance Event":{"raw":1.0,"perc":16.666666666666664,"total":6.0},"Festival / Lg. Crowd":{"raw":1.0,"perc":16.666666666666664,"total":6.0}},"Mystical Experiences":{"Club / Bar":{"raw":1.0,"perc":50.0,"total":2.0},"Festival / Lg. Crowd":{"raw":1.0,"perc":50.0,"total":2.0}},"Relationships":{"Club / Bar":{"raw":1.0,"perc":33.333333333333329,"total":3.0},"Various":{"raw":2.0,"perc":66.666666666666657,"total":3.0}},"Personal Preparation":{"Various":{"raw":1.0,"perc":100.0,"total":1.0}},"Guides / Sitters":{"Various":{"raw":2.0,"perc":100.0,"total":2.0}},"Families":{"Small Group (2-9)":{"raw":1.0,"perc":100.0,"total":1.0}},"Therapeutic Intent or Outcome":{"Hospital":{"raw":1.0,"perc":100.0,"total":1.0}},"Performance Enhancement":{"Various":{"raw":1.0,"perc":100.0,"total":1.0}}},"Meditation":{"General":{"Alone":{"raw":21.0,"perc":58.333333333333336,"total":36.0},"Small Group (2-9)":{"raw":7.0,"perc":19.444444444444446,"total":36.0},"Various":{"raw":4.0,"perc":11.111111111111111,"total":36.0},"Large Group (10+)":{"raw":2.0,"perc":5.5555555555555554,"total":36.0},"Not Applicable":{"raw":1.0,"perc":2.7777777777777777,"total":36.0},"Group Ceremony":{"raw":1.0,"perc":2.7777777777777777,"total":36.0}},"Retrospective / Summary":{"Alone":{"raw":14.0,"perc":46.666666666666664,"total":30.0},"Various":{"raw":10.0,"perc":33.333333333333329,"total":30.0},"Not Applicable":{"raw":2.0,"perc":6.666666666666667,"total":30.0},"Unknown Context":{"raw":2.0,"perc":6.666666666666667,"total":30.0},"Small Group (2-9)":{"raw":1.0,"perc":3.3333333333333335,"total":30.0},"Rave / Dance Event":{"raw":1.0,"perc":3.3333333333333335,"total":30.0}},"Bad Trips":{"Various":{"raw":1.0,"perc":100.0,"total":1.0}},"Mystical Experiences":{"Various":{"raw":3.0,"perc":16.666666666666664,"total":18.0},"Small Group (2-9)":{"raw":4.0,"perc":22.222222222222221,"total":18.0},"Alone":{"raw":6.0,"perc":33.333333333333329,"total":18.0},"Hospital":{"raw":1.0,"perc":5.5555555555555554,"total":18.0},"Large Group (10+)":{"raw":1.0,"perc":5.5555555555555554,"total":18.0},"Group Ceremony":{"raw":2.0,"perc":11.111111111111111,"total":18.0},"Unknown Context":{"raw":1.0,"perc":5.5555555555555554,"total":18.0}},"Glowing Experiences":{"Small Group (2-9)":{"raw":8.0,"perc":25.806451612903224,"total":31.0},"Unknown Context":{"raw":1.0,"perc":3.225806451612903,"total":31.0},"Alone":{"raw":15.0,"perc":48.387096774193552,"total":31.0},"Various":{"raw":3.0,"perc":9.67741935483871,"total":31.0},"Group Ceremony":{"raw":2.0,"perc":6.4516129032258061,"total":31.0},"Rave / Dance Event":{"raw":1.0,"perc":3.225806451612903,"total":31.0},"Large Group (10+)":{"raw":1.0,"perc":3.225806451612903,"total":31.0}},"Health Benefits":{"Alone":{"raw":5.0,"perc":71.428571428571431,"total":7.0},"Various":{"raw":1.0,"perc":14.285714285714285,"total":7.0},"Unknown Context":{"raw":1.0,"perc":14.285714285714285,"total":7.0}},"Personal Preparation":{"Alone":{"raw":3.0,"perc":60.0,"total":5.0},"Small Group (2-9)":{"raw":2.0,"perc":40.0,"total":5.0}},"Depression":{"Alone":{"raw":1.0,"perc":100.0,"total":1.0}},"Preparation / Recipes":{"Alone":{"raw":2.0,"perc":100.0,"total":2.0}},"Health Problems":{"Various":{"raw":2.0,"perc":100.0,"total":2.0}},"First Times":{"Small Group (2-9)":{"raw":5.0,"perc":41.666666666666671,"total":12.0},"Alone":{"raw":5.0,"perc":41.666666666666671,"total":12.0},"Rave / Dance Event":{"raw":1.0,"perc":8.3333333333333321,"total":12.0},"Group Ceremony":{"raw":1.0,"perc":8.3333333333333321,"total":12.0}},"Therapeutic Intent or Outcome":{"Small Group (2-9)":{"raw":1.0,"perc":20.0,"total":5.0},"Not Applicable":{"raw":1.0,"perc":20.0,"total":5.0},"Alone":{"raw":1.0,"perc":20.0,"total":5.0},"Various":{"raw":1.0,"perc":20.0,"total":5.0},"Group Ceremony":{"raw":1.0,"perc":20.0,"total":5.0}},"Guides / Sitters":{"Small Group (2-9)":{"raw":2.0,"perc":50.0,"total":4.0},"Group Ceremony":{"raw":1.0,"perc":25.0,"total":4.0},"Alone":{"raw":1.0,"perc":25.0,"total":4.0}},"Multi-Day Experience":{"Alone":{"raw":2.0,"perc":50.0,"total":4.0},"Various":{"raw":1.0,"perc":25.0,"total":4.0},"Small Group (2-9)":{"raw":1.0,"perc":25.0,"total":4.0}},"Entities / Beings":{"Hospital":{"raw":1.0,"perc":8.3333333333333321,"total":12.0},"Large Group (10+)":{"raw":1.0,"perc":8.3333333333333321,"total":12.0},"Alone":{"raw":5.0,"perc":41.666666666666671,"total":12.0},"Small Group (2-9)":{"raw":3.0,"perc":25.0,"total":12.0},"Various":{"raw":2.0,"perc":16.666666666666664,"total":12.0}},"Hangover / Days After":{"Hospital":{"raw":1.0,"perc":33.333333333333329,"total":3.0},"Group Ceremony":{"raw":1.0,"perc":33.333333333333329,"total":3.0},"Alone":{"raw":1.0,"perc":33.333333333333329,"total":3.0}},"Music Discussion":{"Group Ceremony":{"raw":1.0,"perc":14.285714285714285,"total":7.0},"Alone":{"raw":4.0,"perc":57.142857142857139,"total":7.0},"Various":{"raw":1.0,"perc":14.285714285714285,"total":7.0},"Small Group (2-9)":{"raw":1.0,"perc":14.285714285714285,"total":7.0}},"Relationships":{"Rave / Dance Event":{"raw":1.0,"perc":25.0,"total":4.0},"Various":{"raw":1.0,"perc":25.0,"total":4.0},"Small Group (2-9)":{"raw":1.0,"perc":25.0,"total":4.0},"Alone":{"raw":1.0,"perc":25.0,"total":4.0}},"Second Hand Report":{"Small Group (2-9)":{"raw":1.0,"perc":100.0,"total":1.0}},"Difficult Experiences":{"Alone":{"raw":3.0,"perc":75.0,"total":4.0},"Group Ceremony":{"raw":1.0,"perc":25.0,"total":4.0}},"Poetry":{"Alone":{"raw":1.0,"perc":100.0,"total":1.0}},"Sex Discussion":{"Various":{"raw":1.0,"perc":33.333333333333329,"total":3.0},"Small Group (2-9)":{"raw":2.0,"perc":66.666666666666657,"total":3.0}},"Post Trip Problems":{"Group Ceremony":{"raw":1.0,"perc":50.0,"total":2.0},"Alone":{"raw":1.0,"perc":50.0,"total":2.0}},"Nature / Outdoors":{"Small Group (2-9)":{"raw":3.0,"perc":75.0,"total":4.0},"Alone":{"raw":1.0,"perc":25.0,"total":4.0}},"What Was in That?":{"Alone":{"raw":1.0,"perc":100.0,"total":1.0}},"Loss of Magic":{"Rave / Dance Event":{"raw":1.0,"perc":100.0,"total":1.0}}},"Ritual":{"Sex Discussion":{"Small Group (2-9)":{"raw":3.0,"perc":75.0,"total":4.0},"Alone":{"raw":1.0,"perc":25.0,"total":4.0}},"Difficult Experiences":{"Festival / Lg. Crowd":{"raw":1.0,"perc":25.0,"total":4.0},"Various":{"raw":1.0,"perc":25.0,"total":4.0},"Small Group (2-9)":{"raw":2.0,"perc":50.0,"total":4.0}},"Glowing Experiences":{"Festival / Lg. Crowd":{"raw":1.0,"perc":11.111111111111111,"total":9.0},"Alone":{"raw":2.0,"perc":22.222222222222221,"total":9.0},"Group Ceremony":{"raw":5.0,"perc":55.555555555555557,"total":9.0},"Small Group (2-9)":{"raw":1.0,"perc":11.111111111111111,"total":9.0}},"Mystical Experiences":{"Festival / Lg. Crowd":{"raw":2.0,"perc":11.76470588235294,"total":17.0},"Alone":{"raw":3.0,"perc":17.647058823529413,"total":17.0},"Small Group (2-9)":{"raw":3.0,"perc":17.647058823529413,"total":17.0},"Various":{"raw":1.0,"perc":5.88235294117647,"total":17.0},"Group Ceremony":{"raw":8.0,"perc":47.058823529411761,"total":17.0}},"Multi-Day Experience":{"Festival / Lg. Crowd":{"raw":1.0,"perc":100.0,"total":1.0}},"Retrospective / Summary":{"Alone":{"raw":2.0,"perc":33.333333333333329,"total":6.0},"Group Ceremony":{"raw":1.0,"perc":16.666666666666664,"total":6.0},"Various":{"raw":3.0,"perc":50.0,"total":6.0}},"Preparation / Recipes":{"Alone":{"raw":2.0,"perc":66.666666666666657,"total":3.0},"Festival / Lg. Crowd":{"raw":1.0,"perc":33.333333333333329,"total":3.0}},"Personal Preparation":{"Alone":{"raw":2.0,"perc":40.0,"total":5.0},"Small Group (2-9)":{"raw":1.0,"perc":20.0,"total":5.0},"Various":{"raw":1.0,"perc":20.0,"total":5.0},"Group Ceremony":{"raw":1.0,"perc":20.0,"total":5.0}},"First Times":{"Large Group (10+)":{"raw":1.0,"perc":11.111111111111111,"total":9.0},"Small Group (2-9)":{"raw":2.0,"perc":22.222222222222221,"total":9.0},"Group Ceremony":{"raw":5.0,"perc":55.555555555555557,"total":9.0},"Festival / Lg. Crowd":{"raw":1.0,"perc":11.111111111111111,"total":9.0}},"General":{"Small Group (2-9)":{"raw":3.0,"perc":37.5,"total":8.0},"Group Ceremony":{"raw":2.0,"perc":25.0,"total":8.0},"Various":{"raw":1.0,"perc":12.5,"total":8.0},"Alone":{"raw":2.0,"perc":25.0,"total":8.0}},"Relationships":{"Small Group (2-9)":{"raw":2.0,"perc":66.666666666666657,"total":3.0},"Group Ceremony":{"raw":1.0,"perc":33.333333333333329,"total":3.0}},"Health Benefits":{"Alone":{"raw":1.0,"perc":100.0,"total":1.0}},"Depression":{"Group Ceremony":{"raw":1.0,"perc":100.0,"total":1.0}},"Guides / Sitters":{"Small Group (2-9)":{"raw":2.0,"perc":20.0,"total":10.0},"Group Ceremony":{"raw":8.0,"perc":80.0,"total":10.0}},"Entities / Beings":{"Group Ceremony":{"raw":6.0,"perc":66.666666666666657,"total":9.0},"Small Group (2-9)":{"raw":1.0,"perc":11.111111111111111,"total":9.0},"Various":{"raw":1.0,"perc":11.111111111111111,"total":9.0},"Alone":{"raw":1.0,"perc":11.111111111111111,"total":9.0}},"Music Discussion":{"Small Group (2-9)":{"raw":1.0,"perc":33.333333333333329,"total":3.0},"Alone":{"raw":1.0,"perc":33.333333333333329,"total":3.0},"Group Ceremony":{"raw":1.0,"perc":33.333333333333329,"total":3.0}},"Nature / Outdoors":{"Various":{"raw":1.0,"perc":33.333333333333329,"total":3.0},"Alone":{"raw":1.0,"perc":33.333333333333329,"total":3.0},"Small Group (2-9)":{"raw":1.0,"perc":33.333333333333329,"total":3.0}},"Therapeutic Intent or Outcome":{"Group Ceremony":{"raw":6.0,"perc":100.0,"total":6.0}}},"Breathing":{"General":{"Small Group (2-9)":{"raw":3.0,"perc":30.0,"total":10.0},"Alone":{"raw":7.0,"perc":70.0,"total":10.0}},"Mystical Experiences":{"Group Ceremony":{"raw":1.0,"perc":25.0,"total":4.0},"Alone":{"raw":3.0,"perc":75.0,"total":4.0}},"Families":{"Group Ceremony":{"raw":1.0,"perc":100.0,"total":1.0}},"Guides / Sitters":{"Group Ceremony":{"raw":1.0,"perc":100.0,"total":1.0}},"Entities / Beings":{"Alone":{"raw":2.0,"perc":100.0,"total":2.0}},"Health Problems":{"Unknown Context":{"raw":1.0,"perc":33.333333333333329,"total":3.0},"Not Applicable":{"raw":1.0,"perc":33.333333333333329,"total":3.0},"Large Group (10+)":{"raw":1.0,"perc":33.333333333333329,"total":3.0}},"Glowing Experiences":{"Large Group (10+)":{"raw":1.0,"perc":20.0,"total":5.0},"Alone":{"raw":3.0,"perc":60.0,"total":5.0},"Small Group (2-9)":{"raw":1.0,"perc":20.0,"total":5.0}},"First Times":{"Small Group (2-9)":{"raw":2.0,"perc":50.0,"total":4.0},"Not Applicable":{"raw":1.0,"perc":25.0,"total":4.0},"Alone":{"raw":1.0,"perc":25.0,"total":4.0}},"Post Trip Problems":{"Not Applicable":{"raw":1.0,"perc":50.0,"total":2.0},"Large Group (10+)":{"raw":1.0,"perc":50.0,"total":2.0}},"Retrospective / Summary":{"Alone":{"raw":1.0,"perc":33.333333333333329,"total":3.0},"Small Group (2-9)":{"raw":1.0,"perc":33.333333333333329,"total":3.0},"Not Applicable":{"raw":1.0,"perc":33.333333333333329,"total":3.0}},"Health Benefits":{"Alone":{"raw":1.0,"perc":100.0,"total":1.0}},"Sex Discussion":{"Alone":{"raw":1.0,"perc":100.0,"total":1.0}},"Preparation / Recipes":{"Small Group (2-9)":{"raw":1.0,"perc":100.0,"total":1.0}},"Nature / Outdoors":{"Small Group (2-9)":{"raw":1.0,"perc":100.0,"total":1.0}},"Medical Use":{"Hospital":{"raw":1.0,"perc":100.0,"total":1.0}},"Therapeutic Intent or Outcome":{"Hospital":{"raw":1.0,"perc":100.0,"total":1.0}},"Depression":{"Not Applicable":{"raw":1.0,"perc":100.0,"total":1.0}}},"Hyperventilation":{"General":{"Small Group (2-9)":{"raw":2.0,"perc":40.0,"total":5.0},"Alone":{"raw":3.0,"perc":60.0,"total":5.0}},"Mystical Experiences":{"Group Ceremony":{"raw":1.0,"perc":50.0,"total":2.0},"Alone":{"raw":1.0,"perc":50.0,"total":2.0}},"Families":{"Group Ceremony":{"raw":1.0,"perc":100.0,"total":1.0}},"Guides / Sitters":{"Group Ceremony":{"raw":1.0,"perc":100.0,"total":1.0}},"Health Problems":{"Unknown Context":{"raw":1.0,"perc":50.0,"total":2.0},"Not Applicable":{"raw":1.0,"perc":50.0,"total":2.0}},"First Times":{"Small Group (2-9)":{"raw":1.0,"perc":33.333333333333329,"total":3.0},"Not Applicable":{"raw":1.0,"perc":33.333333333333329,"total":3.0},"Alone":{"raw":1.0,"perc":33.333333333333329,"total":3.0}},"Post Trip Problems":{"Not Applicable":{"raw":1.0,"perc":100.0,"total":1.0}},"Glowing Experiences":{"Alone":{"raw":1.0,"perc":100.0,"total":1.0}}},"Migraines":{"Retrospective / Summary":{"Unknown Context":{"raw":2.0,"perc":33.333333333333329,"total":6.0},"Various":{"raw":1.0,"perc":16.666666666666664,"total":6.0},"Not Applicable":{"raw":2.0,"perc":33.333333333333329,"total":6.0},"Alone":{"raw":1.0,"perc":16.666666666666664,"total":6.0}},"Health Problems":{"Unknown Context":{"raw":1.0,"perc":16.666666666666664,"total":6.0},"Various":{"raw":1.0,"perc":16.666666666666664,"total":6.0},"Not Applicable":{"raw":2.0,"perc":33.333333333333329,"total":6.0},"Small Group (2-9)":{"raw":1.0,"perc":16.666666666666664,"total":6.0},"Alone":{"raw":1.0,"perc":16.666666666666664,"total":6.0}},"Depression":{"Unknown Context":{"raw":1.0,"perc":33.333333333333329,"total":3.0},"Not Applicable":{"raw":1.0,"perc":33.333333333333329,"total":3.0},"Small Group (2-9)":{"raw":1.0,"perc":33.333333333333329,"total":3.0}},"Post Trip Problems":{"Unknown Context":{"raw":1.0,"perc":25.0,"total":4.0},"Various":{"raw":1.0,"perc":25.0,"total":4.0},"Not Applicable":{"raw":1.0,"perc":25.0,"total":4.0},"Alone":{"raw":1.0,"perc":25.0,"total":4.0}},"Health Benefits":{"Various":{"raw":1.0,"perc":8.3333333333333321,"total":12.0},"Not Applicable":{"raw":5.0,"perc":41.666666666666671,"total":12.0},"Unknown Context":{"raw":4.0,"perc":33.333333333333329,"total":12.0},"Small Group (2-9)":{"raw":1.0,"perc":8.3333333333333321,"total":12.0},"Alone":{"raw":1.0,"perc":8.3333333333333321,"total":12.0}},"Medical Use":{"Not Applicable":{"raw":3.0,"perc":37.5,"total":8.0},"Unknown Context":{"raw":2.0,"perc":25.0,"total":8.0},"Alone":{"raw":2.0,"perc":25.0,"total":8.0},"Small Group (2-9)":{"raw":1.0,"perc":12.5,"total":8.0}},"Second Hand Report":{"Small Group (2-9)":{"raw":1.0,"perc":100.0,"total":1.0}},"Hangover / Days After":{"Unknown Context":{"raw":1.0,"perc":33.333333333333329,"total":3.0},"Small Group (2-9)":{"raw":1.0,"perc":33.333333333333329,"total":3.0},"Alone":{"raw":1.0,"perc":33.333333333333329,"total":3.0}},"Glowing Experiences":{"Small Group (2-9)":{"raw":1.0,"perc":100.0,"total":1.0}},"Mystical Experiences":{"Small Group (2-9)":{"raw":1.0,"perc":100.0,"total":1.0}},"Relationships":{"Small Group (2-9)":{"raw":1.0,"perc":100.0,"total":1.0}},"General":{"Not Applicable":{"raw":1.0,"perc":100.0,"total":1.0}},"Difficult Experiences":{"Not Applicable":{"raw":1.0,"perc":100.0,"total":1.0}},"Entities / Beings":{"Alone":{"raw":1.0,"perc":100.0,"total":1.0}},"Music Discussion":{"Alone":{"raw":1.0,"perc":100.0,"total":1.0}},"What Was in That?":{"Small Group (2-9)":{"raw":1.0,"perc":100.0,"total":1.0}},"Therapeutic Intent or Outcome":{"Unknown Context":{"raw":1.0,"perc":100.0,"total":1.0}}},"Floatation Tank":{"General":{"Alone":{"raw":3.0,"perc":100.0,"total":3.0}},"Health Problems":{"Alone":{"raw":1.0,"perc":100.0,"total":1.0}},"Health Benefits":{"Alone":{"raw":1.0,"perc":100.0,"total":1.0}},"First Times":{"Alone":{"raw":3.0,"perc":100.0,"total":3.0}},"Hangover / Days After":{"Alone":{"raw":1.0,"perc":100.0,"total":1.0}},"Preparation / Recipes":{"Alone":{"raw":1.0,"perc":100.0,"total":1.0}}},"Fasting":{"General":{"Unknown Context":{"raw":1.0,"perc":11.111111111111111,"total":9.0},"Various":{"raw":2.0,"perc":22.222222222222221,"total":9.0},"Alone":{"raw":5.0,"perc":55.555555555555557,"total":9.0},"Not Applicable":{"raw":1.0,"perc":11.111111111111111,"total":9.0}},"Health Benefits":{"Unknown Context":{"raw":1.0,"perc":33.333333333333329,"total":3.0},"Various":{"raw":1.0,"perc":33.333333333333329,"total":3.0},"Not Applicable":{"raw":1.0,"perc":33.333333333333329,"total":3.0}},"Difficult Experiences":{"Alone":{"raw":2.0,"perc":66.666666666666657,"total":3.0},"Small Group (2-9)":{"raw":1.0,"perc":33.333333333333329,"total":3.0}},"Mystical Experiences":{"Alone":{"raw":5.0,"perc":100.0,"total":5.0}},"Entities / Beings":{"Alone":{"raw":4.0,"perc":100.0,"total":4.0}},"Multi-Day Experience":{"Various":{"raw":1.0,"perc":20.0,"total":5.0},"Alone":{"raw":3.0,"perc":60.0,"total":5.0},"Small Group (2-9)":{"raw":1.0,"perc":20.0,"total":5.0}},"Glowing Experiences":{"Alone":{"raw":1.0,"perc":100.0,"total":1.0}},"Retrospective / Summary":{"Various":{"raw":5.0,"perc":62.5,"total":8.0},"Alone":{"raw":2.0,"perc":25.0,"total":8.0},"Not Applicable":{"raw":1.0,"perc":12.5,"total":8.0}},"Personal Preparation":{"Various":{"raw":1.0,"perc":25.0,"total":4.0},"Alone":{"raw":3.0,"perc":75.0,"total":4.0}},"Relationships":{"Various":{"raw":1.0,"perc":100.0,"total":1.0}},"Nature / Outdoors":{"Alone":{"raw":2.0,"perc":100.0,"total":2.0}},"Post Trip Problems":{"Hospital":{"raw":1.0,"perc":100.0,"total":1.0}},"First Times":{"Alone":{"raw":1.0,"perc":100.0,"total":1.0}},"Therapeutic Intent or Outcome":{"Alone":{"raw":1.0,"perc":100.0,"total":1.0}}},"Guiding":{"Retrospective / Summary":{"Small Group (2-9)":{"raw":1.0,"perc":50.0,"total":2.0},"Rave / Dance Event":{"raw":1.0,"perc":50.0,"total":2.0}},"Glowing Experiences":{"Rave / Dance Event":{"raw":1.0,"perc":50.0,"total":2.0},"Small Group (2-9)":{"raw":1.0,"perc":50.0,"total":2.0}},"Mystical Experiences":{"Rave / Dance Event":{"raw":1.0,"perc":100.0,"total":1.0}},"Guides / Sitters":{"Rave / Dance Event":{"raw":1.0,"perc":33.333333333333329,"total":3.0},"Small Group (2-9)":{"raw":2.0,"perc":66.666666666666657,"total":3.0}},"First Times":{"Small Group (2-9)":{"raw":1.0,"perc":100.0,"total":1.0}},"Nature / Outdoors":{"Small Group (2-9)":{"raw":2.0,"perc":100.0,"total":2.0}},"General":{"Small Group (2-9)":{"raw":1.0,"perc":100.0,"total":1.0}}},"Nitrogen Narcosis":{"General":{"Small Group (2-9)":{"raw":2.0,"perc":40.0,"total":5.0},"Alone":{"raw":2.0,"perc":40.0,"total":5.0},"Various":{"raw":1.0,"perc":20.0,"total":5.0}},"Nature / Outdoors":{"Small Group (2-9)":{"raw":1.0,"perc":100.0,"total":1.0}},"First Times":{"Alone":{"raw":1.0,"perc":50.0,"total":2.0},"Various":{"raw":1.0,"perc":50.0,"total":2.0}},"Retrospective / Summary":{"Various":{"raw":1.0,"perc":100.0,"total":1.0}},"Difficult Experiences":{"Various":{"raw":1.0,"perc":100.0,"total":1.0}},"Entities / Beings":{"Various":{"raw":1.0,"perc":100.0,"total":1.0}}},"Yoga / Bodywork":{"Glowing Experiences":{"Alone":{"raw":8.0,"perc":44.444444444444443,"total":18.0},"Various":{"raw":1.0,"perc":5.5555555555555554,"total":18.0},"Small Group (2-9)":{"raw":7.0,"perc":38.888888888888893,"total":18.0},"Group Ceremony":{"raw":1.0,"perc":5.5555555555555554,"total":18.0},"Festival / Lg. Crowd":{"raw":1.0,"perc":5.5555555555555554,"total":18.0}},"Mystical Experiences":{"Alone":{"raw":5.0,"perc":50.0,"total":10.0},"Small Group (2-9)":{"raw":2.0,"perc":20.0,"total":10.0},"Various":{"raw":2.0,"perc":20.0,"total":10.0},"Group Ceremony":{"raw":1.0,"perc":10.0,"total":10.0}},"Entities / Beings":{"Alone":{"raw":4.0,"perc":80.0,"total":5.0},"Small Group (2-9)":{"raw":1.0,"perc":20.0,"total":5.0}},"General":{"Various":{"raw":1.0,"perc":5.5555555555555554,"total":18.0},"Alone":{"raw":6.0,"perc":33.333333333333329,"total":18.0},"Small Group (2-9)":{"raw":9.0,"perc":50.0,"total":18.0},"Festival / Lg. Crowd":{"raw":1.0,"perc":5.5555555555555554,"total":18.0},"Not Applicable":{"raw":1.0,"perc":5.5555555555555554,"total":18.0}},"Multi-Day Experience":{"Various":{"raw":1.0,"perc":100.0,"total":1.0}},"Preparation / Recipes":{"Alone":{"raw":1.0,"perc":100.0,"total":1.0}},"Music Discussion":{"Alone":{"raw":3.0,"perc":60.0,"total":5.0},"Small Group (2-9)":{"raw":2.0,"perc":40.0,"total":5.0}},"Retrospective / Summary":{"Small Group (2-9)":{"raw":1.0,"perc":16.666666666666664,"total":6.0},"Various":{"raw":2.0,"perc":33.333333333333329,"total":6.0},"Alone":{"raw":1.0,"perc":16.666666666666664,"total":6.0},"Not Applicable":{"raw":2.0,"perc":33.333333333333329,"total":6.0}},"Sex Discussion":{"Small Group (2-9)":{"raw":2.0,"perc":100.0,"total":2.0}},"Health Problems":{"Small Group (2-9)":{"raw":1.0,"perc":100.0,"total":1.0}},"Relationships":{"Small Group (2-9)":{"raw":1.0,"perc":100.0,"total":1.0}},"Hangover / Days After":{"Small Group (2-9)":{"raw":1.0,"perc":100.0,"total":1.0}},"First Times":{"Alone":{"raw":3.0,"perc":50.0,"total":6.0},"Group Ceremony":{"raw":1.0,"perc":16.666666666666664,"total":6.0},"Various":{"raw":1.0,"perc":16.666666666666664,"total":6.0},"Small Group (2-9)":{"raw":1.0,"perc":16.666666666666664,"total":6.0}},"Health Benefits":{"Small Group (2-9)":{"raw":2.0,"perc":100.0,"total":2.0}},"Nature / Outdoors":{"Alone":{"raw":2.0,"perc":66.666666666666657,"total":3.0},"Small Group (2-9)":{"raw":1.0,"perc":33.333333333333329,"total":3.0}},"Guides / Sitters":{"Group Ceremony":{"raw":1.0,"perc":50.0,"total":2.0},"Small Group (2-9)":{"raw":1.0,"perc":50.0,"total":2.0}},"Families":{"Alone":{"raw":1.0,"perc":100.0,"total":1.0}},"Therapeutic Intent or Outcome":{"Alone":{"raw":1.0,"perc":50.0,"total":2.0},"Various":{"raw":1.0,"perc":50.0,"total":2.0}},"Depression":{"Various":{"raw":1.0,"perc":100.0,"total":1.0}},"Post Trip Problems":{"Not Applicable":{"raw":1.0,"perc":100.0,"total":1.0}},"Performance Enhancement":{"Not Applicable":{"raw":1.0,"perc":100.0,"total":1.0}}},"Devices":{"Music Discussion":{"Alone":{"raw":3.0,"perc":75.0,"total":4.0},"Small Group (2-9)":{"raw":1.0,"perc":25.0,"total":4.0}},"General":{"Alone":{"raw":7.0,"perc":70.0,"total":10.0},"Small Group (2-9)":{"raw":2.0,"perc":20.0,"total":10.0},"Not Applicable":{"raw":1.0,"perc":10.0,"total":10.0}},"First Times":{"Alone":{"raw":6.0,"perc":85.714285714285708,"total":7.0},"Unknown Context":{"raw":1.0,"perc":14.285714285714285,"total":7.0}},"Difficult Experiences":{"Alone":{"raw":1.0,"perc":100.0,"total":1.0}},"Glowing Experiences":{"Alone":{"raw":4.0,"perc":50.0,"total":8.0},"Various":{"raw":1.0,"perc":12.5,"total":8.0},"Small Group (2-9)":{"raw":2.0,"perc":25.0,"total":8.0},"Not Applicable":{"raw":1.0,"perc":12.5,"total":8.0}},"Mystical Experiences":{"Alone":{"raw":3.0,"perc":60.0,"total":5.0},"Small Group (2-9)":{"raw":2.0,"perc":40.0,"total":5.0}},"Health Benefits":{"Alone":{"raw":1.0,"perc":50.0,"total":2.0},"Small Group (2-9)":{"raw":1.0,"perc":50.0,"total":2.0}},"Relationships":{"Small Group (2-9)":{"raw":2.0,"perc":100.0,"total":2.0}},"Retrospective / Summary":{"Not Applicable":{"raw":1.0,"perc":100.0,"total":1.0}},"Entities / Beings":{"Small Group (2-9)":{"raw":1.0,"perc":50.0,"total":2.0},"Alone":{"raw":1.0,"perc":50.0,"total":2.0}}},"Devices - Mind Machine":{"General":{"Alone":{"raw":5.0,"perc":83.333333333333343,"total":6.0},"Small Group (2-9)":{"raw":1.0,"perc":16.666666666666664,"total":6.0}},"First Times":{"Alone":{"raw":2.0,"perc":100.0,"total":2.0}},"Difficult Experiences":{"Alone":{"raw":1.0,"perc":100.0,"total":1.0}},"Glowing Experiences":{"Alone":{"raw":2.0,"perc":40.0,"total":5.0},"Various":{"raw":1.0,"perc":20.0,"total":5.0},"Small Group (2-9)":{"raw":1.0,"perc":20.0,"total":5.0},"Not Applicable":{"raw":1.0,"perc":20.0,"total":5.0}},"Mystical Experiences":{"Alone":{"raw":3.0,"perc":75.0,"total":4.0},"Small Group (2-9)":{"raw":1.0,"perc":25.0,"total":4.0}},"Music Discussion":{"Alone":{"raw":1.0,"perc":50.0,"total":2.0},"Small Group (2-9)":{"raw":1.0,"perc":50.0,"total":2.0}},"Health Benefits":{"Alone":{"raw":1.0,"perc":50.0,"total":2.0},"Small Group (2-9)":{"raw":1.0,"perc":50.0,"total":2.0}},"Relationships":{"Small Group (2-9)":{"raw":1.0,"perc":100.0,"total":1.0}},"Retrospective / Summary":{"Not Applicable":{"raw":1.0,"perc":100.0,"total":1.0}},"Entities / Beings":{"Alone":{"raw":1.0,"perc":100.0,"total":1.0}}},"Mindfulness":{"Retrospective / Summary":{"Various":{"raw":2.0,"perc":66.666666666666657,"total":3.0},"Not Applicable":{"raw":1.0,"perc":33.333333333333329,"total":3.0}},"Health Benefits":{"Various":{"raw":1.0,"perc":50.0,"total":2.0},"Small Group (2-9)":{"raw":1.0,"perc":50.0,"total":2.0}},"Depression":{"Various":{"raw":1.0,"perc":50.0,"total":2.0},"Alone":{"raw":1.0,"perc":50.0,"total":2.0}},"General":{"Not Applicable":{"raw":1.0,"perc":25.0,"total":4.0},"Alone":{"raw":1.0,"perc":25.0,"total":4.0},"Various":{"raw":2.0,"perc":50.0,"total":4.0}},"Music Discussion":{"Not Applicable":{"raw":1.0,"perc":100.0,"total":1.0}},"Glowing Experiences":{"Small Group (2-9)":{"raw":1.0,"perc":20.0,"total":5.0},"Alone":{"raw":2.0,"perc":40.0,"total":5.0},"Various":{"raw":2.0,"perc":40.0,"total":5.0}},"Mystical Experiences":{"Small Group (2-9)":{"raw":2.0,"perc":40.0,"total":5.0},"Alone":{"raw":2.0,"perc":40.0,"total":5.0},"Various":{"raw":1.0,"perc":20.0,"total":5.0}},"Nature / Outdoors":{"Small Group (2-9)":{"raw":1.0,"perc":33.333333333333329,"total":3.0},"Alone":{"raw":1.0,"perc":33.333333333333329,"total":3.0},"Various":{"raw":1.0,"perc":33.333333333333329,"total":3.0}},"First Times":{"Small Group (2-9)":{"raw":1.0,"perc":50.0,"total":2.0},"Alone":{"raw":1.0,"perc":50.0,"total":2.0}},"Entities / Beings":{"Small Group (2-9)":{"raw":1.0,"perc":25.0,"total":4.0},"Alone":{"raw":1.0,"perc":25.0,"total":4.0},"Various":{"raw":2.0,"perc":50.0,"total":4.0}},"Guides / Sitters":{"Small Group (2-9)":{"raw":1.0,"perc":100.0,"total":1.0}},"Relationships":{"Small Group (2-9)":{"raw":1.0,"perc":33.333333333333329,"total":3.0},"Alone":{"raw":1.0,"perc":33.333333333333329,"total":3.0},"Various":{"raw":1.0,"perc":33.333333333333329,"total":3.0}},"Therapeutic Intent or Outcome":{"Alone":{"raw":1.0,"perc":50.0,"total":2.0},"Various":{"raw":1.0,"perc":50.0,"total":2.0}},"Personal Preparation":{"Alone":{"raw":1.0,"perc":50.0,"total":2.0},"Various":{"raw":1.0,"perc":50.0,"total":2.0}},"Preparation / Recipes":{"Various":{"raw":1.0,"perc":100.0,"total":1.0}}},"Devices - Magnetic":{"First Times":{"Alone":{"raw":1.0,"perc":50.0,"total":2.0},"Unknown Context":{"raw":1.0,"perc":50.0,"total":2.0}}},"Sweating":{"First Times":{"Group Ceremony":{"raw":3.0,"perc":75.0,"total":4.0},"Alone":{"raw":1.0,"perc":25.0,"total":4.0}},"General":{"Group Ceremony":{"raw":2.0,"perc":50.0,"total":4.0},"Alone":{"raw":1.0,"perc":25.0,"total":4.0},"Small Group (2-9)":{"raw":1.0,"perc":25.0,"total":4.0}},"Retrospective / Summary":{"Group Ceremony":{"raw":1.0,"perc":50.0,"total":2.0},"Alone":{"raw":1.0,"perc":50.0,"total":2.0}},"Depression":{"Group Ceremony":{"raw":1.0,"perc":100.0,"total":1.0}},"Glowing Experiences":{"Group Ceremony":{"raw":1.0,"perc":100.0,"total":1.0}},"Entities / Beings":{"Group Ceremony":{"raw":1.0,"perc":100.0,"total":1.0}},"Preparation / Recipes":{"Alone":{"raw":1.0,"perc":50.0,"total":2.0},"Small Group (2-9)":{"raw":1.0,"perc":50.0,"total":2.0}},"Health Benefits":{"Alone":{"raw":1.0,"perc":100.0,"total":1.0}},"Sex Discussion":{"Alone":{"raw":1.0,"perc":100.0,"total":1.0}}},"Conferences":{"General":{"Various":{"raw":1.0,"perc":7.6923076923076925,"total":13.0},"Alone":{"raw":2.0,"perc":15.384615384615385,"total":13.0},"Festival / Lg. Crowd":{"raw":10.0,"perc":76.923076923076934,"total":13.0}},"Entities / Beings":{"Various":{"raw":1.0,"perc":100.0,"total":1.0}},"Nature / Outdoors":{"Various":{"raw":1.0,"perc":100.0,"total":1.0}},"Poetry":{"Various":{"raw":1.0,"perc":100.0,"total":1.0}},"Retrospective / Summary":{"Alone":{"raw":2.0,"perc":100.0,"total":2.0}},"Mystical Experiences":{"Alone":{"raw":1.0,"perc":100.0,"total":1.0}},"Post Trip Problems":{"Alone":{"raw":1.0,"perc":100.0,"total":1.0}},"Health Problems":{"Alone":{"raw":1.0,"perc":100.0,"total":1.0}},"Guides / Sitters":{"Alone":{"raw":1.0,"perc":100.0,"total":1.0}},"Overdose":{"Alone":{"raw":1.0,"perc":100.0,"total":1.0}},"Hangover / Days After":{"Alone":{"raw":1.0,"perc":100.0,"total":1.0}},"Glowing Experiences":{"Festival / Lg. Crowd":{"raw":2.0,"perc":100.0,"total":2.0}},"Difficult Experiences":{"Small Group (2-9)":{"raw":1.0,"perc":100.0,"total":1.0}},"Second Hand Report":{"Small Group (2-9)":{"raw":1.0,"perc":100.0,"total":1.0}}},"Chanting":{"Difficult Experiences":{"Alone":{"raw":1.0,"perc":100.0,"total":1.0}},"Mystical Experiences":{"Alone":{"raw":1.0,"perc":100.0,"total":1.0}},"Entities / Beings":{"Alone":{"raw":1.0,"perc":100.0,"total":1.0}}},"Humor":{"General":{"Small Group (2-9)":{"raw":1.0,"perc":33.333333333333329,"total":3.0},"Various":{"raw":1.0,"perc":33.333333333333329,"total":3.0},"Alone":{"raw":1.0,"perc":33.333333333333329,"total":3.0}},"Glowing Experiences":{"Small Group (2-9)":{"raw":1.0,"perc":100.0,"total":1.0}},"Entities / Beings":{"Various":{"raw":1.0,"perc":100.0,"total":1.0}},"Nature / Outdoors":{"Various":{"raw":1.0,"perc":100.0,"total":1.0}},"Multi-Day Experience":{"Various":{"raw":2.0,"perc":100.0,"total":2.0}},"Retrospective / Summary":{"Various":{"raw":1.0,"perc":100.0,"total":1.0}},"Difficult Experiences":{"Various":{"raw":1.0,"perc":50.0,"total":2.0},"Small Group (2-9)":{"raw":1.0,"perc":50.0,"total":2.0}},"Mystical Experiences":{"Various":{"raw":1.0,"perc":100.0,"total":1.0}},"Therapeutic Intent or Outcome":{"Various":{"raw":1.0,"perc":100.0,"total":1.0}},"Performance Enhancement":{"Various":{"raw":1.0,"perc":100.0,"total":1.0}},"Bad Trips":{"Small Group (2-9)":{"raw":1.0,"perc":100.0,"total":1.0}},"Health Problems":{"Small Group (2-9)":{"raw":1.0,"perc":100.0,"total":1.0}}},"Music":{"General":{"Various":{"raw":1.0,"perc":33.333333333333329,"total":3.0},"Alone":{"raw":2.0,"perc":66.666666666666657,"total":3.0}},"Mystical Experiences":{"Various":{"raw":1.0,"perc":100.0,"total":1.0}},"What Was in That?":{"Various":{"raw":1.0,"perc":100.0,"total":1.0}},"Hangover / Days After":{"Various":{"raw":1.0,"perc":100.0,"total":1.0}},"Glowing Experiences":{"Small Group (2-9)":{"raw":1.0,"perc":100.0,"total":1.0}},"Nature / Outdoors":{"Small Group (2-9)":{"raw":1.0,"perc":100.0,"total":1.0}},"Therapeutic Intent or Outcome":{"Alone":{"raw":1.0,"perc":100.0,"total":1.0}}},"Sound (non-music)":{"Difficult Experiences":{"Alone":{"raw":1.0,"perc":100.0,"total":1.0}},"Hangover / Days After":{"Alone":{"raw":1.0,"perc":100.0,"total":1.0}}}}