{"Drug Testing":{"Festival / Lg. Crowd":{"General":{"raw":2.0,"perc":66.666666666666657,"total":3.0},"Post Trip Problems":{"raw":1.0,"perc":33.333333333333329,"total":3.0}},"Unknown Context":{"General":{"raw":13.0,"perc":72.222222222222214,"total":18.0},"Retrospective / Summary":{"raw":1.0,"perc":5.5555555555555554,"total":18.0},"Post Trip Problems":{"raw":3.0,"perc":16.666666666666664,"total":18.0},"Health Problems":{"raw":1.0,"perc":5.5555555555555554,"total":18.0}},"Alone":{"General":{"raw":10.0,"perc":71.428571428571431,"total":14.0},"Bad Trips":{"raw":2.0,"perc":14.285714285714285,"total":14.0},"Health Problems":{"raw":1.0,"perc":7.1428571428571423,"total":14.0},"Post Trip Problems":{"raw":1.0,"perc":7.1428571428571423,"total":14.0}},"Not Applicable":{"General":{"raw":79.0,"perc":75.238095238095241,"total":105.0},"Personal Preparation":{"raw":1.0,"perc":0.95238095238095244,"total":105.0},"Preparation / Recipes":{"raw":4.0,"perc":3.8095238095238098,"total":105.0},"Second Hand Report":{"raw":2.0,"perc":1.9047619047619049,"total":105.0},"Retrospective / Summary":{"raw":9.0,"perc":8.5714285714285712,"total":105.0},"Medical Use":{"raw":5.0,"perc":4.7619047619047619,"total":105.0},"Difficult Experiences":{"raw":2.0,"perc":1.9047619047619049,"total":105.0},"Multi-Day Experience":{"raw":3.0,"perc":2.8571428571428572,"total":105.0}},"Hospital":{"General":{"raw":9.0,"perc":81.818181818181827,"total":11.0},"Depression":{"raw":1.0,"perc":9.0909090909090917,"total":11.0},"Post Trip Problems":{"raw":1.0,"perc":9.0909090909090917,"total":11.0}},"Small Group (2-9)":{"Second Hand Report":{"raw":1.0,"perc":20.0,"total":5.0},"General":{"raw":3.0,"perc":60.0,"total":5.0},"Bad Trips":{"raw":1.0,"perc":20.0,"total":5.0}},"School":{"Health Problems":{"raw":1.0,"perc":16.666666666666664,"total":6.0},"Overdose":{"raw":1.0,"perc":16.666666666666664,"total":6.0},"General":{"raw":3.0,"perc":50.0,"total":6.0},"Post Trip Problems":{"raw":1.0,"perc":16.666666666666664,"total":6.0}},"Various":{"General":{"raw":4.0,"perc":80.0,"total":5.0},"Retrospective / Summary":{"raw":1.0,"perc":20.0,"total":5.0}},"Military":{"Retrospective / Summary":{"raw":1.0,"perc":100.0,"total":1.0}}},"Sleep Deprivation":{"Various":{"General":{"raw":11.0,"perc":23.913043478260871,"total":46.0},"Difficult Experiences":{"raw":6.0,"perc":13.043478260869565,"total":46.0},"Health Problems":{"raw":4.0,"perc":8.695652173913043,"total":46.0},"Retrospective / Summary":{"raw":4.0,"perc":8.695652173913043,"total":46.0},"Health Benefits":{"raw":1.0,"perc":2.1739130434782608,"total":46.0},"Entities / Beings":{"raw":2.0,"perc":4.3478260869565215,"total":46.0},"Mystical Experiences":{"raw":1.0,"perc":2.1739130434782608,"total":46.0},"Depression":{"raw":1.0,"perc":2.1739130434782608,"total":46.0},"First Times":{"raw":1.0,"perc":2.1739130434782608,"total":46.0},"Loss of Magic":{"raw":2.0,"perc":4.3478260869565215,"total":46.0},"Multi-Day Experience":{"raw":8.0,"perc":17.391304347826086,"total":46.0},"Hangover / Days After":{"raw":2.0,"perc":4.3478260869565215,"total":46.0},"Bad Trips":{"raw":1.0,"perc":2.1739130434782608,"total":46.0},"Sex Discussion":{"raw":1.0,"perc":2.1739130434782608,"total":46.0},"Overdose":{"raw":1.0,"perc":2.1739130434782608,"total":46.0}},"Alone":{"General":{"raw":10.0,"perc":31.25,"total":32.0},"Multi-Day Experience":{"raw":7.0,"perc":21.875,"total":32.0},"Retrospective / Summary":{"raw":1.0,"perc":3.125,"total":32.0},"Medical Use":{"raw":1.0,"perc":3.125,"total":32.0},"Difficult Experiences":{"raw":4.0,"perc":12.5,"total":32.0},"First Times":{"raw":1.0,"perc":3.125,"total":32.0},"Hangover / Days After":{"raw":3.0,"perc":9.375,"total":32.0},"Bad Trips":{"raw":1.0,"perc":3.125,"total":32.0},"Post Trip Problems":{"raw":1.0,"perc":3.125,"total":32.0},"Performance Enhancement":{"raw":2.0,"perc":6.25,"total":32.0},"Preparation / Recipes":{"raw":1.0,"perc":3.125,"total":32.0}},"Small Group (2-9)":{"General":{"raw":4.0,"perc":13.333333333333334,"total":30.0},"Music Discussion":{"raw":2.0,"perc":6.666666666666667,"total":30.0},"Health Problems":{"raw":3.0,"perc":10.0,"total":30.0},"Multi-Day Experience":{"raw":4.0,"perc":13.333333333333334,"total":30.0},"First Times":{"raw":3.0,"perc":10.0,"total":30.0},"Bad Trips":{"raw":2.0,"perc":6.666666666666667,"total":30.0},"Entities / Beings":{"raw":1.0,"perc":3.3333333333333335,"total":30.0},"HPPD / Lasting Visuals":{"raw":1.0,"perc":3.3333333333333335,"total":30.0},"Difficult Experiences":{"raw":2.0,"perc":6.666666666666667,"total":30.0},"What Was in That?":{"raw":1.0,"perc":3.3333333333333335,"total":30.0},"Hangover / Days After":{"raw":1.0,"perc":3.3333333333333335,"total":30.0},"Glowing Experiences":{"raw":1.0,"perc":3.3333333333333335,"total":30.0},"Mystical Experiences":{"raw":1.0,"perc":3.3333333333333335,"total":30.0},"Health Benefits":{"raw":1.0,"perc":3.3333333333333335,"total":30.0},"Guides / Sitters":{"raw":1.0,"perc":3.3333333333333335,"total":30.0},"Overdose":{"raw":1.0,"perc":3.3333333333333335,"total":30.0},"Post Trip Problems":{"raw":1.0,"perc":3.3333333333333335,"total":30.0}},"Large Group (10+)":{"First Times":{"raw":1.0,"perc":16.666666666666664,"total":6.0},"Glowing Experiences":{"raw":1.0,"perc":16.666666666666664,"total":6.0},"Music Discussion":{"raw":1.0,"perc":16.666666666666664,"total":6.0},"Multi-Day Experience":{"raw":1.0,"perc":16.666666666666664,"total":6.0},"Sex Discussion":{"raw":1.0,"perc":16.666666666666664,"total":6.0},"General":{"raw":1.0,"perc":16.666666666666664,"total":6.0}},"Hospital":{"Health Problems":{"raw":1.0,"perc":50.0,"total":2.0},"HPPD / Lasting Visuals":{"raw":1.0,"perc":50.0,"total":2.0}},"Festival / Lg. Crowd":{"General":{"raw":1.0,"perc":14.285714285714285,"total":7.0},"Difficult Experiences":{"raw":1.0,"perc":14.285714285714285,"total":7.0},"Mystical Experiences":{"raw":1.0,"perc":14.285714285714285,"total":7.0},"Guides / Sitters":{"raw":1.0,"perc":14.285714285714285,"total":7.0},"Music Discussion":{"raw":1.0,"perc":14.285714285714285,"total":7.0},"Relationships":{"raw":1.0,"perc":14.285714285714285,"total":7.0},"Hangover / Days After":{"raw":1.0,"perc":14.285714285714285,"total":7.0}},"Not Applicable":{"Retrospective / Summary":{"raw":1.0,"perc":16.666666666666664,"total":6.0},"Health Problems":{"raw":1.0,"perc":16.666666666666664,"total":6.0},"Hangover / Days After":{"raw":1.0,"perc":16.666666666666664,"total":6.0},"Difficult Experiences":{"raw":1.0,"perc":16.666666666666664,"total":6.0},"Performance Enhancement":{"raw":1.0,"perc":16.666666666666664,"total":6.0},"Multi-Day Experience":{"raw":1.0,"perc":16.666666666666664,"total":6.0}},"Unknown Context":{"Difficult Experiences":{"raw":1.0,"perc":16.666666666666664,"total":6.0},"Mystical Experiences":{"raw":1.0,"perc":16.666666666666664,"total":6.0},"Multi-Day Experience":{"raw":1.0,"perc":16.666666666666664,"total":6.0},"General":{"raw":2.0,"perc":33.333333333333329,"total":6.0},"Hangover / Days After":{"raw":1.0,"perc":16.666666666666664,"total":6.0}}},"OBE":{"Alone":{"General":{"raw":11.0,"perc":32.352941176470587,"total":34.0},"Mystical Experiences":{"raw":4.0,"perc":11.76470588235294,"total":34.0},"Medical Use":{"raw":1.0,"perc":2.9411764705882351,"total":34.0},"Retrospective / Summary":{"raw":1.0,"perc":2.9411764705882351,"total":34.0},"Glowing Experiences":{"raw":5.0,"perc":14.705882352941178,"total":34.0},"Depression":{"raw":1.0,"perc":2.9411764705882351,"total":34.0},"Difficult Experiences":{"raw":1.0,"perc":2.9411764705882351,"total":34.0},"Entities / Beings":{"raw":4.0,"perc":11.76470588235294,"total":34.0},"First Times":{"raw":1.0,"perc":2.9411764705882351,"total":34.0},"Sex Discussion":{"raw":1.0,"perc":2.9411764705882351,"total":34.0},"What Was in That?":{"raw":1.0,"perc":2.9411764705882351,"total":34.0},"Personal Preparation":{"raw":1.0,"perc":2.9411764705882351,"total":34.0},"Multi-Day Experience":{"raw":1.0,"perc":2.9411764705882351,"total":34.0},"Hangover / Days After":{"raw":1.0,"perc":2.9411764705882351,"total":34.0}},"Small Group (2-9)":{"General":{"raw":8.0,"perc":12.903225806451612,"total":62.0},"Nature / Outdoors":{"raw":1.0,"perc":1.6129032258064515,"total":62.0},"Mystical Experiences":{"raw":8.0,"perc":12.903225806451612,"total":62.0},"Difficult Experiences":{"raw":7.0,"perc":11.29032258064516,"total":62.0},"Entities / Beings":{"raw":8.0,"perc":12.903225806451612,"total":62.0},"Guides / Sitters":{"raw":3.0,"perc":4.838709677419355,"total":62.0},"First Times":{"raw":7.0,"perc":11.29032258064516,"total":62.0},"Depression":{"raw":1.0,"perc":1.6129032258064515,"total":62.0},"Post Trip Problems":{"raw":2.0,"perc":3.225806451612903,"total":62.0},"Retrospective / Summary":{"raw":1.0,"perc":1.6129032258064515,"total":62.0},"Sex Discussion":{"raw":1.0,"perc":1.6129032258064515,"total":62.0},"Second Hand Report":{"raw":1.0,"perc":1.6129032258064515,"total":62.0},"Glowing Experiences":{"raw":5.0,"perc":8.064516129032258,"total":62.0},"Overdose":{"raw":2.0,"perc":3.225806451612903,"total":62.0},"Hangover / Days After":{"raw":2.0,"perc":3.225806451612903,"total":62.0},"Bad Trips":{"raw":1.0,"perc":1.6129032258064515,"total":62.0},"Music Discussion":{"raw":1.0,"perc":1.6129032258064515,"total":62.0},"Multi-Day Experience":{"raw":1.0,"perc":1.6129032258064515,"total":62.0},"Health Problems":{"raw":1.0,"perc":1.6129032258064515,"total":62.0},"Relationships":{"raw":1.0,"perc":1.6129032258064515,"total":62.0}},"Various":{"General":{"raw":1.0,"perc":25.0,"total":4.0},"Difficult Experiences":{"raw":2.0,"perc":50.0,"total":4.0},"Post Trip Problems":{"raw":1.0,"perc":25.0,"total":4.0}},"Large Group (10+)":{"General":{"raw":1.0,"perc":50.0,"total":2.0},"Difficult Experiences":{"raw":1.0,"perc":50.0,"total":2.0}},"School":{"General":{"raw":1.0,"perc":50.0,"total":2.0},"Hangover / Days After":{"raw":1.0,"perc":50.0,"total":2.0}},"Rave / Dance Event":{"Mystical Experiences":{"raw":1.0,"perc":100.0,"total":1.0}},"Not Applicable":{"Retrospective / Summary":{"raw":1.0,"perc":50.0,"total":2.0},"Entities / Beings":{"raw":1.0,"perc":50.0,"total":2.0}}},"Dreams":{"Alone":{"General":{"raw":93.0,"perc":35.769230769230766,"total":260.0},"Difficult Experiences":{"raw":10.0,"perc":3.8461538461538463,"total":260.0},"First Times":{"raw":26.0,"perc":10.0,"total":260.0},"Preparation / Recipes":{"raw":6.0,"perc":2.3076923076923079,"total":260.0},"Glowing Experiences":{"raw":25.0,"perc":9.6153846153846168,"total":260.0},"Retrospective / Summary":{"raw":41.0,"perc":15.769230769230768,"total":260.0},"Entities / Beings":{"raw":15.0,"perc":5.7692307692307692,"total":260.0},"Sex Discussion":{"raw":3.0,"perc":1.153846153846154,"total":260.0},"Hangover / Days After":{"raw":5.0,"perc":1.9230769230769231,"total":260.0},"Post Trip Problems":{"raw":3.0,"perc":1.153846153846154,"total":260.0},"Health Benefits":{"raw":5.0,"perc":1.9230769230769231,"total":260.0},"Depression":{"raw":5.0,"perc":1.9230769230769231,"total":260.0},"Multi-Day Experience":{"raw":3.0,"perc":1.153846153846154,"total":260.0},"Mystical Experiences":{"raw":4.0,"perc":1.5384615384615385,"total":260.0},"Health Problems":{"raw":2.0,"perc":0.76923076923076927,"total":260.0},"Medical Use":{"raw":7.0,"perc":2.6923076923076925,"total":260.0},"Music Discussion":{"raw":1.0,"perc":0.38461538461538464,"total":260.0},"Therapeutic Intent or Outcome":{"raw":6.0,"perc":2.3076923076923079,"total":260.0}},"Unknown Context":{"First Times":{"raw":1.0,"perc":8.3333333333333321,"total":12.0},"Retrospective / Summary":{"raw":2.0,"perc":16.666666666666664,"total":12.0},"Health Problems":{"raw":1.0,"perc":8.3333333333333321,"total":12.0},"Post Trip Problems":{"raw":3.0,"perc":25.0,"total":12.0},"General":{"raw":4.0,"perc":33.333333333333329,"total":12.0},"Overdose":{"raw":1.0,"perc":8.3333333333333321,"total":12.0}},"Small Group (2-9)":{"First Times":{"raw":7.0,"perc":26.923076923076923,"total":26.0},"Mystical Experiences":{"raw":1.0,"perc":3.8461538461538463,"total":26.0},"General":{"raw":6.0,"perc":23.076923076923077,"total":26.0},"Entities / Beings":{"raw":3.0,"perc":11.538461538461538,"total":26.0},"Sex Discussion":{"raw":1.0,"perc":3.8461538461538463,"total":26.0},"Difficult Experiences":{"raw":1.0,"perc":3.8461538461538463,"total":26.0},"Guides / Sitters":{"raw":1.0,"perc":3.8461538461538463,"total":26.0},"Depression":{"raw":1.0,"perc":3.8461538461538463,"total":26.0},"Hangover / Days After":{"raw":1.0,"perc":3.8461538461538463,"total":26.0},"Second Hand Report":{"raw":2.0,"perc":7.6923076923076925,"total":26.0},"Glowing Experiences":{"raw":1.0,"perc":3.8461538461538463,"total":26.0},"Nature / Outdoors":{"raw":1.0,"perc":3.8461538461538463,"total":26.0}},"Hospital":{"Retrospective / Summary":{"raw":1.0,"perc":33.333333333333329,"total":3.0},"Glowing Experiences":{"raw":1.0,"perc":33.333333333333329,"total":3.0},"Medical Use":{"raw":1.0,"perc":33.333333333333329,"total":3.0}},"Not Applicable":{"Mystical Experiences":{"raw":3.0,"perc":10.344827586206897,"total":29.0},"General":{"raw":6.0,"perc":20.689655172413794,"total":29.0},"Relationships":{"raw":1.0,"perc":3.4482758620689653,"total":29.0},"Health Benefits":{"raw":2.0,"perc":6.8965517241379306,"total":29.0},"Medical Use":{"raw":3.0,"perc":10.344827586206897,"total":29.0},"Nature / Outdoors":{"raw":1.0,"perc":3.4482758620689653,"total":29.0},"Hangover / Days After":{"raw":1.0,"perc":3.4482758620689653,"total":29.0},"Retrospective / Summary":{"raw":6.0,"perc":20.689655172413794,"total":29.0},"Sex Discussion":{"raw":1.0,"perc":3.4482758620689653,"total":29.0},"Entities / Beings":{"raw":2.0,"perc":6.8965517241379306,"total":29.0},"Multi-Day Experience":{"raw":2.0,"perc":6.8965517241379306,"total":29.0},"Preparation / Recipes":{"raw":1.0,"perc":3.4482758620689653,"total":29.0}},"Various":{"Retrospective / Summary":{"raw":4.0,"perc":44.444444444444443,"total":9.0},"Glowing Experiences":{"raw":1.0,"perc":11.111111111111111,"total":9.0},"First Times":{"raw":1.0,"perc":11.111111111111111,"total":9.0},"Health Problems":{"raw":1.0,"perc":11.111111111111111,"total":9.0},"Overdose":{"raw":1.0,"perc":11.111111111111111,"total":9.0},"Difficult Experiences":{"raw":1.0,"perc":11.111111111111111,"total":9.0}},"Rave / Dance Event":{"First Times":{"raw":1.0,"perc":50.0,"total":2.0},"Sex Discussion":{"raw":1.0,"perc":50.0,"total":2.0}}},"Endogenous":{"Alone":{"Bad Trips":{"raw":3.0,"perc":14.285714285714285,"total":21.0},"Health Problems":{"raw":2.0,"perc":9.5238095238095237,"total":21.0},"General":{"raw":4.0,"perc":19.047619047619047,"total":21.0},"Glowing Experiences":{"raw":1.0,"perc":4.7619047619047619,"total":21.0},"HPPD / Lasting Visuals":{"raw":1.0,"perc":4.7619047619047619,"total":21.0},"Post Trip Problems":{"raw":1.0,"perc":4.7619047619047619,"total":21.0},"First Times":{"raw":2.0,"perc":9.5238095238095237,"total":21.0},"Mystical Experiences":{"raw":2.0,"perc":9.5238095238095237,"total":21.0},"Therapeutic Intent or Outcome":{"raw":1.0,"perc":4.7619047619047619,"total":21.0},"Hangover / Days After":{"raw":1.0,"perc":4.7619047619047619,"total":21.0},"Entities / Beings":{"raw":1.0,"perc":4.7619047619047619,"total":21.0},"Difficult Experiences":{"raw":1.0,"perc":4.7619047619047619,"total":21.0},"Medical Use":{"raw":1.0,"perc":4.7619047619047619,"total":21.0}},"Small Group (2-9)":{"General":{"raw":1.0,"perc":11.111111111111111,"total":9.0},"First Times":{"raw":1.0,"perc":11.111111111111111,"total":9.0},"Difficult Experiences":{"raw":3.0,"perc":33.333333333333329,"total":9.0},"Bad Trips":{"raw":1.0,"perc":11.111111111111111,"total":9.0},"Health Problems":{"raw":1.0,"perc":11.111111111111111,"total":9.0},"Guides / Sitters":{"raw":1.0,"perc":11.111111111111111,"total":9.0},"Depression":{"raw":1.0,"perc":11.111111111111111,"total":9.0}},"Various":{"First Times":{"raw":1.0,"perc":20.0,"total":5.0},"Multi-Day Experience":{"raw":1.0,"perc":20.0,"total":5.0},"Retrospective / Summary":{"raw":1.0,"perc":20.0,"total":5.0},"Health Problems":{"raw":1.0,"perc":20.0,"total":5.0},"Depression":{"raw":1.0,"perc":20.0,"total":5.0}},"Hospital":{"Retrospective / Summary":{"raw":1.0,"perc":20.0,"total":5.0},"HPPD / Lasting Visuals":{"raw":1.0,"perc":20.0,"total":5.0},"Overdose":{"raw":1.0,"perc":20.0,"total":5.0},"Depression":{"raw":1.0,"perc":20.0,"total":5.0},"Post Trip Problems":{"raw":1.0,"perc":20.0,"total":5.0}},"Not Applicable":{"Glowing Experiences":{"raw":1.0,"perc":8.3333333333333321,"total":12.0},"First Times":{"raw":1.0,"perc":8.3333333333333321,"total":12.0},"Difficult Experiences":{"raw":1.0,"perc":8.3333333333333321,"total":12.0},"Health Problems":{"raw":3.0,"perc":25.0,"total":12.0},"Retrospective / Summary":{"raw":2.0,"perc":16.666666666666664,"total":12.0},"Medical Use":{"raw":1.0,"perc":8.3333333333333321,"total":12.0},"Hangover / Days After":{"raw":1.0,"perc":8.3333333333333321,"total":12.0},"General":{"raw":2.0,"perc":16.666666666666664,"total":12.0}},"Unknown Context":{"General":{"raw":2.0,"perc":22.222222222222221,"total":9.0},"Mystical Experiences":{"raw":1.0,"perc":11.111111111111111,"total":9.0},"Entities / Beings":{"raw":1.0,"perc":11.111111111111111,"total":9.0},"Medical Use":{"raw":1.0,"perc":11.111111111111111,"total":9.0},"Second Hand Report":{"raw":1.0,"perc":11.111111111111111,"total":9.0},"Health Problems":{"raw":1.0,"perc":11.111111111111111,"total":9.0},"Post Trip Problems":{"raw":1.0,"perc":11.111111111111111,"total":9.0},"Multi-Day Experience":{"raw":1.0,"perc":11.111111111111111,"total":9.0}}},"Police / Customs":{"Various":{"General":{"raw":6.0,"perc":10.526315789473683,"total":57.0},"Retrospective / Summary":{"raw":6.0,"perc":10.526315789473683,"total":57.0},"Glowing Experiences":{"raw":3.0,"perc":5.2631578947368416,"total":57.0},"First Times":{"raw":5.0,"perc":8.7719298245614024,"total":57.0},"Health Problems":{"raw":1.0,"perc":1.7543859649122806,"total":57.0},"Entities / Beings":{"raw":2.0,"perc":3.5087719298245612,"total":57.0},"Post Trip Problems":{"raw":8.0,"perc":14.035087719298245,"total":57.0},"Difficult Experiences":{"raw":4.0,"perc":7.0175438596491224,"total":57.0},"Depression":{"raw":1.0,"perc":1.7543859649122806,"total":57.0},"Multi-Day Experience":{"raw":2.0,"perc":3.5087719298245612,"total":57.0},"Music Discussion":{"raw":3.0,"perc":5.2631578947368416,"total":57.0},"Hangover / Days After":{"raw":3.0,"perc":5.2631578947368416,"total":57.0},"Bad Trips":{"raw":3.0,"perc":5.2631578947368416,"total":57.0},"Relationships":{"raw":2.0,"perc":3.5087719298245612,"total":57.0},"Personal Preparation":{"raw":1.0,"perc":1.7543859649122806,"total":57.0},"Guides / Sitters":{"raw":2.0,"perc":3.5087719298245612,"total":57.0},"Nature / Outdoors":{"raw":2.0,"perc":3.5087719298245612,"total":57.0},"Preparation / Recipes":{"raw":2.0,"perc":3.5087719298245612,"total":57.0},"Performance Enhancement":{"raw":1.0,"perc":1.7543859649122806,"total":57.0}},"Large Group (10+)":{"General":{"raw":1.0,"perc":100.0,"total":1.0}},"Alone":{"General":{"raw":3.0,"perc":14.285714285714285,"total":21.0},"Bad Trips":{"raw":1.0,"perc":4.7619047619047619,"total":21.0},"Overdose":{"raw":2.0,"perc":9.5238095238095237,"total":21.0},"Difficult Experiences":{"raw":5.0,"perc":23.809523809523807,"total":21.0},"Retrospective / Summary":{"raw":1.0,"perc":4.7619047619047619,"total":21.0},"Entities / Beings":{"raw":3.0,"perc":14.285714285714285,"total":21.0},"Post Trip Problems":{"raw":2.0,"perc":9.5238095238095237,"total":21.0},"Hangover / Days After":{"raw":2.0,"perc":9.5238095238095237,"total":21.0},"Multi-Day Experience":{"raw":1.0,"perc":4.7619047619047619,"total":21.0},"Glowing Experiences":{"raw":1.0,"perc":4.7619047619047619,"total":21.0}},"Small Group (2-9)":{"First Times":{"raw":6.0,"perc":8.5714285714285712,"total":70.0},"Retrospective / Summary":{"raw":3.0,"perc":4.2857142857142856,"total":70.0},"General":{"raw":17.0,"perc":24.285714285714285,"total":70.0},"Bad Trips":{"raw":10.0,"perc":14.285714285714285,"total":70.0},"Preparation / Recipes":{"raw":1.0,"perc":1.4285714285714286,"total":70.0},"Post Trip Problems":{"raw":5.0,"perc":7.1428571428571423,"total":70.0},"Difficult Experiences":{"raw":9.0,"perc":12.857142857142856,"total":70.0},"Second Hand Report":{"raw":7.0,"perc":10.0,"total":70.0},"Entities / Beings":{"raw":3.0,"perc":4.2857142857142856,"total":70.0},"Depression":{"raw":2.0,"perc":2.8571428571428572,"total":70.0},"Nature / Outdoors":{"raw":1.0,"perc":1.4285714285714286,"total":70.0},"Health Problems":{"raw":3.0,"perc":4.2857142857142856,"total":70.0},"HPPD / Lasting Visuals":{"raw":1.0,"perc":1.4285714285714286,"total":70.0},"Overdose":{"raw":1.0,"perc":1.4285714285714286,"total":70.0},"Families":{"raw":1.0,"perc":1.4285714285714286,"total":70.0}},"School":{"General":{"raw":3.0,"perc":42.857142857142854,"total":7.0},"Health Benefits":{"raw":1.0,"perc":14.285714285714285,"total":7.0},"Hangover / Days After":{"raw":1.0,"perc":14.285714285714285,"total":7.0},"Retrospective / Summary":{"raw":1.0,"perc":14.285714285714285,"total":7.0},"Post Trip Problems":{"raw":1.0,"perc":14.285714285714285,"total":7.0}},"Unknown Context":{"General":{"raw":1.0,"perc":50.0,"total":2.0},"Glowing Experiences":{"raw":1.0,"perc":50.0,"total":2.0}},"Not Applicable":{"General":{"raw":5.0,"perc":71.428571428571431,"total":7.0},"Retrospective / Summary":{"raw":1.0,"perc":14.285714285714285,"total":7.0},"Preparation / Recipes":{"raw":1.0,"perc":14.285714285714285,"total":7.0}},"Hospital":{"Difficult Experiences":{"raw":6.0,"perc":37.5,"total":16.0},"Bad Trips":{"raw":1.0,"perc":6.25,"total":16.0},"Second Hand Report":{"raw":1.0,"perc":6.25,"total":16.0},"Overdose":{"raw":3.0,"perc":18.75,"total":16.0},"Depression":{"raw":1.0,"perc":6.25,"total":16.0},"Hangover / Days After":{"raw":2.0,"perc":12.5,"total":16.0},"Therapeutic Intent or Outcome":{"raw":1.0,"perc":6.25,"total":16.0},"First Times":{"raw":1.0,"perc":6.25,"total":16.0}},"Rave / Dance Event":{"First Times":{"raw":1.0,"perc":50.0,"total":2.0},"Music Discussion":{"raw":1.0,"perc":50.0,"total":2.0}},"Club / Bar":{"General":{"raw":1.0,"perc":14.285714285714285,"total":7.0},"Retrospective / Summary":{"raw":1.0,"perc":14.285714285714285,"total":7.0},"Difficult Experiences":{"raw":1.0,"perc":14.285714285714285,"total":7.0},"Glowing Experiences":{"raw":1.0,"perc":14.285714285714285,"total":7.0},"Mystical Experiences":{"raw":1.0,"perc":14.285714285714285,"total":7.0},"Music Discussion":{"raw":1.0,"perc":14.285714285714285,"total":7.0},"Relationships":{"raw":1.0,"perc":14.285714285714285,"total":7.0}},"Festival / Lg. Crowd":{"Mystical Experiences":{"raw":1.0,"perc":50.0,"total":2.0},"Music Discussion":{"raw":1.0,"perc":50.0,"total":2.0}}},"Meditation":{"Alone":{"General":{"raw":21.0,"perc":22.340425531914892,"total":94.0},"Retrospective / Summary":{"raw":14.0,"perc":14.893617021276595,"total":94.0},"Health Benefits":{"raw":5.0,"perc":5.3191489361702127,"total":94.0},"Personal Preparation":{"raw":3.0,"perc":3.1914893617021276,"total":94.0},"Depression":{"raw":1.0,"perc":1.0638297872340425,"total":94.0},"Mystical Experiences":{"raw":6.0,"perc":6.3829787234042552,"total":94.0},"Preparation / Recipes":{"raw":2.0,"perc":2.1276595744680851,"total":94.0},"Glowing Experiences":{"raw":15.0,"perc":15.957446808510639,"total":94.0},"Multi-Day Experience":{"raw":2.0,"perc":2.1276595744680851,"total":94.0},"First Times":{"raw":5.0,"perc":5.3191489361702127,"total":94.0},"Entities / Beings":{"raw":5.0,"perc":5.3191489361702127,"total":94.0},"Difficult Experiences":{"raw":3.0,"perc":3.1914893617021276,"total":94.0},"Poetry":{"raw":1.0,"perc":1.0638297872340425,"total":94.0},"Music Discussion":{"raw":4.0,"perc":4.25531914893617,"total":94.0},"Nature / Outdoors":{"raw":1.0,"perc":1.0638297872340425,"total":94.0},"What Was in That?":{"raw":1.0,"perc":1.0638297872340425,"total":94.0},"Therapeutic Intent or Outcome":{"raw":1.0,"perc":1.0638297872340425,"total":94.0},"Guides / Sitters":{"raw":1.0,"perc":1.0638297872340425,"total":94.0},"Relationships":{"raw":1.0,"perc":1.0638297872340425,"total":94.0},"Post Trip Problems":{"raw":1.0,"perc":1.0638297872340425,"total":94.0},"Hangover / Days After":{"raw":1.0,"perc":1.0638297872340425,"total":94.0}},"Various":{"Retrospective / Summary":{"raw":10.0,"perc":32.258064516129032,"total":31.0},"Bad Trips":{"raw":1.0,"perc":3.225806451612903,"total":31.0},"Mystical Experiences":{"raw":3.0,"perc":9.67741935483871,"total":31.0},"General":{"raw":4.0,"perc":12.903225806451612,"total":31.0},"Health Problems":{"raw":2.0,"perc":6.4516129032258061,"total":31.0},"Glowing Experiences":{"raw":3.0,"perc":9.67741935483871,"total":31.0},"Health Benefits":{"raw":1.0,"perc":3.225806451612903,"total":31.0},"Sex Discussion":{"raw":1.0,"perc":3.225806451612903,"total":31.0},"Entities / Beings":{"raw":2.0,"perc":6.4516129032258061,"total":31.0},"Multi-Day Experience":{"raw":1.0,"perc":3.225806451612903,"total":31.0},"Relationships":{"raw":1.0,"perc":3.225806451612903,"total":31.0},"Music Discussion":{"raw":1.0,"perc":3.225806451612903,"total":31.0},"Therapeutic Intent or Outcome":{"raw":1.0,"perc":3.225806451612903,"total":31.0}},"Small Group (2-9)":{"Glowing Experiences":{"raw":8.0,"perc":19.047619047619047,"total":42.0},"Mystical Experiences":{"raw":4.0,"perc":9.5238095238095237,"total":42.0},"General":{"raw":7.0,"perc":16.666666666666664,"total":42.0},"First Times":{"raw":5.0,"perc":11.904761904761903,"total":42.0},"Therapeutic Intent or Outcome":{"raw":1.0,"perc":2.3809523809523809,"total":42.0},"Guides / Sitters":{"raw":2.0,"perc":4.7619047619047619,"total":42.0},"Retrospective / Summary":{"raw":1.0,"perc":2.3809523809523809,"total":42.0},"Second Hand Report":{"raw":1.0,"perc":2.3809523809523809,"total":42.0},"Entities / Beings":{"raw":3.0,"perc":7.1428571428571423,"total":42.0},"Personal Preparation":{"raw":2.0,"perc":4.7619047619047619,"total":42.0},"Sex Discussion":{"raw":2.0,"perc":4.7619047619047619,"total":42.0},"Music Discussion":{"raw":1.0,"perc":2.3809523809523809,"total":42.0},"Nature / Outdoors":{"raw":3.0,"perc":7.1428571428571423,"total":42.0},"Multi-Day Experience":{"raw":1.0,"perc":2.3809523809523809,"total":42.0},"Relationships":{"raw":1.0,"perc":2.3809523809523809,"total":42.0}},"Not Applicable":{"Retrospective / Summary":{"raw":2.0,"perc":50.0,"total":4.0},"General":{"raw":1.0,"perc":25.0,"total":4.0},"Therapeutic Intent or Outcome":{"raw":1.0,"perc":25.0,"total":4.0}},"Unknown Context":{"Retrospective / Summary":{"raw":2.0,"perc":40.0,"total":5.0},"Glowing Experiences":{"raw":1.0,"perc":20.0,"total":5.0},"Health Benefits":{"raw":1.0,"perc":20.0,"total":5.0},"Mystical Experiences":{"raw":1.0,"perc":20.0,"total":5.0}},"Hospital":{"Mystical Experiences":{"raw":1.0,"perc":33.333333333333329,"total":3.0},"Entities / Beings":{"raw":1.0,"perc":33.333333333333329,"total":3.0},"Hangover / Days After":{"raw":1.0,"perc":33.333333333333329,"total":3.0}},"Large Group (10+)":{"General":{"raw":2.0,"perc":40.0,"total":5.0},"Mystical Experiences":{"raw":1.0,"perc":20.0,"total":5.0},"Entities / Beings":{"raw":1.0,"perc":20.0,"total":5.0},"Glowing Experiences":{"raw":1.0,"perc":20.0,"total":5.0}},"Group Ceremony":{"Glowing Experiences":{"raw":2.0,"perc":16.666666666666664,"total":12.0},"Mystical Experiences":{"raw":2.0,"perc":16.666666666666664,"total":12.0},"Music Discussion":{"raw":1.0,"perc":8.3333333333333321,"total":12.0},"First Times":{"raw":1.0,"perc":8.3333333333333321,"total":12.0},"Guides / Sitters":{"raw":1.0,"perc":8.3333333333333321,"total":12.0},"Difficult Experiences":{"raw":1.0,"perc":8.3333333333333321,"total":12.0},"Post Trip Problems":{"raw":1.0,"perc":8.3333333333333321,"total":12.0},"Hangover / Days After":{"raw":1.0,"perc":8.3333333333333321,"total":12.0},"General":{"raw":1.0,"perc":8.3333333333333321,"total":12.0},"Therapeutic Intent or Outcome":{"raw":1.0,"perc":8.3333333333333321,"total":12.0}},"Rave / Dance Event":{"First Times":{"raw":1.0,"perc":20.0,"total":5.0},"Glowing Experiences":{"raw":1.0,"perc":20.0,"total":5.0},"Relationships":{"raw":1.0,"perc":20.0,"total":5.0},"Retrospective / Summary":{"raw":1.0,"perc":20.0,"total":5.0},"Loss of Magic":{"raw":1.0,"perc":20.0,"total":5.0}}},"Ritual":{"Small Group (2-9)":{"Sex Discussion":{"raw":3.0,"perc":13.636363636363635,"total":22.0},"First Times":{"raw":2.0,"perc":9.0909090909090917,"total":22.0},"General":{"raw":3.0,"perc":13.636363636363635,"total":22.0},"Mystical Experiences":{"raw":3.0,"perc":13.636363636363635,"total":22.0},"Relationships":{"raw":2.0,"perc":9.0909090909090917,"total":22.0},"Difficult Experiences":{"raw":2.0,"perc":9.0909090909090917,"total":22.0},"Guides / Sitters":{"raw":2.0,"perc":9.0909090909090917,"total":22.0},"Glowing Experiences":{"raw":1.0,"perc":4.5454545454545459,"total":22.0},"Entities / Beings":{"raw":1.0,"perc":4.5454545454545459,"total":22.0},"Personal Preparation":{"raw":1.0,"perc":4.5454545454545459,"total":22.0},"Music Discussion":{"raw":1.0,"perc":4.5454545454545459,"total":22.0},"Nature / Outdoors":{"raw":1.0,"perc":4.5454545454545459,"total":22.0}},"Festival / Lg. Crowd":{"Difficult Experiences":{"raw":1.0,"perc":14.285714285714285,"total":7.0},"Glowing Experiences":{"raw":1.0,"perc":14.285714285714285,"total":7.0},"Mystical Experiences":{"raw":2.0,"perc":28.571428571428569,"total":7.0},"Multi-Day Experience":{"raw":1.0,"perc":14.285714285714285,"total":7.0},"First Times":{"raw":1.0,"perc":14.285714285714285,"total":7.0},"Preparation / Recipes":{"raw":1.0,"perc":14.285714285714285,"total":7.0}},"Alone":{"Retrospective / Summary":{"raw":2.0,"perc":11.111111111111111,"total":18.0},"Preparation / Recipes":{"raw":2.0,"perc":11.111111111111111,"total":18.0},"Mystical Experiences":{"raw":3.0,"perc":16.666666666666664,"total":18.0},"Glowing Experiences":{"raw":2.0,"perc":11.111111111111111,"total":18.0},"Personal Preparation":{"raw":2.0,"perc":11.111111111111111,"total":18.0},"Sex Discussion":{"raw":1.0,"perc":5.5555555555555554,"total":18.0},"Health Benefits":{"raw":1.0,"perc":5.5555555555555554,"total":18.0},"General":{"raw":2.0,"perc":11.111111111111111,"total":18.0},"Music Discussion":{"raw":1.0,"perc":5.5555555555555554,"total":18.0},"Nature / Outdoors":{"raw":1.0,"perc":5.5555555555555554,"total":18.0},"Entities / Beings":{"raw":1.0,"perc":5.5555555555555554,"total":18.0}},"Various":{"Difficult Experiences":{"raw":1.0,"perc":11.111111111111111,"total":9.0},"Retrospective / Summary":{"raw":3.0,"perc":33.333333333333329,"total":9.0},"Personal Preparation":{"raw":1.0,"perc":11.111111111111111,"total":9.0},"General":{"raw":1.0,"perc":11.111111111111111,"total":9.0},"Mystical Experiences":{"raw":1.0,"perc":11.111111111111111,"total":9.0},"Entities / Beings":{"raw":1.0,"perc":11.111111111111111,"total":9.0},"Nature / Outdoors":{"raw":1.0,"perc":11.111111111111111,"total":9.0}},"Large Group (10+)":{"First Times":{"raw":1.0,"perc":100.0,"total":1.0}},"Group Ceremony":{"First Times":{"raw":5.0,"perc":11.111111111111111,"total":45.0},"General":{"raw":2.0,"perc":4.4444444444444446,"total":45.0},"Retrospective / Summary":{"raw":1.0,"perc":2.2222222222222223,"total":45.0},"Depression":{"raw":1.0,"perc":2.2222222222222223,"total":45.0},"Glowing Experiences":{"raw":5.0,"perc":11.111111111111111,"total":45.0},"Entities / Beings":{"raw":6.0,"perc":13.333333333333334,"total":45.0},"Mystical Experiences":{"raw":8.0,"perc":17.777777777777779,"total":45.0},"Guides / Sitters":{"raw":8.0,"perc":17.777777777777779,"total":45.0},"Personal Preparation":{"raw":1.0,"perc":2.2222222222222223,"total":45.0},"Therapeutic Intent or Outcome":{"raw":6.0,"perc":13.333333333333334,"total":45.0},"Relationships":{"raw":1.0,"perc":2.2222222222222223,"total":45.0},"Music Discussion":{"raw":1.0,"perc":2.2222222222222223,"total":45.0}}},"Breathing":{"Small Group (2-9)":{"General":{"raw":3.0,"perc":33.333333333333329,"total":9.0},"First Times":{"raw":2.0,"perc":22.222222222222221,"total":9.0},"Preparation / Recipes":{"raw":1.0,"perc":11.111111111111111,"total":9.0},"Glowing Experiences":{"raw":1.0,"perc":11.111111111111111,"total":9.0},"Nature / Outdoors":{"raw":1.0,"perc":11.111111111111111,"total":9.0},"Retrospective / Summary":{"raw":1.0,"perc":11.111111111111111,"total":9.0}},"Group Ceremony":{"Mystical Experiences":{"raw":1.0,"perc":33.333333333333329,"total":3.0},"Families":{"raw":1.0,"perc":33.333333333333329,"total":3.0},"Guides / Sitters":{"raw":1.0,"perc":33.333333333333329,"total":3.0}},"Alone":{"General":{"raw":7.0,"perc":36.84210526315789,"total":19.0},"Entities / Beings":{"raw":2.0,"perc":10.526315789473683,"total":19.0},"Retrospective / Summary":{"raw":1.0,"perc":5.2631578947368416,"total":19.0},"First Times":{"raw":1.0,"perc":5.2631578947368416,"total":19.0},"Glowing Experiences":{"raw":3.0,"perc":15.789473684210526,"total":19.0},"Mystical Experiences":{"raw":3.0,"perc":15.789473684210526,"total":19.0},"Health Benefits":{"raw":1.0,"perc":5.2631578947368416,"total":19.0},"Sex Discussion":{"raw":1.0,"perc":5.2631578947368416,"total":19.0}},"Unknown Context":{"Health Problems":{"raw":1.0,"perc":100.0,"total":1.0}},"Large Group (10+)":{"Glowing Experiences":{"raw":1.0,"perc":33.333333333333329,"total":3.0},"Health Problems":{"raw":1.0,"perc":33.333333333333329,"total":3.0},"Post Trip Problems":{"raw":1.0,"perc":33.333333333333329,"total":3.0}},"Not Applicable":{"First Times":{"raw":1.0,"perc":20.0,"total":5.0},"Health Problems":{"raw":1.0,"perc":20.0,"total":5.0},"Post Trip Problems":{"raw":1.0,"perc":20.0,"total":5.0},"Retrospective / Summary":{"raw":1.0,"perc":20.0,"total":5.0},"Depression":{"raw":1.0,"perc":20.0,"total":5.0}},"Hospital":{"Medical Use":{"raw":1.0,"perc":50.0,"total":2.0},"Therapeutic Intent or Outcome":{"raw":1.0,"perc":50.0,"total":2.0}}},"Hyperventilation":{"Small Group (2-9)":{"General":{"raw":2.0,"perc":66.666666666666657,"total":3.0},"First Times":{"raw":1.0,"perc":33.333333333333329,"total":3.0}},"Group Ceremony":{"Mystical Experiences":{"raw":1.0,"perc":33.333333333333329,"total":3.0},"Families":{"raw":1.0,"perc":33.333333333333329,"total":3.0},"Guides / Sitters":{"raw":1.0,"perc":33.333333333333329,"total":3.0}},"Alone":{"General":{"raw":3.0,"perc":50.0,"total":6.0},"First Times":{"raw":1.0,"perc":16.666666666666664,"total":6.0},"Glowing Experiences":{"raw":1.0,"perc":16.666666666666664,"total":6.0},"Mystical Experiences":{"raw":1.0,"perc":16.666666666666664,"total":6.0}},"Unknown Context":{"Health Problems":{"raw":1.0,"perc":100.0,"total":1.0}},"Not Applicable":{"First Times":{"raw":1.0,"perc":33.333333333333329,"total":3.0},"Health Problems":{"raw":1.0,"perc":33.333333333333329,"total":3.0},"Post Trip Problems":{"raw":1.0,"perc":33.333333333333329,"total":3.0}}},"Migraines":{"Unknown Context":{"Retrospective / Summary":{"raw":2.0,"perc":15.384615384615385,"total":13.0},"Health Problems":{"raw":1.0,"perc":7.6923076923076925,"total":13.0},"Depression":{"raw":1.0,"perc":7.6923076923076925,"total":13.0},"Post Trip Problems":{"raw":1.0,"perc":7.6923076923076925,"total":13.0},"Health Benefits":{"raw":4.0,"perc":30.76923076923077,"total":13.0},"Medical Use":{"raw":2.0,"perc":15.384615384615385,"total":13.0},"Hangover / Days After":{"raw":1.0,"perc":7.6923076923076925,"total":13.0},"Therapeutic Intent or Outcome":{"raw":1.0,"perc":7.6923076923076925,"total":13.0}},"Various":{"Retrospective / Summary":{"raw":1.0,"perc":25.0,"total":4.0},"Health Benefits":{"raw":1.0,"perc":25.0,"total":4.0},"Health Problems":{"raw":1.0,"perc":25.0,"total":4.0},"Post Trip Problems":{"raw":1.0,"perc":25.0,"total":4.0}},"Not Applicable":{"Health Benefits":{"raw":5.0,"perc":31.25,"total":16.0},"Medical Use":{"raw":3.0,"perc":18.75,"total":16.0},"Health Problems":{"raw":2.0,"perc":12.5,"total":16.0},"General":{"raw":1.0,"perc":6.25,"total":16.0},"Retrospective / Summary":{"raw":2.0,"perc":12.5,"total":16.0},"Difficult Experiences":{"raw":1.0,"perc":6.25,"total":16.0},"Depression":{"raw":1.0,"perc":6.25,"total":16.0},"Post Trip Problems":{"raw":1.0,"perc":6.25,"total":16.0}},"Small Group (2-9)":{"Health Benefits":{"raw":1.0,"perc":10.0,"total":10.0},"Second Hand Report":{"raw":1.0,"perc":10.0,"total":10.0},"Glowing Experiences":{"raw":1.0,"perc":10.0,"total":10.0},"Mystical Experiences":{"raw":1.0,"perc":10.0,"total":10.0},"Relationships":{"raw":1.0,"perc":10.0,"total":10.0},"Medical Use":{"raw":1.0,"perc":10.0,"total":10.0},"Depression":{"raw":1.0,"perc":10.0,"total":10.0},"Hangover / Days After":{"raw":1.0,"perc":10.0,"total":10.0},"Health Problems":{"raw":1.0,"perc":10.0,"total":10.0},"What Was in That?":{"raw":1.0,"perc":10.0,"total":10.0}},"Alone":{"Medical Use":{"raw":2.0,"perc":22.222222222222221,"total":9.0},"Entities / Beings":{"raw":1.0,"perc":11.111111111111111,"total":9.0},"Music Discussion":{"raw":1.0,"perc":11.111111111111111,"total":9.0},"Retrospective / Summary":{"raw":1.0,"perc":11.111111111111111,"total":9.0},"Health Benefits":{"raw":1.0,"perc":11.111111111111111,"total":9.0},"Health Problems":{"raw":1.0,"perc":11.111111111111111,"total":9.0},"Post Trip Problems":{"raw":1.0,"perc":11.111111111111111,"total":9.0},"Hangover / Days After":{"raw":1.0,"perc":11.111111111111111,"total":9.0}}},"Floatation Tank":{"Alone":{"General":{"raw":3.0,"perc":30.0,"total":10.0},"Health Problems":{"raw":1.0,"perc":10.0,"total":10.0},"Health Benefits":{"raw":1.0,"perc":10.0,"total":10.0},"First Times":{"raw":3.0,"perc":30.0,"total":10.0},"Hangover / Days After":{"raw":1.0,"perc":10.0,"total":10.0},"Preparation / Recipes":{"raw":1.0,"perc":10.0,"total":10.0}}},"Fasting":{"Unknown Context":{"General":{"raw":1.0,"perc":50.0,"total":2.0},"Health Benefits":{"raw":1.0,"perc":50.0,"total":2.0}},"Various":{"General":{"raw":2.0,"perc":18.181818181818183,"total":11.0},"Health Benefits":{"raw":1.0,"perc":9.0909090909090917,"total":11.0},"Multi-Day Experience":{"raw":1.0,"perc":9.0909090909090917,"total":11.0},"Retrospective / Summary":{"raw":5.0,"perc":45.454545454545453,"total":11.0},"Personal Preparation":{"raw":1.0,"perc":9.0909090909090917,"total":11.0},"Relationships":{"raw":1.0,"perc":9.0909090909090917,"total":11.0}},"Alone":{"Difficult Experiences":{"raw":2.0,"perc":6.8965517241379306,"total":29.0},"Mystical Experiences":{"raw":5.0,"perc":17.241379310344829,"total":29.0},"Entities / Beings":{"raw":4.0,"perc":13.793103448275861,"total":29.0},"General":{"raw":5.0,"perc":17.241379310344829,"total":29.0},"Glowing Experiences":{"raw":1.0,"perc":3.4482758620689653,"total":29.0},"Multi-Day Experience":{"raw":3.0,"perc":10.344827586206897,"total":29.0},"Retrospective / Summary":{"raw":2.0,"perc":6.8965517241379306,"total":29.0},"Personal Preparation":{"raw":3.0,"perc":10.344827586206897,"total":29.0},"Nature / Outdoors":{"raw":2.0,"perc":6.8965517241379306,"total":29.0},"First Times":{"raw":1.0,"perc":3.4482758620689653,"total":29.0},"Therapeutic Intent or Outcome":{"raw":1.0,"perc":3.4482758620689653,"total":29.0}},"Not Applicable":{"General":{"raw":1.0,"perc":33.333333333333329,"total":3.0},"Health Benefits":{"raw":1.0,"perc":33.333333333333329,"total":3.0},"Retrospective / Summary":{"raw":1.0,"perc":33.333333333333329,"total":3.0}},"Hospital":{"Post Trip Problems":{"raw":1.0,"perc":100.0,"total":1.0}},"Small Group (2-9)":{"Difficult Experiences":{"raw":1.0,"perc":50.0,"total":2.0},"Multi-Day Experience":{"raw":1.0,"perc":50.0,"total":2.0}}},"Guiding":{"Small Group (2-9)":{"Retrospective / Summary":{"raw":1.0,"perc":12.5,"total":8.0},"First Times":{"raw":1.0,"perc":12.5,"total":8.0},"Guides / Sitters":{"raw":2.0,"perc":25.0,"total":8.0},"Nature / Outdoors":{"raw":2.0,"perc":25.0,"total":8.0},"General":{"raw":1.0,"perc":12.5,"total":8.0},"Glowing Experiences":{"raw":1.0,"perc":12.5,"total":8.0}},"Rave / Dance Event":{"Retrospective / Summary":{"raw":1.0,"perc":25.0,"total":4.0},"Glowing Experiences":{"raw":1.0,"perc":25.0,"total":4.0},"Mystical Experiences":{"raw":1.0,"perc":25.0,"total":4.0},"Guides / Sitters":{"raw":1.0,"perc":25.0,"total":4.0}}},"Nitrogen Narcosis":{"Small Group (2-9)":{"General":{"raw":2.0,"perc":66.666666666666657,"total":3.0},"Nature / Outdoors":{"raw":1.0,"perc":33.333333333333329,"total":3.0}},"Alone":{"General":{"raw":2.0,"perc":66.666666666666657,"total":3.0},"First Times":{"raw":1.0,"perc":33.333333333333329,"total":3.0}},"Various":{"First Times":{"raw":1.0,"perc":20.0,"total":5.0},"General":{"raw":1.0,"perc":20.0,"total":5.0},"Retrospective / Summary":{"raw":1.0,"perc":20.0,"total":5.0},"Difficult Experiences":{"raw":1.0,"perc":20.0,"total":5.0},"Entities / Beings":{"raw":1.0,"perc":20.0,"total":5.0}}},"Yoga / Bodywork":{"Alone":{"Glowing Experiences":{"raw":8.0,"perc":22.857142857142858,"total":35.0},"Mystical Experiences":{"raw":5.0,"perc":14.285714285714285,"total":35.0},"Entities / Beings":{"raw":4.0,"perc":11.428571428571429,"total":35.0},"General":{"raw":6.0,"perc":17.142857142857142,"total":35.0},"Preparation / Recipes":{"raw":1.0,"perc":2.8571428571428572,"total":35.0},"Music Discussion":{"raw":3.0,"perc":8.5714285714285712,"total":35.0},"First Times":{"raw":3.0,"perc":8.5714285714285712,"total":35.0},"Nature / Outdoors":{"raw":2.0,"perc":5.7142857142857144,"total":35.0},"Retrospective / Summary":{"raw":1.0,"perc":2.8571428571428572,"total":35.0},"Families":{"raw":1.0,"perc":2.8571428571428572,"total":35.0},"Therapeutic Intent or Outcome":{"raw":1.0,"perc":2.8571428571428572,"total":35.0}},"Various":{"General":{"raw":1.0,"perc":10.0,"total":10.0},"Glowing Experiences":{"raw":1.0,"perc":10.0,"total":10.0},"Multi-Day Experience":{"raw":1.0,"perc":10.0,"total":10.0},"Retrospective / Summary":{"raw":2.0,"perc":20.0,"total":10.0},"Mystical Experiences":{"raw":2.0,"perc":20.0,"total":10.0},"First Times":{"raw":1.0,"perc":10.0,"total":10.0},"Therapeutic Intent or Outcome":{"raw":1.0,"perc":10.0,"total":10.0},"Depression":{"raw":1.0,"perc":10.0,"total":10.0}},"Small Group (2-9)":{"Retrospective / Summary":{"raw":1.0,"perc":3.125,"total":32.0},"Sex Discussion":{"raw":2.0,"perc":6.25,"total":32.0},"General":{"raw":9.0,"perc":28.125,"total":32.0},"Glowing Experiences":{"raw":7.0,"perc":21.875,"total":32.0},"Mystical Experiences":{"raw":2.0,"perc":6.25,"total":32.0},"Entities / Beings":{"raw":1.0,"perc":3.125,"total":32.0},"Health Problems":{"raw":1.0,"perc":3.125,"total":32.0},"Music Discussion":{"raw":2.0,"perc":6.25,"total":32.0},"Relationships":{"raw":1.0,"perc":3.125,"total":32.0},"Hangover / Days After":{"raw":1.0,"perc":3.125,"total":32.0},"Health Benefits":{"raw":2.0,"perc":6.25,"total":32.0},"Guides / Sitters":{"raw":1.0,"perc":3.125,"total":32.0},"First Times":{"raw":1.0,"perc":3.125,"total":32.0},"Nature / Outdoors":{"raw":1.0,"perc":3.125,"total":32.0}},"Group Ceremony":{"First Times":{"raw":1.0,"perc":25.0,"total":4.0},"Glowing Experiences":{"raw":1.0,"perc":25.0,"total":4.0},"Mystical Experiences":{"raw":1.0,"perc":25.0,"total":4.0},"Guides / Sitters":{"raw":1.0,"perc":25.0,"total":4.0}},"Not Applicable":{"Retrospective / Summary":{"raw":2.0,"perc":40.0,"total":5.0},"Post Trip Problems":{"raw":1.0,"perc":20.0,"total":5.0},"General":{"raw":1.0,"perc":20.0,"total":5.0},"Performance Enhancement":{"raw":1.0,"perc":20.0,"total":5.0}},"Festival / Lg. Crowd":{"General":{"raw":1.0,"perc":50.0,"total":2.0},"Glowing Experiences":{"raw":1.0,"perc":50.0,"total":2.0}}},"Devices":{"Alone":{"Music Discussion":{"raw":3.0,"perc":11.538461538461538,"total":26.0},"General":{"raw":7.0,"perc":26.923076923076923,"total":26.0},"First Times":{"raw":6.0,"perc":23.076923076923077,"total":26.0},"Difficult Experiences":{"raw":1.0,"perc":3.8461538461538463,"total":26.0},"Glowing Experiences":{"raw":4.0,"perc":15.384615384615385,"total":26.0},"Mystical Experiences":{"raw":3.0,"perc":11.538461538461538,"total":26.0},"Health Benefits":{"raw":1.0,"perc":3.8461538461538463,"total":26.0},"Entities / Beings":{"raw":1.0,"perc":3.8461538461538463,"total":26.0}},"Unknown Context":{"First Times":{"raw":1.0,"perc":100.0,"total":1.0}},"Various":{"Glowing Experiences":{"raw":1.0,"perc":100.0,"total":1.0}},"Small Group (2-9)":{"General":{"raw":2.0,"perc":18.181818181818183,"total":11.0},"Glowing Experiences":{"raw":2.0,"perc":18.181818181818183,"total":11.0},"Mystical Experiences":{"raw":2.0,"perc":18.181818181818183,"total":11.0},"Health Benefits":{"raw":1.0,"perc":9.0909090909090917,"total":11.0},"Music Discussion":{"raw":1.0,"perc":9.0909090909090917,"total":11.0},"Relationships":{"raw":2.0,"perc":18.181818181818183,"total":11.0},"Entities / Beings":{"raw":1.0,"perc":9.0909090909090917,"total":11.0}},"Not Applicable":{"Retrospective / Summary":{"raw":1.0,"perc":33.333333333333329,"total":3.0},"Glowing Experiences":{"raw":1.0,"perc":33.333333333333329,"total":3.0},"General":{"raw":1.0,"perc":33.333333333333329,"total":3.0}}},"Devices - Mind Machine":{"Alone":{"General":{"raw":5.0,"perc":31.25,"total":16.0},"First Times":{"raw":2.0,"perc":12.5,"total":16.0},"Difficult Experiences":{"raw":1.0,"perc":6.25,"total":16.0},"Glowing Experiences":{"raw":2.0,"perc":12.5,"total":16.0},"Mystical Experiences":{"raw":3.0,"perc":18.75,"total":16.0},"Music Discussion":{"raw":1.0,"perc":6.25,"total":16.0},"Health Benefits":{"raw":1.0,"perc":6.25,"total":16.0},"Entities / Beings":{"raw":1.0,"perc":6.25,"total":16.0}},"Various":{"Glowing Experiences":{"raw":1.0,"perc":100.0,"total":1.0}},"Small Group (2-9)":{"General":{"raw":1.0,"perc":16.666666666666664,"total":6.0},"Glowing Experiences":{"raw":1.0,"perc":16.666666666666664,"total":6.0},"Mystical Experiences":{"raw":1.0,"perc":16.666666666666664,"total":6.0},"Health Benefits":{"raw":1.0,"perc":16.666666666666664,"total":6.0},"Music Discussion":{"raw":1.0,"perc":16.666666666666664,"total":6.0},"Relationships":{"raw":1.0,"perc":16.666666666666664,"total":6.0}},"Not Applicable":{"Retrospective / Summary":{"raw":1.0,"perc":50.0,"total":2.0},"Glowing Experiences":{"raw":1.0,"perc":50.0,"total":2.0}}},"Mindfulness":{"Various":{"Retrospective / Summary":{"raw":2.0,"perc":12.5,"total":16.0},"Health Benefits":{"raw":1.0,"perc":6.25,"total":16.0},"Depression":{"raw":1.0,"perc":6.25,"total":16.0},"General":{"raw":2.0,"perc":12.5,"total":16.0},"Glowing Experiences":{"raw":2.0,"perc":12.5,"total":16.0},"Mystical Experiences":{"raw":1.0,"perc":6.25,"total":16.0},"Entities / Beings":{"raw":2.0,"perc":12.5,"total":16.0},"Therapeutic Intent or Outcome":{"raw":1.0,"perc":6.25,"total":16.0},"Personal Preparation":{"raw":1.0,"perc":6.25,"total":16.0},"Relationships":{"raw":1.0,"perc":6.25,"total":16.0},"Preparation / Recipes":{"raw":1.0,"perc":6.25,"total":16.0},"Nature / Outdoors":{"raw":1.0,"perc":6.25,"total":16.0}},"Not Applicable":{"General":{"raw":1.0,"perc":33.333333333333329,"total":3.0},"Retrospective / Summary":{"raw":1.0,"perc":33.333333333333329,"total":3.0},"Music Discussion":{"raw":1.0,"perc":33.333333333333329,"total":3.0}},"Small Group (2-9)":{"Glowing Experiences":{"raw":1.0,"perc":11.111111111111111,"total":9.0},"Mystical Experiences":{"raw":2.0,"perc":22.222222222222221,"total":9.0},"Nature / Outdoors":{"raw":1.0,"perc":11.111111111111111,"total":9.0},"First Times":{"raw":1.0,"perc":11.111111111111111,"total":9.0},"Health Benefits":{"raw":1.0,"perc":11.111111111111111,"total":9.0},"Entities / Beings":{"raw":1.0,"perc":11.111111111111111,"total":9.0},"Guides / Sitters":{"raw":1.0,"perc":11.111111111111111,"total":9.0},"Relationships":{"raw":1.0,"perc":11.111111111111111,"total":9.0}},"Alone":{"First Times":{"raw":1.0,"perc":8.3333333333333321,"total":12.0},"Glowing Experiences":{"raw":2.0,"perc":16.666666666666664,"total":12.0},"Mystical Experiences":{"raw":2.0,"perc":16.666666666666664,"total":12.0},"Nature / Outdoors":{"raw":1.0,"perc":8.3333333333333321,"total":12.0},"Entities / Beings":{"raw":1.0,"perc":8.3333333333333321,"total":12.0},"General":{"raw":1.0,"perc":8.3333333333333321,"total":12.0},"Therapeutic Intent or Outcome":{"raw":1.0,"perc":8.3333333333333321,"total":12.0},"Personal Preparation":{"raw":1.0,"perc":8.3333333333333321,"total":12.0},"Depression":{"raw":1.0,"perc":8.3333333333333321,"total":12.0},"Relationships":{"raw":1.0,"perc":8.3333333333333321,"total":12.0}}},"Devices - Magnetic":{"Alone":{"First Times":{"raw":1.0,"perc":100.0,"total":1.0}},"Unknown Context":{"First Times":{"raw":1.0,"perc":100.0,"total":1.0}}},"Sweating":{"Group Ceremony":{"First Times":{"raw":3.0,"perc":33.333333333333329,"total":9.0},"General":{"raw":2.0,"perc":22.222222222222221,"total":9.0},"Retrospective / Summary":{"raw":1.0,"perc":11.111111111111111,"total":9.0},"Depression":{"raw":1.0,"perc":11.111111111111111,"total":9.0},"Glowing Experiences":{"raw":1.0,"perc":11.111111111111111,"total":9.0},"Entities / Beings":{"raw":1.0,"perc":11.111111111111111,"total":9.0}},"Alone":{"General":{"raw":1.0,"perc":16.666666666666664,"total":6.0},"First Times":{"raw":1.0,"perc":16.666666666666664,"total":6.0},"Preparation / Recipes":{"raw":1.0,"perc":16.666666666666664,"total":6.0},"Retrospective / Summary":{"raw":1.0,"perc":16.666666666666664,"total":6.0},"Health Benefits":{"raw":1.0,"perc":16.666666666666664,"total":6.0},"Sex Discussion":{"raw":1.0,"perc":16.666666666666664,"total":6.0}},"Small Group (2-9)":{"General":{"raw":1.0,"perc":50.0,"total":2.0},"Preparation / Recipes":{"raw":1.0,"perc":50.0,"total":2.0}}},"Conferences":{"Various":{"General":{"raw":1.0,"perc":25.0,"total":4.0},"Entities / Beings":{"raw":1.0,"perc":25.0,"total":4.0},"Nature / Outdoors":{"raw":1.0,"perc":25.0,"total":4.0},"Poetry":{"raw":1.0,"perc":25.0,"total":4.0}},"Alone":{"Retrospective / Summary":{"raw":2.0,"perc":20.0,"total":10.0},"Mystical Experiences":{"raw":1.0,"perc":10.0,"total":10.0},"Post Trip Problems":{"raw":1.0,"perc":10.0,"total":10.0},"General":{"raw":2.0,"perc":20.0,"total":10.0},"Health Problems":{"raw":1.0,"perc":10.0,"total":10.0},"Guides / Sitters":{"raw":1.0,"perc":10.0,"total":10.0},"Overdose":{"raw":1.0,"perc":10.0,"total":10.0},"Hangover / Days After":{"raw":1.0,"perc":10.0,"total":10.0}},"Festival / Lg. Crowd":{"General":{"raw":10.0,"perc":83.333333333333343,"total":12.0},"Glowing Experiences":{"raw":2.0,"perc":16.666666666666664,"total":12.0}},"Small Group (2-9)":{"Difficult Experiences":{"raw":1.0,"perc":50.0,"total":2.0},"Second Hand Report":{"raw":1.0,"perc":50.0,"total":2.0}}},"Chanting":{"Alone":{"Difficult Experiences":{"raw":1.0,"perc":33.333333333333329,"total":3.0},"Mystical Experiences":{"raw":1.0,"perc":33.333333333333329,"total":3.0},"Entities / Beings":{"raw":1.0,"perc":33.333333333333329,"total":3.0}}},"Humor":{"Small Group (2-9)":{"General":{"raw":1.0,"perc":20.0,"total":5.0},"Glowing Experiences":{"raw":1.0,"perc":20.0,"total":5.0},"Difficult Experiences":{"raw":1.0,"perc":20.0,"total":5.0},"Bad Trips":{"raw":1.0,"perc":20.0,"total":5.0},"Health Problems":{"raw":1.0,"perc":20.0,"total":5.0}},"Various":{"General":{"raw":1.0,"perc":10.0,"total":10.0},"Entities / Beings":{"raw":1.0,"perc":10.0,"total":10.0},"Nature / Outdoors":{"raw":1.0,"perc":10.0,"total":10.0},"Multi-Day Experience":{"raw":2.0,"perc":20.0,"total":10.0},"Retrospective / Summary":{"raw":1.0,"perc":10.0,"total":10.0},"Difficult Experiences":{"raw":1.0,"perc":10.0,"total":10.0},"Mystical Experiences":{"raw":1.0,"perc":10.0,"total":10.0},"Therapeutic Intent or Outcome":{"raw":1.0,"perc":10.0,"total":10.0},"Performance Enhancement":{"raw":1.0,"perc":10.0,"total":10.0}},"Alone":{"General":{"raw":1.0,"perc":100.0,"total":1.0}}},"Music":{"Various":{"General":{"raw":1.0,"perc":25.0,"total":4.0},"Mystical Experiences":{"raw":1.0,"perc":25.0,"total":4.0},"What Was in That?":{"raw":1.0,"perc":25.0,"total":4.0},"Hangover / Days After":{"raw":1.0,"perc":25.0,"total":4.0}},"Alone":{"General":{"raw":2.0,"perc":66.666666666666657,"total":3.0},"Therapeutic Intent or Outcome":{"raw":1.0,"perc":33.333333333333329,"total":3.0}},"Small Group (2-9)":{"Glowing Experiences":{"raw":1.0,"perc":50.0,"total":2.0},"Nature / Outdoors":{"raw":1.0,"perc":50.0,"total":2.0}}},"Sound (non-music)":{"Alone":{"Difficult Experiences":{"raw":1.0,"perc":50.0,"total":2.0},"Hangover / Days After":{"raw":1.0,"perc":50.0,"total":2.0}}}}