{"Drug Testing":{"Not-Specified":{"Festival / Lg. Crowd":{"raw":2.0,"perc":16.666666666666664,"total":12.0},"Unknown Context":{"raw":1.0,"perc":8.3333333333333321,"total":12.0},"Not Applicable":{"raw":7.0,"perc":58.333333333333336,"total":12.0},"Hospital":{"raw":1.0,"perc":8.3333333333333321,"total":12.0},"Small Group (2-9)":{"raw":1.0,"perc":8.3333333333333321,"total":12.0}},"Male":{"Unknown Context":{"raw":14.0,"perc":12.068965517241379,"total":116.0},"Alone":{"raw":11.0,"perc":9.4827586206896548,"total":116.0},"Not Applicable":{"raw":73.0,"perc":62.931034482758619,"total":116.0},"Hospital":{"raw":8.0,"perc":6.8965517241379306,"total":116.0},"Small Group (2-9)":{"raw":3.0,"perc":2.5862068965517242,"total":116.0},"School":{"raw":2.0,"perc":1.7241379310344827,"total":116.0},"Various":{"raw":4.0,"perc":3.4482758620689653,"total":116.0},"Military":{"raw":1.0,"perc":0.86206896551724133,"total":116.0}},"Female":{"Not Applicable":{"raw":13.0,"perc":59.090909090909093,"total":22.0},"Hospital":{"raw":3.0,"perc":13.636363636363635,"total":22.0},"Unknown Context":{"raw":1.0,"perc":4.5454545454545459,"total":22.0},"School":{"raw":2.0,"perc":9.0909090909090917,"total":22.0},"Various":{"raw":1.0,"perc":4.5454545454545459,"total":22.0},"Small Group (2-9)":{"raw":1.0,"perc":4.5454545454545459,"total":22.0},"Alone":{"raw":1.0,"perc":4.5454545454545459,"total":22.0}}},"Sleep Deprivation":{"Not-Specified":{"Various":{"raw":2.0,"perc":40.0,"total":5.0},"Unknown Context":{"raw":1.0,"perc":20.0,"total":5.0},"Small Group (2-9)":{"raw":1.0,"perc":20.0,"total":5.0},"Alone":{"raw":1.0,"perc":20.0,"total":5.0}},"Male":{"Various":{"raw":18.0,"perc":30.508474576271187,"total":59.0},"Alone":{"raw":19.0,"perc":32.20338983050847,"total":59.0},"Small Group (2-9)":{"raw":14.0,"perc":23.728813559322035,"total":59.0},"Large Group (10+)":{"raw":2.0,"perc":3.3898305084745761,"total":59.0},"Hospital":{"raw":1.0,"perc":1.6949152542372881,"total":59.0},"Festival / Lg. Crowd":{"raw":1.0,"perc":1.6949152542372881,"total":59.0},"Not Applicable":{"raw":3.0,"perc":5.0847457627118651,"total":59.0},"Unknown Context":{"raw":1.0,"perc":1.6949152542372881,"total":59.0}},"Female":{"Various":{"raw":3.0,"perc":42.857142857142854,"total":7.0},"Alone":{"raw":2.0,"perc":28.571428571428569,"total":7.0},"Small Group (2-9)":{"raw":1.0,"perc":14.285714285714285,"total":7.0},"Unknown Context":{"raw":1.0,"perc":14.285714285714285,"total":7.0}}},"OBE":{"Not-Specified":{"Alone":{"raw":2.0,"perc":50.0,"total":4.0},"Various":{"raw":1.0,"perc":25.0,"total":4.0},"Small Group (2-9)":{"raw":1.0,"perc":25.0,"total":4.0}},"Male":{"Alone":{"raw":21.0,"perc":40.384615384615387,"total":52.0},"Small Group (2-9)":{"raw":26.0,"perc":50.0,"total":52.0},"Large Group (10+)":{"raw":1.0,"perc":1.9230769230769231,"total":52.0},"Various":{"raw":2.0,"perc":3.8461538461538463,"total":52.0},"Rave / Dance Event":{"raw":1.0,"perc":1.9230769230769231,"total":52.0},"Not Applicable":{"raw":1.0,"perc":1.9230769230769231,"total":52.0}},"Female":{"Large Group (10+)":{"raw":1.0,"perc":25.0,"total":4.0},"School":{"raw":1.0,"perc":25.0,"total":4.0},"Small Group (2-9)":{"raw":2.0,"perc":50.0,"total":4.0}}},"Dreams":{"Male":{"Alone":{"raw":170.0,"perc":82.1256038647343,"total":207.0},"Unknown Context":{"raw":4.0,"perc":1.932367149758454,"total":207.0},"Small Group (2-9)":{"raw":16.0,"perc":7.7294685990338161,"total":207.0},"Hospital":{"raw":2.0,"perc":0.966183574879227,"total":207.0},"Not Applicable":{"raw":10.0,"perc":4.8309178743961354,"total":207.0},"Various":{"raw":5.0,"perc":2.4154589371980677,"total":207.0}},"Not-Specified":{"Alone":{"raw":15.0,"perc":88.235294117647058,"total":17.0},"Various":{"raw":1.0,"perc":5.88235294117647,"total":17.0},"Not Applicable":{"raw":1.0,"perc":5.88235294117647,"total":17.0}},"Female":{"Alone":{"raw":18.0,"perc":75.0,"total":24.0},"Small Group (2-9)":{"raw":2.0,"perc":8.3333333333333321,"total":24.0},"Unknown Context":{"raw":1.0,"perc":4.1666666666666661,"total":24.0},"Various":{"raw":1.0,"perc":4.1666666666666661,"total":24.0},"Rave / Dance Event":{"raw":1.0,"perc":4.1666666666666661,"total":24.0},"Not Applicable":{"raw":1.0,"perc":4.1666666666666661,"total":24.0}}},"Endogenous":{"Not-Specified":{"Alone":{"raw":1.0,"perc":50.0,"total":2.0},"Not Applicable":{"raw":1.0,"perc":50.0,"total":2.0}},"Male":{"Small Group (2-9)":{"raw":4.0,"perc":20.0,"total":20.0},"Various":{"raw":2.0,"perc":10.0,"total":20.0},"Hospital":{"raw":1.0,"perc":5.0,"total":20.0},"Alone":{"raw":7.0,"perc":35.0,"total":20.0},"Not Applicable":{"raw":4.0,"perc":20.0,"total":20.0},"Unknown Context":{"raw":2.0,"perc":10.0,"total":20.0}},"Female":{"Alone":{"raw":1.0,"perc":50.0,"total":2.0},"Unknown Context":{"raw":1.0,"perc":50.0,"total":2.0}}},"Police / Customs":{"Male":{"Various":{"raw":22.0,"perc":18.333333333333332,"total":120.0},"Large Group (10+)":{"raw":3.0,"perc":2.5,"total":120.0},"Alone":{"raw":13.0,"perc":10.833333333333334,"total":120.0},"Small Group (2-9)":{"raw":57.0,"perc":47.5,"total":120.0},"Rave / Dance Event":{"raw":3.0,"perc":2.5,"total":120.0},"School":{"raw":3.0,"perc":2.5,"total":120.0},"Unknown Context":{"raw":2.0,"perc":1.6666666666666667,"total":120.0},"Not Applicable":{"raw":6.0,"perc":5.0,"total":120.0},"Hospital":{"raw":7.0,"perc":5.833333333333333,"total":120.0},"Festival / Lg. Crowd":{"raw":3.0,"perc":2.5,"total":120.0},"Club / Bar":{"raw":1.0,"perc":0.83333333333333337,"total":120.0}},"Female":{"Not Applicable":{"raw":1.0,"perc":5.88235294117647,"total":17.0},"Small Group (2-9)":{"raw":6.0,"perc":35.294117647058826,"total":17.0},"Various":{"raw":5.0,"perc":29.411764705882355,"total":17.0},"Alone":{"raw":2.0,"perc":11.76470588235294,"total":17.0},"School":{"raw":1.0,"perc":5.88235294117647,"total":17.0},"Rave / Dance Event":{"raw":1.0,"perc":5.88235294117647,"total":17.0},"Hospital":{"raw":1.0,"perc":5.88235294117647,"total":17.0}},"Not-Specified":{"Small Group (2-9)":{"raw":1.0,"perc":50.0,"total":2.0},"Not Applicable":{"raw":1.0,"perc":50.0,"total":2.0}}},"Meditation":{"Male":{"Alone":{"raw":45.0,"perc":52.325581395348841,"total":86.0},"Various":{"raw":13.0,"perc":15.11627906976744,"total":86.0},"Small Group (2-9)":{"raw":18.0,"perc":20.930232558139537,"total":86.0},"Not Applicable":{"raw":2.0,"perc":2.3255813953488373,"total":86.0},"Unknown Context":{"raw":2.0,"perc":2.3255813953488373,"total":86.0},"Hospital":{"raw":1.0,"perc":1.1627906976744187,"total":86.0},"Large Group (10+)":{"raw":2.0,"perc":2.3255813953488373,"total":86.0},"Group Ceremony":{"raw":3.0,"perc":3.4883720930232558,"total":86.0}},"Female":{"Alone":{"raw":5.0,"perc":50.0,"total":10.0},"Rave / Dance Event":{"raw":1.0,"perc":10.0,"total":10.0},"Small Group (2-9)":{"raw":2.0,"perc":20.0,"total":10.0},"Various":{"raw":1.0,"perc":10.0,"total":10.0},"Group Ceremony":{"raw":1.0,"perc":10.0,"total":10.0}},"Not-Specified":{"Various":{"raw":1.0,"perc":14.285714285714285,"total":7.0},"Alone":{"raw":3.0,"perc":42.857142857142854,"total":7.0},"Large Group (10+)":{"raw":1.0,"perc":14.285714285714285,"total":7.0},"Unknown Context":{"raw":1.0,"perc":14.285714285714285,"total":7.0},"Rave / Dance Event":{"raw":1.0,"perc":14.285714285714285,"total":7.0}}},"Ritual":{"Male":{"Small Group (2-9)":{"raw":5.0,"perc":20.0,"total":25.0},"Festival / Lg. Crowd":{"raw":2.0,"perc":8.0,"total":25.0},"Alone":{"raw":5.0,"perc":20.0,"total":25.0},"Various":{"raw":3.0,"perc":12.0,"total":25.0},"Group Ceremony":{"raw":10.0,"perc":40.0,"total":25.0}},"Not-Specified":{"Rave / Dance Event":{"raw":1.0,"perc":100.0,"total":1.0}},"Female":{"Large Group (10+)":{"raw":1.0,"perc":16.666666666666664,"total":6.0},"Small Group (2-9)":{"raw":2.0,"perc":33.333333333333329,"total":6.0},"Various":{"raw":1.0,"perc":16.666666666666664,"total":6.0},"Group Ceremony":{"raw":2.0,"perc":33.333333333333329,"total":6.0}}},"Breathing":{"Male":{"Small Group (2-9)":{"raw":8.0,"perc":30.76923076923077,"total":26.0},"Alone":{"raw":12.0,"perc":46.153846153846153,"total":26.0},"Unknown Context":{"raw":1.0,"perc":3.8461538461538463,"total":26.0},"Large Group (10+)":{"raw":2.0,"perc":7.6923076923076925,"total":26.0},"Not Applicable":{"raw":2.0,"perc":7.6923076923076925,"total":26.0},"Hospital":{"raw":1.0,"perc":3.8461538461538463,"total":26.0}},"Not-Specified":{"Group Ceremony":{"raw":1.0,"perc":100.0,"total":1.0}},"Female":{"Alone":{"raw":1.0,"perc":50.0,"total":2.0},"Small Group (2-9)":{"raw":1.0,"perc":50.0,"total":2.0}}},"Hyperventilation":{"Male":{"Small Group (2-9)":{"raw":4.0,"perc":36.363636363636367,"total":11.0},"Alone":{"raw":5.0,"perc":45.454545454545453,"total":11.0},"Unknown Context":{"raw":1.0,"perc":9.0909090909090917,"total":11.0},"Not Applicable":{"raw":1.0,"perc":9.0909090909090917,"total":11.0}},"Not-Specified":{"Group Ceremony":{"raw":1.0,"perc":100.0,"total":1.0}}},"Migraines":{"Female":{"Unknown Context":{"raw":3.0,"perc":60.0,"total":5.0},"Small Group (2-9)":{"raw":1.0,"perc":20.0,"total":5.0},"Alone":{"raw":1.0,"perc":20.0,"total":5.0}},"Male":{"Various":{"raw":2.0,"perc":12.5,"total":16.0},"Not Applicable":{"raw":6.0,"perc":37.5,"total":16.0},"Unknown Context":{"raw":3.0,"perc":18.75,"total":16.0},"Small Group (2-9)":{"raw":3.0,"perc":18.75,"total":16.0},"Alone":{"raw":2.0,"perc":12.5,"total":16.0}},"Not-Specified":{"Unknown Context":{"raw":2.0,"perc":66.666666666666657,"total":3.0},"Not Applicable":{"raw":1.0,"perc":33.333333333333329,"total":3.0}}},"Floatation Tank":{"Male":{"Alone":{"raw":5.0,"perc":100.0,"total":5.0}},"Not-Specified":{"Alone":{"raw":1.0,"perc":100.0,"total":1.0}},"Female":{"Alone":{"raw":1.0,"perc":100.0,"total":1.0}}},"Fasting":{"Male":{"Unknown Context":{"raw":1.0,"perc":5.2631578947368416,"total":19.0},"Various":{"raw":5.0,"perc":26.315789473684209,"total":19.0},"Alone":{"raw":9.0,"perc":47.368421052631575,"total":19.0},"Not Applicable":{"raw":2.0,"perc":10.526315789473683,"total":19.0},"Hospital":{"raw":1.0,"perc":5.2631578947368416,"total":19.0},"Small Group (2-9)":{"raw":1.0,"perc":5.2631578947368416,"total":19.0}},"Female":{"Various":{"raw":2.0,"perc":66.666666666666657,"total":3.0},"Not Applicable":{"raw":1.0,"perc":33.333333333333329,"total":3.0}},"Not-Specified":{"Alone":{"raw":2.0,"perc":100.0,"total":2.0}}},"Guiding":{"Male":{"Small Group (2-9)":{"raw":2.0,"perc":66.666666666666657,"total":3.0},"Rave / Dance Event":{"raw":1.0,"perc":33.333333333333329,"total":3.0}},"Female":{"Small Group (2-9)":{"raw":1.0,"perc":100.0,"total":1.0}}},"Nitrogen Narcosis":{"Male":{"Small Group (2-9)":{"raw":2.0,"perc":40.0,"total":5.0},"Alone":{"raw":2.0,"perc":40.0,"total":5.0},"Various":{"raw":1.0,"perc":20.0,"total":5.0}}},"Yoga / Bodywork":{"Male":{"Alone":{"raw":14.0,"perc":46.666666666666664,"total":30.0},"Various":{"raw":2.0,"perc":6.666666666666667,"total":30.0},"Small Group (2-9)":{"raw":11.0,"perc":36.666666666666664,"total":30.0},"Not Applicable":{"raw":2.0,"perc":6.666666666666667,"total":30.0},"Unknown Context":{"raw":1.0,"perc":3.3333333333333335,"total":30.0}},"Female":{"Alone":{"raw":2.0,"perc":22.222222222222221,"total":9.0},"Small Group (2-9)":{"raw":4.0,"perc":44.444444444444443,"total":9.0},"Group Ceremony":{"raw":1.0,"perc":11.111111111111111,"total":9.0},"Not Applicable":{"raw":1.0,"perc":11.111111111111111,"total":9.0},"Festival / Lg. Crowd":{"raw":1.0,"perc":11.111111111111111,"total":9.0}},"Not-Specified":{"Various":{"raw":1.0,"perc":50.0,"total":2.0},"Small Group (2-9)":{"raw":1.0,"perc":50.0,"total":2.0}}},"Devices":{"Male":{"Alone":{"raw":17.0,"perc":70.833333333333343,"total":24.0},"Unknown Context":{"raw":2.0,"perc":8.3333333333333321,"total":24.0},"Various":{"raw":1.0,"perc":4.1666666666666661,"total":24.0},"Not Applicable":{"raw":2.0,"perc":8.3333333333333321,"total":24.0},"Small Group (2-9)":{"raw":2.0,"perc":8.3333333333333321,"total":24.0}},"Female":{"Small Group (2-9)":{"raw":3.0,"perc":60.0,"total":5.0},"Alone":{"raw":2.0,"perc":40.0,"total":5.0}},"Not-Specified":{"Alone":{"raw":1.0,"perc":100.0,"total":1.0}}},"Devices - Mind Machine":{"Male":{"Alone":{"raw":11.0,"perc":73.333333333333329,"total":15.0},"Various":{"raw":1.0,"perc":6.666666666666667,"total":15.0},"Unknown Context":{"raw":1.0,"perc":6.666666666666667,"total":15.0},"Not Applicable":{"raw":1.0,"perc":6.666666666666667,"total":15.0},"Small Group (2-9)":{"raw":1.0,"perc":6.666666666666667,"total":15.0}},"Female":{"Small Group (2-9)":{"raw":2.0,"perc":66.666666666666657,"total":3.0},"Alone":{"raw":1.0,"perc":33.333333333333329,"total":3.0}}},"Mindfulness":{"Male":{"Various":{"raw":1.0,"perc":14.285714285714285,"total":7.0},"Not Applicable":{"raw":1.0,"perc":14.285714285714285,"total":7.0},"Small Group (2-9)":{"raw":2.0,"perc":28.571428571428569,"total":7.0},"Alone":{"raw":3.0,"perc":42.857142857142854,"total":7.0}},"Female":{"Various":{"raw":2.0,"perc":100.0,"total":2.0}}},"Devices - Magnetic":{"Male":{"Alone":{"raw":1.0,"perc":50.0,"total":2.0},"Unknown Context":{"raw":1.0,"perc":50.0,"total":2.0}}},"Sweating":{"Male":{"Group Ceremony":{"raw":3.0,"perc":42.857142857142854,"total":7.0},"Alone":{"raw":3.0,"perc":42.857142857142854,"total":7.0},"Small Group (2-9)":{"raw":1.0,"perc":14.285714285714285,"total":7.0}},"Female":{"Small Group (2-9)":{"raw":1.0,"perc":100.0,"total":1.0}}},"Conferences":{"Male":{"Various":{"raw":1.0,"perc":20.0,"total":5.0},"Alone":{"raw":2.0,"perc":40.0,"total":5.0},"Festival / Lg. Crowd":{"raw":1.0,"perc":20.0,"total":5.0},"Small Group (2-9)":{"raw":1.0,"perc":20.0,"total":5.0}},"Female":{"Alone":{"raw":1.0,"perc":50.0,"total":2.0},"Festival / Lg. Crowd":{"raw":1.0,"perc":50.0,"total":2.0}},"Not-Specified":{"Festival / Lg. Crowd":{"raw":10.0,"perc":100.0,"total":10.0}}},"Chanting":{"Male":{"Alone":{"raw":2.0,"perc":100.0,"total":2.0}}},"Humor":{"Male":{"Small Group (2-9)":{"raw":2.0,"perc":40.0,"total":5.0},"Various":{"raw":2.0,"perc":40.0,"total":5.0},"Alone":{"raw":1.0,"perc":20.0,"total":5.0}}},"Music":{"Male":{"Various":{"raw":1.0,"perc":20.0,"total":5.0},"Alone":{"raw":3.0,"perc":60.0,"total":5.0},"Small Group (2-9)":{"raw":1.0,"perc":20.0,"total":5.0}}},"Sound (non-music)":{"Male":{"Alone":{"raw":1.0,"perc":100.0,"total":1.0}}}}