{"Drug Testing":{"General":{"Strong":{"raw":7.0,"perc":6.7961165048543686,"total":103.0},"Medium":{"raw":65.0,"perc":63.10679611650486,"total":103.0},"No Effect":{"raw":31.0,"perc":30.097087378640776,"total":103.0}},"Retrospective / Summary":{"Medium":{"raw":9.0,"perc":100.0,"total":9.0}},"Post Trip Problems":{"No Effect":{"raw":3.0,"perc":42.857142857142854,"total":7.0},"Medium":{"raw":4.0,"perc":57.142857142857139,"total":7.0}},"Personal Preparation":{"No Effect":{"raw":1.0,"perc":100.0,"total":1.0}},"Depression":{"Medium":{"raw":1.0,"perc":100.0,"total":1.0}},"Health Problems":{"Medium":{"raw":1.0,"perc":33.333333333333329,"total":3.0},"Extreme":{"raw":1.0,"perc":33.333333333333329,"total":3.0},"Strong":{"raw":1.0,"perc":33.333333333333329,"total":3.0}},"Second Hand Report":{"Extreme":{"raw":1.0,"perc":33.333333333333329,"total":3.0},"No Effect":{"raw":1.0,"perc":33.333333333333329,"total":3.0},"Medium":{"raw":1.0,"perc":33.333333333333329,"total":3.0}},"Bad Trips":{"Medium":{"raw":1.0,"perc":33.333333333333329,"total":3.0},"Strong":{"raw":1.0,"perc":33.333333333333329,"total":3.0},"Extreme":{"raw":1.0,"perc":33.333333333333329,"total":3.0}},"Overdose":{"Extreme":{"raw":1.0,"perc":100.0,"total":1.0}},"Preparation / Recipes":{"Medium":{"raw":3.0,"perc":100.0,"total":3.0}},"Difficult Experiences":{"Medium":{"raw":2.0,"perc":100.0,"total":2.0}},"Medical Use":{"Medium":{"raw":2.0,"perc":50.0,"total":4.0},"No Effect":{"raw":2.0,"perc":50.0,"total":4.0}},"Multi-Day Experience":{"Medium":{"raw":3.0,"perc":100.0,"total":3.0}}},"Sleep Deprivation":{"General":{"Strong":{"raw":9.0,"perc":37.5,"total":24.0},"Medium":{"raw":11.0,"perc":45.833333333333329,"total":24.0},"Extreme":{"raw":4.0,"perc":16.666666666666664,"total":24.0}},"Difficult Experiences":{"Medium":{"raw":5.0,"perc":38.461538461538467,"total":13.0},"Strong":{"raw":7.0,"perc":53.846153846153847,"total":13.0},"Extreme":{"raw":1.0,"perc":7.6923076923076925,"total":13.0}},"Health Problems":{"Medium":{"raw":3.0,"perc":37.5,"total":8.0},"Strong":{"raw":3.0,"perc":37.5,"total":8.0},"Extreme":{"raw":2.0,"perc":25.0,"total":8.0}},"Multi-Day Experience":{"Strong":{"raw":8.0,"perc":40.0,"total":20.0},"Medium":{"raw":8.0,"perc":40.0,"total":20.0},"Extreme":{"raw":4.0,"perc":20.0,"total":20.0}},"Music Discussion":{"Strong":{"raw":2.0,"perc":50.0,"total":4.0},"Medium":{"raw":1.0,"perc":25.0,"total":4.0},"Extreme":{"raw":1.0,"perc":25.0,"total":4.0}},"Retrospective / Summary":{"Medium":{"raw":4.0,"perc":100.0,"total":4.0}},"Entities / Beings":{"Strong":{"raw":2.0,"perc":66.666666666666657,"total":3.0},"Extreme":{"raw":1.0,"perc":33.333333333333329,"total":3.0}},"Mystical Experiences":{"Strong":{"raw":3.0,"perc":75.0,"total":4.0},"Extreme":{"raw":1.0,"perc":25.0,"total":4.0}},"Depression":{"Strong":{"raw":1.0,"perc":100.0,"total":1.0}},"First Times":{"Strong":{"raw":1.0,"perc":20.0,"total":5.0},"Medium":{"raw":4.0,"perc":80.0,"total":5.0}},"Bad Trips":{"Strong":{"raw":2.0,"perc":50.0,"total":4.0},"Extreme":{"raw":1.0,"perc":25.0,"total":4.0},"Medium":{"raw":1.0,"perc":25.0,"total":4.0}},"Loss of Magic":{"Medium":{"raw":2.0,"perc":100.0,"total":2.0}},"Hangover / Days After":{"Medium":{"raw":5.0,"perc":55.555555555555557,"total":9.0},"Strong":{"raw":3.0,"perc":33.333333333333329,"total":9.0},"Extreme":{"raw":1.0,"perc":11.111111111111111,"total":9.0}},"Medical Use":{"Medium":{"raw":1.0,"perc":100.0,"total":1.0}},"HPPD / Lasting Visuals":{"Extreme":{"raw":1.0,"perc":50.0,"total":2.0},"Strong":{"raw":1.0,"perc":50.0,"total":2.0}},"Glowing Experiences":{"Medium":{"raw":1.0,"perc":50.0,"total":2.0},"Strong":{"raw":1.0,"perc":50.0,"total":2.0}},"Sex Discussion":{"Medium":{"raw":2.0,"perc":100.0,"total":2.0}},"What Was in That?":{"Medium":{"raw":1.0,"perc":100.0,"total":1.0}},"Health Benefits":{"Strong":{"raw":1.0,"perc":100.0,"total":1.0}},"Guides / Sitters":{"Strong":{"raw":1.0,"perc":50.0,"total":2.0},"Extreme":{"raw":1.0,"perc":50.0,"total":2.0}},"Relationships":{"Extreme":{"raw":1.0,"perc":100.0,"total":1.0}},"Overdose":{"Strong":{"raw":1.0,"perc":50.0,"total":2.0},"Extreme":{"raw":1.0,"perc":50.0,"total":2.0}},"Post Trip Problems":{"Strong":{"raw":1.0,"perc":50.0,"total":2.0},"Extreme":{"raw":1.0,"perc":50.0,"total":2.0}},"Performance Enhancement":{"Strong":{"raw":2.0,"perc":66.666666666666657,"total":3.0},"Medium":{"raw":1.0,"perc":33.333333333333329,"total":3.0}},"Preparation / Recipes":{"Strong":{"raw":1.0,"perc":100.0,"total":1.0}}},"Dreams":{"General":{"Strong":{"raw":16.0,"perc":25.396825396825395,"total":63.0},"Medium":{"raw":41.0,"perc":65.079365079365076,"total":63.0},"Extreme":{"raw":2.0,"perc":3.1746031746031744,"total":63.0},"No Effect":{"raw":4.0,"perc":6.3492063492063489,"total":63.0}},"Difficult Experiences":{"Strong":{"raw":4.0,"perc":50.0,"total":8.0},"Medium":{"raw":4.0,"perc":50.0,"total":8.0}},"First Times":{"Medium":{"raw":13.0,"perc":72.222222222222214,"total":18.0},"Strong":{"raw":5.0,"perc":27.777777777777779,"total":18.0}},"Retrospective / Summary":{"Medium":{"raw":21.0,"perc":80.769230769230774,"total":26.0},"No Effect":{"raw":2.0,"perc":7.6923076923076925,"total":26.0},"Strong":{"raw":3.0,"perc":11.538461538461538,"total":26.0}},"Health Problems":{"Medium":{"raw":1.0,"perc":33.333333333333329,"total":3.0},"Strong":{"raw":2.0,"perc":66.666666666666657,"total":3.0}},"Post Trip Problems":{"Medium":{"raw":4.0,"perc":80.0,"total":5.0},"No Effect":{"raw":1.0,"perc":20.0,"total":5.0}},"Entities / Beings":{"Medium":{"raw":8.0,"perc":47.058823529411761,"total":17.0},"Strong":{"raw":9.0,"perc":52.941176470588239,"total":17.0}},"Sex Discussion":{"Medium":{"raw":5.0,"perc":100.0,"total":5.0}},"Glowing Experiences":{"Medium":{"raw":13.0,"perc":72.222222222222214,"total":18.0},"Strong":{"raw":4.0,"perc":22.222222222222221,"total":18.0},"Extreme":{"raw":1.0,"perc":5.5555555555555554,"total":18.0}},"Mystical Experiences":{"Medium":{"raw":6.0,"perc":85.714285714285708,"total":7.0},"Strong":{"raw":1.0,"perc":14.285714285714285,"total":7.0}},"Medical Use":{"Medium":{"raw":6.0,"perc":100.0,"total":6.0}},"Preparation / Recipes":{"Medium":{"raw":6.0,"perc":100.0,"total":6.0}},"Overdose":{"Strong":{"raw":2.0,"perc":100.0,"total":2.0}},"Relationships":{"Medium":{"raw":1.0,"perc":100.0,"total":1.0}},"Guides / Sitters":{"Strong":{"raw":1.0,"perc":100.0,"total":1.0}},"Hangover / Days After":{"Medium":{"raw":4.0,"perc":80.0,"total":5.0},"Strong":{"raw":1.0,"perc":20.0,"total":5.0}},"Depression":{"Medium":{"raw":2.0,"perc":100.0,"total":2.0}},"Multi-Day Experience":{"Medium":{"raw":3.0,"perc":100.0,"total":3.0}},"Health Benefits":{"Medium":{"raw":1.0,"perc":100.0,"total":1.0}},"Nature / Outdoors":{"Medium":{"raw":1.0,"perc":50.0,"total":2.0},"Strong":{"raw":1.0,"perc":50.0,"total":2.0}},"Second Hand Report":{"Strong":{"raw":1.0,"perc":100.0,"total":1.0}},"Therapeutic Intent or Outcome":{"Medium":{"raw":5.0,"perc":83.333333333333343,"total":6.0},"Strong":{"raw":1.0,"perc":16.666666666666664,"total":6.0}}},"Endogenous":{"Bad Trips":{"Medium":{"raw":1.0,"perc":33.333333333333329,"total":3.0},"Extreme":{"raw":1.0,"perc":33.333333333333329,"total":3.0},"Strong":{"raw":1.0,"perc":33.333333333333329,"total":3.0}},"Health Problems":{"Medium":{"raw":5.0,"perc":62.5,"total":8.0},"Extreme":{"raw":2.0,"perc":25.0,"total":8.0},"Strong":{"raw":1.0,"perc":12.5,"total":8.0}},"First Times":{"Medium":{"raw":3.0,"perc":75.0,"total":4.0},"Strong":{"raw":1.0,"perc":25.0,"total":4.0}},"Multi-Day Experience":{"Medium":{"raw":1.0,"perc":50.0,"total":2.0},"Extreme":{"raw":1.0,"perc":50.0,"total":2.0}},"Retrospective / Summary":{"Extreme":{"raw":1.0,"perc":25.0,"total":4.0},"Medium":{"raw":3.0,"perc":75.0,"total":4.0}},"HPPD / Lasting Visuals":{"Extreme":{"raw":2.0,"perc":100.0,"total":2.0}},"Overdose":{"Extreme":{"raw":1.0,"perc":100.0,"total":1.0}},"Depression":{"Extreme":{"raw":1.0,"perc":33.333333333333329,"total":3.0},"Medium":{"raw":1.0,"perc":33.333333333333329,"total":3.0},"Strong":{"raw":1.0,"perc":33.333333333333329,"total":3.0}},"Post Trip Problems":{"Extreme":{"raw":3.0,"perc":100.0,"total":3.0}},"General":{"Medium":{"raw":6.0,"perc":75.0,"total":8.0},"Strong":{"raw":2.0,"perc":25.0,"total":8.0}},"Glowing Experiences":{"Medium":{"raw":2.0,"perc":100.0,"total":2.0}},"Difficult Experiences":{"Medium":{"raw":1.0,"perc":25.0,"total":4.0},"Strong":{"raw":3.0,"perc":75.0,"total":4.0}},"Mystical Experiences":{"Strong":{"raw":2.0,"perc":66.666666666666657,"total":3.0},"Medium":{"raw":1.0,"perc":33.333333333333329,"total":3.0}},"Entities / Beings":{"Strong":{"raw":2.0,"perc":100.0,"total":2.0}},"Therapeutic Intent or Outcome":{"Medium":{"raw":1.0,"perc":100.0,"total":1.0}},"Hangover / Days After":{"Strong":{"raw":1.0,"perc":50.0,"total":2.0},"Medium":{"raw":1.0,"perc":50.0,"total":2.0}},"Guides / Sitters":{"Strong":{"raw":1.0,"perc":100.0,"total":1.0}},"Medical Use":{"Medium":{"raw":2.0,"perc":100.0,"total":2.0}},"Second Hand Report":{"Medium":{"raw":1.0,"perc":100.0,"total":1.0}}},"Police / Customs":{"General":{"Strong":{"raw":6.0,"perc":18.75,"total":32.0},"Medium":{"raw":20.0,"perc":62.5,"total":32.0},"No Effect":{"raw":6.0,"perc":18.75,"total":32.0}},"First Times":{"Medium":{"raw":4.0,"perc":30.76923076923077,"total":13.0},"Strong":{"raw":5.0,"perc":38.461538461538467,"total":13.0},"Extreme":{"raw":4.0,"perc":30.76923076923077,"total":13.0}},"Retrospective / Summary":{"Medium":{"raw":8.0,"perc":80.0,"total":10.0},"Extreme":{"raw":1.0,"perc":10.0,"total":10.0},"Strong":{"raw":1.0,"perc":10.0,"total":10.0}},"Glowing Experiences":{"Medium":{"raw":4.0,"perc":66.666666666666657,"total":6.0},"Extreme":{"raw":2.0,"perc":33.333333333333329,"total":6.0}},"Bad Trips":{"Strong":{"raw":7.0,"perc":46.666666666666664,"total":15.0},"Extreme":{"raw":7.0,"perc":46.666666666666664,"total":15.0},"Medium":{"raw":1.0,"perc":6.666666666666667,"total":15.0}},"Post Trip Problems":{"Strong":{"raw":6.0,"perc":40.0,"total":15.0},"Extreme":{"raw":4.0,"perc":26.666666666666668,"total":15.0},"Medium":{"raw":5.0,"perc":33.333333333333329,"total":15.0}},"Health Problems":{"Extreme":{"raw":3.0,"perc":75.0,"total":4.0},"Strong":{"raw":1.0,"perc":25.0,"total":4.0}},"Entities / Beings":{"Extreme":{"raw":4.0,"perc":50.0,"total":8.0},"Strong":{"raw":4.0,"perc":50.0,"total":8.0}},"Difficult Experiences":{"Extreme":{"raw":8.0,"perc":33.333333333333329,"total":24.0},"Medium":{"raw":7.0,"perc":29.166666666666668,"total":24.0},"Strong":{"raw":9.0,"perc":37.5,"total":24.0}},"Second Hand Report":{"Extreme":{"raw":3.0,"perc":37.5,"total":8.0},"Medium":{"raw":2.0,"perc":25.0,"total":8.0},"Strong":{"raw":3.0,"perc":37.5,"total":8.0}},"Overdose":{"Extreme":{"raw":4.0,"perc":66.666666666666657,"total":6.0},"Medium":{"raw":2.0,"perc":33.333333333333329,"total":6.0}},"Depression":{"Medium":{"raw":1.0,"perc":25.0,"total":4.0},"Strong":{"raw":2.0,"perc":50.0,"total":4.0},"Extreme":{"raw":1.0,"perc":25.0,"total":4.0}},"Multi-Day Experience":{"Strong":{"raw":2.0,"perc":66.666666666666657,"total":3.0},"Medium":{"raw":1.0,"perc":33.333333333333329,"total":3.0}},"Nature / Outdoors":{"Medium":{"raw":2.0,"perc":66.666666666666657,"total":3.0},"Strong":{"raw":1.0,"perc":33.333333333333329,"total":3.0}},"HPPD / Lasting Visuals":{"Strong":{"raw":1.0,"perc":100.0,"total":1.0}},"Hangover / Days After":{"Medium":{"raw":3.0,"perc":37.5,"total":8.0},"Extreme":{"raw":3.0,"perc":37.5,"total":8.0},"Strong":{"raw":2.0,"perc":25.0,"total":8.0}},"Music Discussion":{"Extreme":{"raw":2.0,"perc":33.333333333333329,"total":6.0},"Medium":{"raw":1.0,"perc":16.666666666666664,"total":6.0},"Strong":{"raw":3.0,"perc":50.0,"total":6.0}},"Preparation / Recipes":{"Medium":{"raw":2.0,"perc":100.0,"total":2.0}},"Mystical Experiences":{"Medium":{"raw":1.0,"perc":50.0,"total":2.0},"Strong":{"raw":1.0,"perc":50.0,"total":2.0}},"Relationships":{"Medium":{"raw":2.0,"perc":66.666666666666657,"total":3.0},"Strong":{"raw":1.0,"perc":33.333333333333329,"total":3.0}},"Personal Preparation":{"Medium":{"raw":1.0,"perc":100.0,"total":1.0}},"Guides / Sitters":{"Medium":{"raw":1.0,"perc":50.0,"total":2.0},"Strong":{"raw":1.0,"perc":50.0,"total":2.0}},"Families":{"Extreme":{"raw":1.0,"perc":100.0,"total":1.0}},"Therapeutic Intent or Outcome":{"Strong":{"raw":1.0,"perc":100.0,"total":1.0}}},"Meditation":{"General":{"Medium":{"raw":20.0,"perc":68.965517241379317,"total":29.0},"Strong":{"raw":9.0,"perc":31.03448275862069,"total":29.0}},"Retrospective / Summary":{"Medium":{"raw":13.0,"perc":61.904761904761905,"total":21.0},"Strong":{"raw":7.0,"perc":33.333333333333329,"total":21.0},"Extreme":{"raw":1.0,"perc":4.7619047619047619,"total":21.0}},"Bad Trips":{"Strong":{"raw":1.0,"perc":100.0,"total":1.0}},"Mystical Experiences":{"Strong":{"raw":7.0,"perc":41.17647058823529,"total":17.0},"Medium":{"raw":9.0,"perc":52.941176470588239,"total":17.0},"Extreme":{"raw":1.0,"perc":5.88235294117647,"total":17.0}},"Glowing Experiences":{"Strong":{"raw":13.0,"perc":46.428571428571431,"total":28.0},"Medium":{"raw":15.0,"perc":53.571428571428569,"total":28.0}},"Health Benefits":{"Medium":{"raw":4.0,"perc":100.0,"total":4.0}},"Health Problems":{"Strong":{"raw":1.0,"perc":50.0,"total":2.0},"Extreme":{"raw":1.0,"perc":50.0,"total":2.0}},"First Times":{"Medium":{"raw":7.0,"perc":58.333333333333336,"total":12.0},"Strong":{"raw":4.0,"perc":33.333333333333329,"total":12.0},"Extreme":{"raw":1.0,"perc":8.3333333333333321,"total":12.0}},"Therapeutic Intent or Outcome":{"Medium":{"raw":4.0,"perc":80.0,"total":5.0},"Strong":{"raw":1.0,"perc":20.0,"total":5.0}},"Guides / Sitters":{"Medium":{"raw":3.0,"perc":75.0,"total":4.0},"Strong":{"raw":1.0,"perc":25.0,"total":4.0}},"Multi-Day Experience":{"Medium":{"raw":2.0,"perc":50.0,"total":4.0},"Extreme":{"raw":1.0,"perc":25.0,"total":4.0},"Strong":{"raw":1.0,"perc":25.0,"total":4.0}},"Personal Preparation":{"Medium":{"raw":3.0,"perc":75.0,"total":4.0},"Extreme":{"raw":1.0,"perc":25.0,"total":4.0}},"Entities / Beings":{"Extreme":{"raw":2.0,"perc":16.666666666666664,"total":12.0},"Strong":{"raw":6.0,"perc":50.0,"total":12.0},"Medium":{"raw":4.0,"perc":33.333333333333329,"total":12.0}},"Hangover / Days After":{"Extreme":{"raw":1.0,"perc":33.333333333333329,"total":3.0},"Medium":{"raw":2.0,"perc":66.666666666666657,"total":3.0}},"Music Discussion":{"Medium":{"raw":4.0,"perc":57.142857142857139,"total":7.0},"Strong":{"raw":3.0,"perc":42.857142857142854,"total":7.0}},"Relationships":{"Medium":{"raw":3.0,"perc":75.0,"total":4.0},"Extreme":{"raw":1.0,"perc":25.0,"total":4.0}},"Second Hand Report":{"Strong":{"raw":1.0,"perc":100.0,"total":1.0}},"Poetry":{"Strong":{"raw":1.0,"perc":100.0,"total":1.0}},"Sex Discussion":{"Medium":{"raw":3.0,"perc":100.0,"total":3.0}},"Difficult Experiences":{"Medium":{"raw":2.0,"perc":66.666666666666657,"total":3.0},"Strong":{"raw":1.0,"perc":33.333333333333329,"total":3.0}},"Post Trip Problems":{"Medium":{"raw":2.0,"perc":100.0,"total":2.0}},"Nature / Outdoors":{"Strong":{"raw":2.0,"perc":50.0,"total":4.0},"Medium":{"raw":2.0,"perc":50.0,"total":4.0}},"What Was in That?":{"Medium":{"raw":1.0,"perc":100.0,"total":1.0}},"Loss of Magic":{"Medium":{"raw":1.0,"perc":100.0,"total":1.0}}},"OBE":{"General":{"Medium":{"raw":7.0,"perc":38.888888888888893,"total":18.0},"Strong":{"raw":9.0,"perc":50.0,"total":18.0},"Extreme":{"raw":2.0,"perc":11.111111111111111,"total":18.0}},"Nature / Outdoors":{"Strong":{"raw":1.0,"perc":100.0,"total":1.0}},"Mystical Experiences":{"Strong":{"raw":8.0,"perc":61.53846153846154,"total":13.0},"Extreme":{"raw":4.0,"perc":30.76923076923077,"total":13.0},"Medium":{"raw":1.0,"perc":7.6923076923076925,"total":13.0}},"Difficult Experiences":{"Strong":{"raw":4.0,"perc":36.363636363636367,"total":11.0},"Medium":{"raw":2.0,"perc":18.181818181818183,"total":11.0},"Extreme":{"raw":5.0,"perc":45.454545454545453,"total":11.0}},"Entities / Beings":{"Strong":{"raw":6.0,"perc":46.153846153846153,"total":13.0},"Medium":{"raw":5.0,"perc":38.461538461538467,"total":13.0},"Extreme":{"raw":2.0,"perc":15.384615384615385,"total":13.0}},"Guides / Sitters":{"Strong":{"raw":3.0,"perc":100.0,"total":3.0}},"First Times":{"Medium":{"raw":2.0,"perc":28.571428571428569,"total":7.0},"Extreme":{"raw":4.0,"perc":57.142857142857139,"total":7.0},"Strong":{"raw":1.0,"perc":14.285714285714285,"total":7.0}},"Depression":{"Medium":{"raw":1.0,"perc":50.0,"total":2.0},"Strong":{"raw":1.0,"perc":50.0,"total":2.0}},"Post Trip Problems":{"Medium":{"raw":1.0,"perc":33.333333333333329,"total":3.0},"Extreme":{"raw":2.0,"perc":66.666666666666657,"total":3.0}},"Medical Use":{"Strong":{"raw":1.0,"perc":100.0,"total":1.0}},"Retrospective / Summary":{"Extreme":{"raw":1.0,"perc":33.333333333333329,"total":3.0},"Strong":{"raw":1.0,"perc":33.333333333333329,"total":3.0},"Medium":{"raw":1.0,"perc":33.333333333333329,"total":3.0}},"Glowing Experiences":{"Strong":{"raw":4.0,"perc":40.0,"total":10.0},"Medium":{"raw":5.0,"perc":50.0,"total":10.0},"Extreme":{"raw":1.0,"perc":10.0,"total":10.0}},"Hangover / Days After":{"Medium":{"raw":2.0,"perc":50.0,"total":4.0},"Extreme":{"raw":1.0,"perc":25.0,"total":4.0},"Strong":{"raw":1.0,"perc":25.0,"total":4.0}},"Second Hand Report":{"Medium":{"raw":1.0,"perc":100.0,"total":1.0}},"Sex Discussion":{"Medium":{"raw":1.0,"perc":100.0,"total":1.0}},"Overdose":{"Medium":{"raw":1.0,"perc":50.0,"total":2.0},"Extreme":{"raw":1.0,"perc":50.0,"total":2.0}},"Bad Trips":{"Extreme":{"raw":1.0,"perc":100.0,"total":1.0}},"Music Discussion":{"Strong":{"raw":1.0,"perc":100.0,"total":1.0}},"Multi-Day Experience":{"Strong":{"raw":1.0,"perc":50.0,"total":2.0},"Extreme":{"raw":1.0,"perc":50.0,"total":2.0}},"Health Problems":{"Extreme":{"raw":1.0,"perc":100.0,"total":1.0}},"What Was in That?":{"Medium":{"raw":1.0,"perc":100.0,"total":1.0}},"Personal Preparation":{"Strong":{"raw":1.0,"perc":100.0,"total":1.0}},"Relationships":{"Medium":{"raw":1.0,"perc":100.0,"total":1.0}}},"Ritual":{"Sex Discussion":{"Medium":{"raw":1.0,"perc":25.0,"total":4.0},"Strong":{"raw":3.0,"perc":75.0,"total":4.0}},"Difficult Experiences":{"Medium":{"raw":1.0,"perc":25.0,"total":4.0},"Strong":{"raw":3.0,"perc":75.0,"total":4.0}},"Glowing Experiences":{"Medium":{"raw":6.0,"perc":66.666666666666657,"total":9.0},"Strong":{"raw":3.0,"perc":33.333333333333329,"total":9.0}},"Mystical Experiences":{"Medium":{"raw":13.0,"perc":81.25,"total":16.0},"Strong":{"raw":3.0,"perc":18.75,"total":16.0}},"Multi-Day Experience":{"Medium":{"raw":1.0,"perc":100.0,"total":1.0}},"Retrospective / Summary":{"Medium":{"raw":2.0,"perc":66.666666666666657,"total":3.0},"Strong":{"raw":1.0,"perc":33.333333333333329,"total":3.0}},"Preparation / Recipes":{"Medium":{"raw":2.0,"perc":66.666666666666657,"total":3.0},"Strong":{"raw":1.0,"perc":33.333333333333329,"total":3.0}},"Personal Preparation":{"Strong":{"raw":2.0,"perc":50.0,"total":4.0},"Medium":{"raw":2.0,"perc":50.0,"total":4.0}},"First Times":{"Medium":{"raw":4.0,"perc":50.0,"total":8.0},"Strong":{"raw":4.0,"perc":50.0,"total":8.0}},"General":{"Medium":{"raw":2.0,"perc":28.571428571428569,"total":7.0},"Strong":{"raw":5.0,"perc":71.428571428571431,"total":7.0}},"Relationships":{"Medium":{"raw":2.0,"perc":66.666666666666657,"total":3.0},"Strong":{"raw":1.0,"perc":33.333333333333329,"total":3.0}},"Health Benefits":{"Medium":{"raw":1.0,"perc":100.0,"total":1.0}},"Depression":{"Strong":{"raw":1.0,"perc":100.0,"total":1.0}},"Guides / Sitters":{"Strong":{"raw":2.0,"perc":20.0,"total":10.0},"Medium":{"raw":8.0,"perc":80.0,"total":10.0}},"Entities / Beings":{"Strong":{"raw":2.0,"perc":25.0,"total":8.0},"Medium":{"raw":6.0,"perc":75.0,"total":8.0}},"Music Discussion":{"Medium":{"raw":3.0,"perc":100.0,"total":3.0}},"Nature / Outdoors":{"Medium":{"raw":1.0,"perc":50.0,"total":2.0},"Strong":{"raw":1.0,"perc":50.0,"total":2.0}},"Therapeutic Intent or Outcome":{"Medium":{"raw":6.0,"perc":100.0,"total":6.0}}},"Breathing":{"General":{"Medium":{"raw":6.0,"perc":75.0,"total":8.0},"Strong":{"raw":2.0,"perc":25.0,"total":8.0}},"Mystical Experiences":{"Medium":{"raw":1.0,"perc":25.0,"total":4.0},"Strong":{"raw":3.0,"perc":75.0,"total":4.0}},"Families":{"Medium":{"raw":1.0,"perc":100.0,"total":1.0}},"Guides / Sitters":{"Medium":{"raw":1.0,"perc":100.0,"total":1.0}},"Entities / Beings":{"Strong":{"raw":2.0,"perc":100.0,"total":2.0}},"Health Problems":{"Medium":{"raw":2.0,"perc":66.666666666666657,"total":3.0},"Extreme":{"raw":1.0,"perc":33.333333333333329,"total":3.0}},"Glowing Experiences":{"Strong":{"raw":4.0,"perc":80.0,"total":5.0},"Medium":{"raw":1.0,"perc":20.0,"total":5.0}},"First Times":{"Medium":{"raw":2.0,"perc":100.0,"total":2.0}},"Post Trip Problems":{"Medium":{"raw":1.0,"perc":50.0,"total":2.0},"Extreme":{"raw":1.0,"perc":50.0,"total":2.0}},"Retrospective / Summary":{"Medium":{"raw":2.0,"perc":66.666666666666657,"total":3.0},"Strong":{"raw":1.0,"perc":33.333333333333329,"total":3.0}},"Health Benefits":{"Strong":{"raw":1.0,"perc":100.0,"total":1.0}},"Sex Discussion":{"Strong":{"raw":1.0,"perc":100.0,"total":1.0}},"Preparation / Recipes":{"Medium":{"raw":1.0,"perc":100.0,"total":1.0}},"Nature / Outdoors":{"Strong":{"raw":1.0,"perc":100.0,"total":1.0}},"Medical Use":{"Medium":{"raw":1.0,"perc":100.0,"total":1.0}},"Therapeutic Intent or Outcome":{"Medium":{"raw":1.0,"perc":100.0,"total":1.0}},"Depression":{"Medium":{"raw":1.0,"perc":100.0,"total":1.0}}},"Hyperventilation":{"General":{"Medium":{"raw":3.0,"perc":75.0,"total":4.0},"Strong":{"raw":1.0,"perc":25.0,"total":4.0}},"Mystical Experiences":{"Medium":{"raw":1.0,"perc":50.0,"total":2.0},"Strong":{"raw":1.0,"perc":50.0,"total":2.0}},"Families":{"Medium":{"raw":1.0,"perc":100.0,"total":1.0}},"Guides / Sitters":{"Medium":{"raw":1.0,"perc":100.0,"total":1.0}},"Health Problems":{"Medium":{"raw":2.0,"perc":100.0,"total":2.0}},"First Times":{"Medium":{"raw":2.0,"perc":100.0,"total":2.0}},"Post Trip Problems":{"Medium":{"raw":1.0,"perc":100.0,"total":1.0}},"Glowing Experiences":{"Medium":{"raw":1.0,"perc":100.0,"total":1.0}}},"Migraines":{"Retrospective / Summary":{"Medium":{"raw":4.0,"perc":66.666666666666657,"total":6.0},"Strong":{"raw":2.0,"perc":33.333333333333329,"total":6.0}},"Health Problems":{"Medium":{"raw":3.0,"perc":50.0,"total":6.0},"Strong":{"raw":3.0,"perc":50.0,"total":6.0}},"Depression":{"Medium":{"raw":1.0,"perc":33.333333333333329,"total":3.0},"Strong":{"raw":2.0,"perc":66.666666666666657,"total":3.0}},"Post Trip Problems":{"Medium":{"raw":2.0,"perc":50.0,"total":4.0},"Strong":{"raw":2.0,"perc":50.0,"total":4.0}},"Health Benefits":{"Medium":{"raw":8.0,"perc":88.888888888888886,"total":9.0},"Strong":{"raw":1.0,"perc":11.111111111111111,"total":9.0}},"Medical Use":{"Medium":{"raw":4.0,"perc":66.666666666666657,"total":6.0},"Strong":{"raw":2.0,"perc":33.333333333333329,"total":6.0}},"Second Hand Report":{"Medium":{"raw":1.0,"perc":100.0,"total":1.0}},"Hangover / Days After":{"Medium":{"raw":1.0,"perc":33.333333333333329,"total":3.0},"Strong":{"raw":2.0,"perc":66.666666666666657,"total":3.0}},"Glowing Experiences":{"Strong":{"raw":1.0,"perc":100.0,"total":1.0}},"Mystical Experiences":{"Strong":{"raw":1.0,"perc":100.0,"total":1.0}},"Relationships":{"Strong":{"raw":1.0,"perc":100.0,"total":1.0}},"General":{"Medium":{"raw":1.0,"perc":100.0,"total":1.0}},"Difficult Experiences":{"Strong":{"raw":1.0,"perc":100.0,"total":1.0}},"Entities / Beings":{"Medium":{"raw":1.0,"perc":100.0,"total":1.0}},"Music Discussion":{"Medium":{"raw":1.0,"perc":100.0,"total":1.0}},"What Was in That?":{"Strong":{"raw":1.0,"perc":100.0,"total":1.0}},"Therapeutic Intent or Outcome":{"Medium":{"raw":1.0,"perc":100.0,"total":1.0}}},"Fasting":{"General":{"Medium":{"raw":7.0,"perc":87.5,"total":8.0},"Strong":{"raw":1.0,"perc":12.5,"total":8.0}},"Health Benefits":{"Medium":{"raw":3.0,"perc":100.0,"total":3.0}},"Difficult Experiences":{"Strong":{"raw":3.0,"perc":100.0,"total":3.0}},"Mystical Experiences":{"Strong":{"raw":4.0,"perc":80.0,"total":5.0},"Medium":{"raw":1.0,"perc":20.0,"total":5.0}},"Entities / Beings":{"Strong":{"raw":4.0,"perc":100.0,"total":4.0}},"Glowing Experiences":{"Medium":{"raw":1.0,"perc":100.0,"total":1.0}},"Multi-Day Experience":{"Medium":{"raw":1.0,"perc":33.333333333333329,"total":3.0},"Strong":{"raw":2.0,"perc":66.666666666666657,"total":3.0}},"Retrospective / Summary":{"Medium":{"raw":2.0,"perc":66.666666666666657,"total":3.0},"Strong":{"raw":1.0,"perc":33.333333333333329,"total":3.0}},"Personal Preparation":{"Strong":{"raw":1.0,"perc":33.333333333333329,"total":3.0},"Medium":{"raw":2.0,"perc":66.666666666666657,"total":3.0}},"Nature / Outdoors":{"Strong":{"raw":1.0,"perc":50.0,"total":2.0},"Medium":{"raw":1.0,"perc":50.0,"total":2.0}},"Post Trip Problems":{"Extreme":{"raw":1.0,"perc":100.0,"total":1.0}},"First Times":{"Medium":{"raw":1.0,"perc":100.0,"total":1.0}},"Therapeutic Intent or Outcome":{"Medium":{"raw":1.0,"perc":100.0,"total":1.0}}},"Guiding":{"Retrospective / Summary":{"Medium":{"raw":1.0,"perc":100.0,"total":1.0}},"First Times":{"Medium":{"raw":1.0,"perc":100.0,"total":1.0}},"Guides / Sitters":{"Medium":{"raw":2.0,"perc":100.0,"total":2.0}},"Nature / Outdoors":{"Medium":{"raw":2.0,"perc":100.0,"total":2.0}},"General":{"Medium":{"raw":1.0,"perc":100.0,"total":1.0}},"Glowing Experiences":{"Medium":{"raw":1.0,"perc":100.0,"total":1.0}}},"Nitrogen Narcosis":{"General":{"Medium":{"raw":2.0,"perc":66.666666666666657,"total":3.0},"Strong":{"raw":1.0,"perc":33.333333333333329,"total":3.0}},"Nature / Outdoors":{"Medium":{"raw":1.0,"perc":100.0,"total":1.0}},"First Times":{"Medium":{"raw":1.0,"perc":50.0,"total":2.0},"Strong":{"raw":1.0,"perc":50.0,"total":2.0}},"Retrospective / Summary":{"Strong":{"raw":1.0,"perc":100.0,"total":1.0}},"Difficult Experiences":{"Strong":{"raw":1.0,"perc":100.0,"total":1.0}},"Entities / Beings":{"Strong":{"raw":1.0,"perc":100.0,"total":1.0}}},"Yoga / Bodywork":{"Glowing Experiences":{"Strong":{"raw":8.0,"perc":50.0,"total":16.0},"Medium":{"raw":8.0,"perc":50.0,"total":16.0}},"Mystical Experiences":{"Strong":{"raw":6.0,"perc":60.0,"total":10.0},"Medium":{"raw":4.0,"perc":40.0,"total":10.0}},"Entities / Beings":{"Strong":{"raw":3.0,"perc":60.0,"total":5.0},"Medium":{"raw":2.0,"perc":40.0,"total":5.0}},"General":{"Medium":{"raw":10.0,"perc":71.428571428571431,"total":14.0},"No Effect":{"raw":1.0,"perc":7.1428571428571423,"total":14.0},"Strong":{"raw":3.0,"perc":21.428571428571427,"total":14.0}},"Multi-Day Experience":{"Medium":{"raw":1.0,"perc":100.0,"total":1.0}},"Preparation / Recipes":{"Strong":{"raw":1.0,"perc":100.0,"total":1.0}},"Music Discussion":{"Strong":{"raw":3.0,"perc":60.0,"total":5.0},"Medium":{"raw":2.0,"perc":40.0,"total":5.0}},"Retrospective / Summary":{"Medium":{"raw":4.0,"perc":100.0,"total":4.0}},"Sex Discussion":{"Medium":{"raw":1.0,"perc":50.0,"total":2.0},"Strong":{"raw":1.0,"perc":50.0,"total":2.0}},"Health Problems":{"Strong":{"raw":1.0,"perc":100.0,"total":1.0}},"Relationships":{"Strong":{"raw":1.0,"perc":100.0,"total":1.0}},"Hangover / Days After":{"Strong":{"raw":1.0,"perc":100.0,"total":1.0}},"First Times":{"Medium":{"raw":4.0,"perc":66.666666666666657,"total":6.0},"Strong":{"raw":2.0,"perc":33.333333333333329,"total":6.0}},"Health Benefits":{"Medium":{"raw":1.0,"perc":50.0,"total":2.0},"Strong":{"raw":1.0,"perc":50.0,"total":2.0}},"Nature / Outdoors":{"Medium":{"raw":2.0,"perc":66.666666666666657,"total":3.0},"Strong":{"raw":1.0,"perc":33.333333333333329,"total":3.0}},"Guides / Sitters":{"Strong":{"raw":2.0,"perc":100.0,"total":2.0}},"Families":{"Medium":{"raw":1.0,"perc":100.0,"total":1.0}},"Therapeutic Intent or Outcome":{"Strong":{"raw":1.0,"perc":50.0,"total":2.0},"Medium":{"raw":1.0,"perc":50.0,"total":2.0}},"Depression":{"Medium":{"raw":1.0,"perc":100.0,"total":1.0}},"Post Trip Problems":{"Medium":{"raw":1.0,"perc":100.0,"total":1.0}}},"Floatation Tank":{"General":{"Medium":{"raw":2.0,"perc":100.0,"total":2.0}},"Health Benefits":{"Medium":{"raw":1.0,"perc":100.0,"total":1.0}},"First Times":{"Medium":{"raw":2.0,"perc":100.0,"total":2.0}},"Hangover / Days After":{"Medium":{"raw":1.0,"perc":100.0,"total":1.0}},"Preparation / Recipes":{"Medium":{"raw":1.0,"perc":100.0,"total":1.0}}},"Devices":{"Music Discussion":{"Extreme":{"raw":1.0,"perc":25.0,"total":4.0},"Strong":{"raw":1.0,"perc":25.0,"total":4.0},"Medium":{"raw":2.0,"perc":50.0,"total":4.0}},"General":{"Strong":{"raw":3.0,"perc":42.857142857142854,"total":7.0},"Medium":{"raw":4.0,"perc":57.142857142857139,"total":7.0}},"First Times":{"Strong":{"raw":3.0,"perc":50.0,"total":6.0},"No Effect":{"raw":1.0,"perc":16.666666666666664,"total":6.0},"Medium":{"raw":2.0,"perc":33.333333333333329,"total":6.0}},"Difficult Experiences":{"Strong":{"raw":1.0,"perc":100.0,"total":1.0}},"Glowing Experiences":{"Strong":{"raw":3.0,"perc":37.5,"total":8.0},"Medium":{"raw":5.0,"perc":62.5,"total":8.0}},"Mystical Experiences":{"Strong":{"raw":3.0,"perc":60.0,"total":5.0},"Medium":{"raw":2.0,"perc":40.0,"total":5.0}},"Health Benefits":{"Medium":{"raw":2.0,"perc":100.0,"total":2.0}},"Relationships":{"Medium":{"raw":1.0,"perc":50.0,"total":2.0},"Strong":{"raw":1.0,"perc":50.0,"total":2.0}},"Retrospective / Summary":{"Strong":{"raw":1.0,"perc":100.0,"total":1.0}},"Entities / Beings":{"Strong":{"raw":1.0,"perc":50.0,"total":2.0},"Medium":{"raw":1.0,"perc":50.0,"total":2.0}}},"Devices - Mind Machine":{"General":{"Strong":{"raw":2.0,"perc":40.0,"total":5.0},"Medium":{"raw":3.0,"perc":60.0,"total":5.0}},"First Times":{"Strong":{"raw":2.0,"perc":100.0,"total":2.0}},"Difficult Experiences":{"Strong":{"raw":1.0,"perc":100.0,"total":1.0}},"Glowing Experiences":{"Strong":{"raw":2.0,"perc":40.0,"total":5.0},"Medium":{"raw":3.0,"perc":60.0,"total":5.0}},"Mystical Experiences":{"Strong":{"raw":2.0,"perc":50.0,"total":4.0},"Medium":{"raw":2.0,"perc":50.0,"total":4.0}},"Music Discussion":{"Strong":{"raw":1.0,"perc":50.0,"total":2.0},"Medium":{"raw":1.0,"perc":50.0,"total":2.0}},"Health Benefits":{"Medium":{"raw":2.0,"perc":100.0,"total":2.0}},"Relationships":{"Medium":{"raw":1.0,"perc":100.0,"total":1.0}},"Retrospective / Summary":{"Strong":{"raw":1.0,"perc":100.0,"total":1.0}},"Entities / Beings":{"Medium":{"raw":1.0,"perc":100.0,"total":1.0}}},"Mindfulness":{"Retrospective / Summary":{"Medium":{"raw":3.0,"perc":100.0,"total":3.0}},"Health Benefits":{"Medium":{"raw":2.0,"perc":100.0,"total":2.0}},"Depression":{"Medium":{"raw":1.0,"perc":50.0,"total":2.0},"Strong":{"raw":1.0,"perc":50.0,"total":2.0}},"General":{"Medium":{"raw":2.0,"perc":50.0,"total":4.0},"Strong":{"raw":2.0,"perc":50.0,"total":4.0}},"Music Discussion":{"Medium":{"raw":1.0,"perc":100.0,"total":1.0}},"Glowing Experiences":{"Extreme":{"raw":1.0,"perc":20.0,"total":5.0},"Medium":{"raw":2.0,"perc":40.0,"total":5.0},"Strong":{"raw":2.0,"perc":40.0,"total":5.0}},"Mystical Experiences":{"Extreme":{"raw":2.0,"perc":40.0,"total":5.0},"Medium":{"raw":3.0,"perc":60.0,"total":5.0}},"Nature / Outdoors":{"Extreme":{"raw":1.0,"perc":33.333333333333329,"total":3.0},"Medium":{"raw":1.0,"perc":33.333333333333329,"total":3.0},"Strong":{"raw":1.0,"perc":33.333333333333329,"total":3.0}},"First Times":{"Medium":{"raw":2.0,"perc":100.0,"total":2.0}},"Entities / Beings":{"Medium":{"raw":2.0,"perc":50.0,"total":4.0},"Extreme":{"raw":1.0,"perc":25.0,"total":4.0},"Strong":{"raw":1.0,"perc":25.0,"total":4.0}},"Guides / Sitters":{"Medium":{"raw":1.0,"perc":100.0,"total":1.0}},"Relationships":{"Medium":{"raw":2.0,"perc":66.666666666666657,"total":3.0},"Strong":{"raw":1.0,"perc":33.333333333333329,"total":3.0}},"Therapeutic Intent or Outcome":{"Strong":{"raw":1.0,"perc":50.0,"total":2.0},"Medium":{"raw":1.0,"perc":50.0,"total":2.0}},"Personal Preparation":{"Strong":{"raw":1.0,"perc":50.0,"total":2.0},"Medium":{"raw":1.0,"perc":50.0,"total":2.0}},"Preparation / Recipes":{"Strong":{"raw":1.0,"perc":100.0,"total":1.0}}},"Devices - Magnetic":{"First Times":{"No Effect":{"raw":1.0,"perc":100.0,"total":1.0}}},"Sweating":{"First Times":{"Strong":{"raw":2.0,"perc":50.0,"total":4.0},"Medium":{"raw":2.0,"perc":50.0,"total":4.0}},"General":{"Strong":{"raw":1.0,"perc":33.333333333333329,"total":3.0},"Medium":{"raw":2.0,"perc":66.666666666666657,"total":3.0}},"Retrospective / Summary":{"Strong":{"raw":2.0,"perc":100.0,"total":2.0}},"Depression":{"Strong":{"raw":1.0,"perc":100.0,"total":1.0}},"Glowing Experiences":{"Strong":{"raw":1.0,"perc":100.0,"total":1.0}},"Entities / Beings":{"Strong":{"raw":1.0,"perc":100.0,"total":1.0}},"Preparation / Recipes":{"Medium":{"raw":2.0,"perc":100.0,"total":2.0}},"Health Benefits":{"Strong":{"raw":1.0,"perc":100.0,"total":1.0}},"Sex Discussion":{"Strong":{"raw":1.0,"perc":100.0,"total":1.0}}},"Conferences":{"General":{"Extreme":{"raw":1.0,"perc":8.3333333333333321,"total":12.0},"Strong":{"raw":2.0,"perc":16.666666666666664,"total":12.0},"Medium":{"raw":8.0,"perc":66.666666666666657,"total":12.0},"No Effect":{"raw":1.0,"perc":8.3333333333333321,"total":12.0}},"Entities / Beings":{"Extreme":{"raw":1.0,"perc":100.0,"total":1.0}},"Nature / Outdoors":{"Extreme":{"raw":1.0,"perc":100.0,"total":1.0}},"Poetry":{"Extreme":{"raw":1.0,"perc":100.0,"total":1.0}},"Retrospective / Summary":{"Medium":{"raw":1.0,"perc":50.0,"total":2.0},"Strong":{"raw":1.0,"perc":50.0,"total":2.0}},"Mystical Experiences":{"Medium":{"raw":1.0,"perc":100.0,"total":1.0}},"Post Trip Problems":{"Medium":{"raw":1.0,"perc":100.0,"total":1.0}},"Health Problems":{"Strong":{"raw":1.0,"perc":100.0,"total":1.0}},"Guides / Sitters":{"Strong":{"raw":1.0,"perc":100.0,"total":1.0}},"Overdose":{"Strong":{"raw":1.0,"perc":100.0,"total":1.0}},"Hangover / Days After":{"Strong":{"raw":1.0,"perc":100.0,"total":1.0}},"Glowing Experiences":{"No Effect":{"raw":1.0,"perc":50.0,"total":2.0},"Strong":{"raw":1.0,"perc":50.0,"total":2.0}},"Difficult Experiences":{"Strong":{"raw":1.0,"perc":100.0,"total":1.0}},"Second Hand Report":{"Strong":{"raw":1.0,"perc":100.0,"total":1.0}}},"Chanting":{"Difficult Experiences":{"Strong":{"raw":1.0,"perc":100.0,"total":1.0}},"Mystical Experiences":{"Strong":{"raw":1.0,"perc":100.0,"total":1.0}},"Entities / Beings":{"Medium":{"raw":1.0,"perc":100.0,"total":1.0}}},"Humor":{"General":{"Strong":{"raw":1.0,"perc":50.0,"total":2.0},"Extreme":{"raw":1.0,"perc":50.0,"total":2.0}},"Glowing Experiences":{"Strong":{"raw":1.0,"perc":100.0,"total":1.0}},"Entities / Beings":{"Extreme":{"raw":1.0,"perc":100.0,"total":1.0}},"Nature / Outdoors":{"Extreme":{"raw":1.0,"perc":100.0,"total":1.0}},"Multi-Day Experience":{"Extreme":{"raw":1.0,"perc":50.0,"total":2.0},"Medium":{"raw":1.0,"perc":50.0,"total":2.0}},"Retrospective / Summary":{"Medium":{"raw":1.0,"perc":100.0,"total":1.0}},"Difficult Experiences":{"Medium":{"raw":1.0,"perc":50.0,"total":2.0},"Strong":{"raw":1.0,"perc":50.0,"total":2.0}},"Mystical Experiences":{"Medium":{"raw":1.0,"perc":100.0,"total":1.0}},"Therapeutic Intent or Outcome":{"Medium":{"raw":1.0,"perc":100.0,"total":1.0}},"Performance Enhancement":{"Medium":{"raw":1.0,"perc":100.0,"total":1.0}},"Bad Trips":{"Strong":{"raw":1.0,"perc":100.0,"total":1.0}},"Health Problems":{"Strong":{"raw":1.0,"perc":100.0,"total":1.0}}},"Music":{"General":{"Extreme":{"raw":1.0,"perc":33.333333333333329,"total":3.0},"Medium":{"raw":2.0,"perc":66.666666666666657,"total":3.0}},"Mystical Experiences":{"Extreme":{"raw":1.0,"perc":100.0,"total":1.0}},"What Was in That?":{"Extreme":{"raw":1.0,"perc":100.0,"total":1.0}},"Hangover / Days After":{"Extreme":{"raw":1.0,"perc":100.0,"total":1.0}},"Glowing Experiences":{"Strong":{"raw":1.0,"perc":100.0,"total":1.0}},"Nature / Outdoors":{"Strong":{"raw":1.0,"perc":100.0,"total":1.0}},"Therapeutic Intent or Outcome":{"Medium":{"raw":1.0,"perc":100.0,"total":1.0}}},"Sound (non-music)":{"Difficult Experiences":{"Extreme":{"raw":1.0,"perc":100.0,"total":1.0}},"Hangover / Days After":{"Extreme":{"raw":1.0,"perc":100.0,"total":1.0}}}}